run_id,experiment,dataset,model,task,seed,fold_id,window_length,protocol_version,evidence_class,protocol_compliant,status,n_train_windows,n_test_windows,n_train_specimens,n_test_specimens,test_specimens_joined,n_train_sessions,n_test_sessions,duration_s,accuracy,auroc,auroc_defined,auroc_n_classes_scored,balanced_accuracy,empty_class_policy,macro_f1,mae,r2,rmse
d2_beef_uncontrolled|cnn1d|classification|seed00|fold00,e1_main_d2,d2_beef_uncontrolled,cnn1d,classification,0,0,16,1.4.0,real,True,ok,6435,2145,3,1,TS3,3,1,9.072716569993645,0.7389277389277389,0.8223366985573646,True,4.0,0.6624275362318841,require_all_classes,0.6464099483341016,,,
d2_beef_uncontrolled|cnn1d|classification|seed00|fold01,e1_main_d2,d2_beef_uncontrolled,cnn1d,classification,0,1,16,1.4.0,real,True,ok,6435,2145,3,1,TS5,3,1,7.169741270132363,0.5426573426573427,0.7876303564827387,True,4.0,0.48478260869565215,require_all_classes,0.3999878665931922,,,
d2_beef_uncontrolled|cnn1d|classification|seed00|fold02,e1_main_d2,d2_beef_uncontrolled,cnn1d,classification,0,2,16,1.4.0,real,True,ok,6435,2145,3,1,TS4,3,1,7.276589042972773,0.8293706293706293,0.916631958263068,True,4.0,0.7854497354497354,require_all_classes,0.7705639478930005,,,
d2_beef_uncontrolled|cnn1d|classification|seed00|fold03,e1_main_d2,d2_beef_uncontrolled,cnn1d,classification,0,3,16,1.4.0,real,True,ok,6435,2145,3,1,TS1,3,1,7.5290367803536355,0.15151515151515152,0.4524562394966211,True,4.0,0.23734848484848486,require_all_classes,0.13247576251378534,,,
d2_beef_uncontrolled|cnn1d|classification|seed00|fold04,e1_main_d2,d2_beef_uncontrolled,cnn1d,classification,0,4,16,1.4.0,real,True,ok,6435,2145,3,1,TS2,3,1,7.921432831790298,0.5976689976689976,0.8565206165630244,True,4.0,0.663425925925926,require_all_classes,0.5651423522972306,,,
d2_beef_uncontrolled|cnn1d|classification|seed01|fold00,e1_main_d2,d2_beef_uncontrolled,cnn1d,classification,1,0,16,1.4.0,real,True,ok,6435,2145,3,1,TS5,3,1,8.654080831911415,0.5477855477855478,0.7701841522867109,True,4.0,0.49275362318840576,require_all_classes,0.40481409544950053,,,
d2_beef_uncontrolled|cnn1d|classification|seed01|fold01,e1_main_d2,d2_beef_uncontrolled,cnn1d,classification,1,1,16,1.4.0,real,True,ok,6435,2145,3,1,TS1,3,1,8.010254085063934,0.40093240093240096,0.6920358985846164,True,4.0,0.4722222222222222,require_all_classes,0.2618668365721567,,,
d2_beef_uncontrolled|cnn1d|classification|seed01|fold02,e1_main_d2,d2_beef_uncontrolled,cnn1d,classification,1,2,16,1.4.0,real,True,ok,6435,2145,3,1,TS2,3,1,8.190505139064044,0.6662004662004662,0.8746172828891883,True,4.0,0.7180434782608696,require_all_classes,0.6247074646897424,,,
d2_beef_uncontrolled|cnn1d|classification|seed01|fold03,e1_main_d2,d2_beef_uncontrolled,cnn1d,classification,1,3,16,1.4.0,real,True,ok,6435,2145,3,1,TS3,3,1,8.304107922129333,0.7608391608391608,0.9315219718225882,True,4.0,0.6739331723027375,require_all_classes,0.6492314425457197,,,
d2_beef_uncontrolled|cnn1d|classification|seed01|fold04,e1_main_d2,d2_beef_uncontrolled,cnn1d,classification,1,4,16,1.4.0,real,True,ok,6435,2145,3,1,TS4,3,1,9.248587132897228,0.6652680652680653,0.8656196937628698,True,4.0,0.6297101449275362,require_all_classes,0.5763150544579487,,,
d2_beef_uncontrolled|cnn1d|classification|seed02|fold00,e1_main_d2,d2_beef_uncontrolled,cnn1d,classification,2,0,16,1.4.0,real,True,ok,6435,2145,3,1,TS3,3,1,6.327703346963972,0.7356643356643356,0.8836836534803255,True,4.0,0.6557850241545894,require_all_classes,0.64011677206158,,,
d2_beef_uncontrolled|cnn1d|classification|seed02|fold01,e1_main_d2,d2_beef_uncontrolled,cnn1d,classification,2,1,16,1.4.0,real,True,ok,6435,2145,3,1,TS5,3,1,7.119378027971834,0.4456876456876457,0.8285135815615903,True,4.0,0.33405797101449275,require_all_classes,0.2722059202681972,,,
d2_beef_uncontrolled|cnn1d|classification|seed02|fold02,e1_main_d2,d2_beef_uncontrolled,cnn1d,classification,2,2,16,1.4.0,real,True,ok,6435,2145,3,1,TS4,3,1,5.673397012986243,0.8083916083916084,0.944729706473347,True,4.0,0.7598544973544974,require_all_classes,0.72622708732827,,,
d2_beef_uncontrolled|cnn1d|classification|seed02|fold03,e1_main_d2,d2_beef_uncontrolled,cnn1d,classification,2,3,16,1.4.0,real,True,ok,6435,2145,3,1,TS1,3,1,8.26988403685391,0.2773892773892774,0.5741052884055643,True,4.0,0.3623232323232323,require_all_classes,0.2080392083198525,,,
d2_beef_uncontrolled|cnn1d|classification|seed02|fold04,e1_main_d2,d2_beef_uncontrolled,cnn1d,classification,2,4,16,1.4.0,real,True,ok,6435,2145,3,1,TS2,3,1,6.887794946786016,0.634965034965035,0.8680751101540995,True,4.0,0.6920088566827698,require_all_classes,0.6021853933871648,,,
d2_beef_uncontrolled|cnn1d|classification|seed03|fold00,e1_main_d2,d2_beef_uncontrolled,cnn1d,classification,3,0,16,1.4.0,real,True,ok,6435,2145,3,1,TS5,3,1,6.536245482973754,0.16083916083916083,0.6231327914239735,True,4.0,0.25,require_all_classes,0.06927710843373494,,,
d2_beef_uncontrolled|cnn1d|classification|seed03|fold01,e1_main_d2,d2_beef_uncontrolled,cnn1d,classification,3,1,16,1.4.0,real,True,ok,6435,2145,3,1,TS3,3,1,9.017925580963492,0.8275058275058275,0.9881826907269557,True,4.0,0.8764855072463769,require_all_classes,0.8422474827561841,,,
d2_beef_uncontrolled|cnn1d|classification|seed03|fold02,e1_main_d2,d2_beef_uncontrolled,cnn1d,classification,3,2,16,1.4.0,real,True,ok,6435,2145,3,1,TS2,3,1,8.350404397118837,0.3883449883449883,0.7072818224441173,True,4.0,0.4759259259259259,require_all_classes,0.3397514647514648,,,
d2_beef_uncontrolled|cnn1d|classification|seed03|fold03,e1_main_d2,d2_beef_uncontrolled,cnn1d,classification,3,3,16,1.4.0,real,True,ok,6435,2145,3,1,TS4,3,1,7.701112687587738,0.8256410256410256,0.9587587906184128,True,4.0,0.782010582010582,require_all_classes,0.767660556481583,,,
d2_beef_uncontrolled|cnn1d|classification|seed03|fold04,e1_main_d2,d2_beef_uncontrolled,cnn1d,classification,3,4,16,1.4.0,real,True,ok,6435,2145,3,1,TS1,3,1,7.319703542161733,0.06340326340326341,0.3971360662092868,True,4.0,0.051515151515151514,require_all_classes,0.033073929961089495,,,
d2_beef_uncontrolled|cnn1d|classification|seed04|fold00,e1_main_d2,d2_beef_uncontrolled,cnn1d,classification,4,0,16,1.4.0,real,True,ok,6435,2145,3,1,TS3,3,1,7.012570603284985,0.6158508158508158,0.7756875285930308,True,4.0,0.5850281803542673,require_all_classes,0.5974455208823546,,,
d2_beef_uncontrolled|cnn1d|classification|seed04|fold01,e1_main_d2,d2_beef_uncontrolled,cnn1d,classification,4,1,16,1.4.0,real,True,ok,6435,2145,3,1,TS5,3,1,6.8147691008634865,0.3916083916083916,0.5115205475255252,True,4.0,0.25,require_all_classes,0.1407035175879397,,,
d2_beef_uncontrolled|cnn1d|classification|seed04|fold02,e1_main_d2,d2_beef_uncontrolled,cnn1d,classification,4,2,16,1.4.0,real,True,ok,6435,2145,3,1,TS1,3,1,9.0440299292095,0.40093240093240096,0.571496746425329,True,4.0,0.4722222222222222,require_all_classes,0.2914651850719876,,,
d2_beef_uncontrolled|cnn1d|classification|seed04|fold03,e1_main_d2,d2_beef_uncontrolled,cnn1d,classification,4,3,16,1.4.0,real,True,ok,6435,2145,3,1,TS2,3,1,8.625794991850853,0.37995337995337997,0.6659539053898837,True,4.0,0.46759259259259256,require_all_classes,0.3492507248013856,,,
d2_beef_uncontrolled|cnn1d|classification|seed04|fold04,e1_main_d2,d2_beef_uncontrolled,cnn1d,classification,4,4,16,1.4.0,real,True,ok,6435,2145,3,1,TS4,3,1,7.128084493800998,0.6261072261072261,0.928859454742045,True,4.0,0.5731481481481482,require_all_classes,0.524845719553124,,,
d2_beef_uncontrolled|cnn1d|classification|seed05|fold00,e1_main_d2,d2_beef_uncontrolled,cnn1d,classification,5,0,16,1.4.0,real,True,ok,6435,2145,3,1,TS5,3,1,8.902530997991562,0.5524475524475524,0.7942629393624159,True,4.0,0.5,require_all_classes,0.3507334581772784,,,
d2_beef_uncontrolled|cnn1d|classification|seed05|fold01,e1_main_d2,d2_beef_uncontrolled,cnn1d,classification,5,1,16,1.4.0,real,True,ok,6435,2145,3,1,TS4,3,1,7.866925170645118,0.7104895104895105,0.8102569974933169,True,4.0,0.6623677248677249,require_all_classes,0.650156569645199,,,
d2_beef_uncontrolled|cnn1d|classification|seed05|fold02,e1_main_d2,d2_beef_uncontrolled,cnn1d,classification,5,2,16,1.4.0,real,True,ok,6435,2145,3,1,TS2,3,1,8.567665961105376,0.4456876456876457,0.8492694900238591,True,4.0,0.5019524959742351,require_all_classes,0.39353046815251835,,,
d2_beef_uncontrolled|cnn1d|classification|seed05|fold03,e1_main_d2,d2_beef_uncontrolled,cnn1d,classification,5,3,16,1.4.0,real,True,ok,6435,2145,3,1,TS3,3,1,8.950013891328126,0.7435897435897436,0.9177731357144359,True,4.0,0.6683856682769727,require_all_classes,0.6510567433163428,,,
d2_beef_uncontrolled|cnn1d|classification|seed05|fold04,e1_main_d2,d2_beef_uncontrolled,cnn1d,classification,5,4,16,1.4.0,real,True,ok,6435,2145,3,1,TS1,3,1,9.357644489966333,0.14871794871794872,0.4880276917299837,True,4.0,0.25045454545454543,require_all_classes,0.25458184345006296,,,
d2_beef_uncontrolled|cnn1d|classification|seed06|fold00,e1_main_d2,d2_beef_uncontrolled,cnn1d,classification,6,0,16,1.4.0,real,True,ok,6435,2145,3,1,TS3,3,1,9.101759998127818,0.6927738927738928,0.7991814156807864,True,4.0,0.640768921095008,require_all_classes,0.6370637181808362,,,
d2_beef_uncontrolled|cnn1d|classification|seed06|fold01,e1_main_d2,d2_beef_uncontrolled,cnn1d,classification,6,1,16,1.4.0,real,True,ok,6435,2145,3,1,TS5,3,1,9.115240979008377,0.3916083916083916,0.5419937906176714,True,4.0,0.25,require_all_classes,0.1407035175879397,,,
d2_beef_uncontrolled|cnn1d|classification|seed06|fold02,e1_main_d2,d2_beef_uncontrolled,cnn1d,classification,6,2,16,1.4.0,real,True,ok,6435,2145,3,1,TS1,3,1,8.500993716996163,0.2177156177156177,0.5535485975286973,True,4.0,0.3416666666666667,require_all_classes,0.18557499243318826,,,
d2_beef_uncontrolled|cnn1d|classification|seed06|fold03,e1_main_d2,d2_beef_uncontrolled,cnn1d,classification,6,3,16,1.4.0,real,True,ok,6435,2145,3,1,TS4,3,1,8.412588145118207,0.8163170163170164,0.821726638272492,True,4.0,0.7682539682539683,require_all_classes,0.7422959742497128,,,
d2_beef_uncontrolled|cnn1d|classification|seed06|fold04,e1_main_d2,d2_beef_uncontrolled,cnn1d,classification,6,4,16,1.4.0,real,True,ok,6435,2145,3,1,TS2,3,1,8.405063698068261,0.4405594405594406,0.8862502351566613,True,4.0,0.5,require_all_classes,0.3647809287745134,,,
d2_beef_uncontrolled|cnn1d|classification|seed07|fold00,e1_main_d2,d2_beef_uncontrolled,cnn1d,classification,7,0,16,1.4.0,real,True,ok,6435,2145,3,1,TS3,3,1,8.43910727929324,0.7333333333333333,0.9048862176047255,True,4.0,0.6592351046698872,require_all_classes,0.6446834630357714,,,
d2_beef_uncontrolled|cnn1d|classification|seed07|fold01,e1_main_d2,d2_beef_uncontrolled,cnn1d,classification,7,1,16,1.4.0,real,True,ok,6435,2145,3,1,TS1,3,1,9.046772992238402,0.06386946386946386,0.3168677096367686,True,4.0,0.051893939393939395,require_all_classes,0.03330092367525522,,,
d2_beef_uncontrolled|cnn1d|classification|seed07|fold02,e1_main_d2,d2_beef_uncontrolled,cnn1d,classification,7,2,16,1.4.0,real,True,ok,6435,2145,3,1,TS5,3,1,8.468913040589541,0.3916083916083916,0.5654622712873401,True,4.0,0.25,require_all_classes,0.1407035175879397,,,
d2_beef_uncontrolled|cnn1d|classification|seed07|fold03,e1_main_d2,d2_beef_uncontrolled,cnn1d,classification,7,3,16,1.4.0,real,True,ok,6435,2145,3,1,TS2,3,1,8.738498684950173,0.39487179487179486,0.6829850848801957,True,4.0,0.4824074074074074,require_all_classes,0.3459861706495069,,,
d2_beef_uncontrolled|cnn1d|classification|seed07|fold04,e1_main_d2,d2_beef_uncontrolled,cnn1d,classification,7,4,16,1.4.0,real,True,ok,6435,2145,3,1,TS4,3,1,8.089078393764794,0.6265734265734266,0.9063928570594542,True,4.0,0.5736111111111111,require_all_classes,0.5257351230241305,,,
d2_beef_uncontrolled|cnn1d|classification|seed08|fold00,e1_main_d2,d2_beef_uncontrolled,cnn1d,classification,8,0,16,1.4.0,real,True,ok,6435,2145,3,1,TS4,3,1,9.093516959808767,0.813986013986014,0.9487471204935534,True,4.0,0.7713624338624339,require_all_classes,0.7632799776875084,,,
d2_beef_uncontrolled|cnn1d|classification|seed08|fold01,e1_main_d2,d2_beef_uncontrolled,cnn1d,classification,8,1,16,1.4.0,real,True,ok,6435,2145,3,1,TS1,3,1,8.80689705396071,0.08904428904428904,0.3300683154407237,True,4.0,0.07234848484848484,require_all_classes,0.050770866560340244,,,
d2_beef_uncontrolled|cnn1d|classification|seed08|fold02,e1_main_d2,d2_beef_uncontrolled,cnn1d,classification,8,2,16,1.4.0,real,True,ok,6435,2145,3,1,TS2,3,1,7.9151500491425395,0.4405594405594406,0.8714919055421633,True,4.0,0.5,require_all_classes,0.3675574989800755,,,
d2_beef_uncontrolled|cnn1d|classification|seed08|fold03,e1_main_d2,d2_beef_uncontrolled,cnn1d,classification,8,3,16,1.4.0,real,True,ok,6435,2145,3,1,TS3,3,1,8.706477436237037,0.7766899766899766,0.8729959484292076,True,4.0,0.6914452495974236,require_all_classes,0.6650568463279115,,,
d2_beef_uncontrolled|cnn1d|classification|seed08|fold04,e1_main_d2,d2_beef_uncontrolled,cnn1d,classification,8,4,16,1.4.0,real,True,ok,6435,2145,3,1,TS5,3,1,8.859809191897511,0.4988344988344988,0.6746156243257494,True,4.0,0.41666666666666663,require_all_classes,0.3524500907441016,,,
d2_beef_uncontrolled|cnn1d|classification|seed09|fold00,e1_main_d2,d2_beef_uncontrolled,cnn1d,classification,9,0,16,1.4.0,real,True,ok,6435,2145,3,1,TS5,3,1,8.09086028393358,0.4745920745920746,0.6647020152090795,True,4.0,0.3789855072463768,require_all_classes,0.3197980192921139,,,
d2_beef_uncontrolled|cnn1d|classification|seed09|fold01,e1_main_d2,d2_beef_uncontrolled,cnn1d,classification,9,1,16,1.4.0,real,True,ok,6435,2145,3,1,TS4,3,1,8.988127662800252,0.8181818181818182,0.937125577206699,True,4.0,0.7674833218311479,require_all_classes,0.7380282290279448,,,
d2_beef_uncontrolled|cnn1d|classification|seed09|fold02,e1_main_d2,d2_beef_uncontrolled,cnn1d,classification,9,2,16,1.4.0,real,True,ok,6435,2145,3,1,TS1,3,1,8.216738366987556,0.393006993006993,0.6813296084960818,True,4.0,0.45333333333333337,require_all_classes,0.350122829452147,,,
d2_beef_uncontrolled|cnn1d|classification|seed09|fold03,e1_main_d2,d2_beef_uncontrolled,cnn1d,classification,9,3,16,1.4.0,real,True,ok,6435,2145,3,1,TS3,3,1,8.994806936010718,0.8172494172494172,0.990752417224652,True,4.0,0.86091384863124,require_all_classes,0.8286456583548159,,,
d2_beef_uncontrolled|cnn1d|classification|seed09|fold04,e1_main_d2,d2_beef_uncontrolled,cnn1d,classification,9,4,16,1.4.0,real,True,ok,6435,2145,3,1,TS2,3,1,7.980616638902575,0.3752913752913753,0.7729340526119861,True,4.0,0.46296296296296297,require_all_classes,0.3257958855303988,,,
d2_beef_uncontrolled|cnn1d|regression|seed00|fold00,e1_main_d2,d2_beef_uncontrolled,cnn1d,regression,0,0,16,1.4.0,real,True,ok,6435,2145,3,1,TS3,3,1,6.253913413733244,,,,,,,,0.28839038105036574,0.8469326414897264,0.3712738972952619
d2_beef_uncontrolled|cnn1d|regression|seed00|fold01,e1_main_d2,d2_beef_uncontrolled,cnn1d,regression,0,1,16,1.4.0,real,True,ok,6435,2145,3,1,TS5,3,1,8.155517433770001,,,,,,,,2.249111743090724,-5.483490918681694,2.374140384404334
d2_beef_uncontrolled|cnn1d|regression|seed00|fold02,e1_main_d2,d2_beef_uncontrolled,cnn1d,regression,0,2,16,1.4.0,real,True,ok,6435,2145,3,1,TS4,3,1,7.938501433935016,,,,,,,,0.38523690458463733,0.7509316910807158,0.4693719455482539
d2_beef_uncontrolled|cnn1d|regression|seed00|fold03,e1_main_d2,d2_beef_uncontrolled,cnn1d,regression,0,3,16,1.4.0,real,True,ok,6435,2145,3,1,TS1,3,1,6.737636247184128,,,,,,,,2.465103558961462,-9.808525491131931,2.7417574154758286
d2_beef_uncontrolled|cnn1d|regression|seed00|fold04,e1_main_d2,d2_beef_uncontrolled,cnn1d,regression,0,4,16,1.4.0,real,True,ok,6435,2145,3,1,TS2,3,1,9.375937310047448,,,,,,,,1.868090010117575,-3.726851130581334,1.9755373702242736
d2_beef_uncontrolled|cnn1d|regression|seed01|fold00,e1_main_d2,d2_beef_uncontrolled,cnn1d,regression,1,0,16,1.4.0,real,True,ok,6435,2145,3,1,TS5,3,1,7.970149714034051,,,,,,,,7.275564954570534,-60.840101138784604,7.332246174606749
d2_beef_uncontrolled|cnn1d|regression|seed01|fold01,e1_main_d2,d2_beef_uncontrolled,cnn1d,regression,1,1,16,1.4.0,real,True,ok,6435,2145,3,1,TS1,3,1,6.700072614010423,,,,,,,,3.0464345008738136,-16.426342701103245,3.481359930684185
d2_beef_uncontrolled|cnn1d|regression|seed01|fold02,e1_main_d2,d2_beef_uncontrolled,cnn1d,regression,1,2,16,1.4.0,real,True,ok,6435,2145,3,1,TS2,3,1,8.71338872006163,,,,,,,,2.125051122505383,-4.843555553459658,2.1965337248112426
d2_beef_uncontrolled|cnn1d|regression|seed01|fold03,e1_main_d2,d2_beef_uncontrolled,cnn1d,regression,1,3,16,1.4.0,real,True,ok,6435,2145,3,1,TS3,3,1,6.9312172858044505,,,,,,,,0.29778756063759537,0.7609549056824987,0.46397335518251875
d2_beef_uncontrolled|cnn1d|regression|seed01|fold04,e1_main_d2,d2_beef_uncontrolled,cnn1d,regression,1,4,16,1.4.0,real,True,ok,6435,2145,3,1,TS4,3,1,7.79636506177485,,,,,,,,0.242446834870808,0.8956374813438825,0.30382966024606417
d2_beef_uncontrolled|cnn1d|regression|seed02|fold00,e1_main_d2,d2_beef_uncontrolled,cnn1d,regression,2,0,16,1.4.0,real,True,ok,6435,2145,3,1,TS3,3,1,7.336544790305197,,,,,,,,0.2755476978432252,0.842730304891435,0.3763358968127801
d2_beef_uncontrolled|cnn1d|regression|seed02|fold01,e1_main_d2,d2_beef_uncontrolled,cnn1d,regression,2,1,16,1.4.0,real,True,ok,6435,2145,3,1,TS5,3,1,5.7447613016702235,,,,,,,,2.6716315480830444,-8.010764581595879,2.7988702357318913
d2_beef_uncontrolled|cnn1d|regression|seed02|fold02,e1_main_d2,d2_beef_uncontrolled,cnn1d,regression,2,2,16,1.4.0,real,True,ok,6435,2145,3,1,TS4,3,1,8.022385645657778,,,,,,,,0.4369661025152631,0.6243574313389091,0.5764282978778184
d2_beef_uncontrolled|cnn1d|regression|seed02|fold03,e1_main_d2,d2_beef_uncontrolled,cnn1d,regression,2,3,16,1.4.0,real,True,ok,6435,2145,3,1,TS1,3,1,6.2971188221126795,,,,,,,,1.7725817035431635,-4.149962270453153,1.8925520164819045
d2_beef_uncontrolled|cnn1d|regression|seed02|fold04,e1_main_d2,d2_beef_uncontrolled,cnn1d,regression,2,4,16,1.4.0,real,True,ok,6435,2145,3,1,TS2,3,1,7.605990983080119,,,,,,,,1.488607522530191,-2.030688058828484,1.5818667809202966
d2_beef_uncontrolled|cnn1d|regression|seed03|fold00,e1_main_d2,d2_beef_uncontrolled,cnn1d,regression,3,0,16,1.4.0,real,True,ok,6435,2145,3,1,TS5,3,1,6.814348889980465,,,,,,,,2.3659420625030982,-6.451832724535403,2.54526784381438
d2_beef_uncontrolled|cnn1d|regression|seed03|fold01,e1_main_d2,d2_beef_uncontrolled,cnn1d,regression,3,1,16,1.4.0,real,True,ok,6435,2145,3,1,TS3,3,1,7.6368385925889015,,,,,,,,0.6155857255219184,0.4005131296698532,0.734755695110764
d2_beef_uncontrolled|cnn1d|regression|seed03|fold02,e1_main_d2,d2_beef_uncontrolled,cnn1d,regression,3,2,16,1.4.0,real,True,ok,6435,2145,3,1,TS2,3,1,8.241334549151361,,,,,,,,0.31073310796900844,0.828037395954023,0.3768046847067118
d2_beef_uncontrolled|cnn1d|regression|seed03|fold03,e1_main_d2,d2_beef_uncontrolled,cnn1d,regression,3,3,16,1.4.0,real,True,ok,6435,2145,3,1,TS4,3,1,7.344705510884523,,,,,,,,0.43455297201313536,0.6511347671774238,0.5555034205753928
d2_beef_uncontrolled|cnn1d|regression|seed03|fold04,e1_main_d2,d2_beef_uncontrolled,cnn1d,regression,3,4,16,1.4.0,real,True,ok,6435,2145,3,1,TS1,3,1,7.443769855890423,,,,,,,,2.8200577162752527,-14.000505054322126,3.2299718844543923
d2_beef_uncontrolled|cnn1d|regression|seed04|fold00,e1_main_d2,d2_beef_uncontrolled,cnn1d,regression,4,0,16,1.4.0,real,True,ok,6435,2145,3,1,TS3,3,1,6.800238996278495,,,,,,,,0.29944576500026504,0.8110199486423729,0.41253528863298605
d2_beef_uncontrolled|cnn1d|regression|seed04|fold01,e1_main_d2,d2_beef_uncontrolled,cnn1d,regression,4,1,16,1.4.0,real,True,ok,6435,2145,3,1,TS5,3,1,6.683316708076745,,,,,,,,9.184385537451652,-99.22625547517966,9.334535132433203
d2_beef_uncontrolled|cnn1d|regression|seed04|fold02,e1_main_d2,d2_beef_uncontrolled,cnn1d,regression,4,2,16,1.4.0,real,True,ok,6435,2145,3,1,TS1,3,1,8.000830655917525,,,,,,,,3.3299383611787547,-19.44219835811903,3.7705925076402664
d2_beef_uncontrolled|cnn1d|regression|seed04|fold03,e1_main_d2,d2_beef_uncontrolled,cnn1d,regression,4,3,16,1.4.0,real,True,ok,6435,2145,3,1,TS2,3,1,8.509576542302966,,,,,,,,0.475398835908084,0.6065699202738063,0.5699451567982042
d2_beef_uncontrolled|cnn1d|regression|seed04|fold04,e1_main_d2,d2_beef_uncontrolled,cnn1d,regression,4,4,16,1.4.0,real,True,ok,6435,2145,3,1,TS4,3,1,7.697308450937271,,,,,,,,0.6259343577843988,0.3399143556603256,0.7641137873975652
d2_beef_uncontrolled|cnn1d|regression|seed05|fold00,e1_main_d2,d2_beef_uncontrolled,cnn1d,regression,5,0,16,1.4.0,real,True,ok,6435,2145,3,1,TS5,3,1,9.01983565511182,,,,,,,,0.7846893502443367,0.08562127645827222,0.8915896083500816
d2_beef_uncontrolled|cnn1d|regression|seed05|fold01,e1_main_d2,d2_beef_uncontrolled,cnn1d,regression,5,1,16,1.4.0,real,True,ok,6435,2145,3,1,TS4,3,1,7.833739464171231,,,,,,,,0.4383045281437608,0.709348785362612,0.5070420330976313
d2_beef_uncontrolled|cnn1d|regression|seed05|fold02,e1_main_d2,d2_beef_uncontrolled,cnn1d,regression,5,2,16,1.4.0,real,True,ok,6435,2145,3,1,TS2,3,1,7.52958630817011,,,,,,,,1.279320967736813,-1.2528832648355106,1.3638563546521467
d2_beef_uncontrolled|cnn1d|regression|seed05|fold03,e1_main_d2,d2_beef_uncontrolled,cnn1d,regression,5,3,16,1.4.0,real,True,ok,6435,2145,3,1,TS3,3,1,8.762251127045602,,,,,,,,0.4643118311408394,0.6500472930901758,0.5613811187233136
d2_beef_uncontrolled|cnn1d|regression|seed05|fold04,e1_main_d2,d2_beef_uncontrolled,cnn1d,regression,5,4,16,1.4.0,real,True,ok,6435,2145,3,1,TS1,3,1,8.218076041899621,,,,,,,,3.7808711812734357,-26.403926011398084,4.365682966835142
d2_beef_uncontrolled|cnn1d|regression|seed06|fold00,e1_main_d2,d2_beef_uncontrolled,cnn1d,regression,6,0,16,1.4.0,real,True,ok,6435,2145,3,1,TS3,3,1,8.599804626777768,,,,,,,,0.2659778585472608,0.8513715657717171,0.3658508550413474
d2_beef_uncontrolled|cnn1d|regression|seed06|fold01,e1_main_d2,d2_beef_uncontrolled,cnn1d,regression,6,1,16,1.4.0,real,True,ok,6435,2145,3,1,TS5,3,1,8.731271628290415,,,,,,,,3.633629343076874,-15.16485801307618,3.7487621744070667
d2_beef_uncontrolled|cnn1d|regression|seed06|fold02,e1_main_d2,d2_beef_uncontrolled,cnn1d,regression,6,2,16,1.4.0,real,True,ok,6435,2145,3,1,TS1,3,1,8.000845929142088,,,,,,,,4.042922701334528,-25.58185546351435,4.299702894813001
d2_beef_uncontrolled|cnn1d|regression|seed06|fold03,e1_main_d2,d2_beef_uncontrolled,cnn1d,regression,6,3,16,1.4.0,real,True,ok,6435,2145,3,1,TS4,3,1,8.284842698834836,,,,,,,,0.3374079499911744,0.7856936340377685,0.4353869705124427
d2_beef_uncontrolled|cnn1d|regression|seed06|fold04,e1_main_d2,d2_beef_uncontrolled,cnn1d,regression,6,4,16,1.4.0,real,True,ok,6435,2145,3,1,TS2,3,1,8.114772266708314,,,,,,,,1.688629604314348,-2.8137190529736142,1.7744903231383977
d2_beef_uncontrolled|cnn1d|regression|seed07|fold00,e1_main_d2,d2_beef_uncontrolled,cnn1d,regression,7,0,16,1.4.0,real,True,ok,6435,2145,3,1,TS3,3,1,8.336026600096375,,,,,,,,0.39350037068192156,0.7417957820875596,0.4822084198006047
d2_beef_uncontrolled|cnn1d|regression|seed07|fold01,e1_main_d2,d2_beef_uncontrolled,cnn1d,regression,7,1,16,1.4.0,real,True,ok,6435,2145,3,1,TS1,3,1,7.463954441249371,,,,,,,,3.2461149276059937,-18.953549572590507,3.7252539453471294
d2_beef_uncontrolled|cnn1d|regression|seed07|fold02,e1_main_d2,d2_beef_uncontrolled,cnn1d,regression,7,2,16,1.4.0,real,True,ok,6435,2145,3,1,TS5,3,1,7.446002368349582,,,,,,,,2.58075851862316,-7.232926581159125,2.6753404953319007
d2_beef_uncontrolled|cnn1d|regression|seed07|fold03,e1_main_d2,d2_beef_uncontrolled,cnn1d,regression,7,3,16,1.4.0,real,True,ok,6435,2145,3,1,TS2,3,1,7.330230480991304,,,,,,,,0.36791883639476997,0.7330539068214077,0.4694734877716787
d2_beef_uncontrolled|cnn1d|regression|seed07|fold04,e1_main_d2,d2_beef_uncontrolled,cnn1d,regression,7,4,16,1.4.0,real,True,ok,6435,2145,3,1,TS4,3,1,7.401781179010868,,,,,,,,0.5901726063376216,0.3977689554322785,0.7298598302906926
d2_beef_uncontrolled|cnn1d|regression|seed08|fold00,e1_main_d2,d2_beef_uncontrolled,cnn1d,regression,8,0,16,1.4.0,real,True,ok,6435,2145,3,1,TS4,3,1,8.265550495125353,,,,,,,,0.434984797700086,0.6503241441683915,0.5561484297852651
d2_beef_uncontrolled|cnn1d|regression|seed08|fold01,e1_main_d2,d2_beef_uncontrolled,cnn1d,regression,8,1,16,1.4.0,real,True,ok,6435,2145,3,1,TS1,3,1,9.424756316933781,,,,,,,,2.052483495612878,-5.8360251511488475,2.1804575051168875
d2_beef_uncontrolled|cnn1d|regression|seed08|fold02,e1_main_d2,d2_beef_uncontrolled,cnn1d,regression,8,2,16,1.4.0,real,True,ok,6435,2145,3,1,TS2,3,1,8.020729159004986,,,,,,,,1.8907539674010663,-3.93143474142593,2.017836308125826
d2_beef_uncontrolled|cnn1d|regression|seed08|fold03,e1_main_d2,d2_beef_uncontrolled,cnn1d,regression,8,3,16,1.4.0,real,True,ok,6435,2145,3,1,TS3,3,1,8.60854501184076,,,,,,,,0.35154354091165313,0.7519494377807376,0.4726321178795731
d2_beef_uncontrolled|cnn1d|regression|seed08|fold04,e1_main_d2,d2_beef_uncontrolled,cnn1d,regression,8,4,16,1.4.0,real,True,ok,6435,2145,3,1,TS5,3,1,7.688949135132134,,,,,,,,2.16821202635211,-5.50926427038458,2.378854578181515
d2_beef_uncontrolled|cnn1d|regression|seed09|fold00,e1_main_d2,d2_beef_uncontrolled,cnn1d,regression,9,0,16,1.4.0,real,True,ok,6435,2145,3,1,TS5,3,1,8.324707197025418,,,,,,,,1.536471495619767,-2.584097672242206,1.7651916329818593
d2_beef_uncontrolled|cnn1d|regression|seed09|fold01,e1_main_d2,d2_beef_uncontrolled,cnn1d,regression,9,1,16,1.4.0,real,True,ok,6435,2145,3,1,TS4,3,1,8.417689005844295,,,,,,,,0.36843354442949827,0.7413019085354655,0.4783596115059038
d2_beef_uncontrolled|cnn1d|regression|seed09|fold02,e1_main_d2,d2_beef_uncontrolled,cnn1d,regression,9,2,16,1.4.0,real,True,ok,6435,2145,3,1,TS1,3,1,7.94401380373165,,,,,,,,3.1807795086334982,-16.583377127178355,3.497010583216123
d2_beef_uncontrolled|cnn1d|regression|seed09|fold03,e1_main_d2,d2_beef_uncontrolled,cnn1d,regression,9,3,16,1.4.0,real,True,ok,6435,2145,3,1,TS3,3,1,7.0975824990309775,,,,,,,,0.642783556333859,0.2673349919794046,0.8122801646267511
d2_beef_uncontrolled|cnn1d|regression|seed09|fold04,e1_main_d2,d2_beef_uncontrolled,cnn1d,regression,9,4,16,1.4.0,real,True,ok,6435,2145,3,1,TS2,3,1,7.773186618927866,,,,,,,,0.7347630581060842,0.03594456984454297,0.8921754933378212
d2_beef_uncontrolled|esn|classification|seed00|fold00,e1_main_d2,d2_beef_uncontrolled,esn,classification,0,0,16,1.4.0,real,True,ok,6435,2145,3,1,TS3,3,1,2.697253793012351,0.6041958041958042,0.7289984674918963,True,4.0,0.47430958132045087,require_all_classes,0.46787016775820084,,,
d2_beef_uncontrolled|esn|classification|seed00|fold01,e1_main_d2,d2_beef_uncontrolled,esn,classification,0,1,16,1.4.0,real,True,ok,6435,2145,3,1,TS5,3,1,3.318631298840046,0.08018648018648018,0.33417886075011255,True,4.0,0.10238095238095238,require_all_classes,0.08565737051792828,,,
d2_beef_uncontrolled|esn|classification|seed00|fold02,e1_main_d2,d2_beef_uncontrolled,esn,classification,0,2,16,1.4.0,real,True,ok,6435,2145,3,1,TS4,3,1,3.240631191059947,0.46293706293706294,0.5879718262376501,True,4.0,0.3440016103059581,require_all_classes,0.31514975759599423,,,
d2_beef_uncontrolled|esn|classification|seed00|fold03,e1_main_d2,d2_beef_uncontrolled,esn,classification,0,3,16,1.4.0,real,True,ok,6435,2145,3,1,TS1,3,1,2.7496897340752184,0.358974358974359,0.5368921021516665,True,4.0,0.4271212121212121,require_all_classes,0.25258445945945945,,,
d2_beef_uncontrolled|esn|classification|seed00|fold04,e1_main_d2,d2_beef_uncontrolled,esn,classification,0,4,16,1.4.0,real,True,ok,6435,2145,3,1,TS2,3,1,3.0589920300990343,0.14918414918414918,0.45986009880420464,True,4.0,0.14703703703703705,require_all_classes,0.08689845869109267,,,
d2_beef_uncontrolled|esn|classification|seed01|fold00,e1_main_d2,d2_beef_uncontrolled,esn,classification,1,0,16,1.4.0,real,True,ok,6435,2145,3,1,TS5,3,1,2.9976466852240264,0.2745920745920746,0.681899928367419,True,4.0,0.32261904761904764,require_all_classes,0.20663085167124318,,,
d2_beef_uncontrolled|esn|classification|seed01|fold01,e1_main_d2,d2_beef_uncontrolled,esn,classification,1,1,16,1.4.0,real,True,ok,6435,2145,3,1,TS1,3,1,2.845201237127185,0.06806526806526807,0.42357339922565335,True,4.0,0.09303030303030303,require_all_classes,0.08217311589308116,,,
d2_beef_uncontrolled|esn|classification|seed01|fold02,e1_main_d2,d2_beef_uncontrolled,esn,classification,1,2,16,1.4.0,real,True,ok,6435,2145,3,1,TS2,3,1,3.00358107406646,0.10862470862470862,0.5412788676766653,True,4.0,0.13789653784219003,require_all_classes,0.17801333848977552,,,
d2_beef_uncontrolled|esn|classification|seed01|fold03,e1_main_d2,d2_beef_uncontrolled,esn,classification,1,3,16,1.4.0,real,True,ok,6435,2145,3,1,TS3,3,1,3.0064837308600545,0.06340326340326341,0.3740666091070828,True,4.0,0.05407407407407408,require_all_classes,0.06128654970760234,,,
d2_beef_uncontrolled|esn|classification|seed01|fold04,e1_main_d2,d2_beef_uncontrolled,esn,classification,1,4,16,1.4.0,real,True,ok,6435,2145,3,1,TS4,3,1,2.7999720061197877,0.4857808857808858,0.642953479331392,True,4.0,0.4148076259489303,require_all_classes,0.41350313891897894,,,
d2_beef_uncontrolled|esn|classification|seed02|fold00,e1_main_d2,d2_beef_uncontrolled,esn,classification,2,0,16,1.4.0,real,True,ok,6435,2145,3,1,TS3,3,1,3.0203349329531193,0.5053613053613054,0.5826898734198221,True,4.0,0.39902777777777776,require_all_classes,0.3676567027719897,,,
d2_beef_uncontrolled|esn|classification|seed02|fold01,e1_main_d2,d2_beef_uncontrolled,esn,classification,2,1,16,1.4.0,real,True,ok,6435,2145,3,1,TS5,3,1,2.9789430368691683,0.23263403263403262,0.49452274294292303,True,4.0,0.3232789855072464,require_all_classes,0.18750011226937688,,,
d2_beef_uncontrolled|esn|classification|seed02|fold02,e1_main_d2,d2_beef_uncontrolled,esn,classification,2,2,16,1.4.0,real,True,ok,6435,2145,3,1,TS4,3,1,2.738497551996261,0.33706293706293705,0.400319635131255,True,4.0,0.22708333333333333,require_all_classes,0.19779623718459344,,,
d2_beef_uncontrolled|esn|classification|seed02|fold03,e1_main_d2,d2_beef_uncontrolled,esn,classification,2,3,16,1.4.0,real,True,ok,6435,2145,3,1,TS1,3,1,3.088281448930502,0.17529137529137528,0.38103341111655437,True,4.0,0.14535353535353535,require_all_classes,0.08406776783203426,,,
d2_beef_uncontrolled|esn|classification|seed02|fold04,e1_main_d2,d2_beef_uncontrolled,esn,classification,2,4,16,1.4.0,real,True,ok,6435,2145,3,1,TS2,3,1,2.9952990310266614,0.10442890442890443,0.3879480808319821,True,4.0,0.12200098814229249,require_all_classes,0.08153904591426889,,,
d2_beef_uncontrolled|esn|classification|seed03|fold00,e1_main_d2,d2_beef_uncontrolled,esn,classification,3,0,16,1.4.0,real,True,ok,6435,2145,3,1,TS5,3,1,2.9161175191402435,0.3972027972027972,0.6737310947082954,True,4.0,0.2566022544283414,require_all_classes,0.15569425333047401,,,
d2_beef_uncontrolled|esn|classification|seed03|fold01,e1_main_d2,d2_beef_uncontrolled,esn,classification,3,1,16,1.4.0,real,True,ok,6435,2145,3,1,TS3,3,1,2.9302571010775864,0.6060606060606061,0.7274436883572832,True,4.0,0.604182769726248,require_all_classes,0.53843582150452,,,
d2_beef_uncontrolled|esn|classification|seed03|fold02,e1_main_d2,d2_beef_uncontrolled,esn,classification,3,2,16,1.4.0,real,True,ok,6435,2145,3,1,TS2,3,1,2.9202211098745465,0.1076923076923077,0.30419484384781703,True,4.0,0.12185990338164251,require_all_classes,0.11187526803101777,,,
d2_beef_uncontrolled|esn|classification|seed03|fold03,e1_main_d2,d2_beef_uncontrolled,esn,classification,3,3,16,1.4.0,real,True,ok,6435,2145,3,1,TS4,3,1,2.884210824035108,0.4662004662004662,0.7214777043622282,True,4.0,0.44942201518288477,require_all_classes,0.49648090550411306,,,
d2_beef_uncontrolled|esn|classification|seed03|fold04,e1_main_d2,d2_beef_uncontrolled,esn,classification,3,4,16,1.4.0,real,True,ok,6435,2145,3,1,TS1,3,1,2.936405137181282,0.11515151515151516,0.4304503955552481,True,4.0,0.08473958333333334,require_all_classes,0.07356745526439247,,,
d2_beef_uncontrolled|esn|classification|seed04|fold00,e1_main_d2,d2_beef_uncontrolled,esn,classification,4,0,16,1.4.0,real,True,ok,6435,2145,3,1,TS3,3,1,3.0412961710244417,0.4303030303030303,0.6255416996547158,True,4.0,0.3478703703703704,require_all_classes,0.267443058847779,,,
d2_beef_uncontrolled|esn|classification|seed04|fold01,e1_main_d2,d2_beef_uncontrolled,esn,classification,4,1,16,1.4.0,real,True,ok,6435,2145,3,1,TS5,3,1,3.0696417540311813,0.20233100233100232,0.5021909531376328,True,4.0,0.26014492753623186,require_all_classes,0.10209238222519211,,,
d2_beef_uncontrolled|esn|classification|seed04|fold02,e1_main_d2,d2_beef_uncontrolled,esn,classification,4,2,16,1.4.0,real,True,ok,6435,2145,3,1,TS1,3,1,3.0216109133325517,0.21025641025641026,0.4323629086331111,True,4.0,0.18037878787878786,require_all_classes,0.12854670418971592,,,
d2_beef_uncontrolled|esn|classification|seed04|fold03,e1_main_d2,d2_beef_uncontrolled,esn,classification,4,3,16,1.4.0,real,True,ok,6435,2145,3,1,TS2,3,1,3.0195945417508483,0.22703962703962705,0.46831328198501443,True,4.0,0.2196762919045528,require_all_classes,0.2351725907042491,,,
d2_beef_uncontrolled|esn|classification|seed04|fold04,e1_main_d2,d2_beef_uncontrolled,esn,classification,4,4,16,1.4.0,real,True,ok,6435,2145,3,1,TS4,3,1,2.971773626282811,0.3016317016317016,0.6906319009560147,True,4.0,0.32653554175293303,require_all_classes,0.23682082514536154,,,
d2_beef_uncontrolled|esn|classification|seed05|fold00,e1_main_d2,d2_beef_uncontrolled,esn,classification,5,0,16,1.4.0,real,True,ok,6435,2145,3,1,TS5,3,1,3.0463424772024155,0.1958041958041958,0.553969157487221,True,4.0,0.25,require_all_classes,0.085995085995086,,,
d2_beef_uncontrolled|esn|classification|seed05|fold01,e1_main_d2,d2_beef_uncontrolled,esn,classification,5,1,16,1.4.0,real,True,ok,6435,2145,3,1,TS4,3,1,3.0358404079452157,0.48438228438228437,0.5425704143737358,True,4.0,0.3671080630319761,require_all_classes,0.3400833757980755,,,
d2_beef_uncontrolled|esn|classification|seed05|fold02,e1_main_d2,d2_beef_uncontrolled,esn,classification,5,2,16,1.4.0,real,True,ok,6435,2145,3,1,TS2,3,1,2.949404085986316,0.29277389277389276,0.5453904231370472,True,4.0,0.30822463768115943,require_all_classes,0.2030895879692222,,,
d2_beef_uncontrolled|esn|classification|seed05|fold03,e1_main_d2,d2_beef_uncontrolled,esn,classification,5,3,16,1.4.0,real,True,ok,6435,2145,3,1,TS3,3,1,2.9909728192724288,0.5743589743589743,0.7010064233388917,True,4.0,0.5104609500805153,require_all_classes,0.46410343476996585,,,
d2_beef_uncontrolled|esn|classification|seed05|fold04,e1_main_d2,d2_beef_uncontrolled,esn,classification,5,4,16,1.4.0,real,True,ok,6435,2145,3,1,TS1,3,1,3.3892304408364,0.0,0.35286038269151043,True,4.0,0.0,require_all_classes,0.0,,,
d2_beef_uncontrolled|esn|classification|seed06|fold00,e1_main_d2,d2_beef_uncontrolled,esn,classification,6,0,16,1.4.0,real,True,ok,6435,2145,3,1,TS3,3,1,3.0741595453582704,0.43496503496503497,0.5957224464189844,True,4.0,0.34983695652173913,require_all_classes,0.38201868231865,,,
d2_beef_uncontrolled|esn|classification|seed06|fold01,e1_main_d2,d2_beef_uncontrolled,esn,classification,6,1,16,1.4.0,real,True,ok,6435,2145,3,1,TS5,3,1,3.164990095887333,0.1958041958041958,0.29831955161098184,True,4.0,0.25,require_all_classes,0.08187134502923976,,,
d2_beef_uncontrolled|esn|classification|seed06|fold02,e1_main_d2,d2_beef_uncontrolled,esn,classification,6,2,16,1.4.0,real,True,ok,6435,2145,3,1,TS1,3,1,3.0868049738928676,0.14731934731934732,0.27921673095503574,True,4.0,0.23287878787878788,require_all_classes,0.11918606294741621,,,
d2_beef_uncontrolled|esn|classification|seed06|fold03,e1_main_d2,d2_beef_uncontrolled,esn,classification,6,3,16,1.4.0,real,True,ok,6435,2145,3,1,TS4,3,1,2.6483991160057485,0.45268065268065266,0.4989698883189567,True,4.0,0.32080026455026456,require_all_classes,0.2681150168713008,,,
d2_beef_uncontrolled|esn|classification|seed06|fold04,e1_main_d2,d2_beef_uncontrolled,esn,classification,6,4,16,1.4.0,real,True,ok,6435,2145,3,1,TS2,3,1,2.960770782083273,0.08438228438228439,0.3021727789363997,True,4.0,0.0758543771043771,require_all_classes,0.05406361319583052,,,
d2_beef_uncontrolled|esn|classification|seed07|fold00,e1_main_d2,d2_beef_uncontrolled,esn,classification,7,0,16,1.4.0,real,True,ok,6435,2145,3,1,TS3,3,1,2.9487548950128257,0.5920745920745921,0.6484699717592095,True,4.0,0.49316425120772944,require_all_classes,0.46994193558683167,,,
d2_beef_uncontrolled|esn|classification|seed07|fold01,e1_main_d2,d2_beef_uncontrolled,esn,classification,7,1,16,1.4.0,real,True,ok,6435,2145,3,1,TS1,3,1,2.7478893282823265,0.2205128205128205,0.44651572584273447,True,4.0,0.31553030303030305,require_all_classes,0.18536327574508066,,,
d2_beef_uncontrolled|esn|classification|seed07|fold02,e1_main_d2,d2_beef_uncontrolled,esn,classification,7,2,16,1.4.0,real,True,ok,6435,2145,3,1,TS5,3,1,3.059475915040821,0.4097902097902098,0.6038246346341738,True,4.0,0.26805555555555555,require_all_classes,0.18958448716043713,,,
d2_beef_uncontrolled|esn|classification|seed07|fold03,e1_main_d2,d2_beef_uncontrolled,esn,classification,7,3,16,1.4.0,real,True,ok,6435,2145,3,1,TS2,3,1,3.0298446528613567,0.2386946386946387,0.5086792743553943,True,4.0,0.23300925925925928,require_all_classes,0.14310605668770043,,,
d2_beef_uncontrolled|esn|classification|seed07|fold04,e1_main_d2,d2_beef_uncontrolled,esn,classification,7,4,16,1.4.0,real,True,ok,6435,2145,3,1,TS4,3,1,2.8538858611136675,0.28764568764568765,0.4683639101121446,True,4.0,0.3175925925925926,require_all_classes,0.26443049802402246,,,
d2_beef_uncontrolled|esn|classification|seed08|fold00,e1_main_d2,d2_beef_uncontrolled,esn,classification,8,0,16,1.4.0,real,True,ok,6435,2145,3,1,TS4,3,1,3.4741290928795934,0.6093240093240093,0.7049772083559664,True,4.0,0.49759891879457097,require_all_classes,0.4570545854777704,,,
d2_beef_uncontrolled|esn|classification|seed08|fold01,e1_main_d2,d2_beef_uncontrolled,esn,classification,8,1,16,1.4.0,real,True,ok,6435,2145,3,1,TS1,3,1,3.2353230686858296,0.5142191142191143,0.54136837181457,True,4.0,0.3041666666666667,require_all_classes,0.2594200694529642,,,
d2_beef_uncontrolled|esn|classification|seed08|fold02,e1_main_d2,d2_beef_uncontrolled,esn,classification,8,2,16,1.4.0,real,True,ok,6435,2145,3,1,TS2,3,1,2.7036239583976567,0.41025641025641024,0.3987506627307169,True,4.0,0.37962962962962965,require_all_classes,0.27947413921817654,,,
d2_beef_uncontrolled|esn|classification|seed08|fold03,e1_main_d2,d2_beef_uncontrolled,esn,classification,8,3,16,1.4.0,real,True,ok,6435,2145,3,1,TS3,3,1,2.9925709129311144,0.5468531468531469,0.6169307024135414,True,4.0,0.3763888888888889,require_all_classes,0.34804079425902346,,,
d2_beef_uncontrolled|esn|classification|seed08|fold04,e1_main_d2,d2_beef_uncontrolled,esn,classification,8,4,16,1.4.0,real,True,ok,6435,2145,3,1,TS5,3,1,3.067034318111837,0.351981351981352,0.6188048706880798,True,4.0,0.49275362318840576,require_all_classes,0.33123087114598526,,,
d2_beef_uncontrolled|esn|classification|seed09|fold00,e1_main_d2,d2_beef_uncontrolled,esn,classification,9,0,16,1.4.0,real,True,ok,6435,2145,3,1,TS5,3,1,2.626760572195053,0.2013986013986014,0.6655485738006732,True,4.0,0.25555555555555554,require_all_classes,0.09972754537390349,,,
d2_beef_uncontrolled|esn|classification|seed09|fold01,e1_main_d2,d2_beef_uncontrolled,esn,classification,9,1,16,1.4.0,real,True,ok,6435,2145,3,1,TS4,3,1,3.0108048780821264,0.5459207459207459,0.739129347616653,True,4.0,0.47628536922015186,require_all_classes,0.492665325976249,,,
d2_beef_uncontrolled|esn|classification|seed09|fold02,e1_main_d2,d2_beef_uncontrolled,esn,classification,9,2,16,1.4.0,real,True,ok,6435,2145,3,1,TS1,3,1,3.0101342098787427,0.20652680652680652,0.6475167429027167,True,4.0,0.3041666666666667,require_all_classes,0.1563358468998322,,,
d2_beef_uncontrolled|esn|classification|seed09|fold03,e1_main_d2,d2_beef_uncontrolled,esn,classification,9,3,16,1.4.0,real,True,ok,6435,2145,3,1,TS3,3,1,2.6343409209512174,0.5664335664335665,0.7584889931276679,True,4.0,0.5404307568438004,require_all_classes,0.48691170349791396,,,
d2_beef_uncontrolled|esn|classification|seed09|fold04,e1_main_d2,d2_beef_uncontrolled,esn,classification,9,4,16,1.4.0,real,True,ok,6435,2145,3,1,TS2,3,1,3.028550735209137,0.2545454545454545,0.7100116458939822,True,4.0,0.2543478260869565,require_all_classes,0.11746189358129656,,,
d2_beef_uncontrolled|esn|regression|seed00|fold00,e1_main_d2,d2_beef_uncontrolled,esn,regression,0,0,16,1.4.0,real,True,ok,6435,2145,3,1,TS3,3,1,2.408358625136316,,,,,,,,0.36058659048135633,0.626921314174009,0.5796333192570785
d2_beef_uncontrolled|esn|regression|seed00|fold01,e1_main_d2,d2_beef_uncontrolled,esn,regression,0,1,16,1.4.0,real,True,ok,6435,2145,3,1,TS5,3,1,2.5937068527564406,,,,,,,,9.234278030155986,-127.74223287463451,10.57943465943863
d2_beef_uncontrolled|esn|regression|seed00|fold02,e1_main_d2,d2_beef_uncontrolled,esn,regression,0,2,16,1.4.0,real,True,ok,6435,2145,3,1,TS4,3,1,2.628886724822223,,,,,,,,0.8877346612055782,-0.9820372093526624,1.3240786833732798
d2_beef_uncontrolled|esn|regression|seed00|fold03,e1_main_d2,d2_beef_uncontrolled,esn,regression,0,3,16,1.4.0,real,True,ok,6435,2145,3,1,TS1,3,1,2.434720064047724,,,,,,,,2.981781741712331,-13.919830321349677,3.221274563319421
d2_beef_uncontrolled|esn|regression|seed00|fold04,e1_main_d2,d2_beef_uncontrolled,esn,regression,0,4,16,1.4.0,real,True,ok,6435,2145,3,1,TS2,3,1,2.6512150671333075,,,,,,,,1.8271342569500726,-5.728048488623209,2.3569145825751407
d2_beef_uncontrolled|esn|regression|seed01|fold00,e1_main_d2,d2_beef_uncontrolled,esn,regression,1,0,16,1.4.0,real,True,ok,6435,2145,3,1,TS5,3,1,2.744525435846299,,,,,,,,2.6987470132695086,-9.30634516485151,2.9933278308298394
d2_beef_uncontrolled|esn|regression|seed01|fold01,e1_main_d2,d2_beef_uncontrolled,esn,regression,1,1,16,1.4.0,real,True,ok,6435,2145,3,1,TS1,3,1,2.2206098278984427,,,,,,,,4.404618869859195,-31.869015798250963,4.781224665074346
d2_beef_uncontrolled|esn|regression|seed01|fold02,e1_main_d2,d2_beef_uncontrolled,esn,regression,1,2,16,1.4.0,real,True,ok,6435,2145,3,1,TS2,3,1,2.433657528832555,,,,,,,,2.1466116313395247,-11.051569799393429,3.154431473616834
d2_beef_uncontrolled|esn|regression|seed01|fold03,e1_main_d2,d2_beef_uncontrolled,esn,regression,1,3,16,1.4.0,real,True,ok,6435,2145,3,1,TS3,3,1,2.6464218138717115,,,,,,,,1.0416351835474347,-1.2950052641200145,1.437622847099094
d2_beef_uncontrolled|esn|regression|seed01|fold04,e1_main_d2,d2_beef_uncontrolled,esn,regression,1,4,16,1.4.0,real,True,ok,6435,2145,3,1,TS4,3,1,2.209931520745158,,,,,,,,0.9510832787268154,-2.0832378034926666,1.6514346904237702
d2_beef_uncontrolled|esn|regression|seed02|fold00,e1_main_d2,d2_beef_uncontrolled,esn,regression,2,0,16,1.4.0,real,True,ok,6435,2145,3,1,TS3,3,1,2.439960969146341,,,,,,,,0.6087590408922479,0.22616720958414283,0.8347889416061032
d2_beef_uncontrolled|esn|regression|seed02|fold01,e1_main_d2,d2_beef_uncontrolled,esn,regression,2,1,16,1.4.0,real,True,ok,6435,2145,3,1,TS5,3,1,2.579393631312996,,,,,,,,2.714231783488941,-11.948721762192937,3.3551766564742005
d2_beef_uncontrolled|esn|regression|seed02|fold02,e1_main_d2,d2_beef_uncontrolled,esn,regression,2,2,16,1.4.0,real,True,ok,6435,2145,3,1,TS4,3,1,2.2274805260822177,,,,,,,,0.9812208073576218,-1.5031020200041763,1.487980252194596
d2_beef_uncontrolled|esn|regression|seed02|fold03,e1_main_d2,d2_beef_uncontrolled,esn,regression,2,3,16,1.4.0,real,True,ok,6435,2145,3,1,TS1,3,1,2.5051692873239517,,,,,,,,10.644612695683163,-206.75095200074398,12.020355511833987
d2_beef_uncontrolled|esn|regression|seed02|fold04,e1_main_d2,d2_beef_uncontrolled,esn,regression,2,4,16,1.4.0,real,True,ok,6435,2145,3,1,TS2,3,1,2.7303577959537506,,,,,,,,1.6775989555257727,-4.540309045776878,2.1387808285585246
d2_beef_uncontrolled|esn|regression|seed03|fold00,e1_main_d2,d2_beef_uncontrolled,esn,regression,3,0,16,1.4.0,real,True,ok,6435,2145,3,1,TS5,3,1,2.235202419105917,,,,,,,,10.181109371134848,-128.0473893138031,10.59196540304199
d2_beef_uncontrolled|esn|regression|seed03|fold01,e1_main_d2,d2_beef_uncontrolled,esn,regression,3,1,16,1.4.0,real,True,ok,6435,2145,3,1,TS3,3,1,2.4284649789333344,,,,,,,,1.2057233556797153,-8.865133878660142,2.980606297906931
d2_beef_uncontrolled|esn|regression|seed03|fold02,e1_main_d2,d2_beef_uncontrolled,esn,regression,3,2,16,1.4.0,real,True,ok,6435,2145,3,1,TS2,3,1,2.5227816780097783,,,,,,,,2.2860139527925436,-6.77952263524069,2.5344035104897613
d2_beef_uncontrolled|esn|regression|seed03|fold03,e1_main_d2,d2_beef_uncontrolled,esn,regression,3,3,16,1.4.0,real,True,ok,6435,2145,3,1,TS4,3,1,2.2219065171666443,,,,,,,,0.46821400470545177,0.47915992958198983,0.6787503813673046
d2_beef_uncontrolled|esn|regression|seed03|fold04,e1_main_d2,d2_beef_uncontrolled,esn,regression,3,4,16,1.4.0,real,True,ok,6435,2145,3,1,TS1,3,1,2.5511573711410165,,,,,,,,2.9580460472957095,-15.06338439832167,3.342445443379343
d2_beef_uncontrolled|esn|regression|seed04|fold00,e1_main_d2,d2_beef_uncontrolled,esn,regression,4,0,16,1.4.0,real,True,ok,6435,2145,3,1,TS3,3,1,2.6294464939273894,,,,,,,,0.7151612806953522,-0.5309410561013423,1.174173725756611
d2_beef_uncontrolled|esn|regression|seed04|fold01,e1_main_d2,d2_beef_uncontrolled,esn,regression,4,1,16,1.4.0,real,True,ok,6435,2145,3,1,TS5,3,1,2.1851237970404327,,,,,,,,1.3161994338540073,-2.492939705948569,1.7425991046939928
d2_beef_uncontrolled|esn|regression|seed04|fold02,e1_main_d2,d2_beef_uncontrolled,esn,regression,4,2,16,1.4.0,real,True,ok,6435,2145,3,1,TS1,3,1,2.5255739828571677,,,,,,,,4.0161044910384405,-25.579782832016853,4.2995352640510385
d2_beef_uncontrolled|esn|regression|seed04|fold03,e1_main_d2,d2_beef_uncontrolled,esn,regression,4,3,16,1.4.0,real,True,ok,6435,2145,3,1,TS2,3,1,2.6246284311637282,,,,,,,,1.0396985310574676,-1.576496590626256,1.458525656738138
d2_beef_uncontrolled|esn|regression|seed04|fold04,e1_main_d2,d2_beef_uncontrolled,esn,regression,4,4,16,1.4.0,real,True,ok,6435,2145,3,1,TS4,3,1,2.1800893172621727,,,,,,,,1.7691263529578272,-3.746015238890256,2.048907991283311
d2_beef_uncontrolled|esn|regression|seed05|fold00,e1_main_d2,d2_beef_uncontrolled,esn,regression,5,0,16,1.4.0,real,True,ok,6435,2145,3,1,TS5,3,1,2.6596878929995,,,,,,,,15.500949911863874,-286.535282062089,15.810569488653266
d2_beef_uncontrolled|esn|regression|seed05|fold01,e1_main_d2,d2_beef_uncontrolled,esn,regression,5,1,16,1.4.0,real,True,ok,6435,2145,3,1,TS4,3,1,2.5356915816664696,,,,,,,,1.2856077330185518,-3.202767727851855,1.9280823831634644
d2_beef_uncontrolled|esn|regression|seed05|fold02,e1_main_d2,d2_beef_uncontrolled,esn,regression,5,2,16,1.4.0,real,True,ok,6435,2145,3,1,TS2,3,1,2.2137225600890815,,,,,,,,2.661668976661172,-12.507578724671859,3.3395506969144235
d2_beef_uncontrolled|esn|regression|seed05|fold03,e1_main_d2,d2_beef_uncontrolled,esn,regression,5,3,16,1.4.0,real,True,ok,6435,2145,3,1,TS3,3,1,2.539888516999781,,,,,,,,0.5836906111261384,0.07876356078852931,0.9108328324478052
d2_beef_uncontrolled|esn|regression|seed05|fold04,e1_main_d2,d2_beef_uncontrolled,esn,regression,5,4,16,1.4.0,real,True,ok,6435,2145,3,1,TS1,3,1,2.5508908689953387,,,,,,,,6.256571873782487,-59.87627905064661,6.506835849391085
d2_beef_uncontrolled|esn|regression|seed06|fold00,e1_main_d2,d2_beef_uncontrolled,esn,regression,6,0,16,1.4.0,real,True,ok,6435,2145,3,1,TS3,3,1,2.2859891559928656,,,,,,,,0.5408362140778402,0.31506529057359034,0.7853761533571654
d2_beef_uncontrolled|esn|regression|seed06|fold01,e1_main_d2,d2_beef_uncontrolled,esn,regression,6,1,16,1.4.0,real,True,ok,6435,2145,3,1,TS5,3,1,2.4852021890692413,,,,,,,,6.7115827928584615,-54.733310737860194,6.960803326632162
d2_beef_uncontrolled|esn|regression|seed06|fold02,e1_main_d2,d2_beef_uncontrolled,esn,regression,6,2,16,1.4.0,real,True,ok,6435,2145,3,1,TS1,3,1,2.5813758741132915,,,,,,,,3.802341256947456,-28.44030568566396,4.524983070673664
d2_beef_uncontrolled|esn|regression|seed06|fold03,e1_main_d2,d2_beef_uncontrolled,esn,regression,6,3,16,1.4.0,real,True,ok,6435,2145,3,1,TS4,3,1,2.309248210862279,,,,,,,,0.9110140091855334,-1.0503553481598402,1.3467049605336974
d2_beef_uncontrolled|esn|regression|seed06|fold04,e1_main_d2,d2_beef_uncontrolled,esn,regression,6,4,16,1.4.0,real,True,ok,6435,2145,3,1,TS2,3,1,2.5127191436477005,,,,,,,,2.2053982191591794,-11.88602036905245,3.261810255315793
d2_beef_uncontrolled|esn|regression|seed07|fold00,e1_main_d2,d2_beef_uncontrolled,esn,regression,7,0,16,1.4.0,real,True,ok,6435,2145,3,1,TS3,3,1,2.568624091334641,,,,,,,,0.49016965404536184,0.48942623640007243,0.6780822408458105
d2_beef_uncontrolled|esn|regression|seed07|fold01,e1_main_d2,d2_beef_uncontrolled,esn,regression,7,1,16,1.4.0,real,True,ok,6435,2145,3,1,TS1,3,1,2.1592237181030214,,,,,,,,1.9564102228312938,-20.634450596639805,3.8789906842227664
d2_beef_uncontrolled|esn|regression|seed07|fold02,e1_main_d2,d2_beef_uncontrolled,esn,regression,7,2,16,1.4.0,real,True,ok,6435,2145,3,1,TS5,3,1,2.4892676481977105,,,,,,,,4.122262359108161,-22.379017648085885,4.508323496310258
d2_beef_uncontrolled|esn|regression|seed07|fold03,e1_main_d2,d2_beef_uncontrolled,esn,regression,7,3,16,1.4.0,real,True,ok,6435,2145,3,1,TS2,3,1,2.5784043669700623,,,,,,,,3.9054684850280332,-20.27916348876273,4.191568449740504
d2_beef_uncontrolled|esn|regression|seed07|fold04,e1_main_d2,d2_beef_uncontrolled,esn,regression,7,4,16,1.4.0,real,True,ok,6435,2145,3,1,TS4,3,1,2.323429025709629,,,,,,,,1.6418963547458176,-5.841005276429379,2.459902278898258
d2_beef_uncontrolled|esn|regression|seed08|fold00,e1_main_d2,d2_beef_uncontrolled,esn,regression,8,0,16,1.4.0,real,True,ok,6435,2145,3,1,TS4,3,1,2.48832414066419,,,,,,,,1.243586517867408,-3.846520061256242,2.0704888663823855
d2_beef_uncontrolled|esn|regression|seed08|fold01,e1_main_d2,d2_beef_uncontrolled,esn,regression,8,1,16,1.4.0,real,True,ok,6435,2145,3,1,TS1,3,1,2.695945310872048,,,,,,,,2.330998046017109,-8.557358751348378,2.5781889655344443
d2_beef_uncontrolled|esn|regression|seed08|fold02,e1_main_d2,d2_beef_uncontrolled,esn,regression,8,2,16,1.4.0,real,True,ok,6435,2145,3,1,TS2,3,1,2.4774544392712414,,,,,,,,2.5077413869120297,-10.004288611500508,3.01425696554314
d2_beef_uncontrolled|esn|regression|seed08|fold03,e1_main_d2,d2_beef_uncontrolled,esn,regression,8,3,16,1.4.0,real,True,ok,6435,2145,3,1,TS3,3,1,2.5606047729961574,,,,,,,,0.5503938794954211,0.2029952124476493,0.8471953983107452
d2_beef_uncontrolled|esn|regression|seed08|fold04,e1_main_d2,d2_beef_uncontrolled,esn,regression,8,4,16,1.4.0,real,True,ok,6435,2145,3,1,TS5,3,1,2.5707043330185115,,,,,,,,3.5692531599131865,-20.46712127378268,4.320050731900044
d2_beef_uncontrolled|esn|regression|seed09|fold00,e1_main_d2,d2_beef_uncontrolled,esn,regression,9,0,16,1.4.0,real,True,ok,6435,2145,3,1,TS5,3,1,2.259593542665243,,,,,,,,4.189657226734611,-24.011321007989263,4.663051985351191
d2_beef_uncontrolled|esn|regression|seed09|fold01,e1_main_d2,d2_beef_uncontrolled,esn,regression,9,1,16,1.4.0,real,True,ok,6435,2145,3,1,TS4,3,1,2.527546940371394,,,,,,,,0.9138669805471409,-1.5165407035021863,1.4919692482388387
d2_beef_uncontrolled|esn|regression|seed09|fold02,e1_main_d2,d2_beef_uncontrolled,esn,regression,9,2,16,1.4.0,real,True,ok,6435,2145,3,1,TS1,3,1,2.593647363130003,,,,,,,,7.287173142115474,-84.08726131884102,7.692687206108973
d2_beef_uncontrolled|esn|regression|seed09|fold03,e1_main_d2,d2_beef_uncontrolled,esn,regression,9,3,16,1.4.0,real,True,ok,6435,2145,3,1,TS3,3,1,2.2820829818956554,,,,,,,,0.6882273910325333,-0.004694977133012701,0.9511964890558217
d2_beef_uncontrolled|esn|regression|seed09|fold04,e1_main_d2,d2_beef_uncontrolled,esn,regression,9,4,16,1.4.0,real,True,ok,6435,2145,3,1,TS2,3,1,2.765081313904375,,,,,,,,0.9217319018654974,-0.5840177779566031,1.1436136037929687
d2_beef_uncontrolled|gru|classification|seed00|fold00,e1_main_d2,d2_beef_uncontrolled,gru,classification,0,0,16,1.4.0,real,True,ok,6435,2145,3,1,TS3,3,1,11.417234187014401,0.7445221445221445,0.87562197584823,True,4.0,0.6634963768115941,require_all_classes,0.6512609407579861,,,
d2_beef_uncontrolled|gru|classification|seed00|fold01,e1_main_d2,d2_beef_uncontrolled,gru,classification,0,1,16,1.4.0,real,True,ok,6435,2145,3,1,TS5,3,1,11.411804862786084,0.5524475524475524,0.9856194755438381,True,4.0,0.5,require_all_classes,0.3461344915837923,,,
d2_beef_uncontrolled|gru|classification|seed00|fold02,e1_main_d2,d2_beef_uncontrolled,gru,classification,0,2,16,1.4.0,real,True,ok,6435,2145,3,1,TS4,3,1,13.107259592041373,0.7911421911421911,0.9249038800551019,True,4.0,0.7436277892799632,require_all_classes,0.7546490521774928,,,
d2_beef_uncontrolled|gru|classification|seed00|fold03,e1_main_d2,d2_beef_uncontrolled,gru,classification,0,3,16,1.4.0,real,True,ok,6435,2145,3,1,TS1,3,1,13.772906536236405,0.23776223776223776,0.604471466580207,True,4.0,0.35795454545454547,require_all_classes,0.20098948670377242,,,
d2_beef_uncontrolled|gru|classification|seed00|fold04,e1_main_d2,d2_beef_uncontrolled,gru,classification,0,4,16,1.4.0,real,True,ok,6435,2145,3,1,TS2,3,1,12.416423765942454,0.413986013986014,0.8033343832187267,True,4.0,0.4992592592592593,require_all_classes,0.38227627805211783,,,
d2_beef_uncontrolled|gru|classification|seed01|fold00,e1_main_d2,d2_beef_uncontrolled,gru,classification,1,0,16,1.4.0,real,True,ok,6435,2145,3,1,TS5,3,1,13.357449642848223,0.45547785547785546,0.8816766243139371,True,4.0,0.4380952380952381,require_all_classes,0.2951003585367543,,,
d2_beef_uncontrolled|gru|classification|seed01|fold01,e1_main_d2,d2_beef_uncontrolled,gru,classification,1,1,16,1.4.0,real,True,ok,6435,2145,3,1,TS1,3,1,11.199322268832475,0.25594405594405595,0.596536859712351,True,4.0,0.37272727272727274,require_all_classes,0.2158706742885242,,,
d2_beef_uncontrolled|gru|classification|seed01|fold02,e1_main_d2,d2_beef_uncontrolled,gru,classification,1,2,16,1.4.0,real,True,ok,6435,2145,3,1,TS2,3,1,10.654522877186537,0.5337995337995338,0.8642111169503084,True,4.0,0.6050462962962962,require_all_classes,0.505671864961149,,,
d2_beef_uncontrolled|gru|classification|seed01|fold03,e1_main_d2,d2_beef_uncontrolled,gru,classification,1,3,16,1.4.0,real,True,ok,6435,2145,3,1,TS3,3,1,11.490183511283249,0.7575757575757576,0.9157506382444297,True,4.0,0.6654589371980677,require_all_classes,0.6419838056680163,,,
d2_beef_uncontrolled|gru|classification|seed01|fold04,e1_main_d2,d2_beef_uncontrolled,gru,classification,1,4,16,1.4.0,real,True,ok,6435,2145,3,1,TS4,3,1,9.029527815058827,0.7128205128205128,0.8061035733091522,True,4.0,0.6916666666666667,require_all_classes,0.6363941700932296,,,
d2_beef_uncontrolled|gru|classification|seed02|fold00,e1_main_d2,d2_beef_uncontrolled,gru,classification,2,0,16,1.4.0,real,True,ok,6435,2145,3,1,TS3,3,1,10.241888394579291,0.7156177156177156,0.8834003349921,True,4.0,0.6411936392914653,require_all_classes,0.6370408875214326,,,
d2_beef_uncontrolled|gru|classification|seed02|fold01,e1_main_d2,d2_beef_uncontrolled,gru,classification,2,1,16,1.4.0,real,True,ok,6435,2145,3,1,TS5,3,1,11.969944901764393,0.5524475524475524,0.9119453425669354,True,4.0,0.5,require_all_classes,0.3896963731114902,,,
d2_beef_uncontrolled|gru|classification|seed02|fold02,e1_main_d2,d2_beef_uncontrolled,gru,classification,2,2,16,1.4.0,real,True,ok,6435,2145,3,1,TS4,3,1,10.463432557880878,0.813053613053613,0.9353247069475695,True,4.0,0.7786375661375662,require_all_classes,0.7829075036678159,,,
d2_beef_uncontrolled|gru|classification|seed02|fold03,e1_main_d2,d2_beef_uncontrolled,gru,classification,2,3,16,1.4.0,real,True,ok,6435,2145,3,1,TS1,3,1,11.784451047889888,0.23822843822843823,0.5764176556089285,True,4.0,0.35833333333333334,require_all_classes,0.2013523356424227,,,
d2_beef_uncontrolled|gru|classification|seed02|fold04,e1_main_d2,d2_beef_uncontrolled,gru,classification,2,4,16,1.4.0,real,True,ok,6435,2145,3,1,TS2,3,1,11.039180982857943,0.4013986013986014,0.8246024529747126,True,4.0,0.4883796296296296,require_all_classes,0.35723735711964105,,,
d2_beef_uncontrolled|gru|classification|seed03|fold00,e1_main_d2,d2_beef_uncontrolled,gru,classification,3,0,16,1.4.0,real,True,ok,6435,2145,3,1,TS5,3,1,12.567374277394265,0.16083916083916083,0.7443564617026402,True,4.0,0.25,require_all_classes,0.0725704669751788,,,
d2_beef_uncontrolled|gru|classification|seed03|fold01,e1_main_d2,d2_beef_uncontrolled,gru,classification,3,1,16,1.4.0,real,True,ok,6435,2145,3,1,TS3,3,1,12.935182806104422,0.8158508158508159,0.9645845130728709,True,4.0,0.8511312399355878,require_all_classes,0.8210384969849055,,,
d2_beef_uncontrolled|gru|classification|seed03|fold02,e1_main_d2,d2_beef_uncontrolled,gru,classification,3,2,16,1.4.0,real,True,ok,6435,2145,3,1,TS2,3,1,11.178621647879481,0.393006993006993,0.7741750571706346,True,4.0,0.48055555555555557,require_all_classes,0.34401082908873004,,,
d2_beef_uncontrolled|gru|classification|seed03|fold03,e1_main_d2,d2_beef_uncontrolled,gru,classification,3,3,16,1.4.0,real,True,ok,6435,2145,3,1,TS4,3,1,12.8528384109959,0.8261072261072261,0.926512236143215,True,4.0,0.7819444444444444,require_all_classes,0.7663815416695772,,,
d2_beef_uncontrolled|gru|classification|seed03|fold04,e1_main_d2,d2_beef_uncontrolled,gru,classification,3,4,16,1.4.0,real,True,ok,6435,2145,3,1,TS1,3,1,12.769888892304152,0.2675990675990676,0.5448271854275271,True,4.0,0.3821969696969697,require_all_classes,0.321471343438021,,,
d2_beef_uncontrolled|gru|classification|seed04|fold00,e1_main_d2,d2_beef_uncontrolled,gru,classification,4,0,16,1.4.0,real,True,ok,6435,2145,3,1,TS3,3,1,12.814173292834312,0.5114219114219114,0.7845522452880946,True,4.0,0.5195169082125604,require_all_classes,0.5129415337763978,,,
d2_beef_uncontrolled|gru|classification|seed04|fold01,e1_main_d2,d2_beef_uncontrolled,gru,classification,4,1,16,1.4.0,real,True,ok,6435,2145,3,1,TS5,3,1,11.310105927754194,0.5324009324009324,0.975059508308942,True,4.0,0.4688405797101449,require_all_classes,0.3899260384088724,,,
d2_beef_uncontrolled|gru|classification|seed04|fold02,e1_main_d2,d2_beef_uncontrolled,gru,classification,4,2,16,1.4.0,real,True,ok,6435,2145,3,1,TS1,3,1,12.538742186967283,0.21491841491841493,0.6771887808114537,True,4.0,0.3393939393939394,require_all_classes,0.1522247845548862,,,
d2_beef_uncontrolled|gru|classification|seed04|fold03,e1_main_d2,d2_beef_uncontrolled,gru,classification,4,3,16,1.4.0,real,True,ok,6435,2145,3,1,TS2,3,1,12.670303422026336,0.3934731934731935,0.7203611576823601,True,4.0,0.4810185185185185,require_all_classes,0.3445035580211226,,,
d2_beef_uncontrolled|gru|classification|seed04|fold04,e1_main_d2,d2_beef_uncontrolled,gru,classification,4,4,16,1.4.0,real,True,ok,6435,2145,3,1,TS4,3,1,12.741408712696284,0.6559440559440559,0.8900480511858001,True,4.0,0.6027777777777777,require_all_classes,0.5643133591351928,,,
d2_beef_uncontrolled|gru|classification|seed05|fold00,e1_main_d2,d2_beef_uncontrolled,gru,classification,5,0,16,1.4.0,real,True,ok,6435,2145,3,1,TS5,3,1,12.762702384963632,0.5459207459207459,0.9369585471011218,True,4.0,0.48985507246376814,require_all_classes,0.40307418076098156,,,
d2_beef_uncontrolled|gru|classification|seed05|fold01,e1_main_d2,d2_beef_uncontrolled,gru,classification,5,1,16,1.4.0,real,True,ok,6435,2145,3,1,TS4,3,1,12.503547709900886,0.6638694638694639,0.8924557820172642,True,4.0,0.6075080515297906,require_all_classes,0.5798302394967424,,,
d2_beef_uncontrolled|gru|classification|seed05|fold02,e1_main_d2,d2_beef_uncontrolled,gru,classification,5,2,16,1.4.0,real,True,ok,6435,2145,3,1,TS2,3,1,12.797272163908929,0.406993006993007,0.8259513485064154,True,4.0,0.4933796296296296,require_all_classes,0.3699044592534227,,,
d2_beef_uncontrolled|gru|classification|seed05|fold03,e1_main_d2,d2_beef_uncontrolled,gru,classification,5,3,16,1.4.0,real,True,ok,6435,2145,3,1,TS3,3,1,12.502812269609421,0.7305361305361305,0.9251543594467401,True,4.0,0.6740257648953302,require_all_classes,0.6609749405076205,,,
d2_beef_uncontrolled|gru|classification|seed05|fold04,e1_main_d2,d2_beef_uncontrolled,gru,classification,5,4,16,1.4.0,real,True,ok,6435,2145,3,1,TS1,3,1,12.75282690115273,0.17668997668997669,0.5095116048521176,True,4.0,0.30833333333333335,require_all_classes,0.1652383808952495,,,
d2_beef_uncontrolled|gru|classification|seed06|fold00,e1_main_d2,d2_beef_uncontrolled,gru,classification,6,0,16,1.4.0,real,True,ok,6435,2145,3,1,TS3,3,1,11.87847762182355,0.6755244755244755,0.8193418521245028,True,4.0,0.6175241545893719,require_all_classes,0.6214653383966298,,,
d2_beef_uncontrolled|gru|classification|seed06|fold01,e1_main_d2,d2_beef_uncontrolled,gru,classification,6,1,16,1.4.0,real,True,ok,6435,2145,3,1,TS5,3,1,12.660307559650391,0.4578088578088578,0.8638726759537206,True,4.0,0.5645833333333333,require_all_classes,0.39197390374609875,,,
d2_beef_uncontrolled|gru|classification|seed06|fold02,e1_main_d2,d2_beef_uncontrolled,gru,classification,6,2,16,1.4.0,real,True,ok,6435,2145,3,1,TS1,3,1,12.271767297759652,0.2111888111888112,0.6028880013499734,True,4.0,0.33636363636363636,require_all_classes,0.1806236461064873,,,
d2_beef_uncontrolled|gru|classification|seed06|fold03,e1_main_d2,d2_beef_uncontrolled,gru,classification,6,3,16,1.4.0,real,True,ok,6435,2145,3,1,TS4,3,1,12.25504048075527,0.7002331002331003,0.9138794211502022,True,4.0,0.6536375661375662,require_all_classes,0.6486891071373818,,,
d2_beef_uncontrolled|gru|classification|seed06|fold04,e1_main_d2,d2_beef_uncontrolled,gru,classification,6,4,16,1.4.0,real,True,ok,6435,2145,3,1,TS2,3,1,12.182431706693023,0.3776223776223776,0.750080742702907,True,4.0,0.46439814814814817,require_all_classes,0.33650731910862236,,,
d2_beef_uncontrolled|gru|classification|seed07|fold00,e1_main_d2,d2_beef_uncontrolled,gru,classification,7,0,16,1.4.0,real,True,ok,6435,2145,3,1,TS3,3,1,12.373194656800479,0.7067599067599067,0.9276389735403476,True,4.0,0.6398268921095008,require_all_classes,0.6320159256336056,,,
d2_beef_uncontrolled|gru|classification|seed07|fold01,e1_main_d2,d2_beef_uncontrolled,gru,classification,7,1,16,1.4.0,real,True,ok,6435,2145,3,1,TS1,3,1,12.176324510015547,0.17202797202797201,0.5121881182807474,True,4.0,0.30454545454545456,require_all_classes,0.17309010913662076,,,
d2_beef_uncontrolled|gru|classification|seed07|fold02,e1_main_d2,d2_beef_uncontrolled,gru,classification,7,2,16,1.4.0,real,True,ok,6435,2145,3,1,TS5,3,1,12.605300816241652,0.5356643356643357,0.8971242880451185,True,4.0,0.4892857142857143,require_all_classes,0.34683871470504196,,,
d2_beef_uncontrolled|gru|classification|seed07|fold03,e1_main_d2,d2_beef_uncontrolled,gru,classification,7,3,16,1.4.0,real,True,ok,6435,2145,3,1,TS2,3,1,12.078329404816031,0.3934731934731935,0.8059821772236632,True,4.0,0.4810185185185185,require_all_classes,0.3445035580211226,,,
d2_beef_uncontrolled|gru|classification|seed07|fold04,e1_main_d2,d2_beef_uncontrolled,gru,classification,7,4,16,1.4.0,real,True,ok,6435,2145,3,1,TS4,3,1,12.531289034057409,0.6284382284382284,0.7924929625566983,True,4.0,0.5683977455716587,require_all_classes,0.5367429524395877,,,
d2_beef_uncontrolled|gru|classification|seed08|fold00,e1_main_d2,d2_beef_uncontrolled,gru,classification,8,0,16,1.4.0,real,True,ok,6435,2145,3,1,TS4,3,1,12.126535886898637,0.8470862470862471,0.9614565073660322,True,4.0,0.8112692661605705,require_all_classes,0.8193287595118064,,,
d2_beef_uncontrolled|gru|classification|seed08|fold01,e1_main_d2,d2_beef_uncontrolled,gru,classification,8,1,16,1.4.0,real,True,ok,6435,2145,3,1,TS1,3,1,12.537570524029434,0.22377622377622378,0.6178411605778235,True,4.0,0.34659090909090906,require_all_classes,0.19019963702359347,,,
d2_beef_uncontrolled|gru|classification|seed08|fold02,e1_main_d2,d2_beef_uncontrolled,gru,classification,8,2,16,1.4.0,real,True,ok,6435,2145,3,1,TS2,3,1,12.333698022179306,0.41351981351981354,0.7586114613646812,True,4.0,0.49912238325281805,require_all_classes,0.37512220839101373,,,
d2_beef_uncontrolled|gru|classification|seed08|fold03,e1_main_d2,d2_beef_uncontrolled,gru,classification,8,3,16,1.4.0,real,True,ok,6435,2145,3,1,TS3,3,1,12.752596541773528,0.6764568764568765,0.8105389182379987,True,4.0,0.6214794685990338,require_all_classes,0.6288462720758108,,,
d2_beef_uncontrolled|gru|classification|seed08|fold04,e1_main_d2,d2_beef_uncontrolled,gru,classification,8,4,16,1.4.0,real,True,ok,6435,2145,3,1,TS5,3,1,12.510034997947514,0.5524475524475524,0.9957424214819851,True,4.0,0.5,require_all_classes,0.37675557974959173,,,
d2_beef_uncontrolled|gru|classification|seed09|fold00,e1_main_d2,d2_beef_uncontrolled,gru,classification,9,0,16,1.4.0,real,True,ok,6435,2145,3,1,TS5,3,1,12.272299559321254,0.5524475524475524,0.9954510795521985,True,4.0,0.5,require_all_classes,0.37111775672006797,,,
d2_beef_uncontrolled|gru|classification|seed09|fold01,e1_main_d2,d2_beef_uncontrolled,gru,classification,9,1,16,1.4.0,real,True,ok,6435,2145,3,1,TS4,3,1,12.366669198032469,0.7925407925407926,0.9486893354427963,True,4.0,0.7596733379342075,require_all_classes,0.7636848091139139,,,
d2_beef_uncontrolled|gru|classification|seed09|fold02,e1_main_d2,d2_beef_uncontrolled,gru,classification,9,2,16,1.4.0,real,True,ok,6435,2145,3,1,TS1,3,1,12.555873757693917,0.25874125874125875,0.472203269158012,True,4.0,0.375,require_all_classes,0.21756410256410255,,,
d2_beef_uncontrolled|gru|classification|seed09|fold03,e1_main_d2,d2_beef_uncontrolled,gru,classification,9,3,16,1.4.0,real,True,ok,6435,2145,3,1,TS3,3,1,12.212999929208308,0.8335664335664336,0.9954677591517701,True,4.0,0.874219001610306,require_all_classes,0.8415812504223364,,,
d2_beef_uncontrolled|gru|classification|seed09|fold04,e1_main_d2,d2_beef_uncontrolled,gru,classification,9,4,16,1.4.0,real,True,ok,6435,2145,3,1,TS2,3,1,12.53860889095813,0.3776223776223776,0.7291613113048101,True,4.0,0.4652777777777778,require_all_classes,0.32813920270094793,,,
d2_beef_uncontrolled|gru|regression|seed00|fold00,e1_main_d2,d2_beef_uncontrolled,gru,regression,0,0,16,1.4.0,real,True,ok,6435,2145,3,1,TS3,3,1,10.775513442233205,,,,,,,,0.14397866722045552,0.9403539166991992,0.23176299176726087
d2_beef_uncontrolled|gru|regression|seed00|fold01,e1_main_d2,d2_beef_uncontrolled,gru,regression,0,1,16,1.4.0,real,True,ok,6435,2145,3,1,TS5,3,1,12.268918382003903,,,,,,,,2.7201919885052726,-8.411367510720824,2.8604101368661903
d2_beef_uncontrolled|gru|regression|seed00|fold02,e1_main_d2,d2_beef_uncontrolled,gru,regression,0,2,16,1.4.0,real,True,ok,6435,2145,3,1,TS4,3,1,12.27332232100889,,,,,,,,0.18034480539396605,0.9110750315051674,0.28045923955015917
d2_beef_uncontrolled|gru|regression|seed00|fold03,e1_main_d2,d2_beef_uncontrolled,gru,regression,0,3,16,1.4.0,real,True,ok,6435,2145,3,1,TS1,3,1,13.159727250691503,,,,,,,,1.78807403590481,-4.583192691103023,1.9705484146860732
d2_beef_uncontrolled|gru|regression|seed00|fold04,e1_main_d2,d2_beef_uncontrolled,gru,regression,0,4,16,1.4.0,real,True,ok,6435,2145,3,1,TS2,3,1,10.96593070216477,,,,,,,,0.3560183047414463,0.6895239472713389,0.5063063115091928
d2_beef_uncontrolled|gru|regression|seed01|fold00,e1_main_d2,d2_beef_uncontrolled,gru,regression,1,0,16,1.4.0,real,True,ok,6435,2145,3,1,TS5,3,1,12.351241854019463,,,,,,,,2.2653208867479657,-5.811632647024703,2.433478710898081
d2_beef_uncontrolled|gru|regression|seed01|fold01,e1_main_d2,d2_beef_uncontrolled,gru,regression,1,1,16,1.4.0,real,True,ok,6435,2145,3,1,TS1,3,1,11.033218493219465,,,,,,,,2.087249554225245,-7.233834530045808,2.3930229775988026
d2_beef_uncontrolled|gru|regression|seed01|fold02,e1_main_d2,d2_beef_uncontrolled,gru,regression,1,2,16,1.4.0,real,True,ok,6435,2145,3,1,TS2,3,1,12.584104641806334,,,,,,,,0.18286935370040036,0.86199280626175,0.33755935592203684
d2_beef_uncontrolled|gru|regression|seed01|fold03,e1_main_d2,d2_beef_uncontrolled,gru,regression,1,3,16,1.4.0,real,True,ok,6435,2145,3,1,TS3,3,1,9.819274448789656,,,,,,,,0.16503290405625048,0.9364115754327476,0.2392997008524853
d2_beef_uncontrolled|gru|regression|seed01|fold04,e1_main_d2,d2_beef_uncontrolled,gru,regression,1,4,16,1.4.0,real,True,ok,6435,2145,3,1,TS4,3,1,10.590202250983566,,,,,,,,0.26373751242174087,0.8040067369169884,0.4163690733095258
d2_beef_uncontrolled|gru|regression|seed02|fold00,e1_main_d2,d2_beef_uncontrolled,gru,regression,2,0,16,1.4.0,real,True,ok,6435,2145,3,1,TS3,3,1,10.176406142767519,,,,,,,,0.13293691265361504,0.9379159240954615,0.23645213169334933
d2_beef_uncontrolled|gru|regression|seed02|fold01,e1_main_d2,d2_beef_uncontrolled,gru,regression,2,1,16,1.4.0,real,True,ok,6435,2145,3,1,TS5,3,1,12.041638521011919,,,,,,,,1.3817874699865806,-1.7413942571561551,1.5437881086827443
d2_beef_uncontrolled|gru|regression|seed02|fold02,e1_main_d2,d2_beef_uncontrolled,gru,regression,2,2,16,1.4.0,real,True,ok,6435,2145,3,1,TS4,3,1,12.550069838296622,,,,,,,,0.22702607131356314,0.8585877798166046,0.35367255717580726
d2_beef_uncontrolled|gru|regression|seed02|fold03,e1_main_d2,d2_beef_uncontrolled,gru,regression,2,3,16,1.4.0,real,True,ok,6435,2145,3,1,TS1,3,1,11.693094142712653,,,,,,,,2.347402858894374,-9.893608983333836,2.752527663871935
d2_beef_uncontrolled|gru|regression|seed02|fold04,e1_main_d2,d2_beef_uncontrolled,gru,regression,2,4,16,1.4.0,real,True,ok,6435,2145,3,1,TS2,3,1,9.543250150047243,,,,,,,,0.31758200146522286,0.8432041089659068,0.3598045291117085
d2_beef_uncontrolled|gru|regression|seed03|fold00,e1_main_d2,d2_beef_uncontrolled,gru,regression,3,0,16,1.4.0,real,True,ok,6435,2145,3,1,TS5,3,1,10.310526011977345,,,,,,,,1.5042304061833414,-2.4368282966903427,1.7285456747789423
d2_beef_uncontrolled|gru|regression|seed03|fold01,e1_main_d2,d2_beef_uncontrolled,gru,regression,3,1,16,1.4.0,real,True,ok,6435,2145,3,1,TS3,3,1,9.999382903799415,,,,,,,,0.1311166362253151,0.9324120249837387,0.24671061761639096
d2_beef_uncontrolled|gru|regression|seed03|fold02,e1_main_d2,d2_beef_uncontrolled,gru,regression,3,2,16,1.4.0,real,True,ok,6435,2145,3,1,TS2,3,1,11.89252479095012,,,,,,,,0.9560243485527236,-0.5586804247866923,1.1344303259465307
d2_beef_uncontrolled|gru|regression|seed03|fold03,e1_main_d2,d2_beef_uncontrolled,gru,regression,3,3,16,1.4.0,real,True,ok,6435,2145,3,1,TS4,3,1,12.719146800227463,,,,,,,,0.12403554819431535,0.968271185471525,0.16752700144377444
d2_beef_uncontrolled|gru|regression|seed03|fold04,e1_main_d2,d2_beef_uncontrolled,gru,regression,3,4,16,1.4.0,real,True,ok,6435,2145,3,1,TS1,3,1,12.477979663293809,,,,,,,,1.5044453886502505,-2.712838638350877,1.6069369560063311
d2_beef_uncontrolled|gru|regression|seed04|fold00,e1_main_d2,d2_beef_uncontrolled,gru,regression,4,0,16,1.4.0,real,True,ok,6435,2145,3,1,TS3,3,1,12.534069540910423,,,,,,,,0.12860136617245876,0.9418911237384529,0.22875698372752026
d2_beef_uncontrolled|gru|regression|seed04|fold01,e1_main_d2,d2_beef_uncontrolled,gru,regression,4,1,16,1.4.0,real,True,ok,6435,2145,3,1,TS5,3,1,12.699675087817013,,,,,,,,3.496892024611405,-14.517790652794679,3.672965815360205
d2_beef_uncontrolled|gru|regression|seed04|fold02,e1_main_d2,d2_beef_uncontrolled,gru,regression,4,2,16,1.4.0,real,True,ok,6435,2145,3,1,TS1,3,1,12.606012182775885,,,,,,,,1.6481377121394805,-3.684241532703524,1.8049511040052049
d2_beef_uncontrolled|gru|regression|seed04|fold03,e1_main_d2,d2_beef_uncontrolled,gru,regression,4,3,16,1.4.0,real,True,ok,6435,2145,3,1,TS2,3,1,12.645271457266062,,,,,,,,0.7299358568409615,-0.002782589650601075,0.9099188869134284
d2_beef_uncontrolled|gru|regression|seed04|fold04,e1_main_d2,d2_beef_uncontrolled,gru,regression,4,4,16,1.4.0,real,True,ok,6435,2145,3,1,TS4,3,1,12.762745923362672,,,,,,,,0.34977498174332494,0.7555657840370976,0.464984944552948
d2_beef_uncontrolled|gru|regression|seed05|fold00,e1_main_d2,d2_beef_uncontrolled,gru,regression,5,0,16,1.4.0,real,True,ok,6435,2145,3,1,TS5,3,1,12.761768590658903,,,,,,,,1.6164866225529169,-3.0161138248482615,1.8685509684595654
d2_beef_uncontrolled|gru|regression|seed05|fold01,e1_main_d2,d2_beef_uncontrolled,gru,regression,5,1,16,1.4.0,real,True,ok,6435,2145,3,1,TS4,3,1,12.701055767014623,,,,,,,,0.19359776793885494,0.9157881071579833,0.27292580925997195
d2_beef_uncontrolled|gru|regression|seed05|fold02,e1_main_d2,d2_beef_uncontrolled,gru,regression,5,2,16,1.4.0,real,True,ok,6435,2145,3,1,TS2,3,1,12.655708480160683,,,,,,,,0.20574561899724828,0.875274678058736,0.3209050886928941
d2_beef_uncontrolled|gru|regression|seed05|fold03,e1_main_d2,d2_beef_uncontrolled,gru,regression,5,3,16,1.4.0,real,True,ok,6435,2145,3,1,TS3,3,1,11.637250202242285,,,,,,,,0.11350487386271688,0.9518681543841425,0.20819456149254278
d2_beef_uncontrolled|gru|regression|seed05|fold04,e1_main_d2,d2_beef_uncontrolled,gru,regression,5,4,16,1.4.0,real,True,ok,6435,2145,3,1,TS1,3,1,12.085918080061674,,,,,,,,1.8163435647194948,-4.631943548903098,1.9791328516128512
d2_beef_uncontrolled|gru|regression|seed06|fold00,e1_main_d2,d2_beef_uncontrolled,gru,regression,6,0,16,1.4.0,real,True,ok,6435,2145,3,1,TS3,3,1,12.431909466627985,,,,,,,,0.12146579003146539,0.9469220627722998,0.21863019458901392
d2_beef_uncontrolled|gru|regression|seed06|fold01,e1_main_d2,d2_beef_uncontrolled,gru,regression,6,1,16,1.4.0,real,True,ok,6435,2145,3,1,TS5,3,1,12.529673818964511,,,,,,,,4.419781347390245,-23.2569075605844,4.592187992162207
d2_beef_uncontrolled|gru|regression|seed06|fold02,e1_main_d2,d2_beef_uncontrolled,gru,regression,6,2,16,1.4.0,real,True,ok,6435,2145,3,1,TS1,3,1,12.624817567877471,,,,,,,,1.8152125805898893,-5.027892327473267,2.0475218465453566
d2_beef_uncontrolled|gru|regression|seed06|fold03,e1_main_d2,d2_beef_uncontrolled,gru,regression,6,3,16,1.4.0,real,True,ok,6435,2145,3,1,TS4,3,1,12.526159174740314,,,,,,,,0.3214153745419874,0.7426102823535105,0.47714841868531677
d2_beef_uncontrolled|gru|regression|seed06|fold04,e1_main_d2,d2_beef_uncontrolled,gru,regression,6,4,16,1.4.0,real,True,ok,6435,2145,3,1,TS2,3,1,11.314770007040352,,,,,,,,0.13631558352074757,0.9573940949583158,0.18755739175134672
d2_beef_uncontrolled|gru|regression|seed07|fold00,e1_main_d2,d2_beef_uncontrolled,gru,regression,7,0,16,1.4.0,real,True,ok,6435,2145,3,1,TS3,3,1,12.493481890764087,,,,,,,,0.10943249706353453,0.9559635979630275,0.19914024499191815
d2_beef_uncontrolled|gru|regression|seed07|fold01,e1_main_d2,d2_beef_uncontrolled,gru,regression,7,1,16,1.4.0,real,True,ok,6435,2145,3,1,TS1,3,1,11.752290663309395,,,,,,,,1.5780457083652817,-3.1223818953740814,1.693245430425099
d2_beef_uncontrolled|gru|regression|seed07|fold02,e1_main_d2,d2_beef_uncontrolled,gru,regression,7,2,16,1.4.0,real,True,ok,6435,2145,3,1,TS5,3,1,11.977438116911799,,,,,,,,0.9780546056722071,-0.5558737303137442,1.163025176316819
d2_beef_uncontrolled|gru|regression|seed07|fold03,e1_main_d2,d2_beef_uncontrolled,gru,regression,7,3,16,1.4.0,real,True,ok,6435,2145,3,1,TS2,3,1,12.499073531944305,,,,,,,,0.8176065024643854,-0.27067528011478403,1.024275011503357
d2_beef_uncontrolled|gru|regression|seed07|fold04,e1_main_d2,d2_beef_uncontrolled,gru,regression,7,4,16,1.4.0,real,True,ok,6435,2145,3,1,TS4,3,1,12.60470778401941,,,,,,,,0.5623506182104653,0.09144454844344296,0.8964655636031954
d2_beef_uncontrolled|gru|regression|seed08|fold00,e1_main_d2,d2_beef_uncontrolled,gru,regression,8,0,16,1.4.0,real,True,ok,6435,2145,3,1,TS4,3,1,11.869174711871892,,,,,,,,0.2053843987394733,0.8726487400840889,0.33562902791882165
d2_beef_uncontrolled|gru|regression|seed08|fold01,e1_main_d2,d2_beef_uncontrolled,gru,regression,8,1,16,1.4.0,real,True,ok,6435,2145,3,1,TS1,3,1,12.504139238037169,,,,,,,,1.6367825141810786,-4.089942439284256,1.8814913962687165
d2_beef_uncontrolled|gru|regression|seed08|fold02,e1_main_d2,d2_beef_uncontrolled,gru,regression,8,2,16,1.4.0,real,True,ok,6435,2145,3,1,TS2,3,1,12.597601346671581,,,,,,,,0.32973002745427904,0.7710892395618227,0.43474279296668666
d2_beef_uncontrolled|gru|regression|seed08|fold03,e1_main_d2,d2_beef_uncontrolled,gru,regression,8,3,16,1.4.0,real,True,ok,6435,2145,3,1,TS3,3,1,12.73184818867594,,,,,,,,0.1391720140564175,0.945098869884164,0.2223533951875933
d2_beef_uncontrolled|gru|regression|seed08|fold04,e1_main_d2,d2_beef_uncontrolled,gru,regression,8,4,16,1.4.0,real,True,ok,6435,2145,3,1,TS5,3,1,12.325933309271932,,,,,,,,4.124776389260538,-21.15109605125378,4.388332762038096
d2_beef_uncontrolled|gru|regression|seed09|fold00,e1_main_d2,d2_beef_uncontrolled,gru,regression,9,0,16,1.4.0,real,True,ok,6435,2145,3,1,TS5,3,1,12.739972612820566,,,,,,,,1.3841353893662174,-2.125365002789798,1.648360938403981
d2_beef_uncontrolled|gru|regression|seed09|fold01,e1_main_d2,d2_beef_uncontrolled,gru,regression,9,1,16,1.4.0,real,True,ok,6435,2145,3,1,TS4,3,1,12.207819289993495,,,,,,,,0.1800016051096549,0.9134933340872073,0.2766194281330028
d2_beef_uncontrolled|gru|regression|seed09|fold02,e1_main_d2,d2_beef_uncontrolled,gru,regression,9,2,16,1.4.0,real,True,ok,6435,2145,3,1,TS1,3,1,12.536254234146327,,,,,,,,1.8257108195891383,-4.85904739593475,2.018642008383095
d2_beef_uncontrolled|gru|regression|seed09|fold03,e1_main_d2,d2_beef_uncontrolled,gru,regression,9,3,16,1.4.0,real,True,ok,6435,2145,3,1,TS3,3,1,12.36620689323172,,,,,,,,0.1308218148961723,0.9428749848714091,0.22681213524246413
d2_beef_uncontrolled|gru|regression|seed09|fold04,e1_main_d2,d2_beef_uncontrolled,gru,regression,9,4,16,1.4.0,real,True,ok,6435,2145,3,1,TS2,3,1,12.604511847253889,,,,,,,,0.6811063445416321,0.1037224402280642,0.8602418140459706
d2_beef_uncontrolled|lstm|classification|seed00|fold00,e1_main_d2,d2_beef_uncontrolled,lstm,classification,0,0,16,1.4.0,real,True,ok,6435,2145,3,1,TS3,3,1,10.538926583714783,0.7636363636363637,0.8782892923934136,True,4.0,0.6669404186795491,require_all_classes,0.6457604742154152,,,
d2_beef_uncontrolled|lstm|classification|seed00|fold01,e1_main_d2,d2_beef_uncontrolled,lstm,classification,0,1,16,1.4.0,real,True,ok,6435,2145,3,1,TS5,3,1,14.052842437755316,0.4144522144522145,0.7750539912571035,True,4.0,0.4119047619047619,require_all_classes,0.2851751629249862,,,
d2_beef_uncontrolled|lstm|classification|seed00|fold02,e1_main_d2,d2_beef_uncontrolled,lstm,classification,0,2,16,1.4.0,real,True,ok,6435,2145,3,1,TS4,3,1,13.500539070926607,0.7762237762237763,0.9539313649960609,True,4.0,0.7400391074304118,require_all_classes,0.7343963476472753,,,
d2_beef_uncontrolled|lstm|classification|seed00|fold03,e1_main_d2,d2_beef_uncontrolled,lstm,classification,0,3,16,1.4.0,real,True,ok,6435,2145,3,1,TS1,3,1,12.673723914194852,0.3463869463869464,0.7826896645417512,True,4.0,0.44621212121212117,require_all_classes,0.2962684023235705,,,
d2_beef_uncontrolled|lstm|classification|seed00|fold04,e1_main_d2,d2_beef_uncontrolled,lstm,classification,0,4,16,1.4.0,real,True,ok,6435,2145,3,1,TS2,3,1,12.078155574388802,0.5445221445221445,0.7604351919259831,True,4.0,0.5795289855072463,require_all_classes,0.5225843627793748,,,
d2_beef_uncontrolled|lstm|classification|seed01|fold00,e1_main_d2,d2_beef_uncontrolled,lstm,classification,1,0,16,1.4.0,real,True,ok,6435,2145,3,1,TS5,3,1,12.487067395355552,0.5263403263403263,0.8648443693830778,True,4.0,0.45942028985507244,require_all_classes,0.38016707192721,,,
d2_beef_uncontrolled|lstm|classification|seed01|fold01,e1_main_d2,d2_beef_uncontrolled,lstm,classification,1,1,16,1.4.0,real,True,ok,6435,2145,3,1,TS1,3,1,10.358024672139436,0.29790209790209793,0.6538342863097987,True,4.0,0.40681818181818186,require_all_classes,0.2503268770499069,,,
d2_beef_uncontrolled|lstm|classification|seed01|fold02,e1_main_d2,d2_beef_uncontrolled,lstm,classification,1,2,16,1.4.0,real,True,ok,6435,2145,3,1,TS2,3,1,11.842769431881607,0.6536130536130537,0.8748308404320495,True,4.0,0.6943035426731079,require_all_classes,0.6044687369790716,,,
d2_beef_uncontrolled|lstm|classification|seed01|fold03,e1_main_d2,d2_beef_uncontrolled,lstm,classification,1,3,16,1.4.0,real,True,ok,6435,2145,3,1,TS3,3,1,8.936429765075445,0.7505827505827506,0.7699632586286362,True,4.0,0.6590378421900162,require_all_classes,0.6367398039126305,,,
d2_beef_uncontrolled|lstm|classification|seed01|fold04,e1_main_d2,d2_beef_uncontrolled,lstm,classification,1,4,16,1.4.0,real,True,ok,6435,2145,3,1,TS4,3,1,13.670253550633788,0.6662004662004662,0.780939615837139,True,4.0,0.6549603174603175,require_all_classes,0.5835779650147022,,,
d2_beef_uncontrolled|lstm|classification|seed02|fold00,e1_main_d2,d2_beef_uncontrolled,lstm,classification,2,0,16,1.4.0,real,True,ok,6435,2145,3,1,TS3,3,1,11.821599079761654,0.7011655011655011,0.9020090973116244,True,4.0,0.6316787439613526,require_all_classes,0.6270211612594236,,,
d2_beef_uncontrolled|lstm|classification|seed02|fold01,e1_main_d2,d2_beef_uncontrolled,lstm,classification,2,1,16,1.4.0,real,True,ok,6435,2145,3,1,TS5,3,1,13.32754088519141,0.5524475524475524,0.8580984574375772,True,4.0,0.5,require_all_classes,0.3970593102230982,,,
d2_beef_uncontrolled|lstm|classification|seed02|fold02,e1_main_d2,d2_beef_uncontrolled,lstm,classification,2,2,16,1.4.0,real,True,ok,6435,2145,3,1,TS4,3,1,13.635907855816185,0.7505827505827506,0.7945518018539808,True,4.0,0.7275477340694732,require_all_classes,0.7270635258152494,,,
d2_beef_uncontrolled|lstm|classification|seed02|fold03,e1_main_d2,d2_beef_uncontrolled,lstm,classification,2,3,16,1.4.0,real,True,ok,6435,2145,3,1,TS1,3,1,13.836697654332966,0.3459207459207459,0.7244383044295355,True,4.0,0.4458333333333333,require_all_classes,0.2957863627147801,,,
d2_beef_uncontrolled|lstm|classification|seed02|fold04,e1_main_d2,d2_beef_uncontrolled,lstm,classification,2,4,16,1.4.0,real,True,ok,6435,2145,3,1,TS2,3,1,13.052190579939634,0.5118881118881119,0.7935053485992222,True,4.0,0.5865740740740741,require_all_classes,0.49460172052751655,,,
d2_beef_uncontrolled|lstm|classification|seed03|fold00,e1_main_d2,d2_beef_uncontrolled,lstm,classification,3,0,16,1.4.0,real,True,ok,6435,2145,3,1,TS5,3,1,10.776310412213206,0.16083916083916083,0.6772881129775813,True,4.0,0.25,require_all_classes,0.06927710843373494,,,
d2_beef_uncontrolled|lstm|classification|seed03|fold01,e1_main_d2,d2_beef_uncontrolled,lstm,classification,3,1,16,1.4.0,real,True,ok,6435,2145,3,1,TS3,3,1,11.974245303776115,0.8186480186480186,0.994282193832297,True,4.0,0.8567431561996779,require_all_classes,0.8256314093214836,,,
d2_beef_uncontrolled|lstm|classification|seed03|fold02,e1_main_d2,d2_beef_uncontrolled,lstm,classification,3,2,16,1.4.0,real,True,ok,6435,2145,3,1,TS2,3,1,12.648378073237836,0.3972027972027972,0.8134282834686622,True,4.0,0.4847222222222222,require_all_classes,0.3484721765077241,,,
d2_beef_uncontrolled|lstm|classification|seed03|fold03,e1_main_d2,d2_beef_uncontrolled,lstm,classification,3,3,16,1.4.0,real,True,ok,6435,2145,3,1,TS4,3,1,13.2343141422607,0.772960372960373,0.794804383778911,True,4.0,0.7385251322751323,require_all_classes,0.7273157848697095,,,
d2_beef_uncontrolled|lstm|classification|seed03|fold04,e1_main_d2,d2_beef_uncontrolled,lstm,classification,3,4,16,1.4.0,real,True,ok,6435,2145,3,1,TS1,3,1,12.591925216373056,0.4,0.431815520446201,True,4.0,0.48977272727272725,require_all_classes,0.35982085448861495,,,
d2_beef_uncontrolled|lstm|classification|seed04|fold00,e1_main_d2,d2_beef_uncontrolled,lstm,classification,4,0,16,1.4.0,real,True,ok,6435,2145,3,1,TS3,3,1,13.238530534785241,0.7151515151515152,0.8455458080246133,True,4.0,0.642030998389694,require_all_classes,0.6347118602491673,,,
d2_beef_uncontrolled|lstm|classification|seed04|fold01,e1_main_d2,d2_beef_uncontrolled,lstm,classification,4,1,16,1.4.0,real,True,ok,6435,2145,3,1,TS5,3,1,13.176319585181773,0.5198135198135199,0.7046335326934268,True,4.0,0.47916666666666663,require_all_classes,0.3394211324570273,,,
d2_beef_uncontrolled|lstm|classification|seed04|fold02,e1_main_d2,d2_beef_uncontrolled,lstm,classification,4,2,16,1.4.0,real,True,ok,6435,2145,3,1,TS1,3,1,13.459493552800268,0.2517482517482518,0.7716493761099823,True,4.0,0.3693181818181818,require_all_classes,0.20940392292532373,,,
d2_beef_uncontrolled|lstm|classification|seed04|fold03,e1_main_d2,d2_beef_uncontrolled,lstm,classification,4,3,16,1.4.0,real,True,ok,6435,2145,3,1,TS2,3,1,12.928703086916357,0.3986013986013986,0.7397157780592339,True,4.0,0.4861111111111111,require_all_classes,0.34997294372294374,,,
d2_beef_uncontrolled|lstm|classification|seed04|fold04,e1_main_d2,d2_beef_uncontrolled,lstm,classification,4,4,16,1.4.0,real,True,ok,6435,2145,3,1,TS4,3,1,13.738967892248183,0.627972027972028,0.8351003235710929,True,4.0,0.5689814814814815,require_all_classes,0.5346750063661829,,,
d2_beef_uncontrolled|lstm|classification|seed05|fold00,e1_main_d2,d2_beef_uncontrolled,lstm,classification,5,0,16,1.4.0,real,True,ok,6435,2145,3,1,TS5,3,1,12.696555678267032,0.5174825174825175,0.8990859443689618,True,4.0,0.4776785714285714,require_all_classes,0.3383177570093458,,,
d2_beef_uncontrolled|lstm|classification|seed05|fold01,e1_main_d2,d2_beef_uncontrolled,lstm,classification,5,1,16,1.4.0,real,True,ok,6435,2145,3,1,TS4,3,1,13.393203030806035,0.6289044289044289,0.8548780851192858,True,4.0,0.5440073613986658,require_all_classes,0.5416166391948697,,,
d2_beef_uncontrolled|lstm|classification|seed05|fold02,e1_main_d2,d2_beef_uncontrolled,lstm,classification,5,2,16,1.4.0,real,True,ok,6435,2145,3,1,TS2,3,1,13.149476065766066,0.4289044289044289,0.8905200044722664,True,4.0,0.509963768115942,require_all_classes,0.4083932117541906,,,
d2_beef_uncontrolled|lstm|classification|seed05|fold03,e1_main_d2,d2_beef_uncontrolled,lstm,classification,5,3,16,1.4.0,real,True,ok,6435,2145,3,1,TS3,3,1,13.5155393849127,0.737062937062937,0.9233583465018248,True,4.0,0.6974677938808374,require_all_classes,0.7039940450500638,,,
d2_beef_uncontrolled|lstm|classification|seed05|fold04,e1_main_d2,d2_beef_uncontrolled,lstm,classification,5,4,16,1.4.0,real,True,ok,6435,2145,3,1,TS1,3,1,12.930906565859914,0.17249417249417248,0.6494911947311549,True,4.0,0.30492424242424243,require_all_classes,0.12993462999503347,,,
d2_beef_uncontrolled|lstm|classification|seed06|fold00,e1_main_d2,d2_beef_uncontrolled,lstm,classification,6,0,16,1.4.0,real,True,ok,6435,2145,3,1,TS3,3,1,13.45632715895772,0.8018648018648019,0.9233504939910446,True,4.0,0.7408896940418679,require_all_classes,0.7598290512382803,,,
d2_beef_uncontrolled|lstm|classification|seed06|fold01,e1_main_d2,d2_beef_uncontrolled,lstm,classification,6,1,16,1.4.0,real,True,ok,6435,2145,3,1,TS5,3,1,13.334255232010037,0.5776223776223777,0.8774620869731281,True,4.0,0.5270574534161491,require_all_classes,0.4553921592320137,,,
d2_beef_uncontrolled|lstm|classification|seed06|fold02,e1_main_d2,d2_beef_uncontrolled,lstm,classification,6,2,16,1.4.0,real,True,ok,6435,2145,3,1,TS1,3,1,9.838432000949979,0.18694638694638693,0.6620324135884134,True,4.0,0.31666666666666665,require_all_classes,0.162434411625284,,,
d2_beef_uncontrolled|lstm|classification|seed06|fold03,e1_main_d2,d2_beef_uncontrolled,lstm,classification,6,3,16,1.4.0,real,True,ok,6435,2145,3,1,TS4,3,1,13.00807428592816,0.6731934731934732,0.8682970351408877,True,4.0,0.6167673107890499,require_all_classes,0.5880477223572096,,,
d2_beef_uncontrolled|lstm|classification|seed06|fold04,e1_main_d2,d2_beef_uncontrolled,lstm,classification,6,4,16,1.4.0,real,True,ok,6435,2145,3,1,TS2,3,1,13.112266536802053,0.5454545454545454,0.8246369298706364,True,4.0,0.6165942028985507,require_all_classes,0.5243204692713905,,,
d2_beef_uncontrolled|lstm|classification|seed07|fold00,e1_main_d2,d2_beef_uncontrolled,lstm,classification,7,0,16,1.4.0,real,True,ok,6435,2145,3,1,TS3,3,1,13.233708776067942,0.7156177156177156,0.9337600089675759,True,4.0,0.6646235909822866,require_all_classes,0.6601369472647153,,,
d2_beef_uncontrolled|lstm|classification|seed07|fold01,e1_main_d2,d2_beef_uncontrolled,lstm,classification,7,1,16,1.4.0,real,True,ok,6435,2145,3,1,TS1,3,1,13.376657966990024,0.16456876456876457,0.5608263713095919,True,4.0,0.29848484848484846,require_all_classes,0.17754388816644995,,,
d2_beef_uncontrolled|lstm|classification|seed07|fold02,e1_main_d2,d2_beef_uncontrolled,lstm,classification,7,2,16,1.4.0,real,True,ok,6435,2145,3,1,TS5,3,1,13.256552413105965,0.3710955710955711,0.8469941512023497,True,4.0,0.4877976190476191,require_all_classes,0.33905931810787177,,,
d2_beef_uncontrolled|lstm|classification|seed07|fold03,e1_main_d2,d2_beef_uncontrolled,lstm,classification,7,3,16,1.4.0,real,True,ok,6435,2145,3,1,TS2,3,1,13.352414859924465,0.40326340326340326,0.8066919430794024,True,4.0,0.48986111111111114,require_all_classes,0.3628846177559139,,,
d2_beef_uncontrolled|lstm|classification|seed07|fold04,e1_main_d2,d2_beef_uncontrolled,lstm,classification,7,4,16,1.4.0,real,True,ok,6435,2145,3,1,TS4,3,1,13.420534792821854,0.6289044289044289,0.8469111786359453,True,4.0,0.5712157809983897,require_all_classes,0.5354121593333939,,,
d2_beef_uncontrolled|lstm|classification|seed08|fold00,e1_main_d2,d2_beef_uncontrolled,lstm,classification,8,0,16,1.4.0,real,True,ok,6435,2145,3,1,TS4,3,1,13.396438548341393,0.7818181818181819,0.9220593451821536,True,4.0,0.756041522889349,require_all_classes,0.740261859379594,,,
d2_beef_uncontrolled|lstm|classification|seed08|fold01,e1_main_d2,d2_beef_uncontrolled,lstm,classification,8,1,16,1.4.0,real,True,ok,6435,2145,3,1,TS1,3,1,13.220088997855783,0.24615384615384617,0.7357119437378075,True,4.0,0.36477272727272725,require_all_classes,0.20755635155948207,,,
d2_beef_uncontrolled|lstm|classification|seed08|fold02,e1_main_d2,d2_beef_uncontrolled,lstm,classification,8,2,16,1.4.0,real,True,ok,6435,2145,3,1,TS2,3,1,13.386465415358543,0.413986013986014,0.8152546272429744,True,4.0,0.49601449275362325,require_all_classes,0.3818309194405167,,,
d2_beef_uncontrolled|lstm|classification|seed08|fold03,e1_main_d2,d2_beef_uncontrolled,lstm,classification,8,3,16,1.4.0,real,True,ok,6435,2145,3,1,TS3,3,1,13.312867793720216,0.7090909090909091,0.7924348029993618,True,4.0,0.6381763285024155,require_all_classes,0.6298390090024594,,,
d2_beef_uncontrolled|lstm|classification|seed08|fold04,e1_main_d2,d2_beef_uncontrolled,lstm,classification,8,4,16,1.4.0,real,True,ok,6435,2145,3,1,TS5,3,1,13.395203108899295,0.5524475524475524,0.9737810822991808,True,4.0,0.5,require_all_classes,0.34125777057542106,,,
d2_beef_uncontrolled|lstm|classification|seed09|fold00,e1_main_d2,d2_beef_uncontrolled,lstm,classification,9,0,16,1.4.0,real,True,ok,6435,2145,3,1,TS5,3,1,13.048721491824836,0.5524475524475524,0.877318558202232,True,4.0,0.5,require_all_classes,0.34761428285749896,,,
d2_beef_uncontrolled|lstm|classification|seed09|fold01,e1_main_d2,d2_beef_uncontrolled,lstm,classification,9,1,16,1.4.0,real,True,ok,6435,2145,3,1,TS4,3,1,13.301920712925494,0.786946386946387,0.8877022472081223,True,4.0,0.74466011042098,require_all_classes,0.7467159443967345,,,
d2_beef_uncontrolled|lstm|classification|seed09|fold02,e1_main_d2,d2_beef_uncontrolled,lstm,classification,9,2,16,1.4.0,real,True,ok,6435,2145,3,1,TS1,3,1,13.42840826511383,0.32167832167832167,0.4420282662544452,True,4.0,0.42613636363636365,require_all_classes,0.27190288138072255,,,
d2_beef_uncontrolled|lstm|classification|seed09|fold03,e1_main_d2,d2_beef_uncontrolled,lstm,classification,9,3,16,1.4.0,real,True,ok,6435,2145,3,1,TS3,3,1,13.445609854068607,0.8270396270396271,0.9663519064959367,True,4.0,0.856400966183575,require_all_classes,0.8274058609704519,,,
d2_beef_uncontrolled|lstm|classification|seed09|fold04,e1_main_d2,d2_beef_uncontrolled,lstm,classification,9,4,16,1.4.0,real,True,ok,6435,2145,3,1,TS2,3,1,13.477228009141982,0.393006993006993,0.78192549648637,True,4.0,0.48055555555555557,require_all_classes,0.34401082908873004,,,
d2_beef_uncontrolled|lstm|regression|seed00|fold00,e1_main_d2,d2_beef_uncontrolled,lstm,regression,0,0,16,1.4.0,real,True,ok,6435,2145,3,1,TS3,3,1,14.444867187645286,,,,,,,,0.11513840047638949,0.9460426529599483,0.22043391663556483
d2_beef_uncontrolled|lstm|regression|seed00|fold01,e1_main_d2,d2_beef_uncontrolled,lstm,regression,0,1,16,1.4.0,real,True,ok,6435,2145,3,1,TS5,3,1,11.148439681623131,,,,,,,,2.079355693068405,-4.937218028506125,2.271922124418103
d2_beef_uncontrolled|lstm|regression|seed00|fold02,e1_main_d2,d2_beef_uncontrolled,lstm,regression,0,2,16,1.4.0,real,True,ok,6435,2145,3,1,TS4,3,1,13.883108493871987,,,,,,,,0.23508442692877796,0.8475936279167464,0.36716346075915457
d2_beef_uncontrolled|lstm|regression|seed00|fold03,e1_main_d2,d2_beef_uncontrolled,lstm,regression,0,3,16,1.4.0,real,True,ok,6435,2145,3,1,TS1,3,1,11.536680438090116,,,,,,,,2.136353127321905,-6.9704057652453155,2.3544312687224123
d2_beef_uncontrolled|lstm|regression|seed00|fold04,e1_main_d2,d2_beef_uncontrolled,lstm,regression,0,4,16,1.4.0,real,True,ok,6435,2145,3,1,TS2,3,1,12.542313552927226,,,,,,,,0.22009983167890793,0.8780089385578158,0.3173681148290021
d2_beef_uncontrolled|lstm|regression|seed01|fold00,e1_main_d2,d2_beef_uncontrolled,lstm,regression,1,0,16,1.4.0,real,True,ok,6435,2145,3,1,TS5,3,1,9.669606110081077,,,,,,,,3.765199254015532,-16.69082954864885,3.921715106403215
d2_beef_uncontrolled|lstm|regression|seed01|fold01,e1_main_d2,d2_beef_uncontrolled,lstm,regression,1,1,16,1.4.0,real,True,ok,6435,2145,3,1,TS1,3,1,11.210058028809726,,,,,,,,2.140636815440313,-7.672088985872925,2.455882949736261
d2_beef_uncontrolled|lstm|regression|seed01|fold02,e1_main_d2,d2_beef_uncontrolled,lstm,regression,1,2,16,1.4.0,real,True,ok,6435,2145,3,1,TS2,3,1,11.567406455986202,,,,,,,,0.26864772719402685,0.8392608658757585,0.36430077852649523
d2_beef_uncontrolled|lstm|regression|seed01|fold03,e1_main_d2,d2_beef_uncontrolled,lstm,regression,1,3,16,1.4.0,real,True,ok,6435,2145,3,1,TS3,3,1,11.911677434109151,,,,,,,,0.18636411364166613,0.9059233389937821,0.2910677377964267
d2_beef_uncontrolled|lstm|regression|seed01|fold04,e1_main_d2,d2_beef_uncontrolled,lstm,regression,1,4,16,1.4.0,real,True,ok,6435,2145,3,1,TS4,3,1,14.497845056001097,,,,,,,,0.2684088755674187,0.7708693010447542,0.45019382324542406
d2_beef_uncontrolled|lstm|regression|seed02|fold00,e1_main_d2,d2_beef_uncontrolled,lstm,regression,2,0,16,1.4.0,real,True,ok,6435,2145,3,1,TS3,3,1,10.044779866933823,,,,,,,,0.1262952920201367,0.929059172837335,0.25275586804169453
d2_beef_uncontrolled|lstm|regression|seed02|fold01,e1_main_d2,d2_beef_uncontrolled,lstm,regression,2,1,16,1.4.0,real,True,ok,6435,2145,3,1,TS5,3,1,11.942301310133189,,,,,,,,2.1709604418743247,-5.850105630082117,2.440341335698742
d2_beef_uncontrolled|lstm|regression|seed02|fold02,e1_main_d2,d2_beef_uncontrolled,lstm,regression,2,2,16,1.4.0,real,True,ok,6435,2145,3,1,TS4,3,1,13.221193602308631,,,,,,,,0.17206273738628158,0.9137391050584642,0.27622620189447905
d2_beef_uncontrolled|lstm|regression|seed02|fold03,e1_main_d2,d2_beef_uncontrolled,lstm,regression,2,3,16,1.4.0,real,True,ok,6435,2145,3,1,TS1,3,1,13.443043244071305,,,,,,,,1.801302997931642,-4.954232891986769,2.0349732743344964
d2_beef_uncontrolled|lstm|regression|seed02|fold04,e1_main_d2,d2_beef_uncontrolled,lstm,regression,2,4,16,1.4.0,real,True,ok,6435,2145,3,1,TS2,3,1,11.406315366737545,,,,,,,,0.24094884351786017,0.8307773870581189,0.37379069447460544
d2_beef_uncontrolled|lstm|regression|seed03|fold00,e1_main_d2,d2_beef_uncontrolled,lstm,regression,3,0,16,1.4.0,real,True,ok,6435,2145,3,1,TS5,3,1,11.07397532928735,,,,,,,,2.2694876439999985,-6.500824783146322,2.5536210657957965
d2_beef_uncontrolled|lstm|regression|seed03|fold01,e1_main_d2,d2_beef_uncontrolled,lstm,regression,3,1,16,1.4.0,real,True,ok,6435,2145,3,1,TS3,3,1,11.07382908416912,,,,,,,,0.14182979017923297,0.9481646500754288,0.21605590497054974
d2_beef_uncontrolled|lstm|regression|seed03|fold02,e1_main_d2,d2_beef_uncontrolled,lstm,regression,3,2,16,1.4.0,real,True,ok,6435,2145,3,1,TS2,3,1,12.625693884678185,,,,,,,,0.7816662881827248,-0.14067472488238808,0.9704657134129483
d2_beef_uncontrolled|lstm|regression|seed03|fold03,e1_main_d2,d2_beef_uncontrolled,lstm,regression,3,3,16,1.4.0,real,True,ok,6435,2145,3,1,TS4,3,1,13.315459812991321,,,,,,,,0.20878603914067487,0.8462641259941324,0.36876144045113096
d2_beef_uncontrolled|lstm|regression|seed03|fold04,e1_main_d2,d2_beef_uncontrolled,lstm,regression,3,4,16,1.4.0,real,True,ok,6435,2145,3,1,TS1,3,1,13.00145437894389,,,,,,,,1.9583742065451,-5.25091384797627,2.085055204022491
d2_beef_uncontrolled|lstm|regression|seed04|fold00,e1_main_d2,d2_beef_uncontrolled,lstm,regression,4,0,16,1.4.0,real,True,ok,6435,2145,3,1,TS3,3,1,13.440380461048335,,,,,,,,0.12169515928187848,0.9420471261339357,0.228449710350872
d2_beef_uncontrolled|lstm|regression|seed04|fold01,e1_main_d2,d2_beef_uncontrolled,lstm,regression,4,1,16,1.4.0,real,True,ok,6435,2145,3,1,TS5,3,1,13.14398384699598,,,,,,,,4.579936538143459,-25.17095603177271,4.769927037358433
d2_beef_uncontrolled|lstm|regression|seed04|fold02,e1_main_d2,d2_beef_uncontrolled,lstm,regression,4,2,16,1.4.0,real,True,ok,6435,2145,3,1,TS1,3,1,13.42593318130821,,,,,,,,2.398095344267989,-9.714114267946874,2.7297566843932417
d2_beef_uncontrolled|lstm|regression|seed04|fold03,e1_main_d2,d2_beef_uncontrolled,lstm,regression,4,3,16,1.4.0,real,True,ok,6435,2145,3,1,TS2,3,1,13.126520929858088,,,,,,,,0.7867369346415742,-0.1429728226001692,0.9714428118020352
d2_beef_uncontrolled|lstm|regression|seed04|fold04,e1_main_d2,d2_beef_uncontrolled,lstm,regression,4,4,16,1.4.0,real,True,ok,6435,2145,3,1,TS4,3,1,13.495808240957558,,,,,,,,0.31013373063800753,0.7042474410442547,0.5114723343871306
d2_beef_uncontrolled|lstm|regression|seed05|fold00,e1_main_d2,d2_beef_uncontrolled,lstm,regression,5,0,16,1.4.0,real,True,ok,6435,2145,3,1,TS5,3,1,12.918015372939408,,,,,,,,1.259731334758347,-1.493570670374765,1.4723558376383863
d2_beef_uncontrolled|lstm|regression|seed05|fold01,e1_main_d2,d2_beef_uncontrolled,lstm,regression,5,1,16,1.4.0,real,True,ok,6435,2145,3,1,TS4,3,1,13.370693188160658,,,,,,,,0.21521291752473273,0.9075055266594394,0.28603276483445456
d2_beef_uncontrolled|lstm|regression|seed05|fold02,e1_main_d2,d2_beef_uncontrolled,lstm,regression,5,2,16,1.4.0,real,True,ok,6435,2145,3,1,TS2,3,1,12.976634124293923,,,,,,,,0.2788737566862844,0.8615308892534961,0.3381237980708905
d2_beef_uncontrolled|lstm|regression|seed05|fold03,e1_main_d2,d2_beef_uncontrolled,lstm,regression,5,3,16,1.4.0,real,True,ok,6435,2145,3,1,TS3,3,1,12.73215024266392,,,,,,,,0.09645481824899173,0.9698451249915805,0.16479039297483697
d2_beef_uncontrolled|lstm|regression|seed05|fold04,e1_main_d2,d2_beef_uncontrolled,lstm,regression,5,4,16,1.4.0,real,True,ok,6435,2145,3,1,TS1,3,1,12.996098360046744,,,,,,,,1.643510237489455,-3.8159907589082147,1.830158164611988
d2_beef_uncontrolled|lstm|regression|seed06|fold00,e1_main_d2,d2_beef_uncontrolled,lstm,regression,6,0,16,1.4.0,real,True,ok,6435,2145,3,1,TS3,3,1,13.36509827291593,,,,,,,,0.12076337192843566,0.9462449074035707,0.2200203900291649
d2_beef_uncontrolled|lstm|regression|seed06|fold01,e1_main_d2,d2_beef_uncontrolled,lstm,regression,6,1,16,1.4.0,real,True,ok,6435,2145,3,1,TS5,3,1,12.643598212860525,,,,,,,,4.1505948423019445,-20.157238872628916,4.288756968861015
d2_beef_uncontrolled|lstm|regression|seed06|fold02,e1_main_d2,d2_beef_uncontrolled,lstm,regression,6,2,16,1.4.0,real,True,ok,6435,2145,3,1,TS1,3,1,11.908571649342775,,,,,,,,1.9208237688515484,-5.495400937004788,2.1254396741159227
d2_beef_uncontrolled|lstm|regression|seed06|fold03,e1_main_d2,d2_beef_uncontrolled,lstm,regression,6,3,16,1.4.0,real,True,ok,6435,2145,3,1,TS4,3,1,12.579599421937019,,,,,,,,0.33563723464872747,0.694209059833651,0.5200800553284927
d2_beef_uncontrolled|lstm|regression|seed06|fold04,e1_main_d2,d2_beef_uncontrolled,lstm,regression,6,4,16,1.4.0,real,True,ok,6435,2145,3,1,TS2,3,1,13.134820854756981,,,,,,,,0.37574983561539166,0.7072506022035352,0.49164009313732704
d2_beef_uncontrolled|lstm|regression|seed07|fold00,e1_main_d2,d2_beef_uncontrolled,lstm,regression,7,0,16,1.4.0,real,True,ok,6435,2145,3,1,TS3,3,1,13.220461577177048,,,,,,,,0.1260352796793179,0.9476915633414835,0.21703960646987838
d2_beef_uncontrolled|lstm|regression|seed07|fold01,e1_main_d2,d2_beef_uncontrolled,lstm,regression,7,1,16,1.4.0,real,True,ok,6435,2145,3,1,TS1,3,1,12.847794783301651,,,,,,,,1.552678382723664,-3.718798352272877,1.811596657569755
d2_beef_uncontrolled|lstm|regression|seed07|fold02,e1_main_d2,d2_beef_uncontrolled,lstm,regression,7,2,16,1.4.0,real,True,ok,6435,2145,3,1,TS5,3,1,12.666854666080326,,,,,,,,2.1367210382508457,-6.302065562251152,2.5195605863680535
d2_beef_uncontrolled|lstm|regression|seed07|fold03,e1_main_d2,d2_beef_uncontrolled,lstm,regression,7,3,16,1.4.0,real,True,ok,6435,2145,3,1,TS2,3,1,13.27531250892207,,,,,,,,0.7887403887074074,-0.15092836256882114,0.9748177610884516
d2_beef_uncontrolled|lstm|regression|seed07|fold04,e1_main_d2,d2_beef_uncontrolled,lstm,regression,7,4,16,1.4.0,real,True,ok,6435,2145,3,1,TS4,3,1,13.095552565064281,,,,,,,,0.29204449844231356,0.7963332586431088,0.4244416063788281
d2_beef_uncontrolled|lstm|regression|seed08|fold00,e1_main_d2,d2_beef_uncontrolled,lstm,regression,8,0,16,1.4.0,real,True,ok,6435,2145,3,1,TS4,3,1,13.312771148979664,,,,,,,,0.19265348541931498,0.8609275722691049,0.3507344376450036
d2_beef_uncontrolled|lstm|regression|seed08|fold01,e1_main_d2,d2_beef_uncontrolled,lstm,regression,8,1,16,1.4.0,real,True,ok,6435,2145,3,1,TS1,3,1,13.070524837821722,,,,,,,,2.1161023733319193,-7.848002842849413,2.4806667635727835
d2_beef_uncontrolled|lstm|regression|seed08|fold02,e1_main_d2,d2_beef_uncontrolled,lstm,regression,8,2,16,1.4.0,real,True,ok,6435,2145,3,1,TS2,3,1,13.335688338149339,,,,,,,,0.29995465148489664,0.800665888832849,0.4056860732042935
d2_beef_uncontrolled|lstm|regression|seed08|fold03,e1_main_d2,d2_beef_uncontrolled,lstm,regression,8,3,16,1.4.0,real,True,ok,6435,2145,3,1,TS3,3,1,13.078796454239637,,,,,,,,0.13976779149232504,0.9287890228642623,0.2532366709230707
d2_beef_uncontrolled|lstm|regression|seed08|fold04,e1_main_d2,d2_beef_uncontrolled,lstm,regression,8,4,16,1.4.0,real,True,ok,6435,2145,3,1,TS5,3,1,13.068346344865859,,,,,,,,2.176126571840207,-5.92055224579117,2.4528574970977286
d2_beef_uncontrolled|lstm|regression|seed09|fold00,e1_main_d2,d2_beef_uncontrolled,lstm,regression,9,0,16,1.4.0,real,True,ok,6435,2145,3,1,TS5,3,1,13.037454032339156,,,,,,,,3.194871676930326,-12.003758970479073,3.362299512176106
d2_beef_uncontrolled|lstm|regression|seed09|fold01,e1_main_d2,d2_beef_uncontrolled,lstm,regression,9,1,16,1.4.0,real,True,ok,6435,2145,3,1,TS4,3,1,12.902498946059495,,,,,,,,0.1252405633265221,0.9636218423500765,0.17938174418824784
d2_beef_uncontrolled|lstm|regression|seed09|fold02,e1_main_d2,d2_beef_uncontrolled,lstm,regression,9,2,16,1.4.0,real,True,ok,6435,2145,3,1,TS1,3,1,13.143696723971516,,,,,,,,2.708657860193683,-11.129764265258652,2.9045040175115298
d2_beef_uncontrolled|lstm|regression|seed09|fold03,e1_main_d2,d2_beef_uncontrolled,lstm,regression,9,3,16,1.4.0,real,True,ok,6435,2145,3,1,TS3,3,1,13.323946222662926,,,,,,,,0.13974803939468017,0.9236187789674017,0.2622686745591085
d2_beef_uncontrolled|lstm|regression|seed09|fold04,e1_main_d2,d2_beef_uncontrolled,lstm,regression,9,4,16,1.4.0,real,True,ok,6435,2145,3,1,TS2,3,1,13.061102860141546,,,,,,,,0.8244178677859826,-0.1644777100960857,0.9805390113647731
d2_beef_uncontrolled|pca_svm|classification|seed00|fold00,e1_main_d2,d2_beef_uncontrolled,pca_svm,classification,0,0,16,1.4.0,real,True,ok,6435,2145,3,1,TS3,3,1,0.7646018182858825,0.7645687645687645,0.94382289106512,True,4.0,0.7560567632850241,require_all_classes,0.760947953909236,,,
d2_beef_uncontrolled|pca_svm|classification|seed00|fold01,e1_main_d2,d2_beef_uncontrolled,pca_svm,classification,0,1,16,1.4.0,real,True,ok,6435,2145,3,1,TS5,3,1,0.7224401887506247,0.16083916083916083,0.7877799964553154,True,4.0,0.25,require_all_classes,0.06927710843373494,,,
d2_beef_uncontrolled|pca_svm|classification|seed00|fold02,e1_main_d2,d2_beef_uncontrolled,pca_svm,classification,0,2,16,1.4.0,real,True,ok,6435,2145,3,1,TS4,3,1,0.6044801310636103,0.7403263403263404,0.9294203797201435,True,4.0,0.6838940648723257,require_all_classes,0.6819910262302515,,,
d2_beef_uncontrolled|pca_svm|classification|seed00|fold03,e1_main_d2,d2_beef_uncontrolled,pca_svm,classification,0,3,16,1.4.0,real,True,ok,6435,2145,3,1,TS1,3,1,0.5379541600123048,0.3132867132867133,0.8591399222356596,True,4.0,0.4193181818181818,require_all_classes,0.2603993590637934,,,
d2_beef_uncontrolled|pca_svm|classification|seed00|fold04,e1_main_d2,d2_beef_uncontrolled,pca_svm,classification,0,4,16,1.4.0,real,True,ok,6435,2145,3,1,TS2,3,1,0.6953242640011013,0.600932400932401,0.8011926007408605,True,4.0,0.5994235836627141,require_all_classes,0.5265455941228108,,,
d2_beef_uncontrolled|pca_svm|classification|seed01|fold00,e1_main_d2,d2_beef_uncontrolled,pca_svm,classification,1,0,16,1.4.0,real,True,ok,6435,2145,3,1,TS5,3,1,0.5792031409218907,0.16083916083916083,0.5960777061896783,True,4.0,0.25,require_all_classes,0.06927710843373494,,,
d2_beef_uncontrolled|pca_svm|classification|seed01|fold01,e1_main_d2,d2_beef_uncontrolled,pca_svm,classification,1,1,16,1.4.0,real,True,ok,6435,2145,3,1,TS1,3,1,0.6007990720681846,0.3132867132867133,0.8591399222356596,True,4.0,0.4193181818181818,require_all_classes,0.2603993590637934,,,
d2_beef_uncontrolled|pca_svm|classification|seed01|fold02,e1_main_d2,d2_beef_uncontrolled,pca_svm,classification,1,2,16,1.4.0,real,True,ok,6435,2145,3,1,TS2,3,1,0.6328732101246715,0.600932400932401,0.8011926007408605,True,4.0,0.5994235836627141,require_all_classes,0.5265455941228108,,,
d2_beef_uncontrolled|pca_svm|classification|seed01|fold03,e1_main_d2,d2_beef_uncontrolled,pca_svm,classification,1,3,16,1.4.0,real,True,ok,6435,2145,3,1,TS3,3,1,0.5007387981750071,0.7752913752913753,0.919217009680008,True,4.0,0.6927334943639292,require_all_classes,0.6660325436772461,,,
d2_beef_uncontrolled|pca_svm|classification|seed01|fold04,e1_main_d2,d2_beef_uncontrolled,pca_svm,classification,1,4,16,1.4.0,real,True,ok,6435,2145,3,1,TS4,3,1,0.6948647904209793,0.703030303030303,0.9173054025390509,True,4.0,0.6484385783298827,require_all_classes,0.6349741928485256,,,
d2_beef_uncontrolled|pca_svm|classification|seed02|fold00,e1_main_d2,d2_beef_uncontrolled,pca_svm,classification,2,0,16,1.4.0,real,True,ok,6435,2145,3,1,TS3,3,1,0.7286066999658942,0.7645687645687645,0.94382289106512,True,4.0,0.7560567632850241,require_all_classes,0.760947953909236,,,
d2_beef_uncontrolled|pca_svm|classification|seed02|fold01,e1_main_d2,d2_beef_uncontrolled,pca_svm,classification,2,1,16,1.4.0,real,True,ok,6435,2145,3,1,TS5,3,1,0.8378535499796271,0.16083916083916083,0.7877799964553154,True,4.0,0.25,require_all_classes,0.06927710843373494,,,
d2_beef_uncontrolled|pca_svm|classification|seed02|fold02,e1_main_d2,d2_beef_uncontrolled,pca_svm,classification,2,2,16,1.4.0,real,True,ok,6435,2145,3,1,TS4,3,1,0.5546347759664059,0.7403263403263404,0.9294203797201435,True,4.0,0.6838940648723257,require_all_classes,0.6819910262302515,,,
d2_beef_uncontrolled|pca_svm|classification|seed02|fold03,e1_main_d2,d2_beef_uncontrolled,pca_svm,classification,2,3,16,1.4.0,real,True,ok,6435,2145,3,1,TS1,3,1,0.7058936827816069,0.3132867132867133,0.8591399222356596,True,4.0,0.4193181818181818,require_all_classes,0.2603993590637934,,,
d2_beef_uncontrolled|pca_svm|classification|seed02|fold04,e1_main_d2,d2_beef_uncontrolled,pca_svm,classification,2,4,16,1.4.0,real,True,ok,6435,2145,3,1,TS2,3,1,0.7590728970244527,0.600932400932401,0.8011926007408605,True,4.0,0.5994235836627141,require_all_classes,0.5265455941228108,,,
d2_beef_uncontrolled|pca_svm|classification|seed03|fold00,e1_main_d2,d2_beef_uncontrolled,pca_svm,classification,3,0,16,1.4.0,real,True,ok,6435,2145,3,1,TS5,3,1,0.751779087819159,0.16083916083916083,0.8924884697912132,True,4.0,0.25,require_all_classes,0.06927710843373494,,,
d2_beef_uncontrolled|pca_svm|classification|seed03|fold01,e1_main_d2,d2_beef_uncontrolled,pca_svm,classification,3,1,16,1.4.0,real,True,ok,6435,2145,3,1,TS3,3,1,0.6464061010628939,0.806993006993007,0.9387354507225536,True,4.0,0.7476247987117552,require_all_classes,0.7629408316914741,,,
d2_beef_uncontrolled|pca_svm|classification|seed03|fold02,e1_main_d2,d2_beef_uncontrolled,pca_svm,classification,3,2,16,1.4.0,real,True,ok,6435,2145,3,1,TS2,3,1,0.47060902416706085,0.3944055944055944,0.77032341033023,True,4.0,0.4717391304347826,require_all_classes,0.34851610578739084,,,
d2_beef_uncontrolled|pca_svm|classification|seed03|fold03,e1_main_d2,d2_beef_uncontrolled,pca_svm,classification,3,3,16,1.4.0,real,True,ok,6435,2145,3,1,TS4,3,1,0.6475412352010608,0.7403263403263404,0.9294203797201435,True,4.0,0.6838940648723257,require_all_classes,0.6819910262302515,,,
d2_beef_uncontrolled|pca_svm|classification|seed03|fold04,e1_main_d2,d2_beef_uncontrolled,pca_svm,classification,3,4,16,1.4.0,real,True,ok,6435,2145,3,1,TS1,3,1,0.5710173919796944,0.1641025641025641,0.4765138887594412,True,4.0,0.2981060606060606,require_all_classes,0.13084219095296334,,,
d2_beef_uncontrolled|pca_svm|classification|seed04|fold00,e1_main_d2,d2_beef_uncontrolled,pca_svm,classification,4,0,16,1.4.0,real,True,ok,6435,2145,3,1,TS3,3,1,0.6514442870393395,0.7645687645687645,0.94382289106512,True,4.0,0.7560567632850241,require_all_classes,0.760947953909236,,,
d2_beef_uncontrolled|pca_svm|classification|seed04|fold01,e1_main_d2,d2_beef_uncontrolled,pca_svm,classification,4,1,16,1.4.0,real,True,ok,6435,2145,3,1,TS5,3,1,0.5903802206739783,0.16083916083916083,0.5960777061896783,True,4.0,0.25,require_all_classes,0.06927710843373494,,,
d2_beef_uncontrolled|pca_svm|classification|seed04|fold02,e1_main_d2,d2_beef_uncontrolled,pca_svm,classification,4,2,16,1.4.0,real,True,ok,6435,2145,3,1,TS1,3,1,0.5472398912534118,0.3132867132867133,0.8591399222356596,True,4.0,0.4193181818181818,require_all_classes,0.2603993590637934,,,
d2_beef_uncontrolled|pca_svm|classification|seed04|fold03,e1_main_d2,d2_beef_uncontrolled,pca_svm,classification,4,3,16,1.4.0,real,True,ok,6435,2145,3,1,TS2,3,1,0.4505172851495445,0.3944055944055944,0.77032341033023,True,4.0,0.4717391304347826,require_all_classes,0.34851610578739084,,,
d2_beef_uncontrolled|pca_svm|classification|seed04|fold04,e1_main_d2,d2_beef_uncontrolled,pca_svm,classification,4,4,16,1.4.0,real,True,ok,6435,2145,3,1,TS4,3,1,0.5038760500028729,0.6027972027972028,0.860990188718626,True,4.0,0.5086553945249598,require_all_classes,0.49063528114016935,,,
d2_beef_uncontrolled|pca_svm|classification|seed05|fold00,e1_main_d2,d2_beef_uncontrolled,pca_svm,classification,5,0,16,1.4.0,real,True,ok,6435,2145,3,1,TS5,3,1,0.7126574870198965,0.16083916083916083,0.7877799964553154,True,4.0,0.25,require_all_classes,0.06927710843373494,,,
d2_beef_uncontrolled|pca_svm|classification|seed05|fold01,e1_main_d2,d2_beef_uncontrolled,pca_svm,classification,5,1,16,1.4.0,real,True,ok,6435,2145,3,1,TS4,3,1,0.5794117380864918,0.6834498834498834,0.9215853022037664,True,4.0,0.6295893719806764,require_all_classes,0.6043833442143235,,,
d2_beef_uncontrolled|pca_svm|classification|seed05|fold02,e1_main_d2,d2_beef_uncontrolled,pca_svm,classification,5,2,16,1.4.0,real,True,ok,6435,2145,3,1,TS2,3,1,0.6384128136560321,0.600932400932401,0.8011926007408605,True,4.0,0.5994235836627141,require_all_classes,0.5265455941228108,,,
d2_beef_uncontrolled|pca_svm|classification|seed05|fold03,e1_main_d2,d2_beef_uncontrolled,pca_svm,classification,5,3,16,1.4.0,real,True,ok,6435,2145,3,1,TS3,3,1,0.7303500226698816,0.7897435897435897,0.9385328087775706,True,4.0,0.7716968599033817,require_all_classes,0.7754649696113173,,,
d2_beef_uncontrolled|pca_svm|classification|seed05|fold04,e1_main_d2,d2_beef_uncontrolled,pca_svm,classification,5,4,16,1.4.0,real,True,ok,6435,2145,3,1,TS1,3,1,0.6280416548252106,0.1641025641025641,0.4765138887594412,True,4.0,0.2981060606060606,require_all_classes,0.13084219095296334,,,
d2_beef_uncontrolled|pca_svm|classification|seed06|fold00,e1_main_d2,d2_beef_uncontrolled,pca_svm,classification,6,0,16,1.4.0,real,True,ok,6435,2145,3,1,TS3,3,1,0.6391804851591587,0.7645687645687645,0.94382289106512,True,4.0,0.7560567632850241,require_all_classes,0.760947953909236,,,
d2_beef_uncontrolled|pca_svm|classification|seed06|fold01,e1_main_d2,d2_beef_uncontrolled,pca_svm,classification,6,1,16,1.4.0,real,True,ok,6435,2145,3,1,TS5,3,1,0.5709250187501311,0.16083916083916083,0.5960777061896783,True,4.0,0.25,require_all_classes,0.06927710843373494,,,
d2_beef_uncontrolled|pca_svm|classification|seed06|fold02,e1_main_d2,d2_beef_uncontrolled,pca_svm,classification,6,2,16,1.4.0,real,True,ok,6435,2145,3,1,TS1,3,1,0.521444771438837,0.14685314685314685,0.740736309966449,True,4.0,0.28409090909090906,require_all_classes,0.1093421052631579,,,
d2_beef_uncontrolled|pca_svm|classification|seed06|fold03,e1_main_d2,d2_beef_uncontrolled,pca_svm,classification,6,3,16,1.4.0,real,True,ok,6435,2145,3,1,TS4,3,1,0.5032975398935378,0.6834498834498834,0.9215853022037664,True,4.0,0.6295893719806764,require_all_classes,0.6043833442143235,,,
d2_beef_uncontrolled|pca_svm|classification|seed06|fold04,e1_main_d2,d2_beef_uncontrolled,pca_svm,classification,6,4,16,1.4.0,real,True,ok,6435,2145,3,1,TS2,3,1,0.6491681998595595,0.600932400932401,0.8011926007408605,True,4.0,0.5994235836627141,require_all_classes,0.5265455941228108,,,
d2_beef_uncontrolled|pca_svm|classification|seed07|fold00,e1_main_d2,d2_beef_uncontrolled,pca_svm,classification,7,0,16,1.4.0,real,True,ok,6435,2145,3,1,TS3,3,1,0.547758171800524,0.7897435897435897,0.9385328087775706,True,4.0,0.7716968599033817,require_all_classes,0.7754649696113173,,,
d2_beef_uncontrolled|pca_svm|classification|seed07|fold01,e1_main_d2,d2_beef_uncontrolled,pca_svm,classification,7,1,16,1.4.0,real,True,ok,6435,2145,3,1,TS1,3,1,0.5826169508509338,0.1641025641025641,0.4765138887594412,True,4.0,0.2981060606060606,require_all_classes,0.13084219095296334,,,
d2_beef_uncontrolled|pca_svm|classification|seed07|fold02,e1_main_d2,d2_beef_uncontrolled,pca_svm,classification,7,2,16,1.4.0,real,True,ok,6435,2145,3,1,TS5,3,1,0.6797518539242446,0.16083916083916083,0.8708819921740657,True,4.0,0.25,require_all_classes,0.06927710843373494,,,
d2_beef_uncontrolled|pca_svm|classification|seed07|fold03,e1_main_d2,d2_beef_uncontrolled,pca_svm,classification,7,3,16,1.4.0,real,True,ok,6435,2145,3,1,TS2,3,1,0.4787821169011295,0.3944055944055944,0.77032341033023,True,4.0,0.4717391304347826,require_all_classes,0.34851610578739084,,,
d2_beef_uncontrolled|pca_svm|classification|seed07|fold04,e1_main_d2,d2_beef_uncontrolled,pca_svm,classification,7,4,16,1.4.0,real,True,ok,6435,2145,3,1,TS4,3,1,0.5553273712284863,0.6027972027972028,0.860990188718626,True,4.0,0.5086553945249598,require_all_classes,0.49063528114016935,,,
d2_beef_uncontrolled|pca_svm|classification|seed08|fold00,e1_main_d2,d2_beef_uncontrolled,pca_svm,classification,8,0,16,1.4.0,real,True,ok,6435,2145,3,1,TS4,3,1,0.5389694487676024,0.7403263403263404,0.9294203797201435,True,4.0,0.6838940648723257,require_all_classes,0.6819910262302515,,,
d2_beef_uncontrolled|pca_svm|classification|seed08|fold01,e1_main_d2,d2_beef_uncontrolled,pca_svm,classification,8,1,16,1.4.0,real,True,ok,6435,2145,3,1,TS1,3,1,0.6547438628040254,0.3132867132867133,0.8591399222356596,True,4.0,0.4193181818181818,require_all_classes,0.2603993590637934,,,
d2_beef_uncontrolled|pca_svm|classification|seed08|fold02,e1_main_d2,d2_beef_uncontrolled,pca_svm,classification,8,2,16,1.4.0,real,True,ok,6435,2145,3,1,TS2,3,1,0.6373149203136563,0.600932400932401,0.8011926007408605,True,4.0,0.5994235836627141,require_all_classes,0.5265455941228108,,,
d2_beef_uncontrolled|pca_svm|classification|seed08|fold03,e1_main_d2,d2_beef_uncontrolled,pca_svm,classification,8,3,16,1.4.0,real,True,ok,6435,2145,3,1,TS3,3,1,0.6803204286843538,0.7645687645687645,0.94382289106512,True,4.0,0.7560567632850241,require_all_classes,0.760947953909236,,,
d2_beef_uncontrolled|pca_svm|classification|seed08|fold04,e1_main_d2,d2_beef_uncontrolled,pca_svm,classification,8,4,16,1.4.0,real,True,ok,6435,2145,3,1,TS5,3,1,0.6778674549423158,0.16083916083916083,0.7877799964553154,True,4.0,0.25,require_all_classes,0.06927710843373494,,,
d2_beef_uncontrolled|pca_svm|classification|seed09|fold00,e1_main_d2,d2_beef_uncontrolled,pca_svm,classification,9,0,16,1.4.0,real,True,ok,6435,2145,3,1,TS5,3,1,0.645197887904942,0.16083916083916083,0.7877799964553154,True,4.0,0.25,require_all_classes,0.06927710843373494,,,
d2_beef_uncontrolled|pca_svm|classification|seed09|fold01,e1_main_d2,d2_beef_uncontrolled,pca_svm,classification,9,1,16,1.4.0,real,True,ok,6435,2145,3,1,TS4,3,1,0.5253173871897161,0.7403263403263404,0.9294203797201435,True,4.0,0.6838940648723257,require_all_classes,0.6819910262302515,,,
d2_beef_uncontrolled|pca_svm|classification|seed09|fold02,e1_main_d2,d2_beef_uncontrolled,pca_svm,classification,9,2,16,1.4.0,real,True,ok,6435,2145,3,1,TS1,3,1,0.6633252040483057,0.15384615384615385,0.7890895846747662,True,4.0,0.2897727272727273,require_all_classes,0.1182963251525776,,,
d2_beef_uncontrolled|pca_svm|classification|seed09|fold03,e1_main_d2,d2_beef_uncontrolled,pca_svm,classification,9,3,16,1.4.0,real,True,ok,6435,2145,3,1,TS3,3,1,0.7703745509497821,0.806993006993007,0.9387354507225536,True,4.0,0.7476247987117552,require_all_classes,0.7629408316914741,,,
d2_beef_uncontrolled|pca_svm|classification|seed09|fold04,e1_main_d2,d2_beef_uncontrolled,pca_svm,classification,9,4,16,1.4.0,real,True,ok,6435,2145,3,1,TS2,3,1,0.589005921036005,0.3995337995337995,0.7649893943300738,True,4.0,0.4797101449275362,require_all_classes,0.35774324742964114,,,
d2_beef_uncontrolled|pca_svm|regression|seed00|fold00,e1_main_d2,d2_beef_uncontrolled,pca_svm,regression,0,0,16,1.4.0,real,True,ok,6435,2145,3,1,TS3,3,1,0.5938598988577724,,,,,,,,0.2289866389538474,0.9187211474316891,0.27054649072498294
d2_beef_uncontrolled|pca_svm|regression|seed00|fold01,e1_main_d2,d2_beef_uncontrolled,pca_svm,regression,0,1,16,1.4.0,real,True,ok,6435,2145,3,1,TS5,3,1,0.5218557748012245,,,,,,,,0.7600307677248368,0.3026863691688447,0.778602904369331
d2_beef_uncontrolled|pca_svm|regression|seed00|fold02,e1_main_d2,d2_beef_uncontrolled,pca_svm,regression,0,2,16,1.4.0,real,True,ok,6435,2145,3,1,TS4,3,1,0.6288880500942469,,,,,,,,0.33661174515478587,0.7824707814911472,0.43864854379363893
d2_beef_uncontrolled|pca_svm|regression|seed00|fold03,e1_main_d2,d2_beef_uncontrolled,pca_svm,regression,0,3,16,1.4.0,real,True,ok,6435,2145,3,1,TS1,3,1,0.48404292296618223,,,,,,,,1.1563161748252804,-1.6074586442006145,1.3466493186108006
d2_beef_uncontrolled|pca_svm|regression|seed00|fold04,e1_main_d2,d2_beef_uncontrolled,pca_svm,regression,0,4,16,1.4.0,real,True,ok,6435,2145,3,1,TS2,3,1,0.5875311880372465,,,,,,,,1.112180366352282,-0.886142431603524,1.2479193812492932
d2_beef_uncontrolled|pca_svm|regression|seed01|fold00,e1_main_d2,d2_beef_uncontrolled,pca_svm,regression,1,0,16,1.4.0,real,True,ok,6435,2145,3,1,TS5,3,1,0.5545418029651046,,,,,,,,1.0708280949225344,-0.7357887293590775,1.228429887201645
d2_beef_uncontrolled|pca_svm|regression|seed01|fold01,e1_main_d2,d2_beef_uncontrolled,pca_svm,regression,1,1,16,1.4.0,real,True,ok,6435,2145,3,1,TS1,3,1,0.4612832451239228,,,,,,,,1.1563161748252804,-1.6074586442006145,1.3466493186108006
d2_beef_uncontrolled|pca_svm|regression|seed01|fold02,e1_main_d2,d2_beef_uncontrolled,pca_svm,regression,1,2,16,1.4.0,real,True,ok,6435,2145,3,1,TS2,3,1,0.6449514888226986,,,,,,,,1.112180366352282,-0.886142431603524,1.2479193812492932
d2_beef_uncontrolled|pca_svm|regression|seed01|fold03,e1_main_d2,d2_beef_uncontrolled,pca_svm,regression,1,3,16,1.4.0,real,True,ok,6435,2145,3,1,TS3,3,1,0.5316390097141266,,,,,,,,0.20605301483910715,0.8983563887414906,0.3025472197440754
d2_beef_uncontrolled|pca_svm|regression|seed01|fold04,e1_main_d2,d2_beef_uncontrolled,pca_svm,regression,1,4,16,1.4.0,real,True,ok,6435,2145,3,1,TS4,3,1,0.48741965601220727,,,,,,,,0.47397555462919233,0.4629315118946835,0.6892435772912711
d2_beef_uncontrolled|pca_svm|regression|seed02|fold00,e1_main_d2,d2_beef_uncontrolled,pca_svm,regression,2,0,16,1.4.0,real,True,ok,6435,2145,3,1,TS3,3,1,0.5390524524264038,,,,,,,,0.2289866389538474,0.9187211474316891,0.27054649072498294
d2_beef_uncontrolled|pca_svm|regression|seed02|fold01,e1_main_d2,d2_beef_uncontrolled,pca_svm,regression,2,1,16,1.4.0,real,True,ok,6435,2145,3,1,TS5,3,1,1.0191542287357152,,,,,,,,0.7600307677248368,0.3026863691688447,0.778602904369331
d2_beef_uncontrolled|pca_svm|regression|seed02|fold02,e1_main_d2,d2_beef_uncontrolled,pca_svm,regression,2,2,16,1.4.0,real,True,ok,6435,2145,3,1,TS4,3,1,0.5745618850924075,,,,,,,,0.33661174515478587,0.7824707814911472,0.43864854379363893
d2_beef_uncontrolled|pca_svm|regression|seed02|fold03,e1_main_d2,d2_beef_uncontrolled,pca_svm,regression,2,3,16,1.4.0,real,True,ok,6435,2145,3,1,TS1,3,1,0.49549475219100714,,,,,,,,1.1563161748252804,-1.6074586442006145,1.3466493186108006
d2_beef_uncontrolled|pca_svm|regression|seed02|fold04,e1_main_d2,d2_beef_uncontrolled,pca_svm,regression,2,4,16,1.4.0,real,True,ok,6435,2145,3,1,TS2,3,1,0.6108158491551876,,,,,,,,1.112180366352282,-0.886142431603524,1.2479193812492932
d2_beef_uncontrolled|pca_svm|regression|seed03|fold00,e1_main_d2,d2_beef_uncontrolled,pca_svm,regression,3,0,16,1.4.0,real,True,ok,6435,2145,3,1,TS5,3,1,0.5978587167337537,,,,,,,,0.8884073159769725,-0.12459276542795883,0.9887797981282492
d2_beef_uncontrolled|pca_svm|regression|seed03|fold01,e1_main_d2,d2_beef_uncontrolled,pca_svm,regression,3,1,16,1.4.0,real,True,ok,6435,2145,3,1,TS3,3,1,0.6186798769049346,,,,,,,,0.44560619385469735,0.7047659894918236,0.5156277903580512
d2_beef_uncontrolled|pca_svm|regression|seed03|fold02,e1_main_d2,d2_beef_uncontrolled,pca_svm,regression,3,2,16,1.4.0,real,True,ok,6435,2145,3,1,TS2,3,1,0.47834159387275577,,,,,,,,0.9906147403556929,-0.721493846819671,1.1922079800452154
d2_beef_uncontrolled|pca_svm|regression|seed03|fold03,e1_main_d2,d2_beef_uncontrolled,pca_svm,regression,3,3,16,1.4.0,real,True,ok,6435,2145,3,1,TS4,3,1,0.6501619098708034,,,,,,,,0.33661174515478587,0.7824707814911472,0.43864854379363893
d2_beef_uncontrolled|pca_svm|regression|seed03|fold04,e1_main_d2,d2_beef_uncontrolled,pca_svm,regression,3,4,16,1.4.0,real,True,ok,6435,2145,3,1,TS1,3,1,0.6058776620775461,,,,,,,,1.0641266238202507,-1.1819593611824022,1.2318820582810626
d2_beef_uncontrolled|pca_svm|regression|seed04|fold00,e1_main_d2,d2_beef_uncontrolled,pca_svm,regression,4,0,16,1.4.0,real,True,ok,6435,2145,3,1,TS3,3,1,0.6058083577081561,,,,,,,,0.2289866389538474,0.9187211474316891,0.27054649072498294
d2_beef_uncontrolled|pca_svm|regression|seed04|fold01,e1_main_d2,d2_beef_uncontrolled,pca_svm,regression,4,1,16,1.4.0,real,True,ok,6435,2145,3,1,TS5,3,1,0.5682777962647378,,,,,,,,1.0708280949225344,-0.7357887293590775,1.228429887201645
d2_beef_uncontrolled|pca_svm|regression|seed04|fold02,e1_main_d2,d2_beef_uncontrolled,pca_svm,regression,4,2,16,1.4.0,real,True,ok,6435,2145,3,1,TS1,3,1,0.4879643456079066,,,,,,,,1.1563161748252804,-1.6074586442006145,1.3466493186108006
d2_beef_uncontrolled|pca_svm|regression|seed04|fold03,e1_main_d2,d2_beef_uncontrolled,pca_svm,regression,4,3,16,1.4.0,real,True,ok,6435,2145,3,1,TS2,3,1,0.5201746309176087,,,,,,,,0.9906147403556929,-0.721493846819671,1.1922079800452154
d2_beef_uncontrolled|pca_svm|regression|seed04|fold04,e1_main_d2,d2_beef_uncontrolled,pca_svm,regression,4,4,16,1.4.0,real,True,ok,6435,2145,3,1,TS4,3,1,0.5298193921335042,,,,,,,,0.3369941097360397,0.7343439738898647,0.48474989988950157
d2_beef_uncontrolled|pca_svm|regression|seed05|fold00,e1_main_d2,d2_beef_uncontrolled,pca_svm,regression,5,0,16,1.4.0,real,True,ok,6435,2145,3,1,TS5,3,1,0.4955555438064039,,,,,,,,0.7600307677248368,0.3026863691688447,0.778602904369331
d2_beef_uncontrolled|pca_svm|regression|seed05|fold01,e1_main_d2,d2_beef_uncontrolled,pca_svm,regression,5,1,16,1.4.0,real,True,ok,6435,2145,3,1,TS4,3,1,0.5670311227440834,,,,,,,,0.4364958309385898,0.6531157055994468,0.553924036153654
d2_beef_uncontrolled|pca_svm|regression|seed05|fold02,e1_main_d2,d2_beef_uncontrolled,pca_svm,regression,5,2,16,1.4.0,real,True,ok,6435,2145,3,1,TS2,3,1,0.6272432738915086,,,,,,,,1.112180366352282,-0.886142431603524,1.2479193812492932
d2_beef_uncontrolled|pca_svm|regression|seed05|fold03,e1_main_d2,d2_beef_uncontrolled,pca_svm,regression,5,3,16,1.4.0,real,True,ok,6435,2145,3,1,TS3,3,1,0.7170337620191276,,,,,,,,0.23027492405482014,0.9166639587774129,0.27394889692685737
d2_beef_uncontrolled|pca_svm|regression|seed05|fold04,e1_main_d2,d2_beef_uncontrolled,pca_svm,regression,5,4,16,1.4.0,real,True,ok,6435,2145,3,1,TS1,3,1,0.5497465743683279,,,,,,,,1.0641266238202507,-1.1819593611824022,1.2318820582810626
d2_beef_uncontrolled|pca_svm|regression|seed06|fold00,e1_main_d2,d2_beef_uncontrolled,pca_svm,regression,6,0,16,1.4.0,real,True,ok,6435,2145,3,1,TS3,3,1,0.5751342750154436,,,,,,,,0.2289866389538474,0.9187211474316891,0.27054649072498294
d2_beef_uncontrolled|pca_svm|regression|seed06|fold01,e1_main_d2,d2_beef_uncontrolled,pca_svm,regression,6,1,16,1.4.0,real,True,ok,6435,2145,3,1,TS5,3,1,0.5390972853638232,,,,,,,,1.0708280949225344,-0.7357887293590775,1.228429887201645
d2_beef_uncontrolled|pca_svm|regression|seed06|fold02,e1_main_d2,d2_beef_uncontrolled,pca_svm,regression,6,2,16,1.4.0,real,True,ok,6435,2145,3,1,TS1,3,1,0.5761210238561034,,,,,,,,0.8523130793635232,-0.39143990276853957,0.9837347841139719
d2_beef_uncontrolled|pca_svm|regression|seed06|fold03,e1_main_d2,d2_beef_uncontrolled,pca_svm,regression,6,3,16,1.4.0,real,True,ok,6435,2145,3,1,TS4,3,1,0.5030248761177063,,,,,,,,0.4364958309385898,0.6531157055994468,0.553924036153654
d2_beef_uncontrolled|pca_svm|regression|seed06|fold04,e1_main_d2,d2_beef_uncontrolled,pca_svm,regression,6,4,16,1.4.0,real,True,ok,6435,2145,3,1,TS2,3,1,0.8129590307362378,,,,,,,,1.112180366352282,-0.886142431603524,1.2479193812492932
d2_beef_uncontrolled|pca_svm|regression|seed07|fold00,e1_main_d2,d2_beef_uncontrolled,pca_svm,regression,7,0,16,1.4.0,real,True,ok,6435,2145,3,1,TS3,3,1,0.6286779097281396,,,,,,,,0.23027492405482014,0.9166639587774129,0.27394889692685737
d2_beef_uncontrolled|pca_svm|regression|seed07|fold01,e1_main_d2,d2_beef_uncontrolled,pca_svm,regression,7,1,16,1.4.0,real,True,ok,6435,2145,3,1,TS1,3,1,0.5926728029735386,,,,,,,,1.0641266238202507,-1.1819593611824022,1.2318820582810626
d2_beef_uncontrolled|pca_svm|regression|seed07|fold02,e1_main_d2,d2_beef_uncontrolled,pca_svm,regression,7,2,16,1.4.0,real,True,ok,6435,2145,3,1,TS5,3,1,0.4522194596938789,,,,,,,,0.909949775210999,-0.08680398541455125,0.9720252648016527
d2_beef_uncontrolled|pca_svm|regression|seed07|fold03,e1_main_d2,d2_beef_uncontrolled,pca_svm,regression,7,3,16,1.4.0,real,True,ok,6435,2145,3,1,TS2,3,1,0.5504355989396572,,,,,,,,0.9906147403556929,-0.721493846819671,1.1922079800452154
d2_beef_uncontrolled|pca_svm|regression|seed07|fold04,e1_main_d2,d2_beef_uncontrolled,pca_svm,regression,7,4,16,1.4.0,real,True,ok,6435,2145,3,1,TS4,3,1,0.5295783076435328,,,,,,,,0.3369941097360397,0.7343439738898647,0.48474989988950157
d2_beef_uncontrolled|pca_svm|regression|seed08|fold00,e1_main_d2,d2_beef_uncontrolled,pca_svm,regression,8,0,16,1.4.0,real,True,ok,6435,2145,3,1,TS4,3,1,0.5743869999423623,,,,,,,,0.33661174515478587,0.7824707814911472,0.43864854379363893
d2_beef_uncontrolled|pca_svm|regression|seed08|fold01,e1_main_d2,d2_beef_uncontrolled,pca_svm,regression,8,1,16,1.4.0,real,True,ok,6435,2145,3,1,TS1,3,1,0.4531906908378005,,,,,,,,1.1563161748252804,-1.6074586442006145,1.3466493186108006
d2_beef_uncontrolled|pca_svm|regression|seed08|fold02,e1_main_d2,d2_beef_uncontrolled,pca_svm,regression,8,2,16,1.4.0,real,True,ok,6435,2145,3,1,TS2,3,1,0.628079610876739,,,,,,,,1.112180366352282,-0.886142431603524,1.2479193812492932
d2_beef_uncontrolled|pca_svm|regression|seed08|fold03,e1_main_d2,d2_beef_uncontrolled,pca_svm,regression,8,3,16,1.4.0,real,True,ok,6435,2145,3,1,TS3,3,1,0.5901851593516767,,,,,,,,0.2289866389538474,0.9187211474316891,0.27054649072498294
d2_beef_uncontrolled|pca_svm|regression|seed08|fold04,e1_main_d2,d2_beef_uncontrolled,pca_svm,regression,8,4,16,1.4.0,real,True,ok,6435,2145,3,1,TS5,3,1,0.44903915701434016,,,,,,,,0.7600307677248368,0.3026863691688447,0.778602904369331
d2_beef_uncontrolled|pca_svm|regression|seed09|fold00,e1_main_d2,d2_beef_uncontrolled,pca_svm,regression,9,0,16,1.4.0,real,True,ok,6435,2145,3,1,TS5,3,1,0.5068720523267984,,,,,,,,0.7600307677248368,0.3026863691688447,0.778602904369331
d2_beef_uncontrolled|pca_svm|regression|seed09|fold01,e1_main_d2,d2_beef_uncontrolled,pca_svm,regression,9,1,16,1.4.0,real,True,ok,6435,2145,3,1,TS4,3,1,0.582284979056567,,,,,,,,0.33661174515478587,0.7824707814911472,0.43864854379363893
d2_beef_uncontrolled|pca_svm|regression|seed09|fold02,e1_main_d2,d2_beef_uncontrolled,pca_svm,regression,9,2,16,1.4.0,real,True,ok,6435,2145,3,1,TS1,3,1,0.6647096369415522,,,,,,,,1.1457024728038123,-1.5536640072425132,1.3326855194990415
d2_beef_uncontrolled|pca_svm|regression|seed09|fold03,e1_main_d2,d2_beef_uncontrolled,pca_svm,regression,9,3,16,1.4.0,real,True,ok,6435,2145,3,1,TS3,3,1,0.6411518780514598,,,,,,,,0.44560619385469735,0.7047659894918236,0.5156277903580512
d2_beef_uncontrolled|pca_svm|regression|seed09|fold04,e1_main_d2,d2_beef_uncontrolled,pca_svm,regression,9,4,16,1.4.0,real,True,ok,6435,2145,3,1,TS2,3,1,0.4551730742678046,,,,,,,,0.3329645066878379,0.8170664343172155,0.3886386482203768
d2_beef_uncontrolled|random_forest|classification|seed00|fold00,e1_main_d2,d2_beef_uncontrolled,random_forest,classification,0,0,16,1.4.0,real,True,ok,6435,2145,3,1,TS3,3,1,1.0346397757530212,0.7431235431235431,0.9267341758107239,True,4.0,0.7160205314009662,require_all_classes,0.7241739506605004,,,
d2_beef_uncontrolled|random_forest|classification|seed00|fold01,e1_main_d2,d2_beef_uncontrolled,random_forest,classification,0,1,16,1.4.0,real,True,ok,6435,2145,3,1,TS5,3,1,1.0012474576942623,0.6578088578088578,0.9088251837155645,True,4.0,0.6359083850931677,require_all_classes,0.6322365143623387,,,
d2_beef_uncontrolled|random_forest|classification|seed00|fold02,e1_main_d2,d2_beef_uncontrolled,random_forest,classification,0,2,16,1.4.0,real,True,ok,6435,2145,3,1,TS4,3,1,0.9700663392432034,0.6298368298368299,0.8559369066733754,True,4.0,0.5331521739130435,require_all_classes,0.5130358619970606,,,
d2_beef_uncontrolled|random_forest|classification|seed00|fold03,e1_main_d2,d2_beef_uncontrolled,random_forest,classification,0,3,16,1.4.0,real,True,ok,6435,2145,3,1,TS1,3,1,0.9283216469921172,0.25874125874125875,0.7346192839399405,True,4.0,0.3839141414141414,require_all_classes,0.37228689813633387,,,
d2_beef_uncontrolled|random_forest|classification|seed00|fold04,e1_main_d2,d2_beef_uncontrolled,random_forest,classification,0,4,16,1.4.0,real,True,ok,6435,2145,3,1,TS2,3,1,0.9291566470637918,0.36363636363636365,0.8726633832040824,True,4.0,0.39355237154150197,require_all_classes,0.3418062472259329,,,
d2_beef_uncontrolled|random_forest|classification|seed01|fold00,e1_main_d2,d2_beef_uncontrolled,random_forest,classification,1,0,16,1.4.0,real,True,ok,6435,2145,3,1,TS5,3,1,1.1333593451417983,0.6648018648018648,0.88992339899748,True,4.0,0.6842750747642052,require_all_classes,0.653588955239861,,,
d2_beef_uncontrolled|random_forest|classification|seed01|fold01,e1_main_d2,d2_beef_uncontrolled,random_forest,classification,1,1,16,1.4.0,real,True,ok,6435,2145,3,1,TS1,3,1,1.086655001156032,0.2787878787878788,0.7345840615270158,True,4.0,0.41424242424242425,require_all_classes,0.3920093754869841,,,
d2_beef_uncontrolled|random_forest|classification|seed01|fold02,e1_main_d2,d2_beef_uncontrolled,random_forest,classification,1,2,16,1.4.0,real,True,ok,6435,2145,3,1,TS2,3,1,1.115395909640938,0.3613053613053613,0.8693643442755208,True,4.0,0.391582674571805,require_all_classes,0.33876494110565075,,,
d2_beef_uncontrolled|random_forest|classification|seed01|fold03,e1_main_d2,d2_beef_uncontrolled,random_forest,classification,1,3,16,1.4.0,real,True,ok,6435,2145,3,1,TS3,3,1,0.9385145613923669,0.676923076923077,0.8965261613947947,True,4.0,0.6498148148148147,require_all_classes,0.6478569042602769,,,
d2_beef_uncontrolled|random_forest|classification|seed01|fold04,e1_main_d2,d2_beef_uncontrolled,random_forest,classification,1,4,16,1.4.0,real,True,ok,6435,2145,3,1,TS4,3,1,1.0796822370029986,0.6223776223776224,0.8869809610196385,True,4.0,0.504221302047389,require_all_classes,0.4786406436711099,,,
d2_beef_uncontrolled|random_forest|classification|seed02|fold00,e1_main_d2,d2_beef_uncontrolled,random_forest,classification,2,0,16,1.4.0,real,True,ok,6435,2145,3,1,TS3,3,1,1.0085286451503634,0.7412587412587412,0.9290968256415569,True,4.0,0.7125020128824477,require_all_classes,0.7197887503635949,,,
d2_beef_uncontrolled|random_forest|classification|seed02|fold01,e1_main_d2,d2_beef_uncontrolled,random_forest,classification,2,1,16,1.4.0,real,True,ok,6435,2145,3,1,TS5,3,1,0.9449827503412962,0.6573426573426573,0.9035600212058339,True,4.0,0.6354425465838509,require_all_classes,0.6319961020664343,,,
d2_beef_uncontrolled|random_forest|classification|seed02|fold02,e1_main_d2,d2_beef_uncontrolled,random_forest,classification,2,2,16,1.4.0,real,True,ok,6435,2145,3,1,TS4,3,1,0.9220282752066851,0.6293706293706294,0.856940120196046,True,4.0,0.5319041867954911,require_all_classes,0.511244437380801,,,
d2_beef_uncontrolled|random_forest|classification|seed02|fold03,e1_main_d2,d2_beef_uncontrolled,random_forest,classification,2,3,16,1.4.0,real,True,ok,6435,2145,3,1,TS1,3,1,0.9782084808684886,0.27972027972027974,0.7451312148822091,True,4.0,0.41944444444444445,require_all_classes,0.39314977979375093,,,
d2_beef_uncontrolled|random_forest|classification|seed02|fold04,e1_main_d2,d2_beef_uncontrolled,random_forest,classification,2,4,16,1.4.0,real,True,ok,6435,2145,3,1,TS2,3,1,0.9355778349563479,0.36317016317016315,0.8727432841809022,True,4.0,0.39351943346508567,require_all_classes,0.3412407514592999,,,
d2_beef_uncontrolled|random_forest|classification|seed03|fold00,e1_main_d2,d2_beef_uncontrolled,random_forest,classification,3,0,16,1.4.0,real,True,ok,6435,2145,3,1,TS5,3,1,0.9116300619207323,0.7435897435897436,0.9118089965549787,True,4.0,0.7576604554865424,require_all_classes,0.7475706189375361,,,
d2_beef_uncontrolled|random_forest|classification|seed03|fold01,e1_main_d2,d2_beef_uncontrolled,random_forest,classification,3,1,16,1.4.0,real,True,ok,6435,2145,3,1,TS3,3,1,1.0167527310550213,0.6923076923076923,0.9385074825473826,True,4.0,0.6185165056360709,require_all_classes,0.6268977391475468,,,
d2_beef_uncontrolled|random_forest|classification|seed03|fold02,e1_main_d2,d2_beef_uncontrolled,random_forest,classification,3,2,16,1.4.0,real,True,ok,6435,2145,3,1,TS2,3,1,0.9652932239696383,0.4801864801864802,0.8217942464634342,True,4.0,0.5209963768115942,require_all_classes,0.4719750118325705,,,
d2_beef_uncontrolled|random_forest|classification|seed03|fold03,e1_main_d2,d2_beef_uncontrolled,random_forest,classification,3,3,16,1.4.0,real,True,ok,6435,2145,3,1,TS4,3,1,0.8372564129531384,0.6293706293706294,0.8383321625915026,True,4.0,0.5324275362318841,require_all_classes,0.512329784987001,,,
d2_beef_uncontrolled|random_forest|classification|seed03|fold04,e1_main_d2,d2_beef_uncontrolled,random_forest,classification,3,4,16,1.4.0,real,True,ok,6435,2145,3,1,TS1,3,1,0.8921532169915736,0.4191142191142191,0.8345483377172603,True,4.0,0.5089141414141414,require_all_classes,0.438685560121481,,,
d2_beef_uncontrolled|random_forest|classification|seed04|fold00,e1_main_d2,d2_beef_uncontrolled,random_forest,classification,4,0,16,1.4.0,real,True,ok,6435,2145,3,1,TS3,3,1,0.8753279880620539,0.7426573426573426,0.9303244309106662,True,4.0,0.7145551529790661,require_all_classes,0.7221391814455406,,,
d2_beef_uncontrolled|random_forest|classification|seed04|fold01,e1_main_d2,d2_beef_uncontrolled,random_forest,classification,4,1,16,1.4.0,real,True,ok,6435,2145,3,1,TS5,3,1,0.8678669920191169,0.6489510489510489,0.8868680828329345,True,4.0,0.6654258684149988,require_all_classes,0.63544122152555,,,
d2_beef_uncontrolled|random_forest|classification|seed04|fold02,e1_main_d2,d2_beef_uncontrolled,random_forest,classification,4,2,16,1.4.0,real,True,ok,6435,2145,3,1,TS1,3,1,0.8448700932785869,0.2717948717948718,0.7427070006716653,True,4.0,0.40275252525252525,require_all_classes,0.3862534312553677,,,
d2_beef_uncontrolled|random_forest|classification|seed04|fold03,e1_main_d2,d2_beef_uncontrolled,random_forest,classification,4,3,16,1.4.0,real,True,ok,6435,2145,3,1,TS2,3,1,0.9260612600483,0.4853146853146853,0.8159919397497478,True,4.0,0.5265036231884058,require_all_classes,0.4765427935611656,,,
d2_beef_uncontrolled|random_forest|classification|seed04|fold04,e1_main_d2,d2_beef_uncontrolled,random_forest,classification,4,4,16,1.4.0,real,True,ok,6435,2145,3,1,TS4,3,1,0.9255849909968674,0.6932400932400933,0.9109843059203968,True,4.0,0.6867724867724868,require_all_classes,0.6975715341053128,,,
d2_beef_uncontrolled|random_forest|classification|seed05|fold00,e1_main_d2,d2_beef_uncontrolled,random_forest,classification,5,0,16,1.4.0,real,True,ok,6435,2145,3,1,TS5,3,1,0.9410858671180904,0.6596736596736597,0.8994092945244729,True,4.0,0.6386775362318841,require_all_classes,0.63522608982023,,,
d2_beef_uncontrolled|random_forest|classification|seed05|fold01,e1_main_d2,d2_beef_uncontrolled,random_forest,classification,5,1,16,1.4.0,real,True,ok,6435,2145,3,1,TS4,3,1,0.8701431467197835,0.5328671328671328,0.8582658544880751,True,4.0,0.4604066022544283,require_all_classes,0.42577969720189546,,,
d2_beef_uncontrolled|random_forest|classification|seed05|fold02,e1_main_d2,d2_beef_uncontrolled,random_forest,classification,5,2,16,1.4.0,real,True,ok,6435,2145,3,1,TS2,3,1,0.9517780099995434,0.358974358974359,0.8700593286512696,True,4.0,0.39007246376811594,require_all_classes,0.33491522078960345,,,
d2_beef_uncontrolled|random_forest|classification|seed05|fold03,e1_main_d2,d2_beef_uncontrolled,random_forest,classification,5,3,16,1.4.0,real,True,ok,6435,2145,3,1,TS3,3,1,0.8983891061507165,0.7188811188811188,0.9147866067056472,True,4.0,0.6576851851851852,require_all_classes,0.6327752624351056,,,
d2_beef_uncontrolled|random_forest|classification|seed05|fold04,e1_main_d2,d2_beef_uncontrolled,random_forest,classification,5,4,16,1.4.0,real,True,ok,6435,2145,3,1,TS1,3,1,0.9543168698437512,0.3864801864801865,0.805483988952417,True,4.0,0.48643939393939395,require_all_classes,0.39875936470248646,,,
d2_beef_uncontrolled|random_forest|classification|seed06|fold00,e1_main_d2,d2_beef_uncontrolled,random_forest,classification,6,0,16,1.4.0,real,True,ok,6435,2145,3,1,TS3,3,1,0.863979262765497,0.7435897435897436,0.9298439607068874,True,4.0,0.7150483091787441,require_all_classes,0.7218802533760912,,,
d2_beef_uncontrolled|random_forest|classification|seed06|fold01,e1_main_d2,d2_beef_uncontrolled,random_forest,classification,6,1,16,1.4.0,real,True,ok,6435,2145,3,1,TS5,3,1,0.8996214303188026,0.6592074592074592,0.8863203982893337,True,4.0,0.6764047043938348,require_all_classes,0.6476536932034105,,,
d2_beef_uncontrolled|random_forest|classification|seed06|fold02,e1_main_d2,d2_beef_uncontrolled,random_forest,classification,6,2,16,1.4.0,real,True,ok,6435,2145,3,1,TS1,3,1,0.8632261520251632,0.31655011655011656,0.7325056246857127,True,4.0,0.39151515151515154,require_all_classes,0.35748692630715106,,,
d2_beef_uncontrolled|random_forest|classification|seed06|fold03,e1_main_d2,d2_beef_uncontrolled,random_forest,classification,6,3,16,1.4.0,real,True,ok,6435,2145,3,1,TS4,3,1,0.8939303527586162,0.531934731934732,0.8672856486939737,True,4.0,0.45869565217391306,require_all_classes,0.4295652180072763,,,
d2_beef_uncontrolled|random_forest|classification|seed06|fold04,e1_main_d2,d2_beef_uncontrolled,random_forest,classification,6,4,16,1.4.0,real,True,ok,6435,2145,3,1,TS2,3,1,0.9181422120891511,0.3617715617715618,0.8728104479403561,True,4.0,0.39230731225296445,require_all_classes,0.3396350311412579,,,
d2_beef_uncontrolled|random_forest|classification|seed07|fold00,e1_main_d2,d2_beef_uncontrolled,random_forest,classification,7,0,16,1.4.0,real,True,ok,6435,2145,3,1,TS3,3,1,0.9039504923857749,0.7118881118881119,0.9036169550537376,True,4.0,0.6524074074074074,require_all_classes,0.6269850327007037,,,
d2_beef_uncontrolled|random_forest|classification|seed07|fold01,e1_main_d2,d2_beef_uncontrolled,random_forest,classification,7,1,16,1.4.0,real,True,ok,6435,2145,3,1,TS1,3,1,0.9297488988377154,0.42144522144522145,0.8384591695221064,True,4.0,0.5099242424242424,require_all_classes,0.44489371403233097,,,
d2_beef_uncontrolled|random_forest|classification|seed07|fold02,e1_main_d2,d2_beef_uncontrolled,random_forest,classification,7,2,16,1.4.0,real,True,ok,6435,2145,3,1,TS5,3,1,0.9538508956320584,0.6466200466200466,0.8163592669712466,True,4.0,0.632324016563147,require_all_classes,0.5776068070543598,,,
d2_beef_uncontrolled|random_forest|classification|seed07|fold03,e1_main_d2,d2_beef_uncontrolled,random_forest,classification,7,3,16,1.4.0,real,True,ok,6435,2145,3,1,TS2,3,1,0.9942006808705628,0.48158508158508156,0.8256906514663099,True,4.0,0.5216304347826087,require_all_classes,0.4722148165697449,,,
d2_beef_uncontrolled|random_forest|classification|seed07|fold04,e1_main_d2,d2_beef_uncontrolled,random_forest,classification,7,4,16,1.4.0,real,True,ok,6435,2145,3,1,TS4,3,1,0.9332322622649372,0.6913752913752914,0.9046455941693644,True,4.0,0.6848214285714286,require_all_classes,0.6947959038304966,,,
d2_beef_uncontrolled|random_forest|classification|seed08|fold00,e1_main_d2,d2_beef_uncontrolled,random_forest,classification,8,0,16,1.4.0,real,True,ok,6435,2145,3,1,TS4,3,1,0.8682716521434486,0.6284382284382284,0.865105752623614,True,4.0,0.5315016103059581,require_all_classes,0.5113510298833934,,,
d2_beef_uncontrolled|random_forest|classification|seed08|fold01,e1_main_d2,d2_beef_uncontrolled,random_forest,classification,8,1,16,1.4.0,real,True,ok,6435,2145,3,1,TS1,3,1,0.8994539398699999,0.26713286713286716,0.7398635752901483,True,4.0,0.39502525252525256,require_all_classes,0.3803536272101701,,,
d2_beef_uncontrolled|random_forest|classification|seed08|fold02,e1_main_d2,d2_beef_uncontrolled,random_forest,classification,8,2,16,1.4.0,real,True,ok,6435,2145,3,1,TS2,3,1,0.9196104761213064,0.36083916083916084,0.8725182177799822,True,4.0,0.39158761528326747,require_all_classes,0.33783996011310935,,,
d2_beef_uncontrolled|random_forest|classification|seed08|fold03,e1_main_d2,d2_beef_uncontrolled,random_forest,classification,8,3,16,1.4.0,real,True,ok,6435,2145,3,1,TS3,3,1,0.9215133539400995,0.7398601398601399,0.9291171748216107,True,4.0,0.711622383252818,require_all_classes,0.719852743371284,,,
d2_beef_uncontrolled|random_forest|classification|seed08|fold04,e1_main_d2,d2_beef_uncontrolled,random_forest,classification,8,4,16,1.4.0,real,True,ok,6435,2145,3,1,TS5,3,1,0.8861904530785978,0.655011655011655,0.913308415252271,True,4.0,0.6319487577639752,require_all_classes,0.6281605131188015,,,
d2_beef_uncontrolled|random_forest|classification|seed09|fold00,e1_main_d2,d2_beef_uncontrolled,random_forest,classification,9,0,16,1.4.0,real,True,ok,6435,2145,3,1,TS5,3,1,0.8791441358625889,0.6559440559440559,0.903827421560322,True,4.0,0.6332298136645963,require_all_classes,0.6299177651956517,,,
d2_beef_uncontrolled|random_forest|classification|seed09|fold01,e1_main_d2,d2_beef_uncontrolled,random_forest,classification,9,1,16,1.4.0,real,True,ok,6435,2145,3,1,TS4,3,1,1.065127826295793,0.6307692307692307,0.8505774857527474,True,4.0,0.5335547504025765,require_all_classes,0.5129226455210498,,,
d2_beef_uncontrolled|random_forest|classification|seed09|fold02,e1_main_d2,d2_beef_uncontrolled,random_forest,classification,9,2,16,1.4.0,real,True,ok,6435,2145,3,1,TS1,3,1,0.8893201099708676,0.6517482517482518,0.8019622379215543,True,4.0,0.5323484848484848,require_all_classes,0.530381626146947,,,
d2_beef_uncontrolled|random_forest|classification|seed09|fold03,e1_main_d2,d2_beef_uncontrolled,random_forest,classification,9,3,16,1.4.0,real,True,ok,6435,2145,3,1,TS3,3,1,0.9297620500437915,0.7757575757575758,0.9338777056438603,True,4.0,0.7436694847020935,require_all_classes,0.75956979354902,,,
d2_beef_uncontrolled|random_forest|classification|seed09|fold04,e1_main_d2,d2_beef_uncontrolled,random_forest,classification,9,4,16,1.4.0,real,True,ok,6435,2145,3,1,TS2,3,1,0.8894168082624674,0.4027972027972028,0.892947771709838,True,4.0,0.45059782608695653,require_all_classes,0.3900717742215589,,,
d2_beef_uncontrolled|random_forest|regression|seed00|fold00,e1_main_d2,d2_beef_uncontrolled,random_forest,regression,0,0,16,1.4.0,real,True,ok,6435,2145,3,1,TS3,3,1,7.069532062858343,,,,,,,,0.1350842828248867,0.9361203991051352,0.23984696102572978
d2_beef_uncontrolled|random_forest|regression|seed00|fold01,e1_main_d2,d2_beef_uncontrolled,random_forest,regression,0,1,16,1.4.0,real,True,ok,6435,2145,3,1,TS5,3,1,7.109729695133865,,,,,,,,0.41853777124977476,0.41992714708078716,0.7101387521149958
d2_beef_uncontrolled|random_forest|regression|seed00|fold02,e1_main_d2,d2_beef_uncontrolled,random_forest,regression,0,2,16,1.4.0,real,True,ok,6435,2145,3,1,TS4,3,1,6.7848847531713545,,,,,,,,0.3020438548388687,0.7383061643636055,0.4811213600969495
d2_beef_uncontrolled|random_forest|regression|seed00|fold03,e1_main_d2,d2_beef_uncontrolled,random_forest,regression,0,3,16,1.4.0,real,True,ok,6435,2145,3,1,TS1,3,1,6.774247837718576,,,,,,,,0.33778224658694145,0.7388792399885301,0.4261539338010173
d2_beef_uncontrolled|random_forest|regression|seed00|fold04,e1_main_d2,d2_beef_uncontrolled,random_forest,regression,0,4,16,1.4.0,real,True,ok,6435,2145,3,1,TS2,3,1,8.083155249711126,,,,,,,,0.5410803721502082,0.4476607054357007,0.6753085643818119
d2_beef_uncontrolled|random_forest|regression|seed01|fold00,e1_main_d2,d2_beef_uncontrolled,random_forest,regression,1,0,16,1.4.0,real,True,ok,6435,2145,3,1,TS5,3,1,6.92659384990111,,,,,,,,0.5822377117581656,0.004704976126985616,0.9302032625953611
d2_beef_uncontrolled|random_forest|regression|seed01|fold01,e1_main_d2,d2_beef_uncontrolled,random_forest,regression,1,1,16,1.4.0,real,True,ok,6435,2145,3,1,TS1,3,1,6.843210902996361,,,,,,,,0.3541027076298158,0.7246090653386352,0.4376436396684359
d2_beef_uncontrolled|random_forest|regression|seed01|fold02,e1_main_d2,d2_beef_uncontrolled,random_forest,regression,1,2,16,1.4.0,real,True,ok,6435,2145,3,1,TS2,3,1,7.354843952227384,,,,,,,,0.5477203391216167,0.44338878895984457,0.6779150285926328
d2_beef_uncontrolled|random_forest|regression|seed01|fold03,e1_main_d2,d2_beef_uncontrolled,random_forest,regression,1,3,16,1.4.0,real,True,ok,6435,2145,3,1,TS3,3,1,6.976274911314249,,,,,,,,0.16616863658527742,0.9052745723812016,0.2920696366064179
d2_beef_uncontrolled|random_forest|regression|seed01|fold04,e1_main_d2,d2_beef_uncontrolled,random_forest,regression,1,4,16,1.4.0,real,True,ok,6435,2145,3,1,TS4,3,1,6.8111085020937026,,,,,,,,0.15936300654578414,0.9396487795772417,0.23104731212902802
d2_beef_uncontrolled|random_forest|regression|seed02|fold00,e1_main_d2,d2_beef_uncontrolled,random_forest,regression,2,0,16,1.4.0,real,True,ok,6435,2145,3,1,TS3,3,1,6.546258134301752,,,,,,,,0.11844499974928234,0.9400351614885736,0.23238145001395702
d2_beef_uncontrolled|random_forest|regression|seed02|fold01,e1_main_d2,d2_beef_uncontrolled,random_forest,regression,2,1,16,1.4.0,real,True,ok,6435,2145,3,1,TS5,3,1,6.769590377807617,,,,,,,,0.41775297804637174,0.42859323588529497,0.704814176156477
d2_beef_uncontrolled|random_forest|regression|seed02|fold02,e1_main_d2,d2_beef_uncontrolled,random_forest,regression,2,2,16,1.4.0,real,True,ok,6435,2145,3,1,TS4,3,1,6.873880907893181,,,,,,,,0.30382656339780734,0.7358723980869655,0.483353409394276
d2_beef_uncontrolled|random_forest|regression|seed02|fold03,e1_main_d2,d2_beef_uncontrolled,random_forest,regression,2,3,16,1.4.0,real,True,ok,6435,2145,3,1,TS1,3,1,6.846237679943442,,,,,,,,0.331656775734472,0.7398344742744671,0.42537373956407426
d2_beef_uncontrolled|random_forest|regression|seed02|fold04,e1_main_d2,d2_beef_uncontrolled,random_forest,regression,2,4,16,1.4.0,real,True,ok,6435,2145,3,1,TS2,3,1,7.53516099229455,,,,,,,,0.5467125062703795,0.44843965581615375,0.6748322109323699
d2_beef_uncontrolled|random_forest|regression|seed03|fold00,e1_main_d2,d2_beef_uncontrolled,random_forest,regression,3,0,16,1.4.0,real,True,ok,6435,2145,3,1,TS5,3,1,6.722853996325284,,,,,,,,0.6469444435165702,0.072712816171417,0.8978609235604824
d2_beef_uncontrolled|random_forest|regression|seed03|fold01,e1_main_d2,d2_beef_uncontrolled,random_forest,regression,3,1,16,1.4.0,real,True,ok,6435,2145,3,1,TS3,3,1,7.765849213115871,,,,,,,,0.16570609269782183,0.8935176997160503,0.30966479567349575
d2_beef_uncontrolled|random_forest|regression|seed03|fold02,e1_main_d2,d2_beef_uncontrolled,random_forest,regression,3,2,16,1.4.0,real,True,ok,6435,2145,3,1,TS2,3,1,6.527925176545978,,,,,,,,0.189323387624814,0.853014340902492,0.3483668079563114
d2_beef_uncontrolled|random_forest|regression|seed03|fold03,e1_main_d2,d2_beef_uncontrolled,random_forest,regression,3,3,16,1.4.0,real,True,ok,6435,2145,3,1,TS4,3,1,6.8095888970419765,,,,,,,,0.3030835584507287,0.7393178862722778,0.4801904394430591
d2_beef_uncontrolled|random_forest|regression|seed03|fold04,e1_main_d2,d2_beef_uncontrolled,random_forest,regression,3,4,16,1.4.0,real,True,ok,6435,2145,3,1,TS1,3,1,7.062009211163968,,,,,,,,0.8324555315132396,-0.48700082993684934,1.0169542289296452
d2_beef_uncontrolled|random_forest|regression|seed04|fold00,e1_main_d2,d2_beef_uncontrolled,random_forest,regression,4,0,16,1.4.0,real,True,ok,6435,2145,3,1,TS3,3,1,6.569227180909365,,,,,,,,0.12826127585160016,0.9381385933314806,0.23602772407791092
d2_beef_uncontrolled|random_forest|regression|seed04|fold01,e1_main_d2,d2_beef_uncontrolled,random_forest,regression,4,1,16,1.4.0,real,True,ok,6435,2145,3,1,TS5,3,1,6.6828612089157104,,,,,,,,0.5824125257396621,0.011137169172750205,0.9271926250415096
d2_beef_uncontrolled|random_forest|regression|seed04|fold02,e1_main_d2,d2_beef_uncontrolled,random_forest,regression,4,2,16,1.4.0,real,True,ok,6435,2145,3,1,TS1,3,1,6.68466988671571,,,,,,,,0.3395895267895559,0.7423717851730437,0.4232943905357664
d2_beef_uncontrolled|random_forest|regression|seed04|fold03,e1_main_d2,d2_beef_uncontrolled,random_forest,regression,4,3,16,1.4.0,real,True,ok,6435,2145,3,1,TS2,3,1,6.4518842827528715,,,,,,,,0.18757440399575678,0.853303309261471,0.3480242013679495
d2_beef_uncontrolled|random_forest|regression|seed04|fold04,e1_main_d2,d2_beef_uncontrolled,random_forest,regression,4,4,16,1.4.0,real,True,ok,6435,2145,3,1,TS4,3,1,6.513062253128737,,,,,,,,0.3353793952177039,0.6899188914283403,0.5237156429978626
d2_beef_uncontrolled|random_forest|regression|seed05|fold00,e1_main_d2,d2_beef_uncontrolled,random_forest,regression,5,0,16,1.4.0,real,True,ok,6435,2145,3,1,TS5,3,1,6.5989755522459745,,,,,,,,0.426511917996612,0.41235812013979367,0.7147568262063512
d2_beef_uncontrolled|random_forest|regression|seed05|fold01,e1_main_d2,d2_beef_uncontrolled,random_forest,regression,5,1,16,1.4.0,real,True,ok,6435,2145,3,1,TS4,3,1,6.591642234940082,,,,,,,,0.2900505257158092,0.7534350415501144,0.4670071929577329
d2_beef_uncontrolled|random_forest|regression|seed05|fold02,e1_main_d2,d2_beef_uncontrolled,random_forest,regression,5,2,16,1.4.0,real,True,ok,6435,2145,3,1,TS2,3,1,7.09135883487761,,,,,,,,0.5432643488223048,0.45406390626114745,0.6713827692530131
d2_beef_uncontrolled|random_forest|regression|seed05|fold03,e1_main_d2,d2_beef_uncontrolled,random_forest,regression,5,3,16,1.4.0,real,True,ok,6435,2145,3,1,TS3,3,1,6.85687951464206,,,,,,,,0.15146794410219094,0.9366924740045698,0.23877056883567085
d2_beef_uncontrolled|random_forest|regression|seed05|fold04,e1_main_d2,d2_beef_uncontrolled,random_forest,regression,5,4,16,1.4.0,real,True,ok,6435,2145,3,1,TS1,3,1,6.535055918153375,,,,,,,,0.8324648927263245,-0.481553255078085,1.015089731838623
d2_beef_uncontrolled|random_forest|regression|seed06|fold00,e1_main_d2,d2_beef_uncontrolled,random_forest,regression,6,0,16,1.4.0,real,True,ok,6435,2145,3,1,TS3,3,1,6.312530064955354,,,,,,,,0.1300703005270396,0.937353354384638,0.23752101146450655
d2_beef_uncontrolled|random_forest|regression|seed06|fold01,e1_main_d2,d2_beef_uncontrolled,random_forest,regression,6,1,16,1.4.0,real,True,ok,6435,2145,3,1,TS5,3,1,6.855512185022235,,,,,,,,0.5799091788173061,0.01773616186296434,0.9240937223942062
d2_beef_uncontrolled|random_forest|regression|seed06|fold02,e1_main_d2,d2_beef_uncontrolled,random_forest,regression,6,2,16,1.4.0,real,True,ok,6435,2145,3,1,TS1,3,1,6.489683222025633,,,,,,,,0.6572136198985037,-0.029624089049435476,0.8462236302509962
d2_beef_uncontrolled|random_forest|regression|seed06|fold03,e1_main_d2,d2_beef_uncontrolled,random_forest,regression,6,3,16,1.4.0,real,True,ok,6435,2145,3,1,TS4,3,1,6.277759597171098,,,,,,,,0.2957832631001608,0.7500697423569399,0.47018341997583524
d2_beef_uncontrolled|random_forest|regression|seed06|fold04,e1_main_d2,d2_beef_uncontrolled,random_forest,regression,6,4,16,1.4.0,real,True,ok,6435,2145,3,1,TS2,3,1,6.999935295898467,,,,,,,,0.5434415972212625,0.43242592382592027,0.6845584924226209
d2_beef_uncontrolled|random_forest|regression|seed07|fold00,e1_main_d2,d2_beef_uncontrolled,random_forest,regression,7,0,16,1.4.0,real,True,ok,6435,2145,3,1,TS3,3,1,7.079361660871655,,,,,,,,0.15055672363619257,0.9362399340696382,0.23962244864310953
d2_beef_uncontrolled|random_forest|regression|seed07|fold01,e1_main_d2,d2_beef_uncontrolled,random_forest,regression,7,1,16,1.4.0,real,True,ok,6435,2145,3,1,TS1,3,1,6.43772875610739,,,,,,,,0.8234396723321546,-0.45197754473022966,1.0049067216171526
d2_beef_uncontrolled|random_forest|regression|seed07|fold02,e1_main_d2,d2_beef_uncontrolled,random_forest,regression,7,2,16,1.4.0,real,True,ok,6435,2145,3,1,TS5,3,1,6.592631476931274,,,,,,,,0.7153210293052845,-0.16044860480731726,1.0044189491060584
d2_beef_uncontrolled|random_forest|regression|seed07|fold03,e1_main_d2,d2_beef_uncontrolled,random_forest,regression,7,3,16,1.4.0,real,True,ok,6435,2145,3,1,TS2,3,1,6.204227041918784,,,,,,,,0.1888834043646331,0.8531098148307934,0.3482536494666673
d2_beef_uncontrolled|random_forest|regression|seed07|fold04,e1_main_d2,d2_beef_uncontrolled,random_forest,regression,7,4,16,1.4.0,real,True,ok,6435,2145,3,1,TS4,3,1,6.324448914267123,,,,,,,,0.33360238498045136,0.6935416004494596,0.5206473433841811
d2_beef_uncontrolled|random_forest|regression|seed08|fold00,e1_main_d2,d2_beef_uncontrolled,random_forest,regression,8,0,16,1.4.0,real,True,ok,6435,2145,3,1,TS4,3,1,6.30229756841436,,,,,,,,0.3032012707533257,0.7388513888978601,0.48061990399041904
d2_beef_uncontrolled|random_forest|regression|seed08|fold01,e1_main_d2,d2_beef_uncontrolled,random_forest,regression,8,1,16,1.4.0,real,True,ok,6435,2145,3,1,TS1,3,1,6.256937046069652,,,,,,,,0.3414200806394681,0.737722347744108,0.42709692530040283
d2_beef_uncontrolled|random_forest|regression|seed08|fold02,e1_main_d2,d2_beef_uncontrolled,random_forest,regression,8,2,16,1.4.0,real,True,ok,6435,2145,3,1,TS2,3,1,7.31679121311754,,,,,,,,0.5358197672355434,0.4670591136562686,0.6633440026884073
d2_beef_uncontrolled|random_forest|regression|seed08|fold03,e1_main_d2,d2_beef_uncontrolled,random_forest,regression,8,3,16,1.4.0,real,True,ok,6435,2145,3,1,TS3,3,1,6.485721649136394,,,,,,,,0.12600758083179942,0.9387801104119977,0.23480070364929637
d2_beef_uncontrolled|random_forest|regression|seed08|fold04,e1_main_d2,d2_beef_uncontrolled,random_forest,regression,8,4,16,1.4.0,real,True,ok,6435,2145,3,1,TS5,3,1,6.3372969827614725,,,,,,,,0.41876057869082406,0.423852961965704,0.7077316352861083
d2_beef_uncontrolled|random_forest|regression|seed09|fold00,e1_main_d2,d2_beef_uncontrolled,random_forest,regression,9,0,16,1.4.0,real,True,ok,6435,2145,3,1,TS5,3,1,6.3892409866675735,,,,,,,,0.4235599794378248,0.40388826854702964,0.7198893960247094
d2_beef_uncontrolled|random_forest|regression|seed09|fold01,e1_main_d2,d2_beef_uncontrolled,random_forest,regression,9,1,16,1.4.0,real,True,ok,6435,2145,3,1,TS4,3,1,6.930220798123628,,,,,,,,0.30432241994132214,0.7343547434098183,0.4847400740694251
d2_beef_uncontrolled|random_forest|regression|seed09|fold02,e1_main_d2,d2_beef_uncontrolled,random_forest,regression,9,2,16,1.4.0,real,True,ok,6435,2145,3,1,TS1,3,1,6.897573139984161,,,,,,,,0.3445215673116194,0.7614014747828098,0.40736121627040267
d2_beef_uncontrolled|random_forest|regression|seed09|fold03,e1_main_d2,d2_beef_uncontrolled,random_forest,regression,9,3,16,1.4.0,real,True,ok,6435,2145,3,1,TS3,3,1,7.403599177021533,,,,,,,,0.1580494325002612,0.9066494923375925,0.2899422235168484
d2_beef_uncontrolled|random_forest|regression|seed09|fold04,e1_main_d2,d2_beef_uncontrolled,random_forest,regression,9,4,16,1.4.0,real,True,ok,6435,2145,3,1,TS2,3,1,6.695943131111562,,,,,,,,0.4586124194829184,0.5017538370469468,0.6413886472104682
d2_beef_uncontrolled|svm_rbf|classification|seed00|fold00,e1_main_d2,d2_beef_uncontrolled,svm_rbf,classification,0,0,16,1.4.0,real,True,ok,6435,2145,3,1,TS3,3,1,2.132940200623125,0.765034965034965,0.8986887624379616,True,4.0,0.6907769726247988,require_all_classes,0.6682007689702205,,,
d2_beef_uncontrolled|svm_rbf|classification|seed00|fold01,e1_main_d2,d2_beef_uncontrolled,svm_rbf,classification,0,1,16,1.4.0,real,True,ok,6435,2145,3,1,TS5,3,1,1.7557145580649376,0.16083916083916083,0.9157769568956312,True,4.0,0.25,require_all_classes,0.06927710843373494,,,
d2_beef_uncontrolled|svm_rbf|classification|seed00|fold02,e1_main_d2,d2_beef_uncontrolled,svm_rbf,classification,0,2,16,1.4.0,real,True,ok,6435,2145,3,1,TS4,3,1,1.505202620755881,0.7995337995337995,0.9548564778704451,True,4.0,0.7508626639061422,require_all_classes,0.7519884607462285,,,
d2_beef_uncontrolled|svm_rbf|classification|seed00|fold03,e1_main_d2,d2_beef_uncontrolled,svm_rbf,classification,0,3,16,1.4.0,real,True,ok,6435,2145,3,1,TS1,3,1,1.6214818661101162,0.30862470862470864,0.8071731886567233,True,4.0,0.415530303030303,require_all_classes,0.2573792702762225,,,
d2_beef_uncontrolled|svm_rbf|classification|seed00|fold04,e1_main_d2,d2_beef_uncontrolled,svm_rbf,classification,0,4,16,1.4.0,real,True,ok,6435,2145,3,1,TS2,3,1,1.73918153392151,0.42144522144522145,0.9004223022386042,True,4.0,0.45710144927536234,require_all_classes,0.39096731728310674,,,
d2_beef_uncontrolled|svm_rbf|classification|seed01|fold00,e1_main_d2,d2_beef_uncontrolled,svm_rbf,classification,1,0,16,1.4.0,real,True,ok,6435,2145,3,1,TS5,3,1,1.7631733226589859,0.16083916083916083,0.6204782829033735,True,4.0,0.25,require_all_classes,0.06927710843373494,,,
d2_beef_uncontrolled|svm_rbf|classification|seed01|fold01,e1_main_d2,d2_beef_uncontrolled,svm_rbf,classification,1,1,16,1.4.0,real,True,ok,6435,2145,3,1,TS1,3,1,1.6058742408640683,0.30862470862470864,0.8071731886567233,True,4.0,0.415530303030303,require_all_classes,0.2573792702762225,,,
d2_beef_uncontrolled|svm_rbf|classification|seed01|fold02,e1_main_d2,d2_beef_uncontrolled,svm_rbf,classification,1,2,16,1.4.0,real,True,ok,6435,2145,3,1,TS2,3,1,1.787075222004205,0.42144522144522145,0.9004223022386042,True,4.0,0.45710144927536234,require_all_classes,0.39096731728310674,,,
d2_beef_uncontrolled|svm_rbf|classification|seed01|fold03,e1_main_d2,d2_beef_uncontrolled,svm_rbf,classification,1,3,16,1.4.0,real,True,ok,6435,2145,3,1,TS3,3,1,1.5507656028494239,0.7846153846153846,0.9094924883789546,True,4.0,0.7027777777777777,require_all_classes,0.6725915650801123,,,
d2_beef_uncontrolled|svm_rbf|classification|seed01|fold04,e1_main_d2,d2_beef_uncontrolled,svm_rbf,classification,1,4,16,1.4.0,real,True,ok,6435,2145,3,1,TS4,3,1,1.7097195941023529,0.7296037296037297,0.911869909319187,True,4.0,0.699404761904762,require_all_classes,0.6324586999648977,,,
d2_beef_uncontrolled|svm_rbf|classification|seed02|fold00,e1_main_d2,d2_beef_uncontrolled,svm_rbf,classification,2,0,16,1.4.0,real,True,ok,6435,2145,3,1,TS3,3,1,1.8676289920695126,0.765034965034965,0.8986887624379616,True,4.0,0.6907769726247988,require_all_classes,0.6682007689702205,,,
d2_beef_uncontrolled|svm_rbf|classification|seed02|fold01,e1_main_d2,d2_beef_uncontrolled,svm_rbf,classification,2,1,16,1.4.0,real,True,ok,6435,2145,3,1,TS5,3,1,1.7112832739949226,0.16083916083916083,0.9157769568956312,True,4.0,0.25,require_all_classes,0.06927710843373494,,,
d2_beef_uncontrolled|svm_rbf|classification|seed02|fold02,e1_main_d2,d2_beef_uncontrolled,svm_rbf,classification,2,2,16,1.4.0,real,True,ok,6435,2145,3,1,TS4,3,1,1.5675353640690446,0.7995337995337995,0.9548564778704451,True,4.0,0.7508626639061422,require_all_classes,0.7519884607462285,,,
d2_beef_uncontrolled|svm_rbf|classification|seed02|fold03,e1_main_d2,d2_beef_uncontrolled,svm_rbf,classification,2,3,16,1.4.0,real,True,ok,6435,2145,3,1,TS1,3,1,1.6899839099496603,0.30862470862470864,0.8071731886567233,True,4.0,0.415530303030303,require_all_classes,0.2573792702762225,,,
d2_beef_uncontrolled|svm_rbf|classification|seed02|fold04,e1_main_d2,d2_beef_uncontrolled,svm_rbf,classification,2,4,16,1.4.0,real,True,ok,6435,2145,3,1,TS2,3,1,1.809455597307533,0.42144522144522145,0.9004223022386042,True,4.0,0.45710144927536234,require_all_classes,0.39096731728310674,,,
d2_beef_uncontrolled|svm_rbf|classification|seed03|fold00,e1_main_d2,d2_beef_uncontrolled,svm_rbf,classification,3,0,16,1.4.0,real,True,ok,6435,2145,3,1,TS5,3,1,1.9092030017636716,0.16083916083916083,0.8081168806821927,True,4.0,0.25,require_all_classes,0.06927710843373494,,,
d2_beef_uncontrolled|svm_rbf|classification|seed03|fold01,e1_main_d2,d2_beef_uncontrolled,svm_rbf,classification,3,1,16,1.4.0,real,True,ok,6435,2145,3,1,TS3,3,1,1.744472362101078,0.7743589743589744,0.950691540186243,True,4.0,0.7712882447665057,require_all_classes,0.7588362542277056,,,
d2_beef_uncontrolled|svm_rbf|classification|seed03|fold02,e1_main_d2,d2_beef_uncontrolled,svm_rbf,classification,3,2,16,1.4.0,real,True,ok,6435,2145,3,1,TS2,3,1,1.4236370669677854,0.40745920745920744,0.8239184686990033,True,4.0,0.48217391304347823,require_all_classes,0.37959545227086,,,
d2_beef_uncontrolled|svm_rbf|classification|seed03|fold03,e1_main_d2,d2_beef_uncontrolled,svm_rbf,classification,3,3,16,1.4.0,real,True,ok,6435,2145,3,1,TS4,3,1,1.4548357659950852,0.7995337995337995,0.9548564778704451,True,4.0,0.7508626639061422,require_all_classes,0.7519884607462285,,,
d2_beef_uncontrolled|svm_rbf|classification|seed03|fold04,e1_main_d2,d2_beef_uncontrolled,svm_rbf,classification,3,4,16,1.4.0,real,True,ok,6435,2145,3,1,TS1,3,1,1.7462437022477388,0.1048951048951049,0.46473349399351904,True,4.0,0.25,require_all_classes,0.04746835443037975,,,
d2_beef_uncontrolled|svm_rbf|classification|seed04|fold00,e1_main_d2,d2_beef_uncontrolled,svm_rbf,classification,4,0,16,1.4.0,real,True,ok,6435,2145,3,1,TS3,3,1,1.853117770049721,0.765034965034965,0.8986887624379616,True,4.0,0.6907769726247988,require_all_classes,0.6682007689702205,,,
d2_beef_uncontrolled|svm_rbf|classification|seed04|fold01,e1_main_d2,d2_beef_uncontrolled,svm_rbf,classification,4,1,16,1.4.0,real,True,ok,6435,2145,3,1,TS5,3,1,1.7750845942646265,0.16083916083916083,0.6204782829033735,True,4.0,0.25,require_all_classes,0.06927710843373494,,,
d2_beef_uncontrolled|svm_rbf|classification|seed04|fold02,e1_main_d2,d2_beef_uncontrolled,svm_rbf,classification,4,2,16,1.4.0,real,True,ok,6435,2145,3,1,TS1,3,1,1.588668670039624,0.30862470862470864,0.8071731886567233,True,4.0,0.415530303030303,require_all_classes,0.2573792702762225,,,
d2_beef_uncontrolled|svm_rbf|classification|seed04|fold03,e1_main_d2,d2_beef_uncontrolled,svm_rbf,classification,4,3,16,1.4.0,real,True,ok,6435,2145,3,1,TS2,3,1,1.4190780892968178,0.40745920745920744,0.8239184686990033,True,4.0,0.48217391304347823,require_all_classes,0.37959545227086,,,
d2_beef_uncontrolled|svm_rbf|classification|seed04|fold04,e1_main_d2,d2_beef_uncontrolled,svm_rbf,classification,4,4,16,1.4.0,real,True,ok,6435,2145,3,1,TS4,3,1,1.45355464797467,0.6358974358974359,0.8815966809961483,True,4.0,0.5716183574879227,require_all_classes,0.5449703223976978,,,
d2_beef_uncontrolled|svm_rbf|classification|seed05|fold00,e1_main_d2,d2_beef_uncontrolled,svm_rbf,classification,5,0,16,1.4.0,real,True,ok,6435,2145,3,1,TS5,3,1,1.7437146930024028,0.16083916083916083,0.9157769568956312,True,4.0,0.25,require_all_classes,0.06927710843373494,,,
d2_beef_uncontrolled|svm_rbf|classification|seed05|fold01,e1_main_d2,d2_beef_uncontrolled,svm_rbf,classification,5,1,16,1.4.0,real,True,ok,6435,2145,3,1,TS4,3,1,1.4093326670117676,0.7515151515151515,0.9419937681483147,True,4.0,0.7044312169312169,require_all_classes,0.6940921885816191,,,
d2_beef_uncontrolled|svm_rbf|classification|seed05|fold02,e1_main_d2,d2_beef_uncontrolled,svm_rbf,classification,5,2,16,1.4.0,real,True,ok,6435,2145,3,1,TS2,3,1,1.8776570199988782,0.42144522144522145,0.9004223022386042,True,4.0,0.45710144927536234,require_all_classes,0.39096731728310674,,,
d2_beef_uncontrolled|svm_rbf|classification|seed05|fold03,e1_main_d2,d2_beef_uncontrolled,svm_rbf,classification,5,3,16,1.4.0,real,True,ok,6435,2145,3,1,TS3,3,1,1.5924127837643027,0.7393939393939394,0.9087662488308513,True,4.0,0.6655152979066022,require_all_classes,0.6493410233796388,,,
d2_beef_uncontrolled|svm_rbf|classification|seed05|fold04,e1_main_d2,d2_beef_uncontrolled,svm_rbf,classification,5,4,16,1.4.0,real,True,ok,6435,2145,3,1,TS1,3,1,1.783246757928282,0.1048951048951049,0.46473349399351904,True,4.0,0.25,require_all_classes,0.04746835443037975,,,
d2_beef_uncontrolled|svm_rbf|classification|seed06|fold00,e1_main_d2,d2_beef_uncontrolled,svm_rbf,classification,6,0,16,1.4.0,real,True,ok,6435,2145,3,1,TS3,3,1,2.0092013482935727,0.765034965034965,0.8986887624379616,True,4.0,0.6907769726247988,require_all_classes,0.6682007689702205,,,
d2_beef_uncontrolled|svm_rbf|classification|seed06|fold01,e1_main_d2,d2_beef_uncontrolled,svm_rbf,classification,6,1,16,1.4.0,real,True,ok,6435,2145,3,1,TS5,3,1,1.7395347021520138,0.16083916083916083,0.6204782829033735,True,4.0,0.25,require_all_classes,0.06927710843373494,,,
d2_beef_uncontrolled|svm_rbf|classification|seed06|fold02,e1_main_d2,d2_beef_uncontrolled,svm_rbf,classification,6,2,16,1.4.0,real,True,ok,6435,2145,3,1,TS1,3,1,1.6099430406466126,0.1048951048951049,0.780839511609644,True,4.0,0.25,require_all_classes,0.04746835443037975,,,
d2_beef_uncontrolled|svm_rbf|classification|seed06|fold03,e1_main_d2,d2_beef_uncontrolled,svm_rbf,classification,6,3,16,1.4.0,real,True,ok,6435,2145,3,1,TS4,3,1,1.4429136631079018,0.7515151515151515,0.9419937681483147,True,4.0,0.7044312169312169,require_all_classes,0.6940921885816191,,,
d2_beef_uncontrolled|svm_rbf|classification|seed06|fold04,e1_main_d2,d2_beef_uncontrolled,svm_rbf,classification,6,4,16,1.4.0,real,True,ok,6435,2145,3,1,TS2,3,1,1.69086127076298,0.42144522144522145,0.9004223022386042,True,4.0,0.45710144927536234,require_all_classes,0.39096731728310674,,,
d2_beef_uncontrolled|svm_rbf|classification|seed07|fold00,e1_main_d2,d2_beef_uncontrolled,svm_rbf,classification,7,0,16,1.4.0,real,True,ok,6435,2145,3,1,TS3,3,1,1.5458805188536644,0.7393939393939394,0.9087662488308513,True,4.0,0.6655152979066022,require_all_classes,0.6493410233796388,,,
d2_beef_uncontrolled|svm_rbf|classification|seed07|fold01,e1_main_d2,d2_beef_uncontrolled,svm_rbf,classification,7,1,16,1.4.0,real,True,ok,6435,2145,3,1,TS1,3,1,1.6616673530079424,0.1048951048951049,0.46473349399351904,True,4.0,0.25,require_all_classes,0.04746835443037975,,,
d2_beef_uncontrolled|svm_rbf|classification|seed07|fold02,e1_main_d2,d2_beef_uncontrolled,svm_rbf,classification,7,2,16,1.4.0,real,True,ok,6435,2145,3,1,TS5,3,1,1.783092760015279,0.16083916083916083,0.9138419349268154,True,4.0,0.25,require_all_classes,0.06927710843373494,,,
d2_beef_uncontrolled|svm_rbf|classification|seed07|fold03,e1_main_d2,d2_beef_uncontrolled,svm_rbf,classification,7,3,16,1.4.0,real,True,ok,6435,2145,3,1,TS2,3,1,1.4416498360224068,0.40745920745920744,0.8239184686990033,True,4.0,0.48217391304347823,require_all_classes,0.37959545227086,,,
d2_beef_uncontrolled|svm_rbf|classification|seed07|fold04,e1_main_d2,d2_beef_uncontrolled,svm_rbf,classification,7,4,16,1.4.0,real,True,ok,6435,2145,3,1,TS4,3,1,1.4441143199801445,0.6358974358974359,0.8815966809961483,True,4.0,0.5716183574879227,require_all_classes,0.5449703223976978,,,
d2_beef_uncontrolled|svm_rbf|classification|seed08|fold00,e1_main_d2,d2_beef_uncontrolled,svm_rbf,classification,8,0,16,1.4.0,real,True,ok,6435,2145,3,1,TS4,3,1,1.4440323943272233,0.7995337995337995,0.9548564778704451,True,4.0,0.7508626639061422,require_all_classes,0.7519884607462285,,,
d2_beef_uncontrolled|svm_rbf|classification|seed08|fold01,e1_main_d2,d2_beef_uncontrolled,svm_rbf,classification,8,1,16,1.4.0,real,True,ok,6435,2145,3,1,TS1,3,1,1.5633159847930074,0.30862470862470864,0.8071731886567233,True,4.0,0.415530303030303,require_all_classes,0.2573792702762225,,,
d2_beef_uncontrolled|svm_rbf|classification|seed08|fold02,e1_main_d2,d2_beef_uncontrolled,svm_rbf,classification,8,2,16,1.4.0,real,True,ok,6435,2145,3,1,TS2,3,1,1.761165743228048,0.42144522144522145,0.9004223022386042,True,4.0,0.45710144927536234,require_all_classes,0.39096731728310674,,,
d2_beef_uncontrolled|svm_rbf|classification|seed08|fold03,e1_main_d2,d2_beef_uncontrolled,svm_rbf,classification,8,3,16,1.4.0,real,True,ok,6435,2145,3,1,TS3,3,1,2.0758643178269267,0.765034965034965,0.8986887624379616,True,4.0,0.6907769726247988,require_all_classes,0.6682007689702205,,,
d2_beef_uncontrolled|svm_rbf|classification|seed08|fold04,e1_main_d2,d2_beef_uncontrolled,svm_rbf,classification,8,4,16,1.4.0,real,True,ok,6435,2145,3,1,TS5,3,1,1.7566870711743832,0.16083916083916083,0.9157769568956312,True,4.0,0.25,require_all_classes,0.06927710843373494,,,
d2_beef_uncontrolled|svm_rbf|classification|seed09|fold00,e1_main_d2,d2_beef_uncontrolled,svm_rbf,classification,9,0,16,1.4.0,real,True,ok,6435,2145,3,1,TS5,3,1,1.737267096992582,0.16083916083916083,0.9157769568956312,True,4.0,0.25,require_all_classes,0.06927710843373494,,,
d2_beef_uncontrolled|svm_rbf|classification|seed09|fold01,e1_main_d2,d2_beef_uncontrolled,svm_rbf,classification,9,1,16,1.4.0,real,True,ok,6435,2145,3,1,TS4,3,1,1.533554291818291,0.7995337995337995,0.9548564778704451,True,4.0,0.7508626639061422,require_all_classes,0.7519884607462285,,,
d2_beef_uncontrolled|svm_rbf|classification|seed09|fold02,e1_main_d2,d2_beef_uncontrolled,svm_rbf,classification,9,2,16,1.4.0,real,True,ok,6435,2145,3,1,TS1,3,1,1.6050737779587507,0.1048951048951049,0.6672283377247517,True,4.0,0.25,require_all_classes,0.04746835443037975,,,
d2_beef_uncontrolled|svm_rbf|classification|seed09|fold03,e1_main_d2,d2_beef_uncontrolled,svm_rbf,classification,9,3,16,1.4.0,real,True,ok,6435,2145,3,1,TS3,3,1,1.7573253959417343,0.7743589743589744,0.950691540186243,True,4.0,0.7712882447665057,require_all_classes,0.7588362542277056,,,
d2_beef_uncontrolled|svm_rbf|classification|seed09|fold04,e1_main_d2,d2_beef_uncontrolled,svm_rbf,classification,9,4,16,1.4.0,real,True,ok,6435,2145,3,1,TS2,3,1,1.8587061408907175,0.3986013986013986,0.766733018684695,True,4.0,0.4782608695652174,require_all_classes,0.3623193686753009,,,
d2_beef_uncontrolled|svm_rbf|regression|seed00|fold00,e1_main_d2,d2_beef_uncontrolled,svm_rbf,regression,0,0,16,1.4.0,real,True,ok,6435,2145,3,1,TS3,3,1,1.0545796188525856,,,,,,,,0.2109405525183278,0.9162735086664303,0.2745899063914894
d2_beef_uncontrolled|svm_rbf|regression|seed00|fold01,e1_main_d2,d2_beef_uncontrolled,svm_rbf,regression,0,1,16,1.4.0,real,True,ok,6435,2145,3,1,TS5,3,1,0.9051334010437131,,,,,,,,0.9420869003766299,-0.2053252463193247,1.023656076222351
d2_beef_uncontrolled|svm_rbf|regression|seed00|fold02,e1_main_d2,d2_beef_uncontrolled,svm_rbf,regression,0,2,16,1.4.0,real,True,ok,6435,2145,3,1,TS4,3,1,1.116070100106299,,,,,,,,0.16436419968011148,0.9238279810627031,0.2595706744131728
d2_beef_uncontrolled|svm_rbf|regression|seed00|fold03,e1_main_d2,d2_beef_uncontrolled,svm_rbf,regression,0,3,16,1.4.0,real,True,ok,6435,2145,3,1,TS1,3,1,0.8568214122205973,,,,,,,,1.1611900733914224,-1.6087777749765402,1.346989914989449
d2_beef_uncontrolled|svm_rbf|regression|seed00|fold04,e1_main_d2,d2_beef_uncontrolled,svm_rbf,regression,0,4,16,1.4.0,real,True,ok,6435,2145,3,1,TS2,3,1,0.9571676701307297,,,,,,,,0.7383474758728651,0.0991183263095482,0.8624484842302236
d2_beef_uncontrolled|svm_rbf|regression|seed01|fold00,e1_main_d2,d2_beef_uncontrolled,svm_rbf,regression,1,0,16,1.4.0,real,True,ok,6435,2145,3,1,TS5,3,1,0.9210112509317696,,,,,,,,1.0214645833278813,-0.5440229869611006,1.158587458139444
d2_beef_uncontrolled|svm_rbf|regression|seed01|fold01,e1_main_d2,d2_beef_uncontrolled,svm_rbf,regression,1,1,16,1.4.0,real,True,ok,6435,2145,3,1,TS1,3,1,0.8420780971646309,,,,,,,,1.1611900733914224,-1.6087777749765402,1.346989914989449
d2_beef_uncontrolled|svm_rbf|regression|seed01|fold02,e1_main_d2,d2_beef_uncontrolled,svm_rbf,regression,1,2,16,1.4.0,real,True,ok,6435,2145,3,1,TS2,3,1,1.0009507536888123,,,,,,,,0.7383474758728651,0.0991183263095482,0.8624484842302236
d2_beef_uncontrolled|svm_rbf|regression|seed01|fold03,e1_main_d2,d2_beef_uncontrolled,svm_rbf,regression,1,3,16,1.4.0,real,True,ok,6435,2145,3,1,TS3,3,1,1.228802242781967,,,,,,,,0.39335437848733,0.7631259847771147,0.4618615768535171
d2_beef_uncontrolled|svm_rbf|regression|seed01|fold04,e1_main_d2,d2_beef_uncontrolled,svm_rbf,regression,1,4,16,1.4.0,real,True,ok,6435,2145,3,1,TS4,3,1,0.8705176562070847,,,,,,,,0.32395841487531235,0.7873036129007892,0.4337484627513642
d2_beef_uncontrolled|svm_rbf|regression|seed02|fold00,e1_main_d2,d2_beef_uncontrolled,svm_rbf,regression,2,0,16,1.4.0,real,True,ok,6435,2145,3,1,TS3,3,1,0.9573363219387829,,,,,,,,0.2109405525183278,0.9162735086664303,0.2745899063914894
d2_beef_uncontrolled|svm_rbf|regression|seed02|fold01,e1_main_d2,d2_beef_uncontrolled,svm_rbf,regression,2,1,16,1.4.0,real,True,ok,6435,2145,3,1,TS5,3,1,0.8636494190432131,,,,,,,,0.9420869003766299,-0.2053252463193247,1.023656076222351
d2_beef_uncontrolled|svm_rbf|regression|seed02|fold02,e1_main_d2,d2_beef_uncontrolled,svm_rbf,regression,2,2,16,1.4.0,real,True,ok,6435,2145,3,1,TS4,3,1,1.1267359890043736,,,,,,,,0.16436419968011148,0.9238279810627031,0.2595706744131728
d2_beef_uncontrolled|svm_rbf|regression|seed02|fold03,e1_main_d2,d2_beef_uncontrolled,svm_rbf,regression,2,3,16,1.4.0,real,True,ok,6435,2145,3,1,TS1,3,1,0.9030067538842559,,,,,,,,1.1611900733914224,-1.6087777749765402,1.346989914989449
d2_beef_uncontrolled|svm_rbf|regression|seed02|fold04,e1_main_d2,d2_beef_uncontrolled,svm_rbf,regression,2,4,16,1.4.0,real,True,ok,6435,2145,3,1,TS2,3,1,0.9923358443193138,,,,,,,,0.7383474758728651,0.0991183263095482,0.8624484842302236
d2_beef_uncontrolled|svm_rbf|regression|seed03|fold00,e1_main_d2,d2_beef_uncontrolled,svm_rbf,regression,3,0,16,1.4.0,real,True,ok,6435,2145,3,1,TS5,3,1,0.9833477437496185,,,,,,,,0.9940432975648147,-0.4398547965084272,1.1188227554213008
d2_beef_uncontrolled|svm_rbf|regression|seed03|fold01,e1_main_d2,d2_beef_uncontrolled,svm_rbf,regression,3,1,16,1.4.0,real,True,ok,6435,2145,3,1,TS3,3,1,0.9392130677588284,,,,,,,,0.27100886647328726,0.849936408545691,0.36761294082126655
d2_beef_uncontrolled|svm_rbf|regression|seed03|fold02,e1_main_d2,d2_beef_uncontrolled,svm_rbf,regression,3,2,16,1.4.0,real,True,ok,6435,2145,3,1,TS2,3,1,0.8730641142465174,,,,,,,,0.7850077239200286,-0.0938634738093913,0.9503440224783866
d2_beef_uncontrolled|svm_rbf|regression|seed03|fold03,e1_main_d2,d2_beef_uncontrolled,svm_rbf,regression,3,3,16,1.4.0,real,True,ok,6435,2145,3,1,TS4,3,1,1.0620233691297472,,,,,,,,0.16436419968011148,0.9238279810627031,0.2595706744131728
d2_beef_uncontrolled|svm_rbf|regression|seed03|fold04,e1_main_d2,d2_beef_uncontrolled,svm_rbf,regression,3,4,16,1.4.0,real,True,ok,6435,2145,3,1,TS1,3,1,0.9026923887431622,,,,,,,,0.9764528963153294,-0.8662511146121161,1.139280964869876
d2_beef_uncontrolled|svm_rbf|regression|seed04|fold00,e1_main_d2,d2_beef_uncontrolled,svm_rbf,regression,4,0,16,1.4.0,real,True,ok,6435,2145,3,1,TS3,3,1,0.9692016569897532,,,,,,,,0.2109405525183278,0.9162735086664303,0.2745899063914894
d2_beef_uncontrolled|svm_rbf|regression|seed04|fold01,e1_main_d2,d2_beef_uncontrolled,svm_rbf,regression,4,1,16,1.4.0,real,True,ok,6435,2145,3,1,TS5,3,1,0.919367603957653,,,,,,,,1.0214645833278813,-0.5440229869611006,1.158587458139444
d2_beef_uncontrolled|svm_rbf|regression|seed04|fold02,e1_main_d2,d2_beef_uncontrolled,svm_rbf,regression,4,2,16,1.4.0,real,True,ok,6435,2145,3,1,TS1,3,1,0.8125056722201407,,,,,,,,1.1611900733914224,-1.6087777749765402,1.346989914989449
d2_beef_uncontrolled|svm_rbf|regression|seed04|fold03,e1_main_d2,d2_beef_uncontrolled,svm_rbf,regression,4,3,16,1.4.0,real,True,ok,6435,2145,3,1,TS2,3,1,0.8705602833069861,,,,,,,,0.7850077239200286,-0.0938634738093913,0.9503440224783866
d2_beef_uncontrolled|svm_rbf|regression|seed04|fold04,e1_main_d2,d2_beef_uncontrolled,svm_rbf,regression,4,4,16,1.4.0,real,True,ok,6435,2145,3,1,TS4,3,1,1.130139757413417,,,,,,,,0.4174608513552052,0.7648896336854426,0.4560303858718812
d2_beef_uncontrolled|svm_rbf|regression|seed05|fold00,e1_main_d2,d2_beef_uncontrolled,svm_rbf,regression,5,0,16,1.4.0,real,True,ok,6435,2145,3,1,TS5,3,1,0.8896812698803842,,,,,,,,0.9420869003766299,-0.2053252463193247,1.023656076222351
d2_beef_uncontrolled|svm_rbf|regression|seed05|fold01,e1_main_d2,d2_beef_uncontrolled,svm_rbf,regression,5,1,16,1.4.0,real,True,ok,6435,2145,3,1,TS4,3,1,0.923264083918184,,,,,,,,0.2104732275670739,0.9170672538465141,0.27084505784378815
d2_beef_uncontrolled|svm_rbf|regression|seed05|fold02,e1_main_d2,d2_beef_uncontrolled,svm_rbf,regression,5,2,16,1.4.0,real,True,ok,6435,2145,3,1,TS2,3,1,1.0008677528239787,,,,,,,,0.7383474758728651,0.0991183263095482,0.8624484842302236
d2_beef_uncontrolled|svm_rbf|regression|seed05|fold03,e1_main_d2,d2_beef_uncontrolled,svm_rbf,regression,5,3,16,1.4.0,real,True,ok,6435,2145,3,1,TS3,3,1,1.1199061777442694,,,,,,,,0.19767426220885317,0.9173312788429153,0.2728498584109834
d2_beef_uncontrolled|svm_rbf|regression|seed05|fold04,e1_main_d2,d2_beef_uncontrolled,svm_rbf,regression,5,4,16,1.4.0,real,True,ok,6435,2145,3,1,TS1,3,1,0.9561282633803785,,,,,,,,0.9764528963153294,-0.8662511146121161,1.139280964869876
d2_beef_uncontrolled|svm_rbf|regression|seed06|fold00,e1_main_d2,d2_beef_uncontrolled,svm_rbf,regression,6,0,16,1.4.0,real,True,ok,6435,2145,3,1,TS3,3,1,1.0043850969523191,,,,,,,,0.2109405525183278,0.9162735086664303,0.2745899063914894
d2_beef_uncontrolled|svm_rbf|regression|seed06|fold01,e1_main_d2,d2_beef_uncontrolled,svm_rbf,regression,6,1,16,1.4.0,real,True,ok,6435,2145,3,1,TS5,3,1,0.8976760641671717,,,,,,,,1.0214645833278813,-0.5440229869611006,1.158587458139444
d2_beef_uncontrolled|svm_rbf|regression|seed06|fold02,e1_main_d2,d2_beef_uncontrolled,svm_rbf,regression,6,2,16,1.4.0,real,True,ok,6435,2145,3,1,TS1,3,1,1.135451627895236,,,,,,,,0.9827620176820169,-0.9101401477761111,1.152599475387367
d2_beef_uncontrolled|svm_rbf|regression|seed06|fold03,e1_main_d2,d2_beef_uncontrolled,svm_rbf,regression,6,3,16,1.4.0,real,True,ok,6435,2145,3,1,TS4,3,1,0.8961378601379693,,,,,,,,0.2104732275670739,0.9170672538465141,0.27084505784378815
d2_beef_uncontrolled|svm_rbf|regression|seed06|fold04,e1_main_d2,d2_beef_uncontrolled,svm_rbf,regression,6,4,16,1.4.0,real,True,ok,6435,2145,3,1,TS2,3,1,0.9610422449186444,,,,,,,,0.7383474758728651,0.0991183263095482,0.8624484842302236
d2_beef_uncontrolled|svm_rbf|regression|seed07|fold00,e1_main_d2,d2_beef_uncontrolled,svm_rbf,regression,7,0,16,1.4.0,real,True,ok,6435,2145,3,1,TS3,3,1,1.123367859981954,,,,,,,,0.19767426220885317,0.9173312788429153,0.2728498584109834
d2_beef_uncontrolled|svm_rbf|regression|seed07|fold01,e1_main_d2,d2_beef_uncontrolled,svm_rbf,regression,7,1,16,1.4.0,real,True,ok,6435,2145,3,1,TS1,3,1,0.8641045796684921,,,,,,,,0.9764528963153294,-0.8662511146121161,1.139280964869876
d2_beef_uncontrolled|svm_rbf|regression|seed07|fold02,e1_main_d2,d2_beef_uncontrolled,svm_rbf,regression,7,2,16,1.4.0,real,True,ok,6435,2145,3,1,TS5,3,1,0.698192042298615,,,,,,,,1.0441114505729694,-0.6359798212712902,1.1925893133389478
d2_beef_uncontrolled|svm_rbf|regression|seed07|fold03,e1_main_d2,d2_beef_uncontrolled,svm_rbf,regression,7,3,16,1.4.0,real,True,ok,6435,2145,3,1,TS2,3,1,0.8894091667607427,,,,,,,,0.7850077239200286,-0.0938634738093913,0.9503440224783866
d2_beef_uncontrolled|svm_rbf|regression|seed07|fold04,e1_main_d2,d2_beef_uncontrolled,svm_rbf,regression,7,4,16,1.4.0,real,True,ok,6435,2145,3,1,TS4,3,1,1.136445723939687,,,,,,,,0.4174608513552052,0.7648896336854426,0.4560303858718812
d2_beef_uncontrolled|svm_rbf|regression|seed08|fold00,e1_main_d2,d2_beef_uncontrolled,svm_rbf,regression,8,0,16,1.4.0,real,True,ok,6435,2145,3,1,TS4,3,1,1.074954363051802,,,,,,,,0.16436419968011148,0.9238279810627031,0.2595706744131728
d2_beef_uncontrolled|svm_rbf|regression|seed08|fold01,e1_main_d2,d2_beef_uncontrolled,svm_rbf,regression,8,1,16,1.4.0,real,True,ok,6435,2145,3,1,TS1,3,1,0.843524491880089,,,,,,,,1.1611900733914224,-1.6087777749765402,1.346989914989449
d2_beef_uncontrolled|svm_rbf|regression|seed08|fold02,e1_main_d2,d2_beef_uncontrolled,svm_rbf,regression,8,2,16,1.4.0,real,True,ok,6435,2145,3,1,TS2,3,1,0.9822019478306174,,,,,,,,0.7383474758728651,0.0991183263095482,0.8624484842302236
d2_beef_uncontrolled|svm_rbf|regression|seed08|fold03,e1_main_d2,d2_beef_uncontrolled,svm_rbf,regression,8,3,16,1.4.0,real,True,ok,6435,2145,3,1,TS3,3,1,1.0548729039728642,,,,,,,,0.2109405525183278,0.9162735086664303,0.2745899063914894
d2_beef_uncontrolled|svm_rbf|regression|seed08|fold04,e1_main_d2,d2_beef_uncontrolled,svm_rbf,regression,8,4,16,1.4.0,real,True,ok,6435,2145,3,1,TS5,3,1,0.9005141910165548,,,,,,,,0.9420869003766299,-0.2053252463193247,1.023656076222351
d2_beef_uncontrolled|svm_rbf|regression|seed09|fold00,e1_main_d2,d2_beef_uncontrolled,svm_rbf,regression,9,0,16,1.4.0,real,True,ok,6435,2145,3,1,TS5,3,1,0.8954228102229536,,,,,,,,0.9420869003766299,-0.2053252463193247,1.023656076222351
d2_beef_uncontrolled|svm_rbf|regression|seed09|fold01,e1_main_d2,d2_beef_uncontrolled,svm_rbf,regression,9,1,16,1.4.0,real,True,ok,6435,2145,3,1,TS4,3,1,1.1338061019778252,,,,,,,,0.16436419968011148,0.9238279810627031,0.2595706744131728
d2_beef_uncontrolled|svm_rbf|regression|seed09|fold02,e1_main_d2,d2_beef_uncontrolled,svm_rbf,regression,9,2,16,1.4.0,real,True,ok,6435,2145,3,1,TS1,3,1,1.1350280782207847,,,,,,,,1.0395098162170386,-1.1307103017051796,1.2173291003950901
d2_beef_uncontrolled|svm_rbf|regression|seed09|fold03,e1_main_d2,d2_beef_uncontrolled,svm_rbf,regression,9,3,16,1.4.0,real,True,ok,6435,2145,3,1,TS3,3,1,0.9843791839666665,,,,,,,,0.27100886647328726,0.849936408545691,0.36761294082126655
d2_beef_uncontrolled|svm_rbf|regression|seed09|fold04,e1_main_d2,d2_beef_uncontrolled,svm_rbf,regression,9,4,16,1.4.0,real,True,ok,6435,2145,3,1,TS2,3,1,0.718961747828871,,,,,,,,0.6242995006907541,0.28340424210583914,0.7691949132262065
d2_beef_uncontrolled|tcn|classification|seed00|fold00,e1_main_d2,d2_beef_uncontrolled,tcn,classification,0,0,16,1.4.0,real,True,ok,6435,2145,3,1,TS3,3,1,9.584174257237464,0.7599067599067599,0.832292607142712,True,4.0,0.6633856682769727,require_all_classes,0.6398257030301912,,,
d2_beef_uncontrolled|tcn|classification|seed00|fold01,e1_main_d2,d2_beef_uncontrolled,tcn,classification,0,1,16,1.4.0,real,True,ok,6435,2145,3,1,TS5,3,1,11.282611598726362,0.5524475524475524,0.7815391598136056,True,4.0,0.5,require_all_classes,0.3760148534072499,,,
d2_beef_uncontrolled|tcn|classification|seed00|fold02,e1_main_d2,d2_beef_uncontrolled,tcn,classification,0,2,16,1.4.0,real,True,ok,6435,2145,3,1,TS4,3,1,13.90871443785727,0.7962703962703963,0.8632913989341184,True,4.0,0.7524801587301587,require_all_classes,0.740379354771216,,,
d2_beef_uncontrolled|tcn|classification|seed00|fold03,e1_main_d2,d2_beef_uncontrolled,tcn,classification,0,3,16,1.4.0,real,True,ok,6435,2145,3,1,TS1,3,1,12.260890761390328,0.38461538461538464,0.6419368014488632,True,4.0,0.43333333333333335,require_all_classes,0.2516525447505752,,,
d2_beef_uncontrolled|tcn|classification|seed00|fold04,e1_main_d2,d2_beef_uncontrolled,tcn,classification,0,4,16,1.4.0,real,True,ok,6435,2145,3,1,TS2,3,1,12.803947161883116,0.49743589743589745,0.8517545018940393,True,4.0,0.5541264090177134,require_all_classes,0.4666533003151834,,,
d2_beef_uncontrolled|tcn|classification|seed01|fold00,e1_main_d2,d2_beef_uncontrolled,tcn,classification,1,0,16,1.4.0,real,True,ok,6435,2145,3,1,TS5,3,1,11.465208457782865,0.3916083916083916,0.5520083478633526,True,4.0,0.25,require_all_classes,0.1407035175879397,,,
d2_beef_uncontrolled|tcn|classification|seed01|fold01,e1_main_d2,d2_beef_uncontrolled,tcn,classification,1,1,16,1.4.0,real,True,ok,6435,2145,3,1,TS1,3,1,10.732711546123028,0.16736596736596737,0.4583301093923484,True,4.0,0.2494949494949495,require_all_classes,0.23182148040638606,,,
d2_beef_uncontrolled|tcn|classification|seed01|fold02,e1_main_d2,d2_beef_uncontrolled,tcn,classification,1,2,16,1.4.0,real,True,ok,6435,2145,3,1,TS2,3,1,11.922295154072344,0.42424242424242425,0.8806442598995762,True,4.0,0.4746376811594203,require_all_classes,0.35984450679499036,,,
d2_beef_uncontrolled|tcn|classification|seed01|fold03,e1_main_d2,d2_beef_uncontrolled,tcn,classification,1,3,16,1.4.0,real,True,ok,6435,2145,3,1,TS3,3,1,12.2467659432441,0.7627039627039627,0.9234408438136605,True,4.0,0.6776167471819645,require_all_classes,0.6522687205587325,,,
d2_beef_uncontrolled|tcn|classification|seed01|fold04,e1_main_d2,d2_beef_uncontrolled,tcn,classification,1,4,16,1.4.0,real,True,ok,6435,2145,3,1,TS4,3,1,12.837537421379238,0.6289044289044289,0.8701721135210716,True,4.0,0.589869450195537,require_all_classes,0.5403889588008749,,,
d2_beef_uncontrolled|tcn|classification|seed02|fold00,e1_main_d2,d2_beef_uncontrolled,tcn,classification,2,0,16,1.4.0,real,True,ok,6435,2145,3,1,TS3,3,1,12.564810363110155,0.703962703962704,0.8134679002462959,True,4.0,0.6325483091787439,require_all_classes,0.625141665863071,,,
d2_beef_uncontrolled|tcn|classification|seed02|fold01,e1_main_d2,d2_beef_uncontrolled,tcn,classification,2,1,16,1.4.0,real,True,ok,6435,2145,3,1,TS5,3,1,11.196481434628367,0.5524475524475524,0.9586549006037702,True,4.0,0.5,require_all_classes,0.343029746203926,,,
d2_beef_uncontrolled|tcn|classification|seed02|fold02,e1_main_d2,d2_beef_uncontrolled,tcn,classification,2,2,16,1.4.0,real,True,ok,6435,2145,3,1,TS4,3,1,10.476492695044726,0.7986013986013986,0.922805093923641,True,4.0,0.7566137566137566,require_all_classes,0.7530911470709378,,,
d2_beef_uncontrolled|tcn|classification|seed02|fold03,e1_main_d2,d2_beef_uncontrolled,tcn,classification,2,3,16,1.4.0,real,True,ok,6435,2145,3,1,TS1,3,1,10.48419478116557,0.3076923076923077,0.4508279117661202,True,4.0,0.25,require_all_classes,0.1575178997613365,,,
d2_beef_uncontrolled|tcn|classification|seed02|fold04,e1_main_d2,d2_beef_uncontrolled,tcn,classification,2,4,16,1.4.0,real,True,ok,6435,2145,3,1,TS2,3,1,10.56149241514504,0.6596736596736597,0.8955748133673429,True,4.0,0.715348228663446,require_all_classes,0.6203921849527556,,,
d2_beef_uncontrolled|tcn|classification|seed03|fold00,e1_main_d2,d2_beef_uncontrolled,tcn,classification,3,0,16,1.4.0,real,True,ok,6435,2145,3,1,TS5,3,1,9.29723229398951,0.16083916083916083,0.59630218243373,True,4.0,0.25,require_all_classes,0.06927710843373494,,,
d2_beef_uncontrolled|tcn|classification|seed03|fold01,e1_main_d2,d2_beef_uncontrolled,tcn,classification,3,1,16,1.4.0,real,True,ok,6435,2145,3,1,TS3,3,1,12.564152040053159,0.8293706293706293,0.9835386383940491,True,4.0,0.8739009661835748,require_all_classes,0.8410431107881096,,,
d2_beef_uncontrolled|tcn|classification|seed03|fold02,e1_main_d2,d2_beef_uncontrolled,tcn,classification,3,2,16,1.4.0,real,True,ok,6435,2145,3,1,TS2,3,1,10.542424011044204,0.3808857808857809,0.7181702942102215,True,4.0,0.46851851851851856,require_all_classes,0.346489273191894,,,
d2_beef_uncontrolled|tcn|classification|seed03|fold03,e1_main_d2,d2_beef_uncontrolled,tcn,classification,3,3,16,1.4.0,real,True,ok,6435,2145,3,1,TS4,3,1,10.572511164937168,0.8195804195804196,0.8930440900087215,True,4.0,0.7764880952380953,require_all_classes,0.7635651721119772,,,
d2_beef_uncontrolled|tcn|classification|seed03|fold04,e1_main_d2,d2_beef_uncontrolled,tcn,classification,3,4,16,1.4.0,real,True,ok,6435,2145,3,1,TS1,3,1,11.090266106184572,0.06386946386946386,0.3682139750960563,True,4.0,0.051893939393939395,require_all_classes,0.0808736717827627,,,
d2_beef_uncontrolled|tcn|classification|seed04|fold00,e1_main_d2,d2_beef_uncontrolled,tcn,classification,4,0,16,1.4.0,real,True,ok,6435,2145,3,1,TS3,3,1,13.255980027839541,0.7034965034965035,0.8672528105733582,True,4.0,0.630744766505636,require_all_classes,0.6233014438479088,,,
d2_beef_uncontrolled|tcn|classification|seed04|fold01,e1_main_d2,d2_beef_uncontrolled,tcn,classification,4,1,16,1.4.0,real,True,ok,6435,2145,3,1,TS5,3,1,12.544012682978064,0.3916083916083916,0.5204583490099879,True,4.0,0.25,require_all_classes,0.1407035175879397,,,
d2_beef_uncontrolled|tcn|classification|seed04|fold02,e1_main_d2,d2_beef_uncontrolled,tcn,classification,4,2,16,1.4.0,real,True,ok,6435,2145,3,1,TS1,3,1,11.922161686234176,0.3198135198135198,0.5458857847535004,True,4.0,0.2788888888888889,require_all_classes,0.16353514099341954,,,
d2_beef_uncontrolled|tcn|classification|seed04|fold03,e1_main_d2,d2_beef_uncontrolled,tcn,classification,4,3,16,1.4.0,real,True,ok,6435,2145,3,1,TS2,3,1,12.657632746733725,0.3934731934731935,0.6671782816015516,True,4.0,0.4810185185185185,require_all_classes,0.346128751631144,,,
d2_beef_uncontrolled|tcn|classification|seed04|fold04,e1_main_d2,d2_beef_uncontrolled,tcn,classification,4,4,16,1.4.0,real,True,ok,6435,2145,3,1,TS4,3,1,12.247779777739197,0.627039627039627,0.8932572494287396,True,4.0,0.5719806763285025,require_all_classes,0.53197587975946,,,
d2_beef_uncontrolled|tcn|classification|seed05|fold00,e1_main_d2,d2_beef_uncontrolled,tcn,classification,5,0,16,1.4.0,real,True,ok,6435,2145,3,1,TS5,3,1,12.73300667013973,0.551981351981352,0.8390450286464837,True,4.0,0.4992753623188406,require_all_classes,0.4083662714097497,,,
d2_beef_uncontrolled|tcn|classification|seed05|fold01,e1_main_d2,d2_beef_uncontrolled,tcn,classification,5,1,16,1.4.0,real,True,ok,6435,2145,3,1,TS4,3,1,12.923642815090716,0.7230769230769231,0.8443581363153165,True,4.0,0.6747354497354497,require_all_classes,0.6627444381070108,,,
d2_beef_uncontrolled|tcn|classification|seed05|fold02,e1_main_d2,d2_beef_uncontrolled,tcn,classification,5,2,16,1.4.0,real,True,ok,6435,2145,3,1,TS2,3,1,12.69522203039378,0.5454545454545454,0.8644878495377646,True,4.0,0.6174999999999999,require_all_classes,0.5196734349674206,,,
d2_beef_uncontrolled|tcn|classification|seed05|fold03,e1_main_d2,d2_beef_uncontrolled,tcn,classification,5,3,16,1.4.0,real,True,ok,6435,2145,3,1,TS3,3,1,12.759395505301654,0.717948717948718,0.9071786140592948,True,4.0,0.6510386473429952,require_all_classes,0.6407269257082651,,,
d2_beef_uncontrolled|tcn|classification|seed05|fold04,e1_main_d2,d2_beef_uncontrolled,tcn,classification,5,4,16,1.4.0,real,True,ok,6435,2145,3,1,TS1,3,1,12.4610815779306,0.06433566433566433,0.3327717869934599,True,4.0,0.05227272727272727,require_all_classes,0.05077262693156733,,,
d2_beef_uncontrolled|tcn|classification|seed06|fold00,e1_main_d2,d2_beef_uncontrolled,tcn,classification,6,0,16,1.4.0,real,True,ok,6435,2145,3,1,TS3,3,1,12.951074794866145,0.724009324009324,0.8746770567464921,True,4.0,0.6546497584541063,require_all_classes,0.6427312155793553,,,
d2_beef_uncontrolled|tcn|classification|seed06|fold01,e1_main_d2,d2_beef_uncontrolled,tcn,classification,6,1,16,1.4.0,real,True,ok,6435,2145,3,1,TS5,3,1,12.896890630945563,0.3916083916083916,0.49087635329840396,True,4.0,0.25,require_all_classes,0.1407035175879397,,,
d2_beef_uncontrolled|tcn|classification|seed06|fold02,e1_main_d2,d2_beef_uncontrolled,tcn,classification,6,2,16,1.4.0,real,True,ok,6435,2145,3,1,TS1,3,1,12.317950664553791,0.2153846153846154,0.6051310210583518,True,4.0,0.3397727272727273,require_all_classes,0.18380339245515678,,,
d2_beef_uncontrolled|tcn|classification|seed06|fold03,e1_main_d2,d2_beef_uncontrolled,tcn,classification,6,3,16,1.4.0,real,True,ok,6435,2145,3,1,TS4,3,1,12.540834058076143,0.799067599067599,0.838917470812633,True,4.0,0.7462301587301587,require_all_classes,0.6964194468969332,,,
d2_beef_uncontrolled|tcn|classification|seed06|fold04,e1_main_d2,d2_beef_uncontrolled,tcn,classification,6,4,16,1.4.0,real,True,ok,6435,2145,3,1,TS2,3,1,11.826013038866222,0.5724941724941724,0.8630023332139469,True,4.0,0.6268317230273752,require_all_classes,0.5531942920501931,,,
d2_beef_uncontrolled|tcn|classification|seed07|fold00,e1_main_d2,d2_beef_uncontrolled,tcn,classification,7,0,16,1.4.0,real,True,ok,6435,2145,3,1,TS3,3,1,11.828980660066009,0.7291375291375292,0.9262193214347563,True,4.0,0.6688184380032206,require_all_classes,0.657448939180478,,,
d2_beef_uncontrolled|tcn|classification|seed07|fold01,e1_main_d2,d2_beef_uncontrolled,tcn,classification,7,1,16,1.4.0,real,True,ok,6435,2145,3,1,TS1,3,1,11.71601573890075,0.061072261072261075,0.3257785125796929,True,4.0,0.04962121212121212,require_all_classes,0.04668567355666429,,,
d2_beef_uncontrolled|tcn|classification|seed07|fold02,e1_main_d2,d2_beef_uncontrolled,tcn,classification,7,2,16,1.4.0,real,True,ok,6435,2145,3,1,TS5,3,1,11.973321130033582,0.41351981351981354,0.6185889008779,True,4.0,0.28405797101449276,require_all_classes,0.2029033703338381,,,
d2_beef_uncontrolled|tcn|classification|seed07|fold03,e1_main_d2,d2_beef_uncontrolled,tcn,classification,7,3,16,1.4.0,real,True,ok,6435,2145,3,1,TS2,3,1,12.135485955048352,0.38694638694638694,0.7252604642572693,True,4.0,0.47453703703703703,require_all_classes,0.34571024799416483,,,
d2_beef_uncontrolled|tcn|classification|seed07|fold04,e1_main_d2,d2_beef_uncontrolled,tcn,classification,7,4,16,1.4.0,real,True,ok,6435,2145,3,1,TS4,3,1,10.822395947296172,0.6256410256410256,0.9475576769698768,True,4.0,0.5726851851851852,require_all_classes,0.5255631513041717,,,
d2_beef_uncontrolled|tcn|classification|seed08|fold00,e1_main_d2,d2_beef_uncontrolled,tcn,classification,8,0,16,1.4.0,real,True,ok,6435,2145,3,1,TS4,3,1,10.201818638015538,0.8265734265734266,0.8838713599703881,True,4.0,0.7796727628249368,require_all_classes,0.7715003754183333,,,
d2_beef_uncontrolled|tcn|classification|seed08|fold01,e1_main_d2,d2_beef_uncontrolled,tcn,classification,8,1,16,1.4.0,real,True,ok,6435,2145,3,1,TS1,3,1,12.717828571796417,0.3967365967365967,0.691508132884361,True,4.0,0.4622222222222222,require_all_classes,0.3548088688936597,,,
d2_beef_uncontrolled|tcn|classification|seed08|fold02,e1_main_d2,d2_beef_uncontrolled,tcn,classification,8,2,16,1.4.0,real,True,ok,6435,2145,3,1,TS2,3,1,12.208276751916856,0.46293706293706294,0.8653003131241778,True,4.0,0.5222222222222221,require_all_classes,0.41181296282182445,,,
d2_beef_uncontrolled|tcn|classification|seed08|fold03,e1_main_d2,d2_beef_uncontrolled,tcn,classification,8,3,16,1.4.0,real,True,ok,6435,2145,3,1,TS3,3,1,12.86432630289346,0.7146853146853147,0.8744667599719308,True,4.0,0.6393397745571658,require_all_classes,0.62897171663352,,,
d2_beef_uncontrolled|tcn|classification|seed08|fold04,e1_main_d2,d2_beef_uncontrolled,tcn,classification,8,4,16,1.4.0,real,True,ok,6435,2145,3,1,TS5,3,1,11.902877250220627,0.5524475524475524,0.7063927631385316,True,4.0,0.5,require_all_classes,0.3858597285067873,,,
d2_beef_uncontrolled|tcn|classification|seed09|fold00,e1_main_d2,d2_beef_uncontrolled,tcn,classification,9,0,16,1.4.0,real,True,ok,6435,2145,3,1,TS5,3,1,12.384044253733009,0.5524475524475524,0.7823547136892415,True,4.0,0.5,require_all_classes,0.38328766387277025,,,
d2_beef_uncontrolled|tcn|classification|seed09|fold01,e1_main_d2,d2_beef_uncontrolled,tcn,classification,9,1,16,1.4.0,real,True,ok,6435,2145,3,1,TS4,3,1,12.780386907048523,0.8051282051282052,0.9305686554005794,True,4.0,0.7641534391534391,require_all_classes,0.7608226393274913,,,
d2_beef_uncontrolled|tcn|classification|seed09|fold02,e1_main_d2,d2_beef_uncontrolled,tcn,classification,9,2,16,1.4.0,real,True,ok,6435,2145,3,1,TS1,3,1,12.42889678478241,0.38461538461538464,0.5639003593954276,True,4.0,0.43333333333333335,require_all_classes,0.33653846153846156,,,
d2_beef_uncontrolled|tcn|classification|seed09|fold03,e1_main_d2,d2_beef_uncontrolled,tcn,classification,9,3,16,1.4.0,real,True,ok,6435,2145,3,1,TS3,3,1,10.759639384690672,0.8125874125874126,0.9634426296652634,True,4.0,0.8525563607085347,require_all_classes,0.8219738933127521,,,
d2_beef_uncontrolled|tcn|classification|seed09|fold04,e1_main_d2,d2_beef_uncontrolled,tcn,classification,9,4,16,1.4.0,real,True,ok,6435,2145,3,1,TS2,3,1,12.418861451093107,0.36363636363636365,0.7743629463562198,True,4.0,0.45101851851851854,require_all_classes,0.3176128855576248,,,
d2_beef_uncontrolled|tcn|regression|seed00|fold00,e1_main_d2,d2_beef_uncontrolled,tcn,regression,0,0,16,1.4.0,real,True,ok,6435,2145,3,1,TS3,3,1,10.83934013498947,,,,,,,,0.3557784386596129,0.782134101430001,0.4429429073502434
d2_beef_uncontrolled|tcn|regression|seed00|fold01,e1_main_d2,d2_beef_uncontrolled,tcn,regression,0,1,16,1.4.0,real,True,ok,6435,2145,3,1,TS5,3,1,12.308800757862628,,,,,,,,3.752144080070481,-15.977185606386122,3.8418003377679137
d2_beef_uncontrolled|tcn|regression|seed00|fold02,e1_main_d2,d2_beef_uncontrolled,tcn,regression,0,2,16,1.4.0,real,True,ok,6435,2145,3,1,TS4,3,1,9.053663482889533,,,,,,,,0.3273458147897726,0.7859160733711861,0.43516095685495193
d2_beef_uncontrolled|tcn|regression|seed00|fold03,e1_main_d2,d2_beef_uncontrolled,tcn,regression,0,3,16,1.4.0,real,True,ok,6435,2145,3,1,TS1,3,1,10.282580002211034,,,,,,,,1.7230342888822836,-3.746664969124999,1.8169379281817868
d2_beef_uncontrolled|tcn|regression|seed00|fold04,e1_main_d2,d2_beef_uncontrolled,tcn,regression,0,4,16,1.4.0,real,True,ok,6435,2145,3,1,TS2,3,1,12.14020827319473,,,,,,,,1.2962877194756748,-1.474281226141743,1.4293013931920806
d2_beef_uncontrolled|tcn|regression|seed01|fold00,e1_main_d2,d2_beef_uncontrolled,tcn,regression,1,0,16,1.4.0,real,True,ok,6435,2145,3,1,TS5,3,1,9.040523594710976,,,,,,,,4.563874728769266,-24.153180054148606,4.676257221289963
d2_beef_uncontrolled|tcn|regression|seed01|fold01,e1_main_d2,d2_beef_uncontrolled,tcn,regression,1,1,16,1.4.0,real,True,ok,6435,2145,3,1,TS1,3,1,12.259306046646088,,,,,,,,2.661884940901162,-11.49464395183916,2.947866037874375
d2_beef_uncontrolled|tcn|regression|seed01|fold02,e1_main_d2,d2_beef_uncontrolled,tcn,regression,1,2,16,1.4.0,real,True,ok,6435,2145,3,1,TS2,3,1,9.87200220907107,,,,,,,,1.4151312461519372,-1.7833199011724497,1.5159359404948123
d2_beef_uncontrolled|tcn|regression|seed01|fold03,e1_main_d2,d2_beef_uncontrolled,tcn,regression,1,3,16,1.4.0,real,True,ok,6435,2145,3,1,TS3,3,1,11.201227490324527,,,,,,,,0.4071370661694953,0.5342499771237721,0.647633888016568
d2_beef_uncontrolled|tcn|regression|seed01|fold04,e1_main_d2,d2_beef_uncontrolled,tcn,regression,1,4,16,1.4.0,real,True,ok,6435,2145,3,1,TS4,3,1,10.250192982610315,,,,,,,,0.27385113031208297,0.8746347867154712,0.33300167198023284
d2_beef_uncontrolled|tcn|regression|seed02|fold00,e1_main_d2,d2_beef_uncontrolled,tcn,regression,2,0,16,1.4.0,real,True,ok,6435,2145,3,1,TS3,3,1,12.59735198225826,,,,,,,,0.20474257125187753,0.9017735500982778,0.2974180672754995
d2_beef_uncontrolled|tcn|regression|seed02|fold01,e1_main_d2,d2_beef_uncontrolled,tcn,regression,2,1,16,1.4.0,real,True,ok,6435,2145,3,1,TS5,3,1,12.751521088182926,,,,,,,,2.536750155033889,-7.134898111284272,2.6593653200197305
d2_beef_uncontrolled|tcn|regression|seed02|fold02,e1_main_d2,d2_beef_uncontrolled,tcn,regression,2,2,16,1.4.0,real,True,ok,6435,2145,3,1,TS4,3,1,12.1272296551615,,,,,,,,0.3381124197981109,0.8054611228421655,0.4148213443117534
d2_beef_uncontrolled|tcn|regression|seed02|fold03,e1_main_d2,d2_beef_uncontrolled,tcn,regression,2,3,16,1.4.0,real,True,ok,6435,2145,3,1,TS1,3,1,11.132401927839965,,,,,,,,3.144248891736875,-17.620784910484687,3.5986929491024817
d2_beef_uncontrolled|tcn|regression|seed02|fold04,e1_main_d2,d2_beef_uncontrolled,tcn,regression,2,4,16,1.4.0,real,True,ok,6435,2145,3,1,TS2,3,1,12.407921752426773,,,,,,,,1.7919940710876725,-3.1128864725955916,1.8427764268627722
d2_beef_uncontrolled|tcn|regression|seed03|fold00,e1_main_d2,d2_beef_uncontrolled,tcn,regression,3,0,16,1.4.0,real,True,ok,6435,2145,3,1,TS5,3,1,11.005293649155647,,,,,,,,3.614497456645765,-14.996535822393353,3.729193456403589
d2_beef_uncontrolled|tcn|regression|seed03|fold01,e1_main_d2,d2_beef_uncontrolled,tcn,regression,3,1,16,1.4.0,real,True,ok,6435,2145,3,1,TS3,3,1,11.193711854051799,,,,,,,,0.4556958163336088,0.6221838516016809,0.5833018868029141
d2_beef_uncontrolled|tcn|regression|seed03|fold02,e1_main_d2,d2_beef_uncontrolled,tcn,regression,3,2,16,1.4.0,real,True,ok,6435,2145,3,1,TS2,3,1,10.271835876163095,,,,,,,,0.9114189594396953,-0.2477314864917135,1.0149855383490805
d2_beef_uncontrolled|tcn|regression|seed03|fold03,e1_main_d2,d2_beef_uncontrolled,tcn,regression,3,3,16,1.4.0,real,True,ok,6435,2145,3,1,TS4,3,1,12.332835310138762,,,,,,,,0.368177479291586,0.775605484832615,0.44551672337790593
d2_beef_uncontrolled|tcn|regression|seed03|fold04,e1_main_d2,d2_beef_uncontrolled,tcn,regression,3,4,16,1.4.0,real,True,ok,6435,2145,3,1,TS1,3,1,9.712915290147066,,,,,,,,2.340575056938972,-9.313217978952542,2.6781993463095235
d2_beef_uncontrolled|tcn|regression|seed04|fold00,e1_main_d2,d2_beef_uncontrolled,tcn,regression,4,0,16,1.4.0,real,True,ok,6435,2145,3,1,TS3,3,1,11.621546145994216,,,,,,,,0.3270995090065198,0.7814635019935813,0.44362408105415096
d2_beef_uncontrolled|tcn|regression|seed04|fold01,e1_main_d2,d2_beef_uncontrolled,tcn,regression,4,1,16,1.4.0,real,True,ok,6435,2145,3,1,TS5,3,1,12.573690015822649,,,,,,,,7.0412364752038314,-57.81432711113395,7.150616856972944
d2_beef_uncontrolled|tcn|regression|seed04|fold02,e1_main_d2,d2_beef_uncontrolled,tcn,regression,4,2,16,1.4.0,real,True,ok,6435,2145,3,1,TS1,3,1,12.507164170965552,,,,,,,,2.912087597701976,-14.189662888927726,3.250273215064639
d2_beef_uncontrolled|tcn|regression|seed04|fold03,e1_main_d2,d2_beef_uncontrolled,tcn,regression,4,3,16,1.4.0,real,True,ok,6435,2145,3,1,TS2,3,1,12.779523939825594,,,,,,,,1.1637500612726033,-0.9708908078652856,1.2756471675518122
d2_beef_uncontrolled|tcn|regression|seed04|fold04,e1_main_d2,d2_beef_uncontrolled,tcn,regression,4,4,16,1.4.0,real,True,ok,6435,2145,3,1,TS4,3,1,12.580560645088553,,,,,,,,0.6742340293716417,0.20559206072036984,0.8382618086010899
d2_beef_uncontrolled|tcn|regression|seed05|fold00,e1_main_d2,d2_beef_uncontrolled,tcn,regression,5,0,16,1.4.0,real,True,ok,6435,2145,3,1,TS5,3,1,12.069268605671823,,,,,,,,2.1874678346278444,-5.307172717732174,2.3416355567604894
d2_beef_uncontrolled|tcn|regression|seed05|fold01,e1_main_d2,d2_beef_uncontrolled,tcn,regression,5,1,16,1.4.0,real,True,ok,6435,2145,3,1,TS4,3,1,12.800941741093993,,,,,,,,0.3350817724126084,0.7697935380721763,0.4512494101483429
d2_beef_uncontrolled|tcn|regression|seed05|fold02,e1_main_d2,d2_beef_uncontrolled,tcn,regression,5,2,16,1.4.0,real,True,ok,6435,2145,3,1,TS2,3,1,12.748812752310187,,,,,,,,1.265387299188958,-1.337131552205547,1.3891235255568646
d2_beef_uncontrolled|tcn|regression|seed05|fold03,e1_main_d2,d2_beef_uncontrolled,tcn,regression,5,3,16,1.4.0,real,True,ok,6435,2145,3,1,TS3,3,1,12.63030004920438,,,,,,,,0.3879503980226834,0.7631278777779725,0.4618597313448252
d2_beef_uncontrolled|tcn|regression|seed05|fold04,e1_main_d2,d2_beef_uncontrolled,tcn,regression,5,4,16,1.4.0,real,True,ok,6435,2145,3,1,TS1,3,1,12.385236399248242,,,,,,,,2.819738356579496,-13.618114131162308,3.188537105781603
d2_beef_uncontrolled|tcn|regression|seed06|fold00,e1_main_d2,d2_beef_uncontrolled,tcn,regression,6,0,16,1.4.0,real,True,ok,6435,2145,3,1,TS3,3,1,14.532365650869906,,,,,,,,0.25922581165093944,0.8713920674574469,0.34031963081426425
d2_beef_uncontrolled|tcn|regression|seed06|fold01,e1_main_d2,d2_beef_uncontrolled,tcn,regression,6,1,16,1.4.0,real,True,ok,6435,2145,3,1,TS5,3,1,12.247222997248173,,,,,,,,4.221123497431227,-19.81698252290825,4.254130721615909
d2_beef_uncontrolled|tcn|regression|seed06|fold02,e1_main_d2,d2_beef_uncontrolled,tcn,regression,6,2,16,1.4.0,real,True,ok,6435,2145,3,1,TS1,3,1,12.496502507012337,,,,,,,,3.0898102032293724,-16.4438116688266,3.483104431289094
d2_beef_uncontrolled|tcn|regression|seed06|fold03,e1_main_d2,d2_beef_uncontrolled,tcn,regression,6,3,16,1.4.0,real,True,ok,6435,2145,3,1,TS4,3,1,12.348007129970938,,,,,,,,0.3455289712575572,0.8029256785080479,0.41751579717006154
d2_beef_uncontrolled|tcn|regression|seed06|fold04,e1_main_d2,d2_beef_uncontrolled,tcn,regression,6,4,16,1.4.0,real,True,ok,6435,2145,3,1,TS2,3,1,11.883248802740127,,,,,,,,1.3862995402076936,-1.5533765902960925,1.4519669243119833
d2_beef_uncontrolled|tcn|regression|seed07|fold00,e1_main_d2,d2_beef_uncontrolled,tcn,regression,7,0,16,1.4.0,real,True,ok,6435,2145,3,1,TS3,3,1,9.557328708004206,,,,,,,,0.34606819101708997,0.8137292129935594,0.40956751001167746
d2_beef_uncontrolled|tcn|regression|seed07|fold01,e1_main_d2,d2_beef_uncontrolled,tcn,regression,7,1,16,1.4.0,real,True,ok,6435,2145,3,1,TS1,3,1,12.285899378824979,,,,,,,,1.9575551548969639,-5.5691773415216055,2.13747623239539
d2_beef_uncontrolled|tcn|regression|seed07|fold02,e1_main_d2,d2_beef_uncontrolled,tcn,regression,7,2,16,1.4.0,real,True,ok,6435,2145,3,1,TS5,3,1,13.708001332823187,,,,,,,,0.6970347682550241,0.23461716470063732,0.8157203581335914
d2_beef_uncontrolled|tcn|regression|seed07|fold03,e1_main_d2,d2_beef_uncontrolled,tcn,regression,7,3,16,1.4.0,real,True,ok,6435,2145,3,1,TS2,3,1,12.055095057934523,,,,,,,,0.7200794990645297,0.12968150379223653,0.8476926035025205
d2_beef_uncontrolled|tcn|regression|seed07|fold04,e1_main_d2,d2_beef_uncontrolled,tcn,regression,7,4,16,1.4.0,real,True,ok,6435,2145,3,1,TS4,3,1,11.806153551209718,,,,,,,,0.45272074652903455,0.6232573191301538,0.5772717488797063
d2_beef_uncontrolled|tcn|regression|seed08|fold00,e1_main_d2,d2_beef_uncontrolled,tcn,regression,8,0,16,1.4.0,real,True,ok,6435,2145,3,1,TS4,3,1,9.728158624842763,,,,,,,,0.4155425648059014,0.6663277689265594,0.5432727536736391
d2_beef_uncontrolled|tcn|regression|seed08|fold01,e1_main_d2,d2_beef_uncontrolled,tcn,regression,8,1,16,1.4.0,real,True,ok,6435,2145,3,1,TS1,3,1,11.480815234594047,,,,,,,,3.2137078502625247,-19.762885226717927,3.80005299104995
d2_beef_uncontrolled|tcn|regression|seed08|fold02,e1_main_d2,d2_beef_uncontrolled,tcn,regression,8,2,16,1.4.0,real,True,ok,6435,2145,3,1,TS2,3,1,12.449191525112838,,,,,,,,1.635934108659973,-2.626965612088626,1.7304976189695926
d2_beef_uncontrolled|tcn|regression|seed08|fold03,e1_main_d2,d2_beef_uncontrolled,tcn,regression,8,3,16,1.4.0,real,True,ok,6435,2145,3,1,TS3,3,1,12.366812861058861,,,,,,,,0.31718505269428365,0.8189298512593315,0.4038095188988356
d2_beef_uncontrolled|tcn|regression|seed08|fold04,e1_main_d2,d2_beef_uncontrolled,tcn,regression,8,4,16,1.4.0,real,True,ok,6435,2145,3,1,TS5,3,1,11.996285933069885,,,,,,,,3.7344714928513856,-15.849138589533116,3.8272849118464802
d2_beef_uncontrolled|tcn|regression|seed09|fold00,e1_main_d2,d2_beef_uncontrolled,tcn,regression,9,0,16,1.4.0,real,True,ok,6435,2145,3,1,TS5,3,1,12.736161184962839,,,,,,,,0.9432612194659517,-0.510164427205102,1.1458138304047596
d2_beef_uncontrolled|tcn|regression|seed09|fold01,e1_main_d2,d2_beef_uncontrolled,tcn,regression,9,1,16,1.4.0,real,True,ok,6435,2145,3,1,TS4,3,1,11.312625953927636,,,,,,,,0.34948515361772464,0.7296129486047015,0.48904726789711955
d2_beef_uncontrolled|tcn|regression|seed09|fold02,e1_main_d2,d2_beef_uncontrolled,tcn,regression,9,2,16,1.4.0,real,True,ok,6435,2145,3,1,TS1,3,1,12.453648748807609,,,,,,,,4.361542716431367,-34.9613269304141,5.001078313249392
d2_beef_uncontrolled|tcn|regression|seed09|fold03,e1_main_d2,d2_beef_uncontrolled,tcn,regression,9,3,16,1.4.0,real,True,ok,6435,2145,3,1,TS3,3,1,12.063035999890417,,,,,,,,0.4592212742202353,0.6386912120077881,0.5704169018955005
d2_beef_uncontrolled|tcn|regression|seed09|fold04,e1_main_d2,d2_beef_uncontrolled,tcn,regression,9,4,16,1.4.0,real,True,ok,6435,2145,3,1,TS2,3,1,12.032771326135844,,,,,,,,0.784331724289965,-0.05203768100710038,0.9319979020201375
d2_beef_uncontrolled|xgboost|classification|seed00|fold00,e1_main_d2,d2_beef_uncontrolled,xgboost,classification,0,0,16,1.4.0,real,True,ok,6435,2145,3,1,TS3,3,1,2.8726662690751255,0.751981351981352,0.9376282511065568,True,4.0,0.7056199677938808,require_all_classes,0.7026718131718752,,,
d2_beef_uncontrolled|xgboost|classification|seed00|fold01,e1_main_d2,d2_beef_uncontrolled,xgboost,classification,0,1,16,1.4.0,real,True,ok,6435,2145,3,1,TS5,3,1,2.8196961488574743,0.6247086247086248,0.8726033826995665,True,4.0,0.6024715320910974,require_all_classes,0.5606171687080169,,,
d2_beef_uncontrolled|xgboost|classification|seed00|fold02,e1_main_d2,d2_beef_uncontrolled,xgboost,classification,0,2,16,1.4.0,real,True,ok,6435,2145,3,1,TS4,3,1,2.644950484856963,0.6895104895104895,0.9091269062348617,True,4.0,0.6334943639291466,require_all_classes,0.6018576219373538,,,
d2_beef_uncontrolled|xgboost|classification|seed00|fold03,e1_main_d2,d2_beef_uncontrolled,xgboost,classification,0,3,16,1.4.0,real,True,ok,6435,2145,3,1,TS1,3,1,2.741229140199721,0.22657342657342658,0.5551012687624295,True,4.0,0.31737373737373736,require_all_classes,0.2906361869749607,,,
d2_beef_uncontrolled|xgboost|classification|seed00|fold04,e1_main_d2,d2_beef_uncontrolled,xgboost,classification,0,4,16,1.4.0,real,True,ok,6435,2145,3,1,TS2,3,1,2.571310209110379,0.7067599067599067,0.9031332632004763,True,4.0,0.7069728077880252,require_all_classes,0.7052435150644971,,,
d2_beef_uncontrolled|xgboost|classification|seed01|fold00,e1_main_d2,d2_beef_uncontrolled,xgboost,classification,1,0,16,1.4.0,real,True,ok,6435,2145,3,1,TS5,3,1,2.4770895279943943,0.6284382284382284,0.8936543518343681,True,4.0,0.6429721647112951,require_all_classes,0.6099312470067025,,,
d2_beef_uncontrolled|xgboost|classification|seed01|fold01,e1_main_d2,d2_beef_uncontrolled,xgboost,classification,1,1,16,1.4.0,real,True,ok,6435,2145,3,1,TS1,3,1,2.727596404030919,0.22004662004662004,0.5650222399042406,True,4.0,0.3084090909090909,require_all_classes,0.2853282197057136,,,
d2_beef_uncontrolled|xgboost|classification|seed01|fold02,e1_main_d2,d2_beef_uncontrolled,xgboost,classification,1,2,16,1.4.0,real,True,ok,6435,2145,3,1,TS2,3,1,2.6702406420372427,0.6820512820512821,0.9097703547074214,True,4.0,0.6833909749670619,require_all_classes,0.6678112101077217,,,
d2_beef_uncontrolled|xgboost|classification|seed01|fold03,e1_main_d2,d2_beef_uncontrolled,xgboost,classification,1,3,16,1.4.0,real,True,ok,6435,2145,3,1,TS3,3,1,2.711154176853597,0.7025641025641025,0.887535084553754,True,4.0,0.6745833333333333,require_all_classes,0.6690011189852745,,,
d2_beef_uncontrolled|xgboost|classification|seed01|fold04,e1_main_d2,d2_beef_uncontrolled,xgboost,classification,1,4,16,1.4.0,real,True,ok,6435,2145,3,1,TS4,3,1,2.9106660247780383,0.737062937062937,0.9191968660319496,True,4.0,0.6444875776397515,require_all_classes,0.601828699655907,,,
d2_beef_uncontrolled|xgboost|classification|seed02|fold00,e1_main_d2,d2_beef_uncontrolled,xgboost,classification,2,0,16,1.4.0,real,True,ok,6435,2145,3,1,TS3,3,1,2.355933638755232,0.745920745920746,0.9382825758690517,True,4.0,0.703768115942029,require_all_classes,0.7036154448879186,,,
d2_beef_uncontrolled|xgboost|classification|seed02|fold01,e1_main_d2,d2_beef_uncontrolled,xgboost,classification,2,1,16,1.4.0,real,True,ok,6435,2145,3,1,TS5,3,1,2.6583882281556726,0.6289044289044289,0.8937514721259012,True,4.0,0.6096014492753623,require_all_classes,0.56162689281035,,,
d2_beef_uncontrolled|xgboost|classification|seed02|fold02,e1_main_d2,d2_beef_uncontrolled,xgboost,classification,2,2,16,1.4.0,real,True,ok,6435,2145,3,1,TS4,3,1,3.0075360499322414,0.6923076923076923,0.9142563393641902,True,4.0,0.6362721417069244,require_all_classes,0.6037474221366292,,,
d2_beef_uncontrolled|xgboost|classification|seed02|fold03,e1_main_d2,d2_beef_uncontrolled,xgboost,classification,2,3,16,1.4.0,real,True,ok,6435,2145,3,1,TS1,3,1,2.6126821632497013,0.22377622377622378,0.5485120759360306,True,4.0,0.31217171717171716,require_all_classes,0.2873928130471442,,,
d2_beef_uncontrolled|xgboost|classification|seed02|fold04,e1_main_d2,d2_beef_uncontrolled,xgboost,classification,2,4,16,1.4.0,real,True,ok,6435,2145,3,1,TS2,3,1,2.523462874814868,0.7053613053613054,0.9101732462282527,True,4.0,0.6997999926804275,require_all_classes,0.7101169796095756,,,
d2_beef_uncontrolled|xgboost|classification|seed03|fold00,e1_main_d2,d2_beef_uncontrolled,xgboost,classification,3,0,16,1.4.0,real,True,ok,6435,2145,3,1,TS5,3,1,2.4688213178887963,0.7603729603729604,0.9264196073414115,True,4.0,0.78398033126294,require_all_classes,0.7693765451951556,,,
d2_beef_uncontrolled|xgboost|classification|seed03|fold01,e1_main_d2,d2_beef_uncontrolled,xgboost,classification,3,1,16,1.4.0,real,True,ok,6435,2145,3,1,TS3,3,1,2.330680581741035,0.7902097902097902,0.9627771670911196,True,4.0,0.6873590982286635,require_all_classes,0.6638151080863945,,,
d2_beef_uncontrolled|xgboost|classification|seed03|fold02,e1_main_d2,d2_beef_uncontrolled,xgboost,classification,3,2,16,1.4.0,real,True,ok,6435,2145,3,1,TS2,3,1,2.3453141478821635,0.5487179487179488,0.8564984986271058,True,4.0,0.5794746376811594,require_all_classes,0.5045443980325766,,,
d2_beef_uncontrolled|xgboost|classification|seed03|fold03,e1_main_d2,d2_beef_uncontrolled,xgboost,classification,3,3,16,1.4.0,real,True,ok,6435,2145,3,1,TS4,3,1,2.434400049969554,0.6913752913752914,0.9181474234635143,True,4.0,0.6353462157809984,require_all_classes,0.6031193556471615,,,
d2_beef_uncontrolled|xgboost|classification|seed03|fold04,e1_main_d2,d2_beef_uncontrolled,xgboost,classification,3,4,16,1.4.0,real,True,ok,6435,2145,3,1,TS1,3,1,2.320406406186521,0.4568764568764569,0.792953818717027,True,4.0,0.5249305555555556,require_all_classes,0.48514543603187227,,,
d2_beef_uncontrolled|xgboost|classification|seed04|fold00,e1_main_d2,d2_beef_uncontrolled,xgboost,classification,4,0,16,1.4.0,real,True,ok,6435,2145,3,1,TS3,3,1,2.1690046531148255,0.7487179487179487,0.9379032365560184,True,4.0,0.7154347826086956,require_all_classes,0.7192581361561519,,,
d2_beef_uncontrolled|xgboost|classification|seed04|fold01,e1_main_d2,d2_beef_uncontrolled,xgboost,classification,4,1,16,1.4.0,real,True,ok,6435,2145,3,1,TS5,3,1,2.227292593102902,0.6191142191142192,0.8943060874250607,True,4.0,0.6331507361398666,require_all_classes,0.5996986078647824,,,
d2_beef_uncontrolled|xgboost|classification|seed04|fold02,e1_main_d2,d2_beef_uncontrolled,xgboost,classification,4,2,16,1.4.0,real,True,ok,6435,2145,3,1,TS1,3,1,2.28860872797668,0.21351981351981353,0.5538284658033867,True,4.0,0.3060353535353535,require_all_classes,0.28470917056293044,,,
d2_beef_uncontrolled|xgboost|classification|seed04|fold03,e1_main_d2,d2_beef_uncontrolled,xgboost,classification,4,3,16,1.4.0,real,True,ok,6435,2145,3,1,TS2,3,1,2.2258107103407383,0.5529137529137529,0.812597474698499,True,4.0,0.5844565217391304,require_all_classes,0.5098996701992056,,,
d2_beef_uncontrolled|xgboost|classification|seed04|fold04,e1_main_d2,d2_beef_uncontrolled,xgboost,classification,4,4,16,1.4.0,real,True,ok,6435,2145,3,1,TS4,3,1,2.298033582046628,0.6442890442890443,0.8698079380765287,True,4.0,0.6341471129514608,require_all_classes,0.6406852332473195,,,
d2_beef_uncontrolled|xgboost|classification|seed05|fold00,e1_main_d2,d2_beef_uncontrolled,xgboost,classification,5,0,16,1.4.0,real,True,ok,6435,2145,3,1,TS5,3,1,2.6003425139933825,0.627039627039627,0.8810231539678166,True,4.0,0.6063535196687371,require_all_classes,0.5638704135861122,,,
d2_beef_uncontrolled|xgboost|classification|seed05|fold01,e1_main_d2,d2_beef_uncontrolled,xgboost,classification,5,1,16,1.4.0,real,True,ok,6435,2145,3,1,TS4,3,1,2.356883871369064,0.6158508158508158,0.8831567944980928,True,4.0,0.556682769726248,require_all_classes,0.5174011832955995,,,
d2_beef_uncontrolled|xgboost|classification|seed05|fold02,e1_main_d2,d2_beef_uncontrolled,xgboost,classification,5,2,16,1.4.0,real,True,ok,6435,2145,3,1,TS2,3,1,2.4602926461957395,0.7104895104895105,0.9132553915687274,True,4.0,0.708770677792417,require_all_classes,0.7167320976483511,,,
d2_beef_uncontrolled|xgboost|classification|seed05|fold03,e1_main_d2,d2_beef_uncontrolled,xgboost,classification,5,3,16,1.4.0,real,True,ok,6435,2145,3,1,TS3,3,1,2.401962117291987,0.8121212121212121,0.9559892090259137,True,4.0,0.7312238325281804,require_all_classes,0.7064859103967267,,,
d2_beef_uncontrolled|xgboost|classification|seed05|fold04,e1_main_d2,d2_beef_uncontrolled,xgboost,classification,5,4,16,1.4.0,real,True,ok,6435,2145,3,1,TS1,3,1,2.410057519096881,0.46107226107226107,0.7918493202736148,True,4.0,0.5267013888888888,require_all_classes,0.4776956268477013,,,
d2_beef_uncontrolled|xgboost|classification|seed06|fold00,e1_main_d2,d2_beef_uncontrolled,xgboost,classification,6,0,16,1.4.0,real,True,ok,6435,2145,3,1,TS3,3,1,2.2854698579758406,0.7543123543123543,0.9392417027902881,True,4.0,0.725805152979066,require_all_classes,0.7307417443056646,,,
d2_beef_uncontrolled|xgboost|classification|seed06|fold01,e1_main_d2,d2_beef_uncontrolled,xgboost,classification,6,1,16,1.4.0,real,True,ok,6435,2145,3,1,TS5,3,1,2.514215948060155,0.6121212121212121,0.8973902928406489,True,4.0,0.6212459742351046,require_all_classes,0.5881986865122768,,,
d2_beef_uncontrolled|xgboost|classification|seed06|fold02,e1_main_d2,d2_beef_uncontrolled,xgboost,classification,6,2,16,1.4.0,real,True,ok,6435,2145,3,1,TS1,3,1,2.625038886908442,0.5897435897435898,0.8132248784222003,True,4.0,0.5589756944444444,require_all_classes,0.5247730163642902,,,
d2_beef_uncontrolled|xgboost|classification|seed06|fold03,e1_main_d2,d2_beef_uncontrolled,xgboost,classification,6,3,16,1.4.0,real,True,ok,6435,2145,3,1,TS4,3,1,2.299138290807605,0.6149184149184149,0.8958024115538286,True,4.0,0.5570652173913043,require_all_classes,0.5152342340664728,,,
d2_beef_uncontrolled|xgboost|classification|seed06|fold04,e1_main_d2,d2_beef_uncontrolled,xgboost,classification,6,4,16,1.4.0,real,True,ok,6435,2145,3,1,TS2,3,1,2.279167156200856,0.7137529137529137,0.9161406471856863,True,4.0,0.7134888742497438,require_all_classes,0.720432321387896,,,
d2_beef_uncontrolled|xgboost|classification|seed07|fold00,e1_main_d2,d2_beef_uncontrolled,xgboost,classification,7,0,16,1.4.0,real,True,ok,6435,2145,3,1,TS3,3,1,2.3771588280797005,0.813053613053613,0.9568907627487891,True,4.0,0.7324718196457327,require_all_classes,0.7060167164140939,,,
d2_beef_uncontrolled|xgboost|classification|seed07|fold01,e1_main_d2,d2_beef_uncontrolled,xgboost,classification,7,1,16,1.4.0,real,True,ok,6435,2145,3,1,TS1,3,1,2.2226706561632454,0.47925407925407926,0.7971959772187667,True,4.0,0.5374305555555555,require_all_classes,0.5063164817868496,,,
d2_beef_uncontrolled|xgboost|classification|seed07|fold02,e1_main_d2,d2_beef_uncontrolled,xgboost,classification,7,2,16,1.4.0,real,True,ok,6435,2145,3,1,TS5,3,1,2.150234440807253,0.634032634032634,0.748644462308726,True,4.0,0.624715320910973,require_all_classes,0.5696031358034429,,,
d2_beef_uncontrolled|xgboost|classification|seed07|fold03,e1_main_d2,d2_beef_uncontrolled,xgboost,classification,7,3,16,1.4.0,real,True,ok,6435,2145,3,1,TS2,3,1,2.3125954694114625,0.5552447552447553,0.8474262672876642,True,4.0,0.5856159420289855,require_all_classes,0.5110254349297145,,,
d2_beef_uncontrolled|xgboost|classification|seed07|fold04,e1_main_d2,d2_beef_uncontrolled,xgboost,classification,7,4,16,1.4.0,real,True,ok,6435,2145,3,1,TS4,3,1,2.30006369529292,0.6433566433566433,0.8673565381985366,True,4.0,0.63335346215781,require_all_classes,0.6391736610249436,,,
d2_beef_uncontrolled|xgboost|classification|seed08|fold00,e1_main_d2,d2_beef_uncontrolled,xgboost,classification,8,0,16,1.4.0,real,True,ok,6435,2145,3,1,TS4,3,1,2.3212751848623157,0.6825174825174826,0.9117229257286997,True,4.0,0.6265499194847021,require_all_classes,0.5941183388337243,,,
d2_beef_uncontrolled|xgboost|classification|seed08|fold01,e1_main_d2,d2_beef_uncontrolled,xgboost,classification,8,1,16,1.4.0,real,True,ok,6435,2145,3,1,TS1,3,1,2.345633893273771,0.23776223776223776,0.5551803722147495,True,4.0,0.325,require_all_classes,0.2941176470588235,,,
d2_beef_uncontrolled|xgboost|classification|seed08|fold02,e1_main_d2,d2_beef_uncontrolled,xgboost,classification,8,2,16,1.4.0,real,True,ok,6435,2145,3,1,TS2,3,1,2.372438916005194,0.7132867132867133,0.9084841491177282,True,4.0,0.7135408432147563,require_all_classes,0.7208117127228338,,,
d2_beef_uncontrolled|xgboost|classification|seed08|fold03,e1_main_d2,d2_beef_uncontrolled,xgboost,classification,8,3,16,1.4.0,real,True,ok,6435,2145,3,1,TS3,3,1,2.251217706128955,0.7538461538461538,0.9398015354227646,True,4.0,0.7214070048309179,require_all_classes,0.7256743975010518,,,
d2_beef_uncontrolled|xgboost|classification|seed08|fold04,e1_main_d2,d2_beef_uncontrolled,xgboost,classification,8,4,16,1.4.0,real,True,ok,6435,2145,3,1,TS5,3,1,2.426630809903145,0.627039627039627,0.8756257792980826,True,4.0,0.6055383022774328,require_all_classes,0.5651785260144204,,,
d2_beef_uncontrolled|xgboost|classification|seed09|fold00,e1_main_d2,d2_beef_uncontrolled,xgboost,classification,9,0,16,1.4.0,real,True,ok,6435,2145,3,1,TS5,3,1,2.4740838389843702,0.6326340326340326,0.876744081786432,True,4.0,0.6129787784679089,require_all_classes,0.5773654243915413,,,
d2_beef_uncontrolled|xgboost|classification|seed09|fold01,e1_main_d2,d2_beef_uncontrolled,xgboost,classification,9,1,16,1.4.0,real,True,ok,6435,2145,3,1,TS4,3,1,2.485287790186703,0.6913752913752914,0.9173038349137502,True,4.0,0.6353462157809984,require_all_classes,0.6031193556471615,,,
d2_beef_uncontrolled|xgboost|classification|seed09|fold02,e1_main_d2,d2_beef_uncontrolled,xgboost,classification,9,2,16,1.4.0,real,True,ok,6435,2145,3,1,TS1,3,1,2.516764075960964,0.6708624708624709,0.863351137660181,True,4.0,0.5522727272727272,require_all_classes,0.5504375601513294,,,
d2_beef_uncontrolled|xgboost|classification|seed09|fold03,e1_main_d2,d2_beef_uncontrolled,xgboost,classification,9,3,16,1.4.0,real,True,ok,6435,2145,3,1,TS3,3,1,2.2730200942605734,0.7883449883449883,0.9569806959247491,True,4.0,0.6841988727858292,require_all_classes,0.660693920357445,,,
d2_beef_uncontrolled|xgboost|classification|seed09|fold04,e1_main_d2,d2_beef_uncontrolled,xgboost,classification,9,4,16,1.4.0,real,True,ok,6435,2145,3,1,TS2,3,1,2.2319791461341083,0.6606060606060606,0.818525776152031,True,4.0,0.6580352437417655,require_all_classes,0.6405557446780289,,,
d2_beef_uncontrolled|xgboost|regression|seed00|fold00,e1_main_d2,d2_beef_uncontrolled,xgboost,regression,0,0,16,1.4.0,real,True,ok,6435,2145,3,1,TS3,3,1,2.6108949594199657,,,,,,,,0.10687000251128352,0.942523273889032,0.2275092896189082
d2_beef_uncontrolled|xgboost|regression|seed00|fold01,e1_main_d2,d2_beef_uncontrolled,xgboost,regression,0,1,16,1.4.0,real,True,ok,6435,2145,3,1,TS5,3,1,2.2364824190735817,,,,,,,,0.42480849912608026,0.43886620439562407,0.6984497319201359
d2_beef_uncontrolled|xgboost|regression|seed00|fold02,e1_main_d2,d2_beef_uncontrolled,xgboost,regression,0,2,16,1.4.0,real,True,ok,6435,2145,3,1,TS4,3,1,2.036887516733259,,,,,,,,0.3119742032032305,0.7194631524015389,0.498141642485449
d2_beef_uncontrolled|xgboost|regression|seed00|fold03,e1_main_d2,d2_beef_uncontrolled,xgboost,regression,0,3,16,1.4.0,real,True,ok,6435,2145,3,1,TS1,3,1,2.082673559896648,,,,,,,,0.5440548602069285,0.4161647311519274,0.6372222981276677
d2_beef_uncontrolled|xgboost|regression|seed00|fold04,e1_main_d2,d2_beef_uncontrolled,xgboost,regression,0,4,16,1.4.0,real,True,ok,6435,2145,3,1,TS2,3,1,2.0039223469793797,,,,,,,,0.48814450932201464,0.564240236949073,0.5998226347330983
d2_beef_uncontrolled|xgboost|regression|seed01|fold00,e1_main_d2,d2_beef_uncontrolled,xgboost,regression,1,0,16,1.4.0,real,True,ok,6435,2145,3,1,TS5,3,1,2.098513794131577,,,,,,,,0.5492670755029854,0.08936521759871785,0.8897624207313378
d2_beef_uncontrolled|xgboost|regression|seed01|fold01,e1_main_d2,d2_beef_uncontrolled,xgboost,regression,1,1,16,1.4.0,real,True,ok,6435,2145,3,1,TS1,3,1,2.0724759730510414,,,,,,,,0.45805480100270984,0.5548106847475958,0.556439776420719
d2_beef_uncontrolled|xgboost|regression|seed01|fold02,e1_main_d2,d2_beef_uncontrolled,xgboost,regression,1,2,16,1.4.0,real,True,ok,6435,2145,3,1,TS2,3,1,2.150907733011991,,,,,,,,0.5112556955612121,0.5495972044682123,0.6098174193788075
d2_beef_uncontrolled|xgboost|regression|seed01|fold03,e1_main_d2,d2_beef_uncontrolled,xgboost,regression,1,3,16,1.4.0,real,True,ok,6435,2145,3,1,TS3,3,1,2.0507818567566574,,,,,,,,0.18188070782144203,0.8981659604806426,0.30283049668013273
d2_beef_uncontrolled|xgboost|regression|seed01|fold04,e1_main_d2,d2_beef_uncontrolled,xgboost,regression,1,4,16,1.4.0,real,True,ok,6435,2145,3,1,TS4,3,1,2.190754286944866,,,,,,,,0.16411056920808978,0.93915014128805,0.23199983671380706
d2_beef_uncontrolled|xgboost|regression|seed02|fold00,e1_main_d2,d2_beef_uncontrolled,xgboost,regression,2,0,16,1.4.0,real,True,ok,6435,2145,3,1,TS3,3,1,1.8154725008644164,,,,,,,,0.10508448067119863,0.9429966725438282,0.2265704289170286
d2_beef_uncontrolled|xgboost|regression|seed02|fold01,e1_main_d2,d2_beef_uncontrolled,xgboost,regression,2,1,16,1.4.0,real,True,ok,6435,2145,3,1,TS5,3,1,1.886716339737177,,,,,,,,0.45434673081787597,0.3721584295849243,0.7388001515872983
d2_beef_uncontrolled|xgboost|regression|seed02|fold02,e1_main_d2,d2_beef_uncontrolled,xgboost,regression,2,2,16,1.4.0,real,True,ok,6435,2145,3,1,TS4,3,1,2.174365154001862,,,,,,,,0.31914742319499,0.7108532394096096,0.5057280679692392
d2_beef_uncontrolled|xgboost|regression|seed02|fold03,e1_main_d2,d2_beef_uncontrolled,xgboost,regression,2,3,16,1.4.0,real,True,ok,6435,2145,3,1,TS1,3,1,2.051189146004617,,,,,,,,0.534526155114747,0.4157549806911399,0.637445868326531
d2_beef_uncontrolled|xgboost|regression|seed02|fold04,e1_main_d2,d2_beef_uncontrolled,xgboost,regression,2,4,16,1.4.0,real,True,ok,6435,2145,3,1,TS2,3,1,1.8362572249025106,,,,,,,,0.5151197434045685,0.5235063041809055,0.6272315084698752
d2_beef_uncontrolled|xgboost|regression|seed03|fold00,e1_main_d2,d2_beef_uncontrolled,xgboost,regression,3,0,16,1.4.0,real,True,ok,6435,2145,3,1,TS5,3,1,1.9024484888650477,,,,,,,,0.38939980940266844,0.6190247272090976,0.5755066368954329
d2_beef_uncontrolled|xgboost|regression|seed03|fold01,e1_main_d2,d2_beef_uncontrolled,xgboost,regression,3,1,16,1.4.0,real,True,ok,6435,2145,3,1,TS3,3,1,1.624878871254623,,,,,,,,0.17743946632244176,0.8845161973963187,0.3224880757790074
d2_beef_uncontrolled|xgboost|regression|seed03|fold02,e1_main_d2,d2_beef_uncontrolled,xgboost,regression,3,2,16,1.4.0,real,True,ok,6435,2145,3,1,TS2,3,1,1.6859936411492527,,,,,,,,0.1993417273710856,0.8747801247436251,0.32154067600813424
d2_beef_uncontrolled|xgboost|regression|seed03|fold03,e1_main_d2,d2_beef_uncontrolled,xgboost,regression,3,3,16,1.4.0,real,True,ok,6435,2145,3,1,TS4,3,1,1.7896834132261574,,,,,,,,0.3158918679808224,0.7135027556544598,0.5034056860697147
d2_beef_uncontrolled|xgboost|regression|seed03|fold04,e1_main_d2,d2_beef_uncontrolled,xgboost,regression,3,4,16,1.4.0,real,True,ok,6435,2145,3,1,TS1,3,1,1.884377796202898,,,,,,,,0.9077036456733545,-0.7624863288699333,1.1071556474558362
d2_beef_uncontrolled|xgboost|regression|seed04|fold00,e1_main_d2,d2_beef_uncontrolled,xgboost,regression,4,0,16,1.4.0,real,True,ok,6435,2145,3,1,TS3,3,1,1.7227833340875804,,,,,,,,0.11563284663773739,0.9415729454469373,0.22938241436339793
d2_beef_uncontrolled|xgboost|regression|seed04|fold01,e1_main_d2,d2_beef_uncontrolled,xgboost,regression,4,1,16,1.4.0,real,True,ok,6435,2145,3,1,TS5,3,1,1.7659672438167036,,,,,,,,0.5430138696305189,0.105605114923781,0.8817928955790872
d2_beef_uncontrolled|xgboost|regression|seed04|fold02,e1_main_d2,d2_beef_uncontrolled,xgboost,regression,4,2,16,1.4.0,real,True,ok,6435,2145,3,1,TS1,3,1,1.7908102041110396,,,,,,,,0.504368191541745,0.49495993185250875,0.5926642331017654
d2_beef_uncontrolled|xgboost|regression|seed04|fold03,e1_main_d2,d2_beef_uncontrolled,xgboost,regression,4,3,16,1.4.0,real,True,ok,6435,2145,3,1,TS2,3,1,1.777374065015465,,,,,,,,0.20609012319259343,0.8609989430757174,0.33877264765881604
d2_beef_uncontrolled|xgboost|regression|seed04|fold04,e1_main_d2,d2_beef_uncontrolled,xgboost,regression,4,4,16,1.4.0,real,True,ok,6435,2145,3,1,TS4,3,1,1.8282510000281036,,,,,,,,0.3168479530963073,0.7209546485072966,0.49681567321783493
d2_beef_uncontrolled|xgboost|regression|seed05|fold00,e1_main_d2,d2_beef_uncontrolled,xgboost,regression,5,0,16,1.4.0,real,True,ok,6435,2145,3,1,TS5,3,1,2.110469289124012,,,,,,,,0.44630557231837964,0.4024817827511915,0.7207381611305802
d2_beef_uncontrolled|xgboost|regression|seed05|fold01,e1_main_d2,d2_beef_uncontrolled,xgboost,regression,5,1,16,1.4.0,real,True,ok,6435,2145,3,1,TS4,3,1,1.8966145450249314,,,,,,,,0.2864041111881813,0.738434089135443,0.481003751549714
d2_beef_uncontrolled|xgboost|regression|seed05|fold02,e1_main_d2,d2_beef_uncontrolled,xgboost,regression,5,2,16,1.4.0,real,True,ok,6435,2145,3,1,TS2,3,1,1.8193603781983256,,,,,,,,0.5322846009593976,0.5342339561922351,0.6201306527930903
d2_beef_uncontrolled|xgboost|regression|seed05|fold03,e1_main_d2,d2_beef_uncontrolled,xgboost,regression,5,3,16,1.4.0,real,True,ok,6435,2145,3,1,TS3,3,1,1.8389762360602617,,,,,,,,0.1343486693759657,0.9443726372558335,0.22381920998631769
d2_beef_uncontrolled|xgboost|regression|seed05|fold04,e1_main_d2,d2_beef_uncontrolled,xgboost,regression,5,4,16,1.4.0,real,True,ok,6435,2145,3,1,TS1,3,1,1.8923242939636111,,,,,,,,0.9123062492237176,-0.7683754765790483,1.1090038222443221
d2_beef_uncontrolled|xgboost|regression|seed06|fold00,e1_main_d2,d2_beef_uncontrolled,xgboost,regression,6,0,16,1.4.0,real,True,ok,6435,2145,3,1,TS3,3,1,1.7972168321721256,,,,,,,,0.11829401387042902,0.9406946399687535,0.2311000803373728
d2_beef_uncontrolled|xgboost|regression|seed06|fold01,e1_main_d2,d2_beef_uncontrolled,xgboost,regression,6,1,16,1.4.0,real,True,ok,6435,2145,3,1,TS5,3,1,1.9304622039198875,,,,,,,,0.5516819042302133,0.09571801468114782,0.8866533955729158
d2_beef_uncontrolled|xgboost|regression|seed06|fold02,e1_main_d2,d2_beef_uncontrolled,xgboost,regression,6,2,16,1.4.0,real,True,ok,6435,2145,3,1,TS1,3,1,1.93241475103423,,,,,,,,0.5728473579906215,0.17955639240354615,0.7553881523393152
d2_beef_uncontrolled|xgboost|regression|seed06|fold03,e1_main_d2,d2_beef_uncontrolled,xgboost,regression,6,3,16,1.4.0,real,True,ok,6435,2145,3,1,TS4,3,1,1.9184496137313545,,,,,,,,0.2905191997178033,0.7368802854586944,0.48243031118715785
d2_beef_uncontrolled|xgboost|regression|seed06|fold04,e1_main_d2,d2_beef_uncontrolled,xgboost,regression,6,4,16,1.4.0,real,True,ok,6435,2145,3,1,TS2,3,1,1.748317742254585,,,,,,,,0.5227848588005221,0.5025819670080081,0.6408554027174413
d2_beef_uncontrolled|xgboost|regression|seed07|fold00,e1_main_d2,d2_beef_uncontrolled,xgboost,regression,7,0,16,1.4.0,real,True,ok,6435,2145,3,1,TS3,3,1,1.7748847361654043,,,,,,,,0.12315125126201008,0.9489467188605283,0.2144198325660711
d2_beef_uncontrolled|xgboost|regression|seed07|fold01,e1_main_d2,d2_beef_uncontrolled,xgboost,regression,7,1,16,1.4.0,real,True,ok,6435,2145,3,1,TS1,3,1,1.741910764016211,,,,,,,,0.8849127822371998,-0.6509754388050795,1.071559047154627
d2_beef_uncontrolled|xgboost|regression|seed07|fold02,e1_main_d2,d2_beef_uncontrolled,xgboost,regression,7,2,16,1.4.0,real,True,ok,6435,2145,3,1,TS5,3,1,1.6853279480710626,,,,,,,,0.8887059665170461,-0.39634021705084366,1.1017868009673926
d2_beef_uncontrolled|xgboost|regression|seed07|fold03,e1_main_d2,d2_beef_uncontrolled,xgboost,regression,7,3,16,1.4.0,real,True,ok,6435,2145,3,1,TS2,3,1,1.7428290490061045,,,,,,,,0.20733281005770968,0.8637210720394228,0.33543906693284403
d2_beef_uncontrolled|xgboost|regression|seed07|fold04,e1_main_d2,d2_beef_uncontrolled,xgboost,regression,7,4,16,1.4.0,real,True,ok,6435,2145,3,1,TS4,3,1,1.8532755761407316,,,,,,,,0.3100138077178136,0.7367805955159574,0.4825216933469305
d2_beef_uncontrolled|xgboost|regression|seed08|fold00,e1_main_d2,d2_beef_uncontrolled,xgboost,regression,8,0,16,1.4.0,real,True,ok,6435,2145,3,1,TS4,3,1,1.8019325193017721,,,,,,,,0.31418638197708826,0.7246371561250027,0.493526595598223
d2_beef_uncontrolled|xgboost|regression|seed08|fold01,e1_main_d2,d2_beef_uncontrolled,xgboost,regression,8,1,16,1.4.0,real,True,ok,6435,2145,3,1,TS1,3,1,1.7998696099966764,,,,,,,,0.4481287982563483,0.5885411954056008,0.5349448134549313
d2_beef_uncontrolled|xgboost|regression|seed08|fold02,e1_main_d2,d2_beef_uncontrolled,xgboost,regression,8,2,16,1.4.0,real,True,ok,6435,2145,3,1,TS2,3,1,1.810286107007414,,,,,,,,0.4974719911109507,0.5412447038907167,0.615445828802167
d2_beef_uncontrolled|xgboost|regression|seed08|fold03,e1_main_d2,d2_beef_uncontrolled,xgboost,regression,8,3,16,1.4.0,real,True,ok,6435,2145,3,1,TS3,3,1,1.8820656989701092,,,,,,,,0.10754847439478063,0.9417553733336345,0.2290240318944114
d2_beef_uncontrolled|xgboost|regression|seed08|fold04,e1_main_d2,d2_beef_uncontrolled,xgboost,regression,8,4,16,1.4.0,real,True,ok,6435,2145,3,1,TS5,3,1,1.9184485119767487,,,,,,,,0.4607301724485611,0.3918588017568442,0.7271167592750122
d2_beef_uncontrolled|xgboost|regression|seed09|fold00,e1_main_d2,d2_beef_uncontrolled,xgboost,regression,9,0,16,1.4.0,real,True,ok,6435,2145,3,1,TS5,3,1,1.9442189550027251,,,,,,,,0.43014901516444115,0.4382056247021129,0.698860726593793
d2_beef_uncontrolled|xgboost|regression|seed09|fold01,e1_main_d2,d2_beef_uncontrolled,xgboost,regression,9,1,16,1.4.0,real,True,ok,6435,2145,3,1,TS4,3,1,1.9759564432315528,,,,,,,,0.31501310954997613,0.7095488402810386,0.5068675048175375
d2_beef_uncontrolled|xgboost|regression|seed09|fold02,e1_main_d2,d2_beef_uncontrolled,xgboost,regression,9,2,16,1.4.0,real,True,ok,6435,2145,3,1,TS1,3,1,1.818572860211134,,,,,,,,0.2748719769838196,0.8303953504505067,0.3434509152961897
d2_beef_uncontrolled|xgboost|regression|seed09|fold03,e1_main_d2,d2_beef_uncontrolled,xgboost,regression,9,3,16,1.4.0,real,True,ok,6435,2145,3,1,TS3,3,1,1.7500523570924997,,,,,,,,0.19681470663528033,0.8498580852658699,0.3677088631398166
d2_beef_uncontrolled|xgboost|regression|seed09|fold04,e1_main_d2,d2_beef_uncontrolled,xgboost,regression,9,4,16,1.4.0,real,True,ok,6435,2145,3,1,TS2,3,1,1.7421509427949786,,,,,,,,0.41356239798415556,0.5118218548250472,0.6348753329103258
