run_id,experiment,dataset,model,task,seed,fold_id,window_length,protocol_version,evidence_class,protocol_compliant,status,failure_reason,timestamp_utc,duration_s,n_train_windows,n_test_windows,n_train_specimens,n_test_specimens,n_train_sessions,n_test_sessions,fold_fingerprint,test_fingerprint,config_hash,empty_class_policy,class_coverage,selection
d2_beef_uncontrolled|cnn1d|classification|seed00|fold00,e1_main_d2,d2_beef_uncontrolled,cnn1d,classification,0,0,16,1.4.0,real,True,ok,,2026-09-21T09:43:03Z,9.072716569993645,6435,2145,,,3,1,20a70c561f8e,5dfa448e086081ae,a60d157027a1,require_all_classes,"{""missing_in_test"": [], ""missing_in_train"": []}",{}
d2_beef_uncontrolled|cnn1d|classification|seed00|fold01,e1_main_d2,d2_beef_uncontrolled,cnn1d,classification,0,1,16,1.4.0,real,True,ok,,2026-09-21T09:43:37Z,7.169741270132363,6435,2145,,,3,1,6c9ef01abdf9,0ce75a27548236b5,a60d157027a1,require_all_classes,"{""missing_in_test"": [], ""missing_in_train"": []}",{}
d2_beef_uncontrolled|cnn1d|classification|seed00|fold02,e1_main_d2,d2_beef_uncontrolled,cnn1d,classification,0,2,16,1.4.0,real,True,ok,,2026-09-21T09:44:16Z,7.276589042972773,6435,2145,,,3,1,8f5d6031eff3,3aef80c1422eb0fb,a60d157027a1,require_all_classes,"{""missing_in_test"": [], ""missing_in_train"": []}",{}
d2_beef_uncontrolled|cnn1d|classification|seed00|fold03,e1_main_d2,d2_beef_uncontrolled,cnn1d,classification,0,3,16,1.4.0,real,True,ok,,2026-09-21T09:44:55Z,7.5290367803536355,6435,2145,,,3,1,940f76d29b89,61d857bf6b311366,a60d157027a1,require_all_classes,"{""missing_in_test"": [], ""missing_in_train"": []}",{}
d2_beef_uncontrolled|cnn1d|classification|seed00|fold04,e1_main_d2,d2_beef_uncontrolled,cnn1d,classification,0,4,16,1.4.0,real,True,ok,,2026-09-21T09:45:32Z,7.921432831790298,6435,2145,,,3,1,b01bbf6f9575,e75046b727fb33b5,a60d157027a1,require_all_classes,"{""missing_in_test"": [], ""missing_in_train"": []}",{}
d2_beef_uncontrolled|cnn1d|classification|seed01|fold00,e1_main_d2,d2_beef_uncontrolled,cnn1d,classification,1,0,16,1.4.0,real,True,ok,,2026-09-21T09:46:15Z,8.654080831911415,6435,2145,,,3,1,92d667f81d03,02f557f419bcf511,a60d157027a1,require_all_classes,"{""missing_in_test"": [], ""missing_in_train"": []}",{}
d2_beef_uncontrolled|cnn1d|classification|seed01|fold01,e1_main_d2,d2_beef_uncontrolled,cnn1d,classification,1,1,16,1.4.0,real,True,ok,,2026-09-21T09:46:52Z,8.010254085063934,6435,2145,,,3,1,63eaca80ac77,29a63da9df01dd0b,a60d157027a1,require_all_classes,"{""missing_in_test"": [], ""missing_in_train"": []}",{}
d2_beef_uncontrolled|cnn1d|classification|seed01|fold02,e1_main_d2,d2_beef_uncontrolled,cnn1d,classification,1,2,16,1.4.0,real,True,ok,,2026-09-21T09:47:30Z,8.190505139064044,6435,2145,,,3,1,14ed105fd91e,d8b4a8235dc762f2,a60d157027a1,require_all_classes,"{""missing_in_test"": [], ""missing_in_train"": []}",{}
d2_beef_uncontrolled|cnn1d|classification|seed01|fold03,e1_main_d2,d2_beef_uncontrolled,cnn1d,classification,1,3,16,1.4.0,real,True,ok,,2026-09-21T09:48:09Z,8.304107922129333,6435,2145,,,3,1,99c64364d832,c84e92beacda8dd1,a60d157027a1,require_all_classes,"{""missing_in_test"": [], ""missing_in_train"": []}",{}
d2_beef_uncontrolled|cnn1d|classification|seed01|fold04,e1_main_d2,d2_beef_uncontrolled,cnn1d,classification,1,4,16,1.4.0,real,True,ok,,2026-09-21T09:48:49Z,9.248587132897228,6435,2145,,,3,1,fa4200209670,2727ca67dd3cd4a3,a60d157027a1,require_all_classes,"{""missing_in_test"": [], ""missing_in_train"": []}",{}
d2_beef_uncontrolled|cnn1d|classification|seed02|fold00,e1_main_d2,d2_beef_uncontrolled,cnn1d,classification,2,0,16,1.4.0,real,True,ok,,2026-09-21T09:49:27Z,6.327703346963972,6435,2145,,,3,1,38e11e05422e,98ed05990454999f,a60d157027a1,require_all_classes,"{""missing_in_test"": [], ""missing_in_train"": []}",{}
d2_beef_uncontrolled|cnn1d|classification|seed02|fold01,e1_main_d2,d2_beef_uncontrolled,cnn1d,classification,2,1,16,1.4.0,real,True,ok,,2026-09-21T09:50:06Z,7.119378027971834,6435,2145,,,3,1,8a87c8dddc86,d5ef09d82a759083,a60d157027a1,require_all_classes,"{""missing_in_test"": [], ""missing_in_train"": []}",{}
d2_beef_uncontrolled|cnn1d|classification|seed02|fold02,e1_main_d2,d2_beef_uncontrolled,cnn1d,classification,2,2,16,1.4.0,real,True,ok,,2026-09-21T09:50:42Z,5.673397012986243,6435,2145,,,3,1,545d378c28a6,70b3a67af42d9720,a60d157027a1,require_all_classes,"{""missing_in_test"": [], ""missing_in_train"": []}",{}
d2_beef_uncontrolled|cnn1d|classification|seed02|fold03,e1_main_d2,d2_beef_uncontrolled,cnn1d,classification,2,3,16,1.4.0,real,True,ok,,2026-09-21T09:51:21Z,8.26988403685391,6435,2145,,,3,1,289906332a4f,3a42b8e4b7c8481c,a60d157027a1,require_all_classes,"{""missing_in_test"": [], ""missing_in_train"": []}",{}
d2_beef_uncontrolled|cnn1d|classification|seed02|fold04,e1_main_d2,d2_beef_uncontrolled,cnn1d,classification,2,4,16,1.4.0,real,True,ok,,2026-09-21T09:51:56Z,6.887794946786016,6435,2145,,,3,1,202906f4d7e1,376e1d2734c12828,a60d157027a1,require_all_classes,"{""missing_in_test"": [], ""missing_in_train"": []}",{}
d2_beef_uncontrolled|cnn1d|classification|seed03|fold00,e1_main_d2,d2_beef_uncontrolled,cnn1d,classification,3,0,16,1.4.0,real,True,ok,,2026-09-21T09:52:34Z,6.536245482973754,6435,2145,,,3,1,0e087c313624,1e402153ec8d05c3,a60d157027a1,require_all_classes,"{""missing_in_test"": [], ""missing_in_train"": []}",{}
d2_beef_uncontrolled|cnn1d|classification|seed03|fold01,e1_main_d2,d2_beef_uncontrolled,cnn1d,classification,3,1,16,1.4.0,real,True,ok,,2026-09-21T09:53:10Z,9.017925580963492,6435,2145,,,3,1,ff41306bda71,56ad3f2b79b844af,a60d157027a1,require_all_classes,"{""missing_in_test"": [], ""missing_in_train"": []}",{}
d2_beef_uncontrolled|cnn1d|classification|seed03|fold02,e1_main_d2,d2_beef_uncontrolled,cnn1d,classification,3,2,16,1.4.0,real,True,ok,,2026-09-21T09:53:50Z,8.350404397118837,6435,2145,,,3,1,31c8eaca9098,b92d7d24a810a23b,a60d157027a1,require_all_classes,"{""missing_in_test"": [], ""missing_in_train"": []}",{}
d2_beef_uncontrolled|cnn1d|classification|seed03|fold03,e1_main_d2,d2_beef_uncontrolled,cnn1d,classification,3,3,16,1.4.0,real,True,ok,,2026-09-21T09:54:27Z,7.701112687587738,6435,2145,,,3,1,73fd7314e359,487f597cb4006c3f,a60d157027a1,require_all_classes,"{""missing_in_test"": [], ""missing_in_train"": []}",{}
d2_beef_uncontrolled|cnn1d|classification|seed03|fold04,e1_main_d2,d2_beef_uncontrolled,cnn1d,classification,3,4,16,1.4.0,real,True,ok,,2026-09-21T09:55:05Z,7.319703542161733,6435,2145,,,3,1,a4933ae9f507,01d79760ad41a15a,a60d157027a1,require_all_classes,"{""missing_in_test"": [], ""missing_in_train"": []}",{}
d2_beef_uncontrolled|cnn1d|classification|seed04|fold00,e1_main_d2,d2_beef_uncontrolled,cnn1d,classification,4,0,16,1.4.0,real,True,ok,,2026-09-21T09:55:40Z,7.012570603284985,6435,2145,,,3,1,ab20f229b2e5,e126dfd20c907c48,a60d157027a1,require_all_classes,"{""missing_in_test"": [], ""missing_in_train"": []}",{}
d2_beef_uncontrolled|cnn1d|classification|seed04|fold01,e1_main_d2,d2_beef_uncontrolled,cnn1d,classification,4,1,16,1.4.0,real,True,ok,,2026-09-21T09:56:19Z,6.8147691008634865,6435,2145,,,3,1,6b2262999c63,5355e83050a3631d,a60d157027a1,require_all_classes,"{""missing_in_test"": [], ""missing_in_train"": []}",{}
d2_beef_uncontrolled|cnn1d|classification|seed04|fold02,e1_main_d2,d2_beef_uncontrolled,cnn1d,classification,4,2,16,1.4.0,real,True,ok,,2026-09-21T09:57:00Z,9.0440299292095,6435,2145,,,3,1,557db8e1a73e,ed7a2e0f7c250ed3,a60d157027a1,require_all_classes,"{""missing_in_test"": [], ""missing_in_train"": []}",{}
d2_beef_uncontrolled|cnn1d|classification|seed04|fold03,e1_main_d2,d2_beef_uncontrolled,cnn1d,classification,4,3,16,1.4.0,real,True,ok,,2026-09-21T09:57:41Z,8.625794991850853,6435,2145,,,3,1,9dd348ffc2ab,7b607165f225e161,a60d157027a1,require_all_classes,"{""missing_in_test"": [], ""missing_in_train"": []}",{}
d2_beef_uncontrolled|cnn1d|classification|seed04|fold04,e1_main_d2,d2_beef_uncontrolled,cnn1d,classification,4,4,16,1.4.0,real,True,ok,,2026-09-21T09:58:22Z,7.128084493800998,6435,2145,,,3,1,faf19bcdc9b9,1ecc2c5ddfbfc5b6,a60d157027a1,require_all_classes,"{""missing_in_test"": [], ""missing_in_train"": []}",{}
d2_beef_uncontrolled|cnn1d|classification|seed05|fold00,e1_main_d2,d2_beef_uncontrolled,cnn1d,classification,5,0,16,1.4.0,real,True,ok,,2026-09-21T09:59:04Z,8.902530997991562,6435,2145,,,3,1,413cdd715162,974ce7184cacbf91,a60d157027a1,require_all_classes,"{""missing_in_test"": [], ""missing_in_train"": []}",{}
d2_beef_uncontrolled|cnn1d|classification|seed05|fold01,e1_main_d2,d2_beef_uncontrolled,cnn1d,classification,5,1,16,1.4.0,real,True,ok,,2026-09-21T09:59:46Z,7.866925170645118,6435,2145,,,3,1,a8b8c30a5944,61f5ee86876c9757,a60d157027a1,require_all_classes,"{""missing_in_test"": [], ""missing_in_train"": []}",{}
d2_beef_uncontrolled|cnn1d|classification|seed05|fold02,e1_main_d2,d2_beef_uncontrolled,cnn1d,classification,5,2,16,1.4.0,real,True,ok,,2026-09-21T10:00:28Z,8.567665961105376,6435,2145,,,3,1,9de5f792dc27,eb2bf95dad4e04d5,a60d157027a1,require_all_classes,"{""missing_in_test"": [], ""missing_in_train"": []}",{}
d2_beef_uncontrolled|cnn1d|classification|seed05|fold03,e1_main_d2,d2_beef_uncontrolled,cnn1d,classification,5,3,16,1.4.0,real,True,ok,,2026-09-21T10:01:10Z,8.950013891328126,6435,2145,,,3,1,a5838cf9641b,9ff4c0ecafe231a2,a60d157027a1,require_all_classes,"{""missing_in_test"": [], ""missing_in_train"": []}",{}
d2_beef_uncontrolled|cnn1d|classification|seed05|fold04,e1_main_d2,d2_beef_uncontrolled,cnn1d,classification,5,4,16,1.4.0,real,True,ok,,2026-09-21T10:01:54Z,9.357644489966333,6435,2145,,,3,1,6eee1b95b6aa,642a4da7d8c47fc4,a60d157027a1,require_all_classes,"{""missing_in_test"": [], ""missing_in_train"": []}",{}
d2_beef_uncontrolled|cnn1d|classification|seed06|fold00,e1_main_d2,d2_beef_uncontrolled,cnn1d,classification,6,0,16,1.4.0,real,True,ok,,2026-09-21T10:02:36Z,9.101759998127818,6435,2145,,,3,1,477c37a8ab73,667fab9ae907dd2f,a60d157027a1,require_all_classes,"{""missing_in_test"": [], ""missing_in_train"": []}",{}
d2_beef_uncontrolled|cnn1d|classification|seed06|fold01,e1_main_d2,d2_beef_uncontrolled,cnn1d,classification,6,1,16,1.4.0,real,True,ok,,2026-09-21T10:03:22Z,9.115240979008377,6435,2145,,,3,1,1c2e3ba58278,039737c0c58f8c2d,a60d157027a1,require_all_classes,"{""missing_in_test"": [], ""missing_in_train"": []}",{}
d2_beef_uncontrolled|cnn1d|classification|seed06|fold02,e1_main_d2,d2_beef_uncontrolled,cnn1d,classification,6,2,16,1.4.0,real,True,ok,,2026-09-21T10:04:04Z,8.500993716996163,6435,2145,,,3,1,54ff457155dd,7ab48d55c86c7eb3,a60d157027a1,require_all_classes,"{""missing_in_test"": [], ""missing_in_train"": []}",{}
d2_beef_uncontrolled|cnn1d|classification|seed06|fold03,e1_main_d2,d2_beef_uncontrolled,cnn1d,classification,6,3,16,1.4.0,real,True,ok,,2026-09-21T10:04:46Z,8.412588145118207,6435,2145,,,3,1,a877630b86ff,a9db8e48bd8ff7ac,a60d157027a1,require_all_classes,"{""missing_in_test"": [], ""missing_in_train"": []}",{}
d2_beef_uncontrolled|cnn1d|classification|seed06|fold04,e1_main_d2,d2_beef_uncontrolled,cnn1d,classification,6,4,16,1.4.0,real,True,ok,,2026-09-21T10:05:28Z,8.405063698068261,6435,2145,,,3,1,308afc6cb592,be480f037c39f34a,a60d157027a1,require_all_classes,"{""missing_in_test"": [], ""missing_in_train"": []}",{}
d2_beef_uncontrolled|cnn1d|classification|seed07|fold00,e1_main_d2,d2_beef_uncontrolled,cnn1d,classification,7,0,16,1.4.0,real,True,ok,,2026-09-21T10:06:08Z,8.43910727929324,6435,2145,,,3,1,7b279b72dfb8,b2b976cb04db58fa,a60d157027a1,require_all_classes,"{""missing_in_test"": [], ""missing_in_train"": []}",{}
d2_beef_uncontrolled|cnn1d|classification|seed07|fold01,e1_main_d2,d2_beef_uncontrolled,cnn1d,classification,7,1,16,1.4.0,real,True,ok,,2026-09-21T10:06:47Z,9.046772992238402,6435,2145,,,3,1,bb1e5578b9e3,921e35142dd12bc7,a60d157027a1,require_all_classes,"{""missing_in_test"": [], ""missing_in_train"": []}",{}
d2_beef_uncontrolled|cnn1d|classification|seed07|fold02,e1_main_d2,d2_beef_uncontrolled,cnn1d,classification,7,2,16,1.4.0,real,True,ok,,2026-09-21T10:07:27Z,8.468913040589541,6435,2145,,,3,1,ba39acccb154,a467edf1396fcbf2,a60d157027a1,require_all_classes,"{""missing_in_test"": [], ""missing_in_train"": []}",{}
d2_beef_uncontrolled|cnn1d|classification|seed07|fold03,e1_main_d2,d2_beef_uncontrolled,cnn1d,classification,7,3,16,1.4.0,real,True,ok,,2026-09-21T10:08:09Z,8.738498684950173,6435,2145,,,3,1,4726b95fa672,e872aaba0220056a,a60d157027a1,require_all_classes,"{""missing_in_test"": [], ""missing_in_train"": []}",{}
d2_beef_uncontrolled|cnn1d|classification|seed07|fold04,e1_main_d2,d2_beef_uncontrolled,cnn1d,classification,7,4,16,1.4.0,real,True,ok,,2026-09-21T10:08:49Z,8.089078393764794,6435,2145,,,3,1,2e34c9f360a4,fb1a3fb8e7aabef1,a60d157027a1,require_all_classes,"{""missing_in_test"": [], ""missing_in_train"": []}",{}
d2_beef_uncontrolled|cnn1d|classification|seed08|fold00,e1_main_d2,d2_beef_uncontrolled,cnn1d,classification,8,0,16,1.4.0,real,True,ok,,2026-09-21T10:09:28Z,9.093516959808767,6435,2145,,,3,1,760fd382be4c,59d271241d1319cc,a60d157027a1,require_all_classes,"{""missing_in_test"": [], ""missing_in_train"": []}",{}
d2_beef_uncontrolled|cnn1d|classification|seed08|fold01,e1_main_d2,d2_beef_uncontrolled,cnn1d,classification,8,1,16,1.4.0,real,True,ok,,2026-09-21T10:10:05Z,8.80689705396071,6435,2145,,,3,1,f60758215a07,88dc9ee205350784,a60d157027a1,require_all_classes,"{""missing_in_test"": [], ""missing_in_train"": []}",{}
d2_beef_uncontrolled|cnn1d|classification|seed08|fold02,e1_main_d2,d2_beef_uncontrolled,cnn1d,classification,8,2,16,1.4.0,real,True,ok,,2026-09-21T10:10:47Z,7.9151500491425395,6435,2145,,,3,1,b12aea5b360e,1df548998a8112d4,a60d157027a1,require_all_classes,"{""missing_in_test"": [], ""missing_in_train"": []}",{}
d2_beef_uncontrolled|cnn1d|classification|seed08|fold03,e1_main_d2,d2_beef_uncontrolled,cnn1d,classification,8,3,16,1.4.0,real,True,ok,,2026-09-21T10:11:29Z,8.706477436237037,6435,2145,,,3,1,d24ce02cae99,3863d78f889d290a,a60d157027a1,require_all_classes,"{""missing_in_test"": [], ""missing_in_train"": []}",{}
d2_beef_uncontrolled|cnn1d|classification|seed08|fold04,e1_main_d2,d2_beef_uncontrolled,cnn1d,classification,8,4,16,1.4.0,real,True,ok,,2026-09-21T10:12:12Z,8.859809191897511,6435,2145,,,3,1,02ddc5401296,07fd3d7138d658dd,a60d157027a1,require_all_classes,"{""missing_in_test"": [], ""missing_in_train"": []}",{}
d2_beef_uncontrolled|cnn1d|classification|seed09|fold00,e1_main_d2,d2_beef_uncontrolled,cnn1d,classification,9,0,16,1.4.0,real,True,ok,,2026-09-21T10:12:51Z,8.09086028393358,6435,2145,,,3,1,523607d0ddee,4200bbedee013e82,a60d157027a1,require_all_classes,"{""missing_in_test"": [], ""missing_in_train"": []}",{}
d2_beef_uncontrolled|cnn1d|classification|seed09|fold01,e1_main_d2,d2_beef_uncontrolled,cnn1d,classification,9,1,16,1.4.0,real,True,ok,,2026-09-21T10:13:34Z,8.988127662800252,6435,2145,,,3,1,de265fd108a1,832c49836fd2c62b,a60d157027a1,require_all_classes,"{""missing_in_test"": [], ""missing_in_train"": []}",{}
d2_beef_uncontrolled|cnn1d|classification|seed09|fold02,e1_main_d2,d2_beef_uncontrolled,cnn1d,classification,9,2,16,1.4.0,real,True,ok,,2026-09-21T10:14:15Z,8.216738366987556,6435,2145,,,3,1,9a76beab3005,1088fab732c8b40b,a60d157027a1,require_all_classes,"{""missing_in_test"": [], ""missing_in_train"": []}",{}
d2_beef_uncontrolled|cnn1d|classification|seed09|fold03,e1_main_d2,d2_beef_uncontrolled,cnn1d,classification,9,3,16,1.4.0,real,True,ok,,2026-09-21T10:14:57Z,8.994806936010718,6435,2145,,,3,1,bcc42ac9806b,2c3165d69df7e01a,a60d157027a1,require_all_classes,"{""missing_in_test"": [], ""missing_in_train"": []}",{}
d2_beef_uncontrolled|cnn1d|classification|seed09|fold04,e1_main_d2,d2_beef_uncontrolled,cnn1d,classification,9,4,16,1.4.0,real,True,ok,,2026-09-21T10:15:35Z,7.980616638902575,6435,2145,,,3,1,3b4893542c85,77352e76c6f6ef3e,a60d157027a1,require_all_classes,"{""missing_in_test"": [], ""missing_in_train"": []}",{}
d2_beef_uncontrolled|cnn1d|regression|seed00|fold00,e1_main_d2,d2_beef_uncontrolled,cnn1d,regression,0,0,16,1.4.0,real,True,ok,,2026-09-21T09:43:09Z,6.253913413733244,6435,2145,,,3,1,20a70c561f8e,90d186ec05a69dff,a60d157027a1,require_all_classes,"{""missing_in_test"": [], ""missing_in_train"": []}",{}
d2_beef_uncontrolled|cnn1d|regression|seed00|fold01,e1_main_d2,d2_beef_uncontrolled,cnn1d,regression,0,1,16,1.4.0,real,True,ok,,2026-09-21T09:43:45Z,8.155517433770001,6435,2145,,,3,1,6c9ef01abdf9,a44de292b62db0f3,a60d157027a1,require_all_classes,"{""missing_in_test"": [], ""missing_in_train"": []}",{}
d2_beef_uncontrolled|cnn1d|regression|seed00|fold02,e1_main_d2,d2_beef_uncontrolled,cnn1d,regression,0,2,16,1.4.0,real,True,ok,,2026-09-21T09:44:24Z,7.938501433935016,6435,2145,,,3,1,8f5d6031eff3,78db3b0cc6044297,a60d157027a1,require_all_classes,"{""missing_in_test"": [], ""missing_in_train"": []}",{}
d2_beef_uncontrolled|cnn1d|regression|seed00|fold03,e1_main_d2,d2_beef_uncontrolled,cnn1d,regression,0,3,16,1.4.0,real,True,ok,,2026-09-21T09:45:01Z,6.737636247184128,6435,2145,,,3,1,940f76d29b89,b57c20ec6c82764a,a60d157027a1,require_all_classes,"{""missing_in_test"": [], ""missing_in_train"": []}",{}
d2_beef_uncontrolled|cnn1d|regression|seed00|fold04,e1_main_d2,d2_beef_uncontrolled,cnn1d,regression,0,4,16,1.4.0,real,True,ok,,2026-09-21T09:45:42Z,9.375937310047448,6435,2145,,,3,1,b01bbf6f9575,5da43a9305a0ea9f,a60d157027a1,require_all_classes,"{""missing_in_test"": [], ""missing_in_train"": []}",{}
d2_beef_uncontrolled|cnn1d|regression|seed01|fold00,e1_main_d2,d2_beef_uncontrolled,cnn1d,regression,1,0,16,1.4.0,real,True,ok,,2026-09-21T09:46:23Z,7.970149714034051,6435,2145,,,3,1,92d667f81d03,3086cf7e7ba35249,a60d157027a1,require_all_classes,"{""missing_in_test"": [], ""missing_in_train"": []}",{}
d2_beef_uncontrolled|cnn1d|regression|seed01|fold01,e1_main_d2,d2_beef_uncontrolled,cnn1d,regression,1,1,16,1.4.0,real,True,ok,,2026-09-21T09:46:59Z,6.700072614010423,6435,2145,,,3,1,63eaca80ac77,e1b516c1da5f3280,a60d157027a1,require_all_classes,"{""missing_in_test"": [], ""missing_in_train"": []}",{}
d2_beef_uncontrolled|cnn1d|regression|seed01|fold02,e1_main_d2,d2_beef_uncontrolled,cnn1d,regression,1,2,16,1.4.0,real,True,ok,,2026-09-21T09:47:39Z,8.71338872006163,6435,2145,,,3,1,14ed105fd91e,adf89f97d3ff0bb2,a60d157027a1,require_all_classes,"{""missing_in_test"": [], ""missing_in_train"": []}",{}
d2_beef_uncontrolled|cnn1d|regression|seed01|fold03,e1_main_d2,d2_beef_uncontrolled,cnn1d,regression,1,3,16,1.4.0,real,True,ok,,2026-09-21T09:48:16Z,6.9312172858044505,6435,2145,,,3,1,99c64364d832,f8b8d36cdce418bd,a60d157027a1,require_all_classes,"{""missing_in_test"": [], ""missing_in_train"": []}",{}
d2_beef_uncontrolled|cnn1d|regression|seed01|fold04,e1_main_d2,d2_beef_uncontrolled,cnn1d,regression,1,4,16,1.4.0,real,True,ok,,2026-09-21T09:48:57Z,7.79636506177485,6435,2145,,,3,1,fa4200209670,3b3d481e9cafa5ff,a60d157027a1,require_all_classes,"{""missing_in_test"": [], ""missing_in_train"": []}",{}
d2_beef_uncontrolled|cnn1d|regression|seed02|fold00,e1_main_d2,d2_beef_uncontrolled,cnn1d,regression,2,0,16,1.4.0,real,True,ok,,2026-09-21T09:49:34Z,7.336544790305197,6435,2145,,,3,1,38e11e05422e,865942457f6bd9ab,a60d157027a1,require_all_classes,"{""missing_in_test"": [], ""missing_in_train"": []}",{}
d2_beef_uncontrolled|cnn1d|regression|seed02|fold01,e1_main_d2,d2_beef_uncontrolled,cnn1d,regression,2,1,16,1.4.0,real,True,ok,,2026-09-21T09:50:12Z,5.7447613016702235,6435,2145,,,3,1,8a87c8dddc86,a43bf6d086afc07e,a60d157027a1,require_all_classes,"{""missing_in_test"": [], ""missing_in_train"": []}",{}
d2_beef_uncontrolled|cnn1d|regression|seed02|fold02,e1_main_d2,d2_beef_uncontrolled,cnn1d,regression,2,2,16,1.4.0,real,True,ok,,2026-09-21T09:50:50Z,8.022385645657778,6435,2145,,,3,1,545d378c28a6,1d9b8c2239d6d7fa,a60d157027a1,require_all_classes,"{""missing_in_test"": [], ""missing_in_train"": []}",{}
d2_beef_uncontrolled|cnn1d|regression|seed02|fold03,e1_main_d2,d2_beef_uncontrolled,cnn1d,regression,2,3,16,1.4.0,real,True,ok,,2026-09-21T09:51:27Z,6.2971188221126795,6435,2145,,,3,1,289906332a4f,b320eaedd6247e4b,a60d157027a1,require_all_classes,"{""missing_in_test"": [], ""missing_in_train"": []}",{}
d2_beef_uncontrolled|cnn1d|regression|seed02|fold04,e1_main_d2,d2_beef_uncontrolled,cnn1d,regression,2,4,16,1.4.0,real,True,ok,,2026-09-21T09:52:04Z,7.605990983080119,6435,2145,,,3,1,202906f4d7e1,951ef03c43893718,a60d157027a1,require_all_classes,"{""missing_in_test"": [], ""missing_in_train"": []}",{}
d2_beef_uncontrolled|cnn1d|regression|seed03|fold00,e1_main_d2,d2_beef_uncontrolled,cnn1d,regression,3,0,16,1.4.0,real,True,ok,,2026-09-21T09:52:40Z,6.814348889980465,6435,2145,,,3,1,0e087c313624,c902aca8cc2cd88a,a60d157027a1,require_all_classes,"{""missing_in_test"": [], ""missing_in_train"": []}",{}
d2_beef_uncontrolled|cnn1d|regression|seed03|fold01,e1_main_d2,d2_beef_uncontrolled,cnn1d,regression,3,1,16,1.4.0,real,True,ok,,2026-09-21T09:53:17Z,7.6368385925889015,6435,2145,,,3,1,ff41306bda71,d22821c2dbb7965c,a60d157027a1,require_all_classes,"{""missing_in_test"": [], ""missing_in_train"": []}",{}
d2_beef_uncontrolled|cnn1d|regression|seed03|fold02,e1_main_d2,d2_beef_uncontrolled,cnn1d,regression,3,2,16,1.4.0,real,True,ok,,2026-09-21T09:53:58Z,8.241334549151361,6435,2145,,,3,1,31c8eaca9098,dd7931cdd6a96fd1,a60d157027a1,require_all_classes,"{""missing_in_test"": [], ""missing_in_train"": []}",{}
d2_beef_uncontrolled|cnn1d|regression|seed03|fold03,e1_main_d2,d2_beef_uncontrolled,cnn1d,regression,3,3,16,1.4.0,real,True,ok,,2026-09-21T09:54:34Z,7.344705510884523,6435,2145,,,3,1,73fd7314e359,4966e342e0923d2c,a60d157027a1,require_all_classes,"{""missing_in_test"": [], ""missing_in_train"": []}",{}
d2_beef_uncontrolled|cnn1d|regression|seed03|fold04,e1_main_d2,d2_beef_uncontrolled,cnn1d,regression,3,4,16,1.4.0,real,True,ok,,2026-09-21T09:55:12Z,7.443769855890423,6435,2145,,,3,1,a4933ae9f507,affef1f11c42f04c,a60d157027a1,require_all_classes,"{""missing_in_test"": [], ""missing_in_train"": []}",{}
d2_beef_uncontrolled|cnn1d|regression|seed04|fold00,e1_main_d2,d2_beef_uncontrolled,cnn1d,regression,4,0,16,1.4.0,real,True,ok,,2026-09-21T09:55:47Z,6.800238996278495,6435,2145,,,3,1,ab20f229b2e5,cb13519783c58da4,a60d157027a1,require_all_classes,"{""missing_in_test"": [], ""missing_in_train"": []}",{}
d2_beef_uncontrolled|cnn1d|regression|seed04|fold01,e1_main_d2,d2_beef_uncontrolled,cnn1d,regression,4,1,16,1.4.0,real,True,ok,,2026-09-21T09:56:26Z,6.683316708076745,6435,2145,,,3,1,6b2262999c63,1e9f27f050f138da,a60d157027a1,require_all_classes,"{""missing_in_test"": [], ""missing_in_train"": []}",{}
d2_beef_uncontrolled|cnn1d|regression|seed04|fold02,e1_main_d2,d2_beef_uncontrolled,cnn1d,regression,4,2,16,1.4.0,real,True,ok,,2026-09-21T09:57:08Z,8.000830655917525,6435,2145,,,3,1,557db8e1a73e,2daa40a77e209f30,a60d157027a1,require_all_classes,"{""missing_in_test"": [], ""missing_in_train"": []}",{}
d2_beef_uncontrolled|cnn1d|regression|seed04|fold03,e1_main_d2,d2_beef_uncontrolled,cnn1d,regression,4,3,16,1.4.0,real,True,ok,,2026-09-21T09:57:50Z,8.509576542302966,6435,2145,,,3,1,9dd348ffc2ab,26654fdce541e290,a60d157027a1,require_all_classes,"{""missing_in_test"": [], ""missing_in_train"": []}",{}
d2_beef_uncontrolled|cnn1d|regression|seed04|fold04,e1_main_d2,d2_beef_uncontrolled,cnn1d,regression,4,4,16,1.4.0,real,True,ok,,2026-09-21T09:58:30Z,7.697308450937271,6435,2145,,,3,1,faf19bcdc9b9,29e4a789c69c122f,a60d157027a1,require_all_classes,"{""missing_in_test"": [], ""missing_in_train"": []}",{}
d2_beef_uncontrolled|cnn1d|regression|seed05|fold00,e1_main_d2,d2_beef_uncontrolled,cnn1d,regression,5,0,16,1.4.0,real,True,ok,,2026-09-21T09:59:13Z,9.01983565511182,6435,2145,,,3,1,413cdd715162,4e4af8b658acc92c,a60d157027a1,require_all_classes,"{""missing_in_test"": [], ""missing_in_train"": []}",{}
d2_beef_uncontrolled|cnn1d|regression|seed05|fold01,e1_main_d2,d2_beef_uncontrolled,cnn1d,regression,5,1,16,1.4.0,real,True,ok,,2026-09-21T09:59:54Z,7.833739464171231,6435,2145,,,3,1,a8b8c30a5944,f8916cf847bd8935,a60d157027a1,require_all_classes,"{""missing_in_test"": [], ""missing_in_train"": []}",{}
d2_beef_uncontrolled|cnn1d|regression|seed05|fold02,e1_main_d2,d2_beef_uncontrolled,cnn1d,regression,5,2,16,1.4.0,real,True,ok,,2026-09-21T10:00:36Z,7.52958630817011,6435,2145,,,3,1,9de5f792dc27,59d13422b54f9039,a60d157027a1,require_all_classes,"{""missing_in_test"": [], ""missing_in_train"": []}",{}
d2_beef_uncontrolled|cnn1d|regression|seed05|fold03,e1_main_d2,d2_beef_uncontrolled,cnn1d,regression,5,3,16,1.4.0,real,True,ok,,2026-09-21T10:01:19Z,8.762251127045602,6435,2145,,,3,1,a5838cf9641b,16c8f181f9d2b5c9,a60d157027a1,require_all_classes,"{""missing_in_test"": [], ""missing_in_train"": []}",{}
d2_beef_uncontrolled|cnn1d|regression|seed05|fold04,e1_main_d2,d2_beef_uncontrolled,cnn1d,regression,5,4,16,1.4.0,real,True,ok,,2026-09-21T10:02:02Z,8.218076041899621,6435,2145,,,3,1,6eee1b95b6aa,9dad69b0e25ac0a4,a60d157027a1,require_all_classes,"{""missing_in_test"": [], ""missing_in_train"": []}",{}
d2_beef_uncontrolled|cnn1d|regression|seed06|fold00,e1_main_d2,d2_beef_uncontrolled,cnn1d,regression,6,0,16,1.4.0,real,True,ok,,2026-09-21T10:02:45Z,8.599804626777768,6435,2145,,,3,1,477c37a8ab73,d50dea9aaa82b985,a60d157027a1,require_all_classes,"{""missing_in_test"": [], ""missing_in_train"": []}",{}
d2_beef_uncontrolled|cnn1d|regression|seed06|fold01,e1_main_d2,d2_beef_uncontrolled,cnn1d,regression,6,1,16,1.4.0,real,True,ok,,2026-09-21T10:03:31Z,8.731271628290415,6435,2145,,,3,1,1c2e3ba58278,6a7d7950c2ae43db,a60d157027a1,require_all_classes,"{""missing_in_test"": [], ""missing_in_train"": []}",{}
d2_beef_uncontrolled|cnn1d|regression|seed06|fold02,e1_main_d2,d2_beef_uncontrolled,cnn1d,regression,6,2,16,1.4.0,real,True,ok,,2026-09-21T10:04:12Z,8.000845929142088,6435,2145,,,3,1,54ff457155dd,730c20568ff6424b,a60d157027a1,require_all_classes,"{""missing_in_test"": [], ""missing_in_train"": []}",{}
d2_beef_uncontrolled|cnn1d|regression|seed06|fold03,e1_main_d2,d2_beef_uncontrolled,cnn1d,regression,6,3,16,1.4.0,real,True,ok,,2026-09-21T10:04:54Z,8.284842698834836,6435,2145,,,3,1,a877630b86ff,dec6935fd0d1dca9,a60d157027a1,require_all_classes,"{""missing_in_test"": [], ""missing_in_train"": []}",{}
d2_beef_uncontrolled|cnn1d|regression|seed06|fold04,e1_main_d2,d2_beef_uncontrolled,cnn1d,regression,6,4,16,1.4.0,real,True,ok,,2026-09-21T10:05:36Z,8.114772266708314,6435,2145,,,3,1,308afc6cb592,e782eee6bf195ecd,a60d157027a1,require_all_classes,"{""missing_in_test"": [], ""missing_in_train"": []}",{}
d2_beef_uncontrolled|cnn1d|regression|seed07|fold00,e1_main_d2,d2_beef_uncontrolled,cnn1d,regression,7,0,16,1.4.0,real,True,ok,,2026-09-21T10:06:16Z,8.336026600096375,6435,2145,,,3,1,7b279b72dfb8,2729432aeac76ddd,a60d157027a1,require_all_classes,"{""missing_in_test"": [], ""missing_in_train"": []}",{}
d2_beef_uncontrolled|cnn1d|regression|seed07|fold01,e1_main_d2,d2_beef_uncontrolled,cnn1d,regression,7,1,16,1.4.0,real,True,ok,,2026-09-21T10:06:54Z,7.463954441249371,6435,2145,,,3,1,bb1e5578b9e3,aa70e5e8362226b2,a60d157027a1,require_all_classes,"{""missing_in_test"": [], ""missing_in_train"": []}",{}
d2_beef_uncontrolled|cnn1d|regression|seed07|fold02,e1_main_d2,d2_beef_uncontrolled,cnn1d,regression,7,2,16,1.4.0,real,True,ok,,2026-09-21T10:07:35Z,7.446002368349582,6435,2145,,,3,1,ba39acccb154,6ddfc5c734f30a7b,a60d157027a1,require_all_classes,"{""missing_in_test"": [], ""missing_in_train"": []}",{}
d2_beef_uncontrolled|cnn1d|regression|seed07|fold03,e1_main_d2,d2_beef_uncontrolled,cnn1d,regression,7,3,16,1.4.0,real,True,ok,,2026-09-21T10:08:16Z,7.330230480991304,6435,2145,,,3,1,4726b95fa672,305ddbee6081bf51,a60d157027a1,require_all_classes,"{""missing_in_test"": [], ""missing_in_train"": []}",{}
d2_beef_uncontrolled|cnn1d|regression|seed07|fold04,e1_main_d2,d2_beef_uncontrolled,cnn1d,regression,7,4,16,1.4.0,real,True,ok,,2026-09-21T10:08:56Z,7.401781179010868,6435,2145,,,3,1,2e34c9f360a4,6c876d57ecb602d9,a60d157027a1,require_all_classes,"{""missing_in_test"": [], ""missing_in_train"": []}",{}
d2_beef_uncontrolled|cnn1d|regression|seed08|fold00,e1_main_d2,d2_beef_uncontrolled,cnn1d,regression,8,0,16,1.4.0,real,True,ok,,2026-09-21T10:09:37Z,8.265550495125353,6435,2145,,,3,1,760fd382be4c,29b6ad67f798fd54,a60d157027a1,require_all_classes,"{""missing_in_test"": [], ""missing_in_train"": []}",{}
d2_beef_uncontrolled|cnn1d|regression|seed08|fold01,e1_main_d2,d2_beef_uncontrolled,cnn1d,regression,8,1,16,1.4.0,real,True,ok,,2026-09-21T10:10:15Z,9.424756316933781,6435,2145,,,3,1,f60758215a07,bc245c5fcab46116,a60d157027a1,require_all_classes,"{""missing_in_test"": [], ""missing_in_train"": []}",{}
d2_beef_uncontrolled|cnn1d|regression|seed08|fold02,e1_main_d2,d2_beef_uncontrolled,cnn1d,regression,8,2,16,1.4.0,real,True,ok,,2026-09-21T10:10:55Z,8.020729159004986,6435,2145,,,3,1,b12aea5b360e,de0f4f717819c582,a60d157027a1,require_all_classes,"{""missing_in_test"": [], ""missing_in_train"": []}",{}
d2_beef_uncontrolled|cnn1d|regression|seed08|fold03,e1_main_d2,d2_beef_uncontrolled,cnn1d,regression,8,3,16,1.4.0,real,True,ok,,2026-09-21T10:11:37Z,8.60854501184076,6435,2145,,,3,1,d24ce02cae99,9f40df40b7e03c19,a60d157027a1,require_all_classes,"{""missing_in_test"": [], ""missing_in_train"": []}",{}
d2_beef_uncontrolled|cnn1d|regression|seed08|fold04,e1_main_d2,d2_beef_uncontrolled,cnn1d,regression,8,4,16,1.4.0,real,True,ok,,2026-09-21T10:12:19Z,7.688949135132134,6435,2145,,,3,1,02ddc5401296,958d68b3ed44867c,a60d157027a1,require_all_classes,"{""missing_in_test"": [], ""missing_in_train"": []}",{}
d2_beef_uncontrolled|cnn1d|regression|seed09|fold00,e1_main_d2,d2_beef_uncontrolled,cnn1d,regression,9,0,16,1.4.0,real,True,ok,,2026-09-21T10:13:00Z,8.324707197025418,6435,2145,,,3,1,523607d0ddee,3bb81688e4c4a3e0,a60d157027a1,require_all_classes,"{""missing_in_test"": [], ""missing_in_train"": []}",{}
d2_beef_uncontrolled|cnn1d|regression|seed09|fold01,e1_main_d2,d2_beef_uncontrolled,cnn1d,regression,9,1,16,1.4.0,real,True,ok,,2026-09-21T10:13:43Z,8.417689005844295,6435,2145,,,3,1,de265fd108a1,cc137cd485feacb1,a60d157027a1,require_all_classes,"{""missing_in_test"": [], ""missing_in_train"": []}",{}
d2_beef_uncontrolled|cnn1d|regression|seed09|fold02,e1_main_d2,d2_beef_uncontrolled,cnn1d,regression,9,2,16,1.4.0,real,True,ok,,2026-09-21T10:14:23Z,7.94401380373165,6435,2145,,,3,1,9a76beab3005,6f950199795cd0fc,a60d157027a1,require_all_classes,"{""missing_in_test"": [], ""missing_in_train"": []}",{}
d2_beef_uncontrolled|cnn1d|regression|seed09|fold03,e1_main_d2,d2_beef_uncontrolled,cnn1d,regression,9,3,16,1.4.0,real,True,ok,,2026-09-21T10:15:04Z,7.0975824990309775,6435,2145,,,3,1,bcc42ac9806b,fab4c2aa1d4013a5,a60d157027a1,require_all_classes,"{""missing_in_test"": [], ""missing_in_train"": []}",{}
d2_beef_uncontrolled|cnn1d|regression|seed09|fold04,e1_main_d2,d2_beef_uncontrolled,cnn1d,regression,9,4,16,1.4.0,real,True,ok,,2026-09-21T10:15:43Z,7.773186618927866,6435,2145,,,3,1,3b4893542c85,55a51920b3add7c7,a60d157027a1,require_all_classes,"{""missing_in_test"": [], ""missing_in_train"": []}",{}
d2_beef_uncontrolled|esn|classification|seed00|fold00,e1_main_d2,d2_beef_uncontrolled,esn,classification,0,0,16,1.4.0,real,True,ok,,2026-09-21T09:42:56Z,2.697253793012351,6435,2145,,,3,1,20a70c561f8e,92337b7c7ea5e426,d9528be0bd0a,require_all_classes,"{""missing_in_test"": [], ""missing_in_train"": []}",{}
d2_beef_uncontrolled|esn|classification|seed00|fold01,e1_main_d2,d2_beef_uncontrolled,esn,classification,0,1,16,1.4.0,real,True,ok,,2026-09-21T09:43:02Z,3.318631298840046,6435,2145,,,3,1,6c9ef01abdf9,b1196e3d5c89cc58,d9528be0bd0a,require_all_classes,"{""missing_in_test"": [], ""missing_in_train"": []}",{}
d2_beef_uncontrolled|esn|classification|seed00|fold02,e1_main_d2,d2_beef_uncontrolled,esn,classification,0,2,16,1.4.0,real,True,ok,,2026-09-21T09:43:08Z,3.240631191059947,6435,2145,,,3,1,8f5d6031eff3,342288250eb9a5b4,d9528be0bd0a,require_all_classes,"{""missing_in_test"": [], ""missing_in_train"": []}",{}
d2_beef_uncontrolled|esn|classification|seed00|fold03,e1_main_d2,d2_beef_uncontrolled,esn,classification,0,3,16,1.4.0,real,True,ok,,2026-09-21T09:43:14Z,2.7496897340752184,6435,2145,,,3,1,940f76d29b89,cac6345df999f1af,d9528be0bd0a,require_all_classes,"{""missing_in_test"": [], ""missing_in_train"": []}",{}
d2_beef_uncontrolled|esn|classification|seed00|fold04,e1_main_d2,d2_beef_uncontrolled,esn,classification,0,4,16,1.4.0,real,True,ok,,2026-09-21T09:43:20Z,3.0589920300990343,6435,2145,,,3,1,b01bbf6f9575,8354112bac015819,d9528be0bd0a,require_all_classes,"{""missing_in_test"": [], ""missing_in_train"": []}",{}
d2_beef_uncontrolled|esn|classification|seed01|fold00,e1_main_d2,d2_beef_uncontrolled,esn,classification,1,0,16,1.4.0,real,True,ok,,2026-09-21T09:43:25Z,2.9976466852240264,6435,2145,,,3,1,92d667f81d03,cf9a38e5d7612524,d9528be0bd0a,require_all_classes,"{""missing_in_test"": [], ""missing_in_train"": []}",{}
d2_beef_uncontrolled|esn|classification|seed01|fold01,e1_main_d2,d2_beef_uncontrolled,esn,classification,1,1,16,1.4.0,real,True,ok,,2026-09-21T09:43:31Z,2.845201237127185,6435,2145,,,3,1,63eaca80ac77,8e76bd954fe40041,d9528be0bd0a,require_all_classes,"{""missing_in_test"": [], ""missing_in_train"": []}",{}
d2_beef_uncontrolled|esn|classification|seed01|fold02,e1_main_d2,d2_beef_uncontrolled,esn,classification,1,2,16,1.4.0,real,True,ok,,2026-09-21T09:43:37Z,3.00358107406646,6435,2145,,,3,1,14ed105fd91e,2871a9f91fa5338b,d9528be0bd0a,require_all_classes,"{""missing_in_test"": [], ""missing_in_train"": []}",{}
d2_beef_uncontrolled|esn|classification|seed01|fold03,e1_main_d2,d2_beef_uncontrolled,esn,classification,1,3,16,1.4.0,real,True,ok,,2026-09-21T09:43:42Z,3.0064837308600545,6435,2145,,,3,1,99c64364d832,b4d8b49f1b8bcfa0,d9528be0bd0a,require_all_classes,"{""missing_in_test"": [], ""missing_in_train"": []}",{}
d2_beef_uncontrolled|esn|classification|seed01|fold04,e1_main_d2,d2_beef_uncontrolled,esn,classification,1,4,16,1.4.0,real,True,ok,,2026-09-21T09:43:48Z,2.7999720061197877,6435,2145,,,3,1,fa4200209670,8bdf62b8371f1acc,d9528be0bd0a,require_all_classes,"{""missing_in_test"": [], ""missing_in_train"": []}",{}
d2_beef_uncontrolled|esn|classification|seed02|fold00,e1_main_d2,d2_beef_uncontrolled,esn,classification,2,0,16,1.4.0,real,True,ok,,2026-09-21T09:43:53Z,3.0203349329531193,6435,2145,,,3,1,38e11e05422e,07d0e8d3a464570f,d9528be0bd0a,require_all_classes,"{""missing_in_test"": [], ""missing_in_train"": []}",{}
d2_beef_uncontrolled|esn|classification|seed02|fold01,e1_main_d2,d2_beef_uncontrolled,esn,classification,2,1,16,1.4.0,real,True,ok,,2026-09-21T09:43:59Z,2.9789430368691683,6435,2145,,,3,1,8a87c8dddc86,f53536c20f1afef3,d9528be0bd0a,require_all_classes,"{""missing_in_test"": [], ""missing_in_train"": []}",{}
d2_beef_uncontrolled|esn|classification|seed02|fold02,e1_main_d2,d2_beef_uncontrolled,esn,classification,2,2,16,1.4.0,real,True,ok,,2026-09-21T09:44:04Z,2.738497551996261,6435,2145,,,3,1,545d378c28a6,b2fdab5790ad12db,d9528be0bd0a,require_all_classes,"{""missing_in_test"": [], ""missing_in_train"": []}",{}
d2_beef_uncontrolled|esn|classification|seed02|fold03,e1_main_d2,d2_beef_uncontrolled,esn,classification,2,3,16,1.4.0,real,True,ok,,2026-09-21T09:44:10Z,3.088281448930502,6435,2145,,,3,1,289906332a4f,f6eb5aa0ed67491b,d9528be0bd0a,require_all_classes,"{""missing_in_test"": [], ""missing_in_train"": []}",{}
d2_beef_uncontrolled|esn|classification|seed02|fold04,e1_main_d2,d2_beef_uncontrolled,esn,classification,2,4,16,1.4.0,real,True,ok,,2026-09-21T09:44:15Z,2.9952990310266614,6435,2145,,,3,1,202906f4d7e1,cd6cad738c73b96e,d9528be0bd0a,require_all_classes,"{""missing_in_test"": [], ""missing_in_train"": []}",{}
d2_beef_uncontrolled|esn|classification|seed03|fold00,e1_main_d2,d2_beef_uncontrolled,esn,classification,3,0,16,1.4.0,real,True,ok,,2026-09-21T09:44:21Z,2.9161175191402435,6435,2145,,,3,1,0e087c313624,664e6ba758d53e67,d9528be0bd0a,require_all_classes,"{""missing_in_test"": [], ""missing_in_train"": []}",{}
d2_beef_uncontrolled|esn|classification|seed03|fold01,e1_main_d2,d2_beef_uncontrolled,esn,classification,3,1,16,1.4.0,real,True,ok,,2026-09-21T09:44:27Z,2.9302571010775864,6435,2145,,,3,1,ff41306bda71,9b0ea4b80f58ea02,d9528be0bd0a,require_all_classes,"{""missing_in_test"": [], ""missing_in_train"": []}",{}
d2_beef_uncontrolled|esn|classification|seed03|fold02,e1_main_d2,d2_beef_uncontrolled,esn,classification,3,2,16,1.4.0,real,True,ok,,2026-09-21T09:44:32Z,2.9202211098745465,6435,2145,,,3,1,31c8eaca9098,cc8aba37d3592315,d9528be0bd0a,require_all_classes,"{""missing_in_test"": [], ""missing_in_train"": []}",{}
d2_beef_uncontrolled|esn|classification|seed03|fold03,e1_main_d2,d2_beef_uncontrolled,esn,classification,3,3,16,1.4.0,real,True,ok,,2026-09-21T09:44:38Z,2.884210824035108,6435,2145,,,3,1,73fd7314e359,334381a06b9a1fbd,d9528be0bd0a,require_all_classes,"{""missing_in_test"": [], ""missing_in_train"": []}",{}
d2_beef_uncontrolled|esn|classification|seed03|fold04,e1_main_d2,d2_beef_uncontrolled,esn,classification,3,4,16,1.4.0,real,True,ok,,2026-09-21T09:44:43Z,2.936405137181282,6435,2145,,,3,1,a4933ae9f507,dbfa7a11e286e58d,d9528be0bd0a,require_all_classes,"{""missing_in_test"": [], ""missing_in_train"": []}",{}
d2_beef_uncontrolled|esn|classification|seed04|fold00,e1_main_d2,d2_beef_uncontrolled,esn,classification,4,0,16,1.4.0,real,True,ok,,2026-09-21T09:44:49Z,3.0412961710244417,6435,2145,,,3,1,ab20f229b2e5,6d8a65605d92d971,d9528be0bd0a,require_all_classes,"{""missing_in_test"": [], ""missing_in_train"": []}",{}
d2_beef_uncontrolled|esn|classification|seed04|fold01,e1_main_d2,d2_beef_uncontrolled,esn,classification,4,1,16,1.4.0,real,True,ok,,2026-09-21T09:44:55Z,3.0696417540311813,6435,2145,,,3,1,6b2262999c63,fca4764b2a9027b7,d9528be0bd0a,require_all_classes,"{""missing_in_test"": [], ""missing_in_train"": []}",{}
d2_beef_uncontrolled|esn|classification|seed04|fold02,e1_main_d2,d2_beef_uncontrolled,esn,classification,4,2,16,1.4.0,real,True,ok,,2026-09-21T09:45:00Z,3.0216109133325517,6435,2145,,,3,1,557db8e1a73e,f97e6dae61cfd7a3,d9528be0bd0a,require_all_classes,"{""missing_in_test"": [], ""missing_in_train"": []}",{}
d2_beef_uncontrolled|esn|classification|seed04|fold03,e1_main_d2,d2_beef_uncontrolled,esn,classification,4,3,16,1.4.0,real,True,ok,,2026-09-21T09:45:06Z,3.0195945417508483,6435,2145,,,3,1,9dd348ffc2ab,3ab5b60936b87c2b,d9528be0bd0a,require_all_classes,"{""missing_in_test"": [], ""missing_in_train"": []}",{}
d2_beef_uncontrolled|esn|classification|seed04|fold04,e1_main_d2,d2_beef_uncontrolled,esn,classification,4,4,16,1.4.0,real,True,ok,,2026-09-21T09:45:12Z,2.971773626282811,6435,2145,,,3,1,faf19bcdc9b9,1b6222beb9fc50a8,d9528be0bd0a,require_all_classes,"{""missing_in_test"": [], ""missing_in_train"": []}",{}
d2_beef_uncontrolled|esn|classification|seed05|fold00,e1_main_d2,d2_beef_uncontrolled,esn,classification,5,0,16,1.4.0,real,True,ok,,2026-09-21T09:45:17Z,3.0463424772024155,6435,2145,,,3,1,413cdd715162,8744182e8be32119,d9528be0bd0a,require_all_classes,"{""missing_in_test"": [], ""missing_in_train"": []}",{}
d2_beef_uncontrolled|esn|classification|seed05|fold01,e1_main_d2,d2_beef_uncontrolled,esn,classification,5,1,16,1.4.0,real,True,ok,,2026-09-21T09:45:23Z,3.0358404079452157,6435,2145,,,3,1,a8b8c30a5944,9fd8d6b2630f7e83,d9528be0bd0a,require_all_classes,"{""missing_in_test"": [], ""missing_in_train"": []}",{}
d2_beef_uncontrolled|esn|classification|seed05|fold02,e1_main_d2,d2_beef_uncontrolled,esn,classification,5,2,16,1.4.0,real,True,ok,,2026-09-21T09:45:29Z,2.949404085986316,6435,2145,,,3,1,9de5f792dc27,a75a3b8f4fc6e021,d9528be0bd0a,require_all_classes,"{""missing_in_test"": [], ""missing_in_train"": []}",{}
d2_beef_uncontrolled|esn|classification|seed05|fold03,e1_main_d2,d2_beef_uncontrolled,esn,classification,5,3,16,1.4.0,real,True,ok,,2026-09-21T09:45:34Z,2.9909728192724288,6435,2145,,,3,1,a5838cf9641b,bfdd149cd9ed30c3,d9528be0bd0a,require_all_classes,"{""missing_in_test"": [], ""missing_in_train"": []}",{}
d2_beef_uncontrolled|esn|classification|seed05|fold04,e1_main_d2,d2_beef_uncontrolled,esn,classification,5,4,16,1.4.0,real,True,ok,,2026-09-21T09:45:40Z,3.3892304408364,6435,2145,,,3,1,6eee1b95b6aa,8b202464636d8017,d9528be0bd0a,require_all_classes,"{""missing_in_test"": [], ""missing_in_train"": []}",{}
d2_beef_uncontrolled|esn|classification|seed06|fold00,e1_main_d2,d2_beef_uncontrolled,esn,classification,6,0,16,1.4.0,real,True,ok,,2026-09-21T09:45:46Z,3.0741595453582704,6435,2145,,,3,1,477c37a8ab73,63785f4df300b28c,d9528be0bd0a,require_all_classes,"{""missing_in_test"": [], ""missing_in_train"": []}",{}
d2_beef_uncontrolled|esn|classification|seed06|fold01,e1_main_d2,d2_beef_uncontrolled,esn,classification,6,1,16,1.4.0,real,True,ok,,2026-09-21T09:45:51Z,3.164990095887333,6435,2145,,,3,1,1c2e3ba58278,e0c1fe15de239641,d9528be0bd0a,require_all_classes,"{""missing_in_test"": [], ""missing_in_train"": []}",{}
d2_beef_uncontrolled|esn|classification|seed06|fold02,e1_main_d2,d2_beef_uncontrolled,esn,classification,6,2,16,1.4.0,real,True,ok,,2026-09-21T09:45:57Z,3.0868049738928676,6435,2145,,,3,1,54ff457155dd,f6a1894a17d9964e,d9528be0bd0a,require_all_classes,"{""missing_in_test"": [], ""missing_in_train"": []}",{}
d2_beef_uncontrolled|esn|classification|seed06|fold03,e1_main_d2,d2_beef_uncontrolled,esn,classification,6,3,16,1.4.0,real,True,ok,,2026-09-21T09:46:03Z,2.6483991160057485,6435,2145,,,3,1,a877630b86ff,f430689e517f1f42,d9528be0bd0a,require_all_classes,"{""missing_in_test"": [], ""missing_in_train"": []}",{}
d2_beef_uncontrolled|esn|classification|seed06|fold04,e1_main_d2,d2_beef_uncontrolled,esn,classification,6,4,16,1.4.0,real,True,ok,,2026-09-21T09:46:08Z,2.960770782083273,6435,2145,,,3,1,308afc6cb592,ec9235cba78b506d,d9528be0bd0a,require_all_classes,"{""missing_in_test"": [], ""missing_in_train"": []}",{}
d2_beef_uncontrolled|esn|classification|seed07|fold00,e1_main_d2,d2_beef_uncontrolled,esn,classification,7,0,16,1.4.0,real,True,ok,,2026-09-21T09:46:14Z,2.9487548950128257,6435,2145,,,3,1,7b279b72dfb8,fbad9878d219caf3,d9528be0bd0a,require_all_classes,"{""missing_in_test"": [], ""missing_in_train"": []}",{}
d2_beef_uncontrolled|esn|classification|seed07|fold01,e1_main_d2,d2_beef_uncontrolled,esn,classification,7,1,16,1.4.0,real,True,ok,,2026-09-21T09:46:20Z,2.7478893282823265,6435,2145,,,3,1,bb1e5578b9e3,d88ef566c02e9de3,d9528be0bd0a,require_all_classes,"{""missing_in_test"": [], ""missing_in_train"": []}",{}
d2_beef_uncontrolled|esn|classification|seed07|fold02,e1_main_d2,d2_beef_uncontrolled,esn,classification,7,2,16,1.4.0,real,True,ok,,2026-09-21T09:46:25Z,3.059475915040821,6435,2145,,,3,1,ba39acccb154,9b6f815b51d1a746,d9528be0bd0a,require_all_classes,"{""missing_in_test"": [], ""missing_in_train"": []}",{}
d2_beef_uncontrolled|esn|classification|seed07|fold03,e1_main_d2,d2_beef_uncontrolled,esn,classification,7,3,16,1.4.0,real,True,ok,,2026-09-21T09:46:31Z,3.0298446528613567,6435,2145,,,3,1,4726b95fa672,7008b39836b7962a,d9528be0bd0a,require_all_classes,"{""missing_in_test"": [], ""missing_in_train"": []}",{}
d2_beef_uncontrolled|esn|classification|seed07|fold04,e1_main_d2,d2_beef_uncontrolled,esn,classification,7,4,16,1.4.0,real,True,ok,,2026-09-21T09:46:36Z,2.8538858611136675,6435,2145,,,3,1,2e34c9f360a4,71902b67e58fcc6c,d9528be0bd0a,require_all_classes,"{""missing_in_test"": [], ""missing_in_train"": []}",{}
d2_beef_uncontrolled|esn|classification|seed08|fold00,e1_main_d2,d2_beef_uncontrolled,esn,classification,8,0,16,1.4.0,real,True,ok,,2026-09-21T09:46:42Z,3.4741290928795934,6435,2145,,,3,1,760fd382be4c,f31f292765dd9675,d9528be0bd0a,require_all_classes,"{""missing_in_test"": [], ""missing_in_train"": []}",{}
d2_beef_uncontrolled|esn|classification|seed08|fold01,e1_main_d2,d2_beef_uncontrolled,esn,classification,8,1,16,1.4.0,real,True,ok,,2026-09-21T09:46:48Z,3.2353230686858296,6435,2145,,,3,1,f60758215a07,f3864bb882926911,d9528be0bd0a,require_all_classes,"{""missing_in_test"": [], ""missing_in_train"": []}",{}
d2_beef_uncontrolled|esn|classification|seed08|fold02,e1_main_d2,d2_beef_uncontrolled,esn,classification,8,2,16,1.4.0,real,True,ok,,2026-09-21T09:46:54Z,2.7036239583976567,6435,2145,,,3,1,b12aea5b360e,bd520937240fe01c,d9528be0bd0a,require_all_classes,"{""missing_in_test"": [], ""missing_in_train"": []}",{}
d2_beef_uncontrolled|esn|classification|seed08|fold03,e1_main_d2,d2_beef_uncontrolled,esn,classification,8,3,16,1.4.0,real,True,ok,,2026-09-21T09:46:59Z,2.9925709129311144,6435,2145,,,3,1,d24ce02cae99,0332183f08c0c336,d9528be0bd0a,require_all_classes,"{""missing_in_test"": [], ""missing_in_train"": []}",{}
d2_beef_uncontrolled|esn|classification|seed08|fold04,e1_main_d2,d2_beef_uncontrolled,esn,classification,8,4,16,1.4.0,real,True,ok,,2026-09-21T09:47:05Z,3.067034318111837,6435,2145,,,3,1,02ddc5401296,6e0899e34df456c9,d9528be0bd0a,require_all_classes,"{""missing_in_test"": [], ""missing_in_train"": []}",{}
d2_beef_uncontrolled|esn|classification|seed09|fold00,e1_main_d2,d2_beef_uncontrolled,esn,classification,9,0,16,1.4.0,real,True,ok,,2026-09-21T09:47:11Z,2.626760572195053,6435,2145,,,3,1,523607d0ddee,2e40e5faadeff505,d9528be0bd0a,require_all_classes,"{""missing_in_test"": [], ""missing_in_train"": []}",{}
d2_beef_uncontrolled|esn|classification|seed09|fold01,e1_main_d2,d2_beef_uncontrolled,esn,classification,9,1,16,1.4.0,real,True,ok,,2026-09-21T09:47:16Z,3.0108048780821264,6435,2145,,,3,1,de265fd108a1,1ee779a789601e84,d9528be0bd0a,require_all_classes,"{""missing_in_test"": [], ""missing_in_train"": []}",{}
d2_beef_uncontrolled|esn|classification|seed09|fold02,e1_main_d2,d2_beef_uncontrolled,esn,classification,9,2,16,1.4.0,real,True,ok,,2026-09-21T09:47:22Z,3.0101342098787427,6435,2145,,,3,1,9a76beab3005,01c247791278a9fa,d9528be0bd0a,require_all_classes,"{""missing_in_test"": [], ""missing_in_train"": []}",{}
d2_beef_uncontrolled|esn|classification|seed09|fold03,e1_main_d2,d2_beef_uncontrolled,esn,classification,9,3,16,1.4.0,real,True,ok,,2026-09-21T09:47:27Z,2.6343409209512174,6435,2145,,,3,1,bcc42ac9806b,489818d393e5bc77,d9528be0bd0a,require_all_classes,"{""missing_in_test"": [], ""missing_in_train"": []}",{}
d2_beef_uncontrolled|esn|classification|seed09|fold04,e1_main_d2,d2_beef_uncontrolled,esn,classification,9,4,16,1.4.0,real,True,ok,,2026-09-21T09:47:33Z,3.028550735209137,6435,2145,,,3,1,3b4893542c85,f8f10fa84e3bb1d9,d9528be0bd0a,require_all_classes,"{""missing_in_test"": [], ""missing_in_train"": []}",{}
d2_beef_uncontrolled|esn|regression|seed00|fold00,e1_main_d2,d2_beef_uncontrolled,esn,regression,0,0,16,1.4.0,real,True,ok,,2026-09-21T09:42:59Z,2.408358625136316,6435,2145,,,3,1,20a70c561f8e,dfc2b9595b64af1f,d9528be0bd0a,require_all_classes,"{""missing_in_test"": [], ""missing_in_train"": []}",{}
d2_beef_uncontrolled|esn|regression|seed00|fold01,e1_main_d2,d2_beef_uncontrolled,esn,regression,0,1,16,1.4.0,real,True,ok,,2026-09-21T09:43:05Z,2.5937068527564406,6435,2145,,,3,1,6c9ef01abdf9,f6ea011b8d281db4,d9528be0bd0a,require_all_classes,"{""missing_in_test"": [], ""missing_in_train"": []}",{}
d2_beef_uncontrolled|esn|regression|seed00|fold02,e1_main_d2,d2_beef_uncontrolled,esn,regression,0,2,16,1.4.0,real,True,ok,,2026-09-21T09:43:11Z,2.628886724822223,6435,2145,,,3,1,8f5d6031eff3,90806e01c6bced48,d9528be0bd0a,require_all_classes,"{""missing_in_test"": [], ""missing_in_train"": []}",{}
d2_beef_uncontrolled|esn|regression|seed00|fold03,e1_main_d2,d2_beef_uncontrolled,esn,regression,0,3,16,1.4.0,real,True,ok,,2026-09-21T09:43:16Z,2.434720064047724,6435,2145,,,3,1,940f76d29b89,8352ada6945cc67a,d9528be0bd0a,require_all_classes,"{""missing_in_test"": [], ""missing_in_train"": []}",{}
d2_beef_uncontrolled|esn|regression|seed00|fold04,e1_main_d2,d2_beef_uncontrolled,esn,regression,0,4,16,1.4.0,real,True,ok,,2026-09-21T09:43:22Z,2.6512150671333075,6435,2145,,,3,1,b01bbf6f9575,5c5ceb3839557349,d9528be0bd0a,require_all_classes,"{""missing_in_test"": [], ""missing_in_train"": []}",{}
d2_beef_uncontrolled|esn|regression|seed01|fold00,e1_main_d2,d2_beef_uncontrolled,esn,regression,1,0,16,1.4.0,real,True,ok,,2026-09-21T09:43:28Z,2.744525435846299,6435,2145,,,3,1,92d667f81d03,ea9a2bb41593a258,d9528be0bd0a,require_all_classes,"{""missing_in_test"": [], ""missing_in_train"": []}",{}
d2_beef_uncontrolled|esn|regression|seed01|fold01,e1_main_d2,d2_beef_uncontrolled,esn,regression,1,1,16,1.4.0,real,True,ok,,2026-09-21T09:43:33Z,2.2206098278984427,6435,2145,,,3,1,63eaca80ac77,1429028e696fb17a,d9528be0bd0a,require_all_classes,"{""missing_in_test"": [], ""missing_in_train"": []}",{}
d2_beef_uncontrolled|esn|regression|seed01|fold02,e1_main_d2,d2_beef_uncontrolled,esn,regression,1,2,16,1.4.0,real,True,ok,,2026-09-21T09:43:39Z,2.433657528832555,6435,2145,,,3,1,14ed105fd91e,7485daabbce32432,d9528be0bd0a,require_all_classes,"{""missing_in_test"": [], ""missing_in_train"": []}",{}
d2_beef_uncontrolled|esn|regression|seed01|fold03,e1_main_d2,d2_beef_uncontrolled,esn,regression,1,3,16,1.4.0,real,True,ok,,2026-09-21T09:43:45Z,2.6464218138717115,6435,2145,,,3,1,99c64364d832,0e269c3977f7945b,d9528be0bd0a,require_all_classes,"{""missing_in_test"": [], ""missing_in_train"": []}",{}
d2_beef_uncontrolled|esn|regression|seed01|fold04,e1_main_d2,d2_beef_uncontrolled,esn,regression,1,4,16,1.4.0,real,True,ok,,2026-09-21T09:43:50Z,2.209931520745158,6435,2145,,,3,1,fa4200209670,53b851f08f3908b0,d9528be0bd0a,require_all_classes,"{""missing_in_test"": [], ""missing_in_train"": []}",{}
d2_beef_uncontrolled|esn|regression|seed02|fold00,e1_main_d2,d2_beef_uncontrolled,esn,regression,2,0,16,1.4.0,real,True,ok,,2026-09-21T09:43:56Z,2.439960969146341,6435,2145,,,3,1,38e11e05422e,caed74975ddd8a8a,d9528be0bd0a,require_all_classes,"{""missing_in_test"": [], ""missing_in_train"": []}",{}
d2_beef_uncontrolled|esn|regression|seed02|fold01,e1_main_d2,d2_beef_uncontrolled,esn,regression,2,1,16,1.4.0,real,True,ok,,2026-09-21T09:44:01Z,2.579393631312996,6435,2145,,,3,1,8a87c8dddc86,9509211642a007ed,d9528be0bd0a,require_all_classes,"{""missing_in_test"": [], ""missing_in_train"": []}",{}
d2_beef_uncontrolled|esn|regression|seed02|fold02,e1_main_d2,d2_beef_uncontrolled,esn,regression,2,2,16,1.4.0,real,True,ok,,2026-09-21T09:44:06Z,2.2274805260822177,6435,2145,,,3,1,545d378c28a6,1c194670e05ee30f,d9528be0bd0a,require_all_classes,"{""missing_in_test"": [], ""missing_in_train"": []}",{}
d2_beef_uncontrolled|esn|regression|seed02|fold03,e1_main_d2,d2_beef_uncontrolled,esn,regression,2,3,16,1.4.0,real,True,ok,,2026-09-21T09:44:12Z,2.5051692873239517,6435,2145,,,3,1,289906332a4f,c8d8329ac22c876b,d9528be0bd0a,require_all_classes,"{""missing_in_test"": [], ""missing_in_train"": []}",{}
d2_beef_uncontrolled|esn|regression|seed02|fold04,e1_main_d2,d2_beef_uncontrolled,esn,regression,2,4,16,1.4.0,real,True,ok,,2026-09-21T09:44:18Z,2.7303577959537506,6435,2145,,,3,1,202906f4d7e1,6bb0f01e9876fd3e,d9528be0bd0a,require_all_classes,"{""missing_in_test"": [], ""missing_in_train"": []}",{}
d2_beef_uncontrolled|esn|regression|seed03|fold00,e1_main_d2,d2_beef_uncontrolled,esn,regression,3,0,16,1.4.0,real,True,ok,,2026-09-21T09:44:23Z,2.235202419105917,6435,2145,,,3,1,0e087c313624,4f76dea045f90d51,d9528be0bd0a,require_all_classes,"{""missing_in_test"": [], ""missing_in_train"": []}",{}
d2_beef_uncontrolled|esn|regression|seed03|fold01,e1_main_d2,d2_beef_uncontrolled,esn,regression,3,1,16,1.4.0,real,True,ok,,2026-09-21T09:44:29Z,2.4284649789333344,6435,2145,,,3,1,ff41306bda71,b3a10c6d94ea2ed7,d9528be0bd0a,require_all_classes,"{""missing_in_test"": [], ""missing_in_train"": []}",{}
d2_beef_uncontrolled|esn|regression|seed03|fold02,e1_main_d2,d2_beef_uncontrolled,esn,regression,3,2,16,1.4.0,real,True,ok,,2026-09-21T09:44:35Z,2.5227816780097783,6435,2145,,,3,1,31c8eaca9098,ef379a9e67d8317c,d9528be0bd0a,require_all_classes,"{""missing_in_test"": [], ""missing_in_train"": []}",{}
d2_beef_uncontrolled|esn|regression|seed03|fold03,e1_main_d2,d2_beef_uncontrolled,esn,regression,3,3,16,1.4.0,real,True,ok,,2026-09-21T09:44:40Z,2.2219065171666443,6435,2145,,,3,1,73fd7314e359,f3b4e73066f7afbb,d9528be0bd0a,require_all_classes,"{""missing_in_test"": [], ""missing_in_train"": []}",{}
d2_beef_uncontrolled|esn|regression|seed03|fold04,e1_main_d2,d2_beef_uncontrolled,esn,regression,3,4,16,1.4.0,real,True,ok,,2026-09-21T09:44:46Z,2.5511573711410165,6435,2145,,,3,1,a4933ae9f507,bbd84516cdbb6344,d9528be0bd0a,require_all_classes,"{""missing_in_test"": [], ""missing_in_train"": []}",{}
d2_beef_uncontrolled|esn|regression|seed04|fold00,e1_main_d2,d2_beef_uncontrolled,esn,regression,4,0,16,1.4.0,real,True,ok,,2026-09-21T09:44:51Z,2.6294464939273894,6435,2145,,,3,1,ab20f229b2e5,d3a133a789a3b624,d9528be0bd0a,require_all_classes,"{""missing_in_test"": [], ""missing_in_train"": []}",{}
d2_beef_uncontrolled|esn|regression|seed04|fold01,e1_main_d2,d2_beef_uncontrolled,esn,regression,4,1,16,1.4.0,real,True,ok,,2026-09-21T09:44:57Z,2.1851237970404327,6435,2145,,,3,1,6b2262999c63,1effd887f60a7f52,d9528be0bd0a,require_all_classes,"{""missing_in_test"": [], ""missing_in_train"": []}",{}
d2_beef_uncontrolled|esn|regression|seed04|fold02,e1_main_d2,d2_beef_uncontrolled,esn,regression,4,2,16,1.4.0,real,True,ok,,2026-09-21T09:45:03Z,2.5255739828571677,6435,2145,,,3,1,557db8e1a73e,bbe809138d733572,d9528be0bd0a,require_all_classes,"{""missing_in_test"": [], ""missing_in_train"": []}",{}
d2_beef_uncontrolled|esn|regression|seed04|fold03,e1_main_d2,d2_beef_uncontrolled,esn,regression,4,3,16,1.4.0,real,True,ok,,2026-09-21T09:45:08Z,2.6246284311637282,6435,2145,,,3,1,9dd348ffc2ab,06e4f388d388a482,d9528be0bd0a,require_all_classes,"{""missing_in_test"": [], ""missing_in_train"": []}",{}
d2_beef_uncontrolled|esn|regression|seed04|fold04,e1_main_d2,d2_beef_uncontrolled,esn,regression,4,4,16,1.4.0,real,True,ok,,2026-09-21T09:45:14Z,2.1800893172621727,6435,2145,,,3,1,faf19bcdc9b9,00b6612bf7e1fc2b,d9528be0bd0a,require_all_classes,"{""missing_in_test"": [], ""missing_in_train"": []}",{}
d2_beef_uncontrolled|esn|regression|seed05|fold00,e1_main_d2,d2_beef_uncontrolled,esn,regression,5,0,16,1.4.0,real,True,ok,,2026-09-21T09:45:20Z,2.6596878929995,6435,2145,,,3,1,413cdd715162,5558e401d194b7a2,d9528be0bd0a,require_all_classes,"{""missing_in_test"": [], ""missing_in_train"": []}",{}
d2_beef_uncontrolled|esn|regression|seed05|fold01,e1_main_d2,d2_beef_uncontrolled,esn,regression,5,1,16,1.4.0,real,True,ok,,2026-09-21T09:45:25Z,2.5356915816664696,6435,2145,,,3,1,a8b8c30a5944,1ba9ebe4473d1f57,d9528be0bd0a,require_all_classes,"{""missing_in_test"": [], ""missing_in_train"": []}",{}
d2_beef_uncontrolled|esn|regression|seed05|fold02,e1_main_d2,d2_beef_uncontrolled,esn,regression,5,2,16,1.4.0,real,True,ok,,2026-09-21T09:45:31Z,2.2137225600890815,6435,2145,,,3,1,9de5f792dc27,2ec04d64acc5259a,d9528be0bd0a,require_all_classes,"{""missing_in_test"": [], ""missing_in_train"": []}",{}
d2_beef_uncontrolled|esn|regression|seed05|fold03,e1_main_d2,d2_beef_uncontrolled,esn,regression,5,3,16,1.4.0,real,True,ok,,2026-09-21T09:45:36Z,2.539888516999781,6435,2145,,,3,1,a5838cf9641b,0367d0053cdb28f0,d9528be0bd0a,require_all_classes,"{""missing_in_test"": [], ""missing_in_train"": []}",{}
d2_beef_uncontrolled|esn|regression|seed05|fold04,e1_main_d2,d2_beef_uncontrolled,esn,regression,5,4,16,1.4.0,real,True,ok,,2026-09-21T09:45:43Z,2.5508908689953387,6435,2145,,,3,1,6eee1b95b6aa,0ed769df5eaccbdc,d9528be0bd0a,require_all_classes,"{""missing_in_test"": [], ""missing_in_train"": []}",{}
d2_beef_uncontrolled|esn|regression|seed06|fold00,e1_main_d2,d2_beef_uncontrolled,esn,regression,6,0,16,1.4.0,real,True,ok,,2026-09-21T09:45:48Z,2.2859891559928656,6435,2145,,,3,1,477c37a8ab73,b3d969dbaa2df921,d9528be0bd0a,require_all_classes,"{""missing_in_test"": [], ""missing_in_train"": []}",{}
d2_beef_uncontrolled|esn|regression|seed06|fold01,e1_main_d2,d2_beef_uncontrolled,esn,regression,6,1,16,1.4.0,real,True,ok,,2026-09-21T09:45:54Z,2.4852021890692413,6435,2145,,,3,1,1c2e3ba58278,2308a05f086675c6,d9528be0bd0a,require_all_classes,"{""missing_in_test"": [], ""missing_in_train"": []}",{}
d2_beef_uncontrolled|esn|regression|seed06|fold02,e1_main_d2,d2_beef_uncontrolled,esn,regression,6,2,16,1.4.0,real,True,ok,,2026-09-21T09:46:00Z,2.5813758741132915,6435,2145,,,3,1,54ff457155dd,42b6e098b23400a9,d9528be0bd0a,require_all_classes,"{""missing_in_test"": [], ""missing_in_train"": []}",{}
d2_beef_uncontrolled|esn|regression|seed06|fold03,e1_main_d2,d2_beef_uncontrolled,esn,regression,6,3,16,1.4.0,real,True,ok,,2026-09-21T09:46:05Z,2.309248210862279,6435,2145,,,3,1,a877630b86ff,c7058a687429fd10,d9528be0bd0a,require_all_classes,"{""missing_in_test"": [], ""missing_in_train"": []}",{}
d2_beef_uncontrolled|esn|regression|seed06|fold04,e1_main_d2,d2_beef_uncontrolled,esn,regression,6,4,16,1.4.0,real,True,ok,,2026-09-21T09:46:11Z,2.5127191436477005,6435,2145,,,3,1,308afc6cb592,d0b4ce108947f289,d9528be0bd0a,require_all_classes,"{""missing_in_test"": [], ""missing_in_train"": []}",{}
d2_beef_uncontrolled|esn|regression|seed07|fold00,e1_main_d2,d2_beef_uncontrolled,esn,regression,7,0,16,1.4.0,real,True,ok,,2026-09-21T09:46:16Z,2.568624091334641,6435,2145,,,3,1,7b279b72dfb8,7d4997bd48c6c2db,d9528be0bd0a,require_all_classes,"{""missing_in_test"": [], ""missing_in_train"": []}",{}
d2_beef_uncontrolled|esn|regression|seed07|fold01,e1_main_d2,d2_beef_uncontrolled,esn,regression,7,1,16,1.4.0,real,True,ok,,2026-09-21T09:46:22Z,2.1592237181030214,6435,2145,,,3,1,bb1e5578b9e3,4e834559e89e5bc6,d9528be0bd0a,require_all_classes,"{""missing_in_test"": [], ""missing_in_train"": []}",{}
d2_beef_uncontrolled|esn|regression|seed07|fold02,e1_main_d2,d2_beef_uncontrolled,esn,regression,7,2,16,1.4.0,real,True,ok,,2026-09-21T09:46:27Z,2.4892676481977105,6435,2145,,,3,1,ba39acccb154,22c7f0059b5be8d3,d9528be0bd0a,require_all_classes,"{""missing_in_test"": [], ""missing_in_train"": []}",{}
d2_beef_uncontrolled|esn|regression|seed07|fold03,e1_main_d2,d2_beef_uncontrolled,esn,regression,7,3,16,1.4.0,real,True,ok,,2026-09-21T09:46:33Z,2.5784043669700623,6435,2145,,,3,1,4726b95fa672,c89b84e17352aed6,d9528be0bd0a,require_all_classes,"{""missing_in_test"": [], ""missing_in_train"": []}",{}
d2_beef_uncontrolled|esn|regression|seed07|fold04,e1_main_d2,d2_beef_uncontrolled,esn,regression,7,4,16,1.4.0,real,True,ok,,2026-09-21T09:46:39Z,2.323429025709629,6435,2145,,,3,1,2e34c9f360a4,2c949d9152b3a647,d9528be0bd0a,require_all_classes,"{""missing_in_test"": [], ""missing_in_train"": []}",{}
d2_beef_uncontrolled|esn|regression|seed08|fold00,e1_main_d2,d2_beef_uncontrolled,esn,regression,8,0,16,1.4.0,real,True,ok,,2026-09-21T09:46:45Z,2.48832414066419,6435,2145,,,3,1,760fd382be4c,7ae5c41affd67882,d9528be0bd0a,require_all_classes,"{""missing_in_test"": [], ""missing_in_train"": []}",{}
d2_beef_uncontrolled|esn|regression|seed08|fold01,e1_main_d2,d2_beef_uncontrolled,esn,regression,8,1,16,1.4.0,real,True,ok,,2026-09-21T09:46:51Z,2.695945310872048,6435,2145,,,3,1,f60758215a07,e82861b9d18bc720,d9528be0bd0a,require_all_classes,"{""missing_in_test"": [], ""missing_in_train"": []}",{}
d2_beef_uncontrolled|esn|regression|seed08|fold02,e1_main_d2,d2_beef_uncontrolled,esn,regression,8,2,16,1.4.0,real,True,ok,,2026-09-21T09:46:56Z,2.4774544392712414,6435,2145,,,3,1,b12aea5b360e,deb6f5477f6e159a,d9528be0bd0a,require_all_classes,"{""missing_in_test"": [], ""missing_in_train"": []}",{}
d2_beef_uncontrolled|esn|regression|seed08|fold03,e1_main_d2,d2_beef_uncontrolled,esn,regression,8,3,16,1.4.0,real,True,ok,,2026-09-21T09:47:02Z,2.5606047729961574,6435,2145,,,3,1,d24ce02cae99,6b462e196cb63aa9,d9528be0bd0a,require_all_classes,"{""missing_in_test"": [], ""missing_in_train"": []}",{}
d2_beef_uncontrolled|esn|regression|seed08|fold04,e1_main_d2,d2_beef_uncontrolled,esn,regression,8,4,16,1.4.0,real,True,ok,,2026-09-21T09:47:08Z,2.5707043330185115,6435,2145,,,3,1,02ddc5401296,401eb655439535bd,d9528be0bd0a,require_all_classes,"{""missing_in_test"": [], ""missing_in_train"": []}",{}
d2_beef_uncontrolled|esn|regression|seed09|fold00,e1_main_d2,d2_beef_uncontrolled,esn,regression,9,0,16,1.4.0,real,True,ok,,2026-09-21T09:47:13Z,2.259593542665243,6435,2145,,,3,1,523607d0ddee,35d92b1e6ae5cf16,d9528be0bd0a,require_all_classes,"{""missing_in_test"": [], ""missing_in_train"": []}",{}
d2_beef_uncontrolled|esn|regression|seed09|fold01,e1_main_d2,d2_beef_uncontrolled,esn,regression,9,1,16,1.4.0,real,True,ok,,2026-09-21T09:47:19Z,2.527546940371394,6435,2145,,,3,1,de265fd108a1,1cdf6ae69429ff47,d9528be0bd0a,require_all_classes,"{""missing_in_test"": [], ""missing_in_train"": []}",{}
d2_beef_uncontrolled|esn|regression|seed09|fold02,e1_main_d2,d2_beef_uncontrolled,esn,regression,9,2,16,1.4.0,real,True,ok,,2026-09-21T09:47:24Z,2.593647363130003,6435,2145,,,3,1,9a76beab3005,36d312b1ad63b941,d9528be0bd0a,require_all_classes,"{""missing_in_test"": [], ""missing_in_train"": []}",{}
d2_beef_uncontrolled|esn|regression|seed09|fold03,e1_main_d2,d2_beef_uncontrolled,esn,regression,9,3,16,1.4.0,real,True,ok,,2026-09-21T09:47:29Z,2.2820829818956554,6435,2145,,,3,1,bcc42ac9806b,54d2e47d134293f7,d9528be0bd0a,require_all_classes,"{""missing_in_test"": [], ""missing_in_train"": []}",{}
d2_beef_uncontrolled|esn|regression|seed09|fold04,e1_main_d2,d2_beef_uncontrolled,esn,regression,9,4,16,1.4.0,real,True,ok,,2026-09-21T09:47:35Z,2.765081313904375,6435,2145,,,3,1,3b4893542c85,e6d0985301d127d1,d9528be0bd0a,require_all_classes,"{""missing_in_test"": [], ""missing_in_train"": []}",{}
d2_beef_uncontrolled|gru|classification|seed00|fold00,e1_main_d2,d2_beef_uncontrolled,gru,classification,0,0,16,1.4.0,real,True,ok,,2026-09-21T09:43:05Z,11.417234187014401,6435,2145,,,3,1,20a70c561f8e,60e74318007b93d9,d9a050a656ab,require_all_classes,"{""missing_in_test"": [], ""missing_in_train"": []}",{}
d2_beef_uncontrolled|gru|classification|seed00|fold01,e1_main_d2,d2_beef_uncontrolled,gru,classification,0,1,16,1.4.0,real,True,ok,,2026-09-21T09:43:53Z,11.411804862786084,6435,2145,,,3,1,6c9ef01abdf9,500024105cb19383,d9a050a656ab,require_all_classes,"{""missing_in_test"": [], ""missing_in_train"": []}",{}
d2_beef_uncontrolled|gru|classification|seed00|fold02,e1_main_d2,d2_beef_uncontrolled,gru,classification,0,2,16,1.4.0,real,True,ok,,2026-09-21T09:44:43Z,13.107259592041373,6435,2145,,,3,1,8f5d6031eff3,679c27d4ae1deb83,d9a050a656ab,require_all_classes,"{""missing_in_test"": [], ""missing_in_train"": []}",{}
d2_beef_uncontrolled|gru|classification|seed00|fold03,e1_main_d2,d2_beef_uncontrolled,gru,classification,0,3,16,1.4.0,real,True,ok,,2026-09-21T09:45:37Z,13.772906536236405,6435,2145,,,3,1,940f76d29b89,2b06679f64d85c6d,d9a050a656ab,require_all_classes,"{""missing_in_test"": [], ""missing_in_train"": []}",{}
d2_beef_uncontrolled|gru|classification|seed00|fold04,e1_main_d2,d2_beef_uncontrolled,gru,classification,0,4,16,1.4.0,real,True,ok,,2026-09-21T09:46:27Z,12.416423765942454,6435,2145,,,3,1,b01bbf6f9575,19a89d861468fbcc,d9a050a656ab,require_all_classes,"{""missing_in_test"": [], ""missing_in_train"": []}",{}
d2_beef_uncontrolled|gru|classification|seed01|fold00,e1_main_d2,d2_beef_uncontrolled,gru,classification,1,0,16,1.4.0,real,True,ok,,2026-09-21T09:47:16Z,13.357449642848223,6435,2145,,,3,1,92d667f81d03,05e8e60d229d4716,d9a050a656ab,require_all_classes,"{""missing_in_test"": [], ""missing_in_train"": []}",{}
d2_beef_uncontrolled|gru|classification|seed01|fold01,e1_main_d2,d2_beef_uncontrolled,gru,classification,1,1,16,1.4.0,real,True,ok,,2026-09-21T09:48:02Z,11.199322268832475,6435,2145,,,3,1,63eaca80ac77,6062687aa7b221cf,d9a050a656ab,require_all_classes,"{""missing_in_test"": [], ""missing_in_train"": []}",{}
d2_beef_uncontrolled|gru|classification|seed01|fold02,e1_main_d2,d2_beef_uncontrolled,gru,classification,1,2,16,1.4.0,real,True,ok,,2026-09-21T09:48:46Z,10.654522877186537,6435,2145,,,3,1,14ed105fd91e,95a47629eb87f6b0,d9a050a656ab,require_all_classes,"{""missing_in_test"": [], ""missing_in_train"": []}",{}
d2_beef_uncontrolled|gru|classification|seed01|fold03,e1_main_d2,d2_beef_uncontrolled,gru,classification,1,3,16,1.4.0,real,True,ok,,2026-09-21T09:49:34Z,11.490183511283249,6435,2145,,,3,1,99c64364d832,0d5bd2743f6bda1c,d9a050a656ab,require_all_classes,"{""missing_in_test"": [], ""missing_in_train"": []}",{}
d2_beef_uncontrolled|gru|classification|seed01|fold04,e1_main_d2,d2_beef_uncontrolled,gru,classification,1,4,16,1.4.0,real,True,ok,,2026-09-21T09:50:14Z,9.029527815058827,6435,2145,,,3,1,fa4200209670,c150b47bc9e76c65,d9a050a656ab,require_all_classes,"{""missing_in_test"": [], ""missing_in_train"": []}",{}
d2_beef_uncontrolled|gru|classification|seed02|fold00,e1_main_d2,d2_beef_uncontrolled,gru,classification,2,0,16,1.4.0,real,True,ok,,2026-09-21T09:51:03Z,10.241888394579291,6435,2145,,,3,1,38e11e05422e,8eb8bc30a17ed597,d9a050a656ab,require_all_classes,"{""missing_in_test"": [], ""missing_in_train"": []}",{}
d2_beef_uncontrolled|gru|classification|seed02|fold01,e1_main_d2,d2_beef_uncontrolled,gru,classification,2,1,16,1.4.0,real,True,ok,,2026-09-21T09:51:47Z,11.969944901764393,6435,2145,,,3,1,8a87c8dddc86,dfafd3dffb1990e7,d9a050a656ab,require_all_classes,"{""missing_in_test"": [], ""missing_in_train"": []}",{}
d2_beef_uncontrolled|gru|classification|seed02|fold02,e1_main_d2,d2_beef_uncontrolled,gru,classification,2,2,16,1.4.0,real,True,ok,,2026-09-21T09:52:35Z,10.463432557880878,6435,2145,,,3,1,545d378c28a6,5b62711b529c899c,d9a050a656ab,require_all_classes,"{""missing_in_test"": [], ""missing_in_train"": []}",{}
d2_beef_uncontrolled|gru|classification|seed02|fold03,e1_main_d2,d2_beef_uncontrolled,gru,classification,2,3,16,1.4.0,real,True,ok,,2026-09-21T09:53:26Z,11.784451047889888,6435,2145,,,3,1,289906332a4f,cd15d0ea4b5b47fe,d9a050a656ab,require_all_classes,"{""missing_in_test"": [], ""missing_in_train"": []}",{}
d2_beef_uncontrolled|gru|classification|seed02|fold04,e1_main_d2,d2_beef_uncontrolled,gru,classification,2,4,16,1.4.0,real,True,ok,,2026-09-21T09:54:17Z,11.039180982857943,6435,2145,,,3,1,202906f4d7e1,14979c46ce96485b,d9a050a656ab,require_all_classes,"{""missing_in_test"": [], ""missing_in_train"": []}",{}
d2_beef_uncontrolled|gru|classification|seed03|fold00,e1_main_d2,d2_beef_uncontrolled,gru,classification,3,0,16,1.4.0,real,True,ok,,2026-09-21T09:55:03Z,12.567374277394265,6435,2145,,,3,1,0e087c313624,389398223ef48c90,d9a050a656ab,require_all_classes,"{""missing_in_test"": [], ""missing_in_train"": []}",{}
d2_beef_uncontrolled|gru|classification|seed03|fold01,e1_main_d2,d2_beef_uncontrolled,gru,classification,3,1,16,1.4.0,real,True,ok,,2026-09-21T09:55:49Z,12.935182806104422,6435,2145,,,3,1,ff41306bda71,8be15e3bda8c40f2,d9a050a656ab,require_all_classes,"{""missing_in_test"": [], ""missing_in_train"": []}",{}
d2_beef_uncontrolled|gru|classification|seed03|fold02,e1_main_d2,d2_beef_uncontrolled,gru,classification,3,2,16,1.4.0,real,True,ok,,2026-09-21T09:56:33Z,11.178621647879481,6435,2145,,,3,1,31c8eaca9098,53cc6f6a16f3bd43,d9a050a656ab,require_all_classes,"{""missing_in_test"": [], ""missing_in_train"": []}",{}
d2_beef_uncontrolled|gru|classification|seed03|fold03,e1_main_d2,d2_beef_uncontrolled,gru,classification,3,3,16,1.4.0,real,True,ok,,2026-09-21T09:57:23Z,12.8528384109959,6435,2145,,,3,1,73fd7314e359,436ee9b142f6f2d2,d9a050a656ab,require_all_classes,"{""missing_in_test"": [], ""missing_in_train"": []}",{}
d2_beef_uncontrolled|gru|classification|seed03|fold04,e1_main_d2,d2_beef_uncontrolled,gru,classification,3,4,16,1.4.0,real,True,ok,,2026-09-21T09:58:15Z,12.769888892304152,6435,2145,,,3,1,a4933ae9f507,ae3a84f487a41533,d9a050a656ab,require_all_classes,"{""missing_in_test"": [], ""missing_in_train"": []}",{}
d2_beef_uncontrolled|gru|classification|seed04|fold00,e1_main_d2,d2_beef_uncontrolled,gru,classification,4,0,16,1.4.0,real,True,ok,,2026-09-21T09:59:07Z,12.814173292834312,6435,2145,,,3,1,ab20f229b2e5,ed76fcb1d8c002fd,d9a050a656ab,require_all_classes,"{""missing_in_test"": [], ""missing_in_train"": []}",{}
d2_beef_uncontrolled|gru|classification|seed04|fold01,e1_main_d2,d2_beef_uncontrolled,gru,classification,4,1,16,1.4.0,real,True,ok,,2026-09-21T09:59:57Z,11.310105927754194,6435,2145,,,3,1,6b2262999c63,3c289b11fc20365c,d9a050a656ab,require_all_classes,"{""missing_in_test"": [], ""missing_in_train"": []}",{}
d2_beef_uncontrolled|gru|classification|seed04|fold02,e1_main_d2,d2_beef_uncontrolled,gru,classification,4,2,16,1.4.0,real,True,ok,,2026-09-21T10:00:49Z,12.538742186967283,6435,2145,,,3,1,557db8e1a73e,e5fb25c033356fca,d9a050a656ab,require_all_classes,"{""missing_in_test"": [], ""missing_in_train"": []}",{}
d2_beef_uncontrolled|gru|classification|seed04|fold03,e1_main_d2,d2_beef_uncontrolled,gru,classification,4,3,16,1.4.0,real,True,ok,,2026-09-21T10:01:41Z,12.670303422026336,6435,2145,,,3,1,9dd348ffc2ab,1c3fc0ed4227fdda,d9a050a656ab,require_all_classes,"{""missing_in_test"": [], ""missing_in_train"": []}",{}
d2_beef_uncontrolled|gru|classification|seed04|fold04,e1_main_d2,d2_beef_uncontrolled,gru,classification,4,4,16,1.4.0,real,True,ok,,2026-09-21T10:02:33Z,12.741408712696284,6435,2145,,,3,1,faf19bcdc9b9,5a521b3741c76273,d9a050a656ab,require_all_classes,"{""missing_in_test"": [], ""missing_in_train"": []}",{}
d2_beef_uncontrolled|gru|classification|seed05|fold00,e1_main_d2,d2_beef_uncontrolled,gru,classification,5,0,16,1.4.0,real,True,ok,,2026-09-21T10:03:26Z,12.762702384963632,6435,2145,,,3,1,413cdd715162,afb2a76564f938d5,d9a050a656ab,require_all_classes,"{""missing_in_test"": [], ""missing_in_train"": []}",{}
d2_beef_uncontrolled|gru|classification|seed05|fold01,e1_main_d2,d2_beef_uncontrolled,gru,classification,5,1,16,1.4.0,real,True,ok,,2026-09-21T10:04:17Z,12.503547709900886,6435,2145,,,3,1,a8b8c30a5944,55a800028542f82f,d9a050a656ab,require_all_classes,"{""missing_in_test"": [], ""missing_in_train"": []}",{}
d2_beef_uncontrolled|gru|classification|seed05|fold02,e1_main_d2,d2_beef_uncontrolled,gru,classification,5,2,16,1.4.0,real,True,ok,,2026-09-21T10:05:09Z,12.797272163908929,6435,2145,,,3,1,9de5f792dc27,7f316830a3d8aa3c,d9a050a656ab,require_all_classes,"{""missing_in_test"": [], ""missing_in_train"": []}",{}
d2_beef_uncontrolled|gru|classification|seed05|fold03,e1_main_d2,d2_beef_uncontrolled,gru,classification,5,3,16,1.4.0,real,True,ok,,2026-09-21T10:06:01Z,12.502812269609421,6435,2145,,,3,1,a5838cf9641b,126e22d3d9d3b866,d9a050a656ab,require_all_classes,"{""missing_in_test"": [], ""missing_in_train"": []}",{}
d2_beef_uncontrolled|gru|classification|seed05|fold04,e1_main_d2,d2_beef_uncontrolled,gru,classification,5,4,16,1.4.0,real,True,ok,,2026-09-21T10:06:52Z,12.75282690115273,6435,2145,,,3,1,6eee1b95b6aa,31ecf3f43b054e17,d9a050a656ab,require_all_classes,"{""missing_in_test"": [], ""missing_in_train"": []}",{}
d2_beef_uncontrolled|gru|classification|seed06|fold00,e1_main_d2,d2_beef_uncontrolled,gru,classification,6,0,16,1.4.0,real,True,ok,,2026-09-21T10:07:42Z,11.87847762182355,6435,2145,,,3,1,477c37a8ab73,e2704cbde11d737c,d9a050a656ab,require_all_classes,"{""missing_in_test"": [], ""missing_in_train"": []}",{}
d2_beef_uncontrolled|gru|classification|seed06|fold01,e1_main_d2,d2_beef_uncontrolled,gru,classification,6,1,16,1.4.0,real,True,ok,,2026-09-21T10:08:34Z,12.660307559650391,6435,2145,,,3,1,1c2e3ba58278,de7aaf5a2eb73d91,d9a050a656ab,require_all_classes,"{""missing_in_test"": [], ""missing_in_train"": []}",{}
d2_beef_uncontrolled|gru|classification|seed06|fold02,e1_main_d2,d2_beef_uncontrolled,gru,classification,6,2,16,1.4.0,real,True,ok,,2026-09-21T10:09:25Z,12.271767297759652,6435,2145,,,3,1,54ff457155dd,41293970893feafb,d9a050a656ab,require_all_classes,"{""missing_in_test"": [], ""missing_in_train"": []}",{}
d2_beef_uncontrolled|gru|classification|seed06|fold03,e1_main_d2,d2_beef_uncontrolled,gru,classification,6,3,16,1.4.0,real,True,ok,,2026-09-21T10:10:12Z,12.25504048075527,6435,2145,,,3,1,a877630b86ff,c7827959c3e12ef0,d9a050a656ab,require_all_classes,"{""missing_in_test"": [], ""missing_in_train"": []}",{}
d2_beef_uncontrolled|gru|classification|seed06|fold04,e1_main_d2,d2_beef_uncontrolled,gru,classification,6,4,16,1.4.0,real,True,ok,,2026-09-21T10:11:02Z,12.182431706693023,6435,2145,,,3,1,308afc6cb592,4f4c5837e938756a,d9a050a656ab,require_all_classes,"{""missing_in_test"": [], ""missing_in_train"": []}",{}
d2_beef_uncontrolled|gru|classification|seed07|fold00,e1_main_d2,d2_beef_uncontrolled,gru,classification,7,0,16,1.4.0,real,True,ok,,2026-09-21T10:11:52Z,12.373194656800479,6435,2145,,,3,1,7b279b72dfb8,4bc1dae3a0a3958f,d9a050a656ab,require_all_classes,"{""missing_in_test"": [], ""missing_in_train"": []}",{}
d2_beef_uncontrolled|gru|classification|seed07|fold01,e1_main_d2,d2_beef_uncontrolled,gru,classification,7,1,16,1.4.0,real,True,ok,,2026-09-21T10:12:44Z,12.176324510015547,6435,2145,,,3,1,bb1e5578b9e3,b4daa972679d2fc9,d9a050a656ab,require_all_classes,"{""missing_in_test"": [], ""missing_in_train"": []}",{}
d2_beef_uncontrolled|gru|classification|seed07|fold02,e1_main_d2,d2_beef_uncontrolled,gru,classification,7,2,16,1.4.0,real,True,ok,,2026-09-21T10:13:34Z,12.605300816241652,6435,2145,,,3,1,ba39acccb154,d450c2753709728f,d9a050a656ab,require_all_classes,"{""missing_in_test"": [], ""missing_in_train"": []}",{}
d2_beef_uncontrolled|gru|classification|seed07|fold03,e1_main_d2,d2_beef_uncontrolled,gru,classification,7,3,16,1.4.0,real,True,ok,,2026-09-21T10:14:25Z,12.078329404816031,6435,2145,,,3,1,4726b95fa672,de1315df1f345110,d9a050a656ab,require_all_classes,"{""missing_in_test"": [], ""missing_in_train"": []}",{}
d2_beef_uncontrolled|gru|classification|seed07|fold04,e1_main_d2,d2_beef_uncontrolled,gru,classification,7,4,16,1.4.0,real,True,ok,,2026-09-21T10:15:16Z,12.531289034057409,6435,2145,,,3,1,2e34c9f360a4,428ddc1a45205e13,d9a050a656ab,require_all_classes,"{""missing_in_test"": [], ""missing_in_train"": []}",{}
d2_beef_uncontrolled|gru|classification|seed08|fold00,e1_main_d2,d2_beef_uncontrolled,gru,classification,8,0,16,1.4.0,real,True,ok,,2026-09-21T10:16:08Z,12.126535886898637,6435,2145,,,3,1,760fd382be4c,48a658e7fb57210c,d9a050a656ab,require_all_classes,"{""missing_in_test"": [], ""missing_in_train"": []}",{}
d2_beef_uncontrolled|gru|classification|seed08|fold01,e1_main_d2,d2_beef_uncontrolled,gru,classification,8,1,16,1.4.0,real,True,ok,,2026-09-21T10:16:59Z,12.537570524029434,6435,2145,,,3,1,f60758215a07,851f3d5317fb6b86,d9a050a656ab,require_all_classes,"{""missing_in_test"": [], ""missing_in_train"": []}",{}
d2_beef_uncontrolled|gru|classification|seed08|fold02,e1_main_d2,d2_beef_uncontrolled,gru,classification,8,2,16,1.4.0,real,True,ok,,2026-09-21T10:17:50Z,12.333698022179306,6435,2145,,,3,1,b12aea5b360e,b898830414a29bcb,d9a050a656ab,require_all_classes,"{""missing_in_test"": [], ""missing_in_train"": []}",{}
d2_beef_uncontrolled|gru|classification|seed08|fold03,e1_main_d2,d2_beef_uncontrolled,gru,classification,8,3,16,1.4.0,real,True,ok,,2026-09-21T10:18:43Z,12.752596541773528,6435,2145,,,3,1,d24ce02cae99,9907e2ebc5c6d6c6,d9a050a656ab,require_all_classes,"{""missing_in_test"": [], ""missing_in_train"": []}",{}
d2_beef_uncontrolled|gru|classification|seed08|fold04,e1_main_d2,d2_beef_uncontrolled,gru,classification,8,4,16,1.4.0,real,True,ok,,2026-09-21T10:19:34Z,12.510034997947514,6435,2145,,,3,1,02ddc5401296,af9e477a9d576dac,d9a050a656ab,require_all_classes,"{""missing_in_test"": [], ""missing_in_train"": []}",{}
d2_beef_uncontrolled|gru|classification|seed09|fold00,e1_main_d2,d2_beef_uncontrolled,gru,classification,9,0,16,1.4.0,real,True,ok,,2026-09-21T10:20:26Z,12.272299559321254,6435,2145,,,3,1,523607d0ddee,85a62185a922431e,d9a050a656ab,require_all_classes,"{""missing_in_test"": [], ""missing_in_train"": []}",{}
d2_beef_uncontrolled|gru|classification|seed09|fold01,e1_main_d2,d2_beef_uncontrolled,gru,classification,9,1,16,1.4.0,real,True,ok,,2026-09-21T10:21:17Z,12.366669198032469,6435,2145,,,3,1,de265fd108a1,e261c995f3d987b2,d9a050a656ab,require_all_classes,"{""missing_in_test"": [], ""missing_in_train"": []}",{}
d2_beef_uncontrolled|gru|classification|seed09|fold02,e1_main_d2,d2_beef_uncontrolled,gru,classification,9,2,16,1.4.0,real,True,ok,,2026-09-21T10:22:08Z,12.555873757693917,6435,2145,,,3,1,9a76beab3005,6119a543bc10d030,d9a050a656ab,require_all_classes,"{""missing_in_test"": [], ""missing_in_train"": []}",{}
d2_beef_uncontrolled|gru|classification|seed09|fold03,e1_main_d2,d2_beef_uncontrolled,gru,classification,9,3,16,1.4.0,real,True,ok,,2026-09-21T10:23:00Z,12.212999929208308,6435,2145,,,3,1,bcc42ac9806b,ff443711da4d675e,d9a050a656ab,require_all_classes,"{""missing_in_test"": [], ""missing_in_train"": []}",{}
d2_beef_uncontrolled|gru|classification|seed09|fold04,e1_main_d2,d2_beef_uncontrolled,gru,classification,9,4,16,1.4.0,real,True,ok,,2026-09-21T10:23:52Z,12.53860889095813,6435,2145,,,3,1,3b4893542c85,a28d4c95e7fe600b,d9a050a656ab,require_all_classes,"{""missing_in_test"": [], ""missing_in_train"": []}",{}
d2_beef_uncontrolled|gru|regression|seed00|fold00,e1_main_d2,d2_beef_uncontrolled,gru,regression,0,0,16,1.4.0,real,True,ok,,2026-09-21T09:43:16Z,10.775513442233205,6435,2145,,,3,1,20a70c561f8e,edd5b5fb094e4261,d9a050a656ab,require_all_classes,"{""missing_in_test"": [], ""missing_in_train"": []}",{}
d2_beef_uncontrolled|gru|regression|seed00|fold01,e1_main_d2,d2_beef_uncontrolled,gru,regression,0,1,16,1.4.0,real,True,ok,,2026-09-21T09:44:05Z,12.268918382003903,6435,2145,,,3,1,6c9ef01abdf9,0eb2d8d9eb0e0df1,d9a050a656ab,require_all_classes,"{""missing_in_test"": [], ""missing_in_train"": []}",{}
d2_beef_uncontrolled|gru|regression|seed00|fold02,e1_main_d2,d2_beef_uncontrolled,gru,regression,0,2,16,1.4.0,real,True,ok,,2026-09-21T09:44:56Z,12.27332232100889,6435,2145,,,3,1,8f5d6031eff3,7d140dcf936f0fca,d9a050a656ab,require_all_classes,"{""missing_in_test"": [], ""missing_in_train"": []}",{}
d2_beef_uncontrolled|gru|regression|seed00|fold03,e1_main_d2,d2_beef_uncontrolled,gru,regression,0,3,16,1.4.0,real,True,ok,,2026-09-21T09:45:50Z,13.159727250691503,6435,2145,,,3,1,940f76d29b89,3515246441f267f4,d9a050a656ab,require_all_classes,"{""missing_in_test"": [], ""missing_in_train"": []}",{}
d2_beef_uncontrolled|gru|regression|seed00|fold04,e1_main_d2,d2_beef_uncontrolled,gru,regression,0,4,16,1.4.0,real,True,ok,,2026-09-21T09:46:38Z,10.96593070216477,6435,2145,,,3,1,b01bbf6f9575,af1d1af5b606b956,d9a050a656ab,require_all_classes,"{""missing_in_test"": [], ""missing_in_train"": []}",{}
d2_beef_uncontrolled|gru|regression|seed01|fold00,e1_main_d2,d2_beef_uncontrolled,gru,regression,1,0,16,1.4.0,real,True,ok,,2026-09-21T09:47:29Z,12.351241854019463,6435,2145,,,3,1,92d667f81d03,e2c7b321621fa496,d9a050a656ab,require_all_classes,"{""missing_in_test"": [], ""missing_in_train"": []}",{}
d2_beef_uncontrolled|gru|regression|seed01|fold01,e1_main_d2,d2_beef_uncontrolled,gru,regression,1,1,16,1.4.0,real,True,ok,,2026-09-21T09:48:13Z,11.033218493219465,6435,2145,,,3,1,63eaca80ac77,4d8c3e532ddc9b31,d9a050a656ab,require_all_classes,"{""missing_in_test"": [], ""missing_in_train"": []}",{}
d2_beef_uncontrolled|gru|regression|seed01|fold02,e1_main_d2,d2_beef_uncontrolled,gru,regression,1,2,16,1.4.0,real,True,ok,,2026-09-21T09:48:58Z,12.584104641806334,6435,2145,,,3,1,14ed105fd91e,626c90afdd942713,d9a050a656ab,require_all_classes,"{""missing_in_test"": [], ""missing_in_train"": []}",{}
d2_beef_uncontrolled|gru|regression|seed01|fold03,e1_main_d2,d2_beef_uncontrolled,gru,regression,1,3,16,1.4.0,real,True,ok,,2026-09-21T09:49:43Z,9.819274448789656,6435,2145,,,3,1,99c64364d832,cb5d7f4188fb88d0,d9a050a656ab,require_all_classes,"{""missing_in_test"": [], ""missing_in_train"": []}",{}
d2_beef_uncontrolled|gru|regression|seed01|fold04,e1_main_d2,d2_beef_uncontrolled,gru,regression,1,4,16,1.4.0,real,True,ok,,2026-09-21T09:50:24Z,10.590202250983566,6435,2145,,,3,1,fa4200209670,121b6fe14692da53,d9a050a656ab,require_all_classes,"{""missing_in_test"": [], ""missing_in_train"": []}",{}
d2_beef_uncontrolled|gru|regression|seed02|fold00,e1_main_d2,d2_beef_uncontrolled,gru,regression,2,0,16,1.4.0,real,True,ok,,2026-09-21T09:51:13Z,10.176406142767519,6435,2145,,,3,1,38e11e05422e,54e48f1f3a9dceb6,d9a050a656ab,require_all_classes,"{""missing_in_test"": [], ""missing_in_train"": []}",{}
d2_beef_uncontrolled|gru|regression|seed02|fold01,e1_main_d2,d2_beef_uncontrolled,gru,regression,2,1,16,1.4.0,real,True,ok,,2026-09-21T09:51:59Z,12.041638521011919,6435,2145,,,3,1,8a87c8dddc86,8b09aac595989b1f,d9a050a656ab,require_all_classes,"{""missing_in_test"": [], ""missing_in_train"": []}",{}
d2_beef_uncontrolled|gru|regression|seed02|fold02,e1_main_d2,d2_beef_uncontrolled,gru,regression,2,2,16,1.4.0,real,True,ok,,2026-09-21T09:52:47Z,12.550069838296622,6435,2145,,,3,1,545d378c28a6,7fd7fdd5850110ea,d9a050a656ab,require_all_classes,"{""missing_in_test"": [], ""missing_in_train"": []}",{}
d2_beef_uncontrolled|gru|regression|seed02|fold03,e1_main_d2,d2_beef_uncontrolled,gru,regression,2,3,16,1.4.0,real,True,ok,,2026-09-21T09:53:38Z,11.693094142712653,6435,2145,,,3,1,289906332a4f,01a872aa0ecff9c6,d9a050a656ab,require_all_classes,"{""missing_in_test"": [], ""missing_in_train"": []}",{}
d2_beef_uncontrolled|gru|regression|seed02|fold04,e1_main_d2,d2_beef_uncontrolled,gru,regression,2,4,16,1.4.0,real,True,ok,,2026-09-21T09:54:26Z,9.543250150047243,6435,2145,,,3,1,202906f4d7e1,516bb323042ccc0a,d9a050a656ab,require_all_classes,"{""missing_in_test"": [], ""missing_in_train"": []}",{}
d2_beef_uncontrolled|gru|regression|seed03|fold00,e1_main_d2,d2_beef_uncontrolled,gru,regression,3,0,16,1.4.0,real,True,ok,,2026-09-21T09:55:14Z,10.310526011977345,6435,2145,,,3,1,0e087c313624,e7601125d8da4e9d,d9a050a656ab,require_all_classes,"{""missing_in_test"": [], ""missing_in_train"": []}",{}
d2_beef_uncontrolled|gru|regression|seed03|fold01,e1_main_d2,d2_beef_uncontrolled,gru,regression,3,1,16,1.4.0,real,True,ok,,2026-09-21T09:55:59Z,9.999382903799415,6435,2145,,,3,1,ff41306bda71,86807557f1a02c6a,d9a050a656ab,require_all_classes,"{""missing_in_test"": [], ""missing_in_train"": []}",{}
d2_beef_uncontrolled|gru|regression|seed03|fold02,e1_main_d2,d2_beef_uncontrolled,gru,regression,3,2,16,1.4.0,real,True,ok,,2026-09-21T09:56:45Z,11.89252479095012,6435,2145,,,3,1,31c8eaca9098,4a08d6fe87bd7117,d9a050a656ab,require_all_classes,"{""missing_in_test"": [], ""missing_in_train"": []}",{}
d2_beef_uncontrolled|gru|regression|seed03|fold03,e1_main_d2,d2_beef_uncontrolled,gru,regression,3,3,16,1.4.0,real,True,ok,,2026-09-21T09:57:36Z,12.719146800227463,6435,2145,,,3,1,73fd7314e359,23a3ec98cc6836b9,d9a050a656ab,require_all_classes,"{""missing_in_test"": [], ""missing_in_train"": []}",{}
d2_beef_uncontrolled|gru|regression|seed03|fold04,e1_main_d2,d2_beef_uncontrolled,gru,regression,3,4,16,1.4.0,real,True,ok,,2026-09-21T09:58:28Z,12.477979663293809,6435,2145,,,3,1,a4933ae9f507,08471755f3a29dd2,d9a050a656ab,require_all_classes,"{""missing_in_test"": [], ""missing_in_train"": []}",{}
d2_beef_uncontrolled|gru|regression|seed04|fold00,e1_main_d2,d2_beef_uncontrolled,gru,regression,4,0,16,1.4.0,real,True,ok,,2026-09-21T09:59:19Z,12.534069540910423,6435,2145,,,3,1,ab20f229b2e5,fe657408b6e81eb4,d9a050a656ab,require_all_classes,"{""missing_in_test"": [], ""missing_in_train"": []}",{}
d2_beef_uncontrolled|gru|regression|seed04|fold01,e1_main_d2,d2_beef_uncontrolled,gru,regression,4,1,16,1.4.0,real,True,ok,,2026-09-21T10:00:10Z,12.699675087817013,6435,2145,,,3,1,6b2262999c63,acb73faba50a8f19,d9a050a656ab,require_all_classes,"{""missing_in_test"": [], ""missing_in_train"": []}",{}
d2_beef_uncontrolled|gru|regression|seed04|fold02,e1_main_d2,d2_beef_uncontrolled,gru,regression,4,2,16,1.4.0,real,True,ok,,2026-09-21T10:01:02Z,12.606012182775885,6435,2145,,,3,1,557db8e1a73e,fd9e183d07c36676,d9a050a656ab,require_all_classes,"{""missing_in_test"": [], ""missing_in_train"": []}",{}
d2_beef_uncontrolled|gru|regression|seed04|fold03,e1_main_d2,d2_beef_uncontrolled,gru,regression,4,3,16,1.4.0,real,True,ok,,2026-09-21T10:01:54Z,12.645271457266062,6435,2145,,,3,1,9dd348ffc2ab,22c2ab536d45e460,d9a050a656ab,require_all_classes,"{""missing_in_test"": [], ""missing_in_train"": []}",{}
d2_beef_uncontrolled|gru|regression|seed04|fold04,e1_main_d2,d2_beef_uncontrolled,gru,regression,4,4,16,1.4.0,real,True,ok,,2026-09-21T10:02:46Z,12.762745923362672,6435,2145,,,3,1,faf19bcdc9b9,942a6703c8480043,d9a050a656ab,require_all_classes,"{""missing_in_test"": [], ""missing_in_train"": []}",{}
d2_beef_uncontrolled|gru|regression|seed05|fold00,e1_main_d2,d2_beef_uncontrolled,gru,regression,5,0,16,1.4.0,real,True,ok,,2026-09-21T10:03:39Z,12.761768590658903,6435,2145,,,3,1,413cdd715162,f7013719419bebfe,d9a050a656ab,require_all_classes,"{""missing_in_test"": [], ""missing_in_train"": []}",{}
d2_beef_uncontrolled|gru|regression|seed05|fold01,e1_main_d2,d2_beef_uncontrolled,gru,regression,5,1,16,1.4.0,real,True,ok,,2026-09-21T10:04:30Z,12.701055767014623,6435,2145,,,3,1,a8b8c30a5944,a175725fcaf43512,d9a050a656ab,require_all_classes,"{""missing_in_test"": [], ""missing_in_train"": []}",{}
d2_beef_uncontrolled|gru|regression|seed05|fold02,e1_main_d2,d2_beef_uncontrolled,gru,regression,5,2,16,1.4.0,real,True,ok,,2026-09-21T10:05:22Z,12.655708480160683,6435,2145,,,3,1,9de5f792dc27,c64f673f917323fb,d9a050a656ab,require_all_classes,"{""missing_in_test"": [], ""missing_in_train"": []}",{}
d2_beef_uncontrolled|gru|regression|seed05|fold03,e1_main_d2,d2_beef_uncontrolled,gru,regression,5,3,16,1.4.0,real,True,ok,,2026-09-21T10:06:13Z,11.637250202242285,6435,2145,,,3,1,a5838cf9641b,07ad6e17c0bff54b,d9a050a656ab,require_all_classes,"{""missing_in_test"": [], ""missing_in_train"": []}",{}
d2_beef_uncontrolled|gru|regression|seed05|fold04,e1_main_d2,d2_beef_uncontrolled,gru,regression,5,4,16,1.4.0,real,True,ok,,2026-09-21T10:07:04Z,12.085918080061674,6435,2145,,,3,1,6eee1b95b6aa,d6765f7b728deb8a,d9a050a656ab,require_all_classes,"{""missing_in_test"": [], ""missing_in_train"": []}",{}
d2_beef_uncontrolled|gru|regression|seed06|fold00,e1_main_d2,d2_beef_uncontrolled,gru,regression,6,0,16,1.4.0,real,True,ok,,2026-09-21T10:07:54Z,12.431909466627985,6435,2145,,,3,1,477c37a8ab73,a74df745b5ca2e13,d9a050a656ab,require_all_classes,"{""missing_in_test"": [], ""missing_in_train"": []}",{}
d2_beef_uncontrolled|gru|regression|seed06|fold01,e1_main_d2,d2_beef_uncontrolled,gru,regression,6,1,16,1.4.0,real,True,ok,,2026-09-21T10:08:46Z,12.529673818964511,6435,2145,,,3,1,1c2e3ba58278,60f457fbf267148e,d9a050a656ab,require_all_classes,"{""missing_in_test"": [], ""missing_in_train"": []}",{}
d2_beef_uncontrolled|gru|regression|seed06|fold02,e1_main_d2,d2_beef_uncontrolled,gru,regression,6,2,16,1.4.0,real,True,ok,,2026-09-21T10:09:37Z,12.624817567877471,6435,2145,,,3,1,54ff457155dd,303ea340497779df,d9a050a656ab,require_all_classes,"{""missing_in_test"": [], ""missing_in_train"": []}",{}
d2_beef_uncontrolled|gru|regression|seed06|fold03,e1_main_d2,d2_beef_uncontrolled,gru,regression,6,3,16,1.4.0,real,True,ok,,2026-09-21T10:10:24Z,12.526159174740314,6435,2145,,,3,1,a877630b86ff,6fbf2313e0cc58f5,d9a050a656ab,require_all_classes,"{""missing_in_test"": [], ""missing_in_train"": []}",{}
d2_beef_uncontrolled|gru|regression|seed06|fold04,e1_main_d2,d2_beef_uncontrolled,gru,regression,6,4,16,1.4.0,real,True,ok,,2026-09-21T10:11:13Z,11.314770007040352,6435,2145,,,3,1,308afc6cb592,cd4248bbf7b86eb9,d9a050a656ab,require_all_classes,"{""missing_in_test"": [], ""missing_in_train"": []}",{}
d2_beef_uncontrolled|gru|regression|seed07|fold00,e1_main_d2,d2_beef_uncontrolled,gru,regression,7,0,16,1.4.0,real,True,ok,,2026-09-21T10:12:05Z,12.493481890764087,6435,2145,,,3,1,7b279b72dfb8,147a19e6fc99535f,d9a050a656ab,require_all_classes,"{""missing_in_test"": [], ""missing_in_train"": []}",{}
d2_beef_uncontrolled|gru|regression|seed07|fold01,e1_main_d2,d2_beef_uncontrolled,gru,regression,7,1,16,1.4.0,real,True,ok,,2026-09-21T10:12:55Z,11.752290663309395,6435,2145,,,3,1,bb1e5578b9e3,6ebe25049e69d3d8,d9a050a656ab,require_all_classes,"{""missing_in_test"": [], ""missing_in_train"": []}",{}
d2_beef_uncontrolled|gru|regression|seed07|fold02,e1_main_d2,d2_beef_uncontrolled,gru,regression,7,2,16,1.4.0,real,True,ok,,2026-09-21T10:13:46Z,11.977438116911799,6435,2145,,,3,1,ba39acccb154,6359c5cf2c586e39,d9a050a656ab,require_all_classes,"{""missing_in_test"": [], ""missing_in_train"": []}",{}
d2_beef_uncontrolled|gru|regression|seed07|fold03,e1_main_d2,d2_beef_uncontrolled,gru,regression,7,3,16,1.4.0,real,True,ok,,2026-09-21T10:14:37Z,12.499073531944305,6435,2145,,,3,1,4726b95fa672,d6ca806113ecfc7a,d9a050a656ab,require_all_classes,"{""missing_in_test"": [], ""missing_in_train"": []}",{}
d2_beef_uncontrolled|gru|regression|seed07|fold04,e1_main_d2,d2_beef_uncontrolled,gru,regression,7,4,16,1.4.0,real,True,ok,,2026-09-21T10:15:29Z,12.60470778401941,6435,2145,,,3,1,2e34c9f360a4,29102fd8b5b3e2d7,d9a050a656ab,require_all_classes,"{""missing_in_test"": [], ""missing_in_train"": []}",{}
d2_beef_uncontrolled|gru|regression|seed08|fold00,e1_main_d2,d2_beef_uncontrolled,gru,regression,8,0,16,1.4.0,real,True,ok,,2026-09-21T10:16:20Z,11.869174711871892,6435,2145,,,3,1,760fd382be4c,00d7888ee8c1d28f,d9a050a656ab,require_all_classes,"{""missing_in_test"": [], ""missing_in_train"": []}",{}
d2_beef_uncontrolled|gru|regression|seed08|fold01,e1_main_d2,d2_beef_uncontrolled,gru,regression,8,1,16,1.4.0,real,True,ok,,2026-09-21T10:17:12Z,12.504139238037169,6435,2145,,,3,1,f60758215a07,808ef64c49d88c7b,d9a050a656ab,require_all_classes,"{""missing_in_test"": [], ""missing_in_train"": []}",{}
d2_beef_uncontrolled|gru|regression|seed08|fold02,e1_main_d2,d2_beef_uncontrolled,gru,regression,8,2,16,1.4.0,real,True,ok,,2026-09-21T10:18:03Z,12.597601346671581,6435,2145,,,3,1,b12aea5b360e,2dbe7d1f8bc06e37,d9a050a656ab,require_all_classes,"{""missing_in_test"": [], ""missing_in_train"": []}",{}
d2_beef_uncontrolled|gru|regression|seed08|fold03,e1_main_d2,d2_beef_uncontrolled,gru,regression,8,3,16,1.4.0,real,True,ok,,2026-09-21T10:18:55Z,12.73184818867594,6435,2145,,,3,1,d24ce02cae99,c192c89edea47f36,d9a050a656ab,require_all_classes,"{""missing_in_test"": [], ""missing_in_train"": []}",{}
d2_beef_uncontrolled|gru|regression|seed08|fold04,e1_main_d2,d2_beef_uncontrolled,gru,regression,8,4,16,1.4.0,real,True,ok,,2026-09-21T10:19:47Z,12.325933309271932,6435,2145,,,3,1,02ddc5401296,484f40884a16b3df,d9a050a656ab,require_all_classes,"{""missing_in_test"": [], ""missing_in_train"": []}",{}
d2_beef_uncontrolled|gru|regression|seed09|fold00,e1_main_d2,d2_beef_uncontrolled,gru,regression,9,0,16,1.4.0,real,True,ok,,2026-09-21T10:20:38Z,12.739972612820566,6435,2145,,,3,1,523607d0ddee,a1e5ffb5ea1bc68c,d9a050a656ab,require_all_classes,"{""missing_in_test"": [], ""missing_in_train"": []}",{}
d2_beef_uncontrolled|gru|regression|seed09|fold01,e1_main_d2,d2_beef_uncontrolled,gru,regression,9,1,16,1.4.0,real,True,ok,,2026-09-21T10:21:29Z,12.207819289993495,6435,2145,,,3,1,de265fd108a1,a3e63702238b5b07,d9a050a656ab,require_all_classes,"{""missing_in_test"": [], ""missing_in_train"": []}",{}
d2_beef_uncontrolled|gru|regression|seed09|fold02,e1_main_d2,d2_beef_uncontrolled,gru,regression,9,2,16,1.4.0,real,True,ok,,2026-09-21T10:22:21Z,12.536254234146327,6435,2145,,,3,1,9a76beab3005,f5650f73b0af5897,d9a050a656ab,require_all_classes,"{""missing_in_test"": [], ""missing_in_train"": []}",{}
d2_beef_uncontrolled|gru|regression|seed09|fold03,e1_main_d2,d2_beef_uncontrolled,gru,regression,9,3,16,1.4.0,real,True,ok,,2026-09-21T10:23:12Z,12.36620689323172,6435,2145,,,3,1,bcc42ac9806b,8a98bb6d3933b270,d9a050a656ab,require_all_classes,"{""missing_in_test"": [], ""missing_in_train"": []}",{}
d2_beef_uncontrolled|gru|regression|seed09|fold04,e1_main_d2,d2_beef_uncontrolled,gru,regression,9,4,16,1.4.0,real,True,ok,,2026-09-21T10:24:04Z,12.604511847253889,6435,2145,,,3,1,3b4893542c85,4177264852fd676e,d9a050a656ab,require_all_classes,"{""missing_in_test"": [], ""missing_in_train"": []}",{}
d2_beef_uncontrolled|lstm|classification|seed00|fold00,e1_main_d2,d2_beef_uncontrolled,lstm,classification,0,0,16,1.4.0,real,True,ok,,2026-09-21T09:43:26Z,10.538926583714783,6435,2145,,,3,1,20a70c561f8e,9e268131fca45448,d9a050a656ab,require_all_classes,"{""missing_in_test"": [], ""missing_in_train"": []}",{}
d2_beef_uncontrolled|lstm|classification|seed00|fold01,e1_main_d2,d2_beef_uncontrolled,lstm,classification,0,1,16,1.4.0,real,True,ok,,2026-09-21T09:44:19Z,14.052842437755316,6435,2145,,,3,1,6c9ef01abdf9,204b06c0a4e98f9d,d9a050a656ab,require_all_classes,"{""missing_in_test"": [], ""missing_in_train"": []}",{}
d2_beef_uncontrolled|lstm|classification|seed00|fold02,e1_main_d2,d2_beef_uncontrolled,lstm,classification,0,2,16,1.4.0,real,True,ok,,2026-09-21T09:45:09Z,13.500539070926607,6435,2145,,,3,1,8f5d6031eff3,aec6f4a6cae24ad3,d9a050a656ab,require_all_classes,"{""missing_in_test"": [], ""missing_in_train"": []}",{}
d2_beef_uncontrolled|lstm|classification|seed00|fold03,e1_main_d2,d2_beef_uncontrolled,lstm,classification,0,3,16,1.4.0,real,True,ok,,2026-09-21T09:46:03Z,12.673723914194852,6435,2145,,,3,1,940f76d29b89,3c4a5d4c759fd7e8,d9a050a656ab,require_all_classes,"{""missing_in_test"": [], ""missing_in_train"": []}",{}
d2_beef_uncontrolled|lstm|classification|seed00|fold04,e1_main_d2,d2_beef_uncontrolled,lstm,classification,0,4,16,1.4.0,real,True,ok,,2026-09-21T09:46:50Z,12.078155574388802,6435,2145,,,3,1,b01bbf6f9575,4e424a34f6a65978,d9a050a656ab,require_all_classes,"{""missing_in_test"": [], ""missing_in_train"": []}",{}
d2_beef_uncontrolled|lstm|classification|seed01|fold00,e1_main_d2,d2_beef_uncontrolled,lstm,classification,1,0,16,1.4.0,real,True,ok,,2026-09-21T09:47:41Z,12.487067395355552,6435,2145,,,3,1,92d667f81d03,5f0f4a3db860b9e8,d9a050a656ab,require_all_classes,"{""missing_in_test"": [], ""missing_in_train"": []}",{}
d2_beef_uncontrolled|lstm|classification|seed01|fold01,e1_main_d2,d2_beef_uncontrolled,lstm,classification,1,1,16,1.4.0,real,True,ok,,2026-09-21T09:48:24Z,10.358024672139436,6435,2145,,,3,1,63eaca80ac77,e37ad9b4e48fb923,d9a050a656ab,require_all_classes,"{""missing_in_test"": [], ""missing_in_train"": []}",{}
d2_beef_uncontrolled|lstm|classification|seed01|fold02,e1_main_d2,d2_beef_uncontrolled,lstm,classification,1,2,16,1.4.0,real,True,ok,,2026-09-21T09:49:10Z,11.842769431881607,6435,2145,,,3,1,14ed105fd91e,edd3bd021d4f0512,d9a050a656ab,require_all_classes,"{""missing_in_test"": [], ""missing_in_train"": []}",{}
d2_beef_uncontrolled|lstm|classification|seed01|fold03,e1_main_d2,d2_beef_uncontrolled,lstm,classification,1,3,16,1.4.0,real,True,ok,,2026-09-21T09:49:52Z,8.936429765075445,6435,2145,,,3,1,99c64364d832,80c610c15076e557,d9a050a656ab,require_all_classes,"{""missing_in_test"": [], ""missing_in_train"": []}",{}
d2_beef_uncontrolled|lstm|classification|seed01|fold04,e1_main_d2,d2_beef_uncontrolled,lstm,classification,1,4,16,1.4.0,real,True,ok,,2026-09-21T09:50:38Z,13.670253550633788,6435,2145,,,3,1,fa4200209670,d1d95408dad70252,d9a050a656ab,require_all_classes,"{""missing_in_test"": [], ""missing_in_train"": []}",{}
d2_beef_uncontrolled|lstm|classification|seed02|fold00,e1_main_d2,d2_beef_uncontrolled,lstm,classification,2,0,16,1.4.0,real,True,ok,,2026-09-21T09:51:25Z,11.821599079761654,6435,2145,,,3,1,38e11e05422e,7f085bea7a02f713,d9a050a656ab,require_all_classes,"{""missing_in_test"": [], ""missing_in_train"": []}",{}
d2_beef_uncontrolled|lstm|classification|seed02|fold01,e1_main_d2,d2_beef_uncontrolled,lstm,classification,2,1,16,1.4.0,real,True,ok,,2026-09-21T09:52:12Z,13.32754088519141,6435,2145,,,3,1,8a87c8dddc86,c435b1de3b09cb7c,d9a050a656ab,require_all_classes,"{""missing_in_test"": [], ""missing_in_train"": []}",{}
d2_beef_uncontrolled|lstm|classification|seed02|fold02,e1_main_d2,d2_beef_uncontrolled,lstm,classification,2,2,16,1.4.0,real,True,ok,,2026-09-21T09:53:01Z,13.635907855816185,6435,2145,,,3,1,545d378c28a6,fcd9dfcf2c57c9cc,d9a050a656ab,require_all_classes,"{""missing_in_test"": [], ""missing_in_train"": []}",{}
d2_beef_uncontrolled|lstm|classification|seed02|fold03,e1_main_d2,d2_beef_uncontrolled,lstm,classification,2,3,16,1.4.0,real,True,ok,,2026-09-21T09:53:52Z,13.836697654332966,6435,2145,,,3,1,289906332a4f,5743bdcbc05f7e16,d9a050a656ab,require_all_classes,"{""missing_in_test"": [], ""missing_in_train"": []}",{}
d2_beef_uncontrolled|lstm|classification|seed02|fold04,e1_main_d2,d2_beef_uncontrolled,lstm,classification,2,4,16,1.4.0,real,True,ok,,2026-09-21T09:54:39Z,13.052190579939634,6435,2145,,,3,1,202906f4d7e1,199ce2ae184ef691,d9a050a656ab,require_all_classes,"{""missing_in_test"": [], ""missing_in_train"": []}",{}
d2_beef_uncontrolled|lstm|classification|seed03|fold00,e1_main_d2,d2_beef_uncontrolled,lstm,classification,3,0,16,1.4.0,real,True,ok,,2026-09-21T09:55:24Z,10.776310412213206,6435,2145,,,3,1,0e087c313624,5d8415578dbd0e1a,d9a050a656ab,require_all_classes,"{""missing_in_test"": [], ""missing_in_train"": []}",{}
d2_beef_uncontrolled|lstm|classification|seed03|fold01,e1_main_d2,d2_beef_uncontrolled,lstm,classification,3,1,16,1.4.0,real,True,ok,,2026-09-21T09:56:11Z,11.974245303776115,6435,2145,,,3,1,ff41306bda71,84c9f1b0c687e9e2,d9a050a656ab,require_all_classes,"{""missing_in_test"": [], ""missing_in_train"": []}",{}
d2_beef_uncontrolled|lstm|classification|seed03|fold02,e1_main_d2,d2_beef_uncontrolled,lstm,classification,3,2,16,1.4.0,real,True,ok,,2026-09-21T09:56:58Z,12.648378073237836,6435,2145,,,3,1,31c8eaca9098,5408e63e44244563,d9a050a656ab,require_all_classes,"{""missing_in_test"": [], ""missing_in_train"": []}",{}
d2_beef_uncontrolled|lstm|classification|seed03|fold03,e1_main_d2,d2_beef_uncontrolled,lstm,classification,3,3,16,1.4.0,real,True,ok,,2026-09-21T09:57:49Z,13.2343141422607,6435,2145,,,3,1,73fd7314e359,fc6c7dabd4e200e4,d9a050a656ab,require_all_classes,"{""missing_in_test"": [], ""missing_in_train"": []}",{}
d2_beef_uncontrolled|lstm|classification|seed03|fold04,e1_main_d2,d2_beef_uncontrolled,lstm,classification,3,4,16,1.4.0,real,True,ok,,2026-09-21T09:58:41Z,12.591925216373056,6435,2145,,,3,1,a4933ae9f507,9984629967432718,d9a050a656ab,require_all_classes,"{""missing_in_test"": [], ""missing_in_train"": []}",{}
d2_beef_uncontrolled|lstm|classification|seed04|fold00,e1_main_d2,d2_beef_uncontrolled,lstm,classification,4,0,16,1.4.0,real,True,ok,,2026-09-21T09:59:32Z,13.238530534785241,6435,2145,,,3,1,ab20f229b2e5,2673553b6d96cb0f,d9a050a656ab,require_all_classes,"{""missing_in_test"": [], ""missing_in_train"": []}",{}
d2_beef_uncontrolled|lstm|classification|seed04|fold01,e1_main_d2,d2_beef_uncontrolled,lstm,classification,4,1,16,1.4.0,real,True,ok,,2026-09-21T10:00:23Z,13.176319585181773,6435,2145,,,3,1,6b2262999c63,05885c2a699d0fa6,d9a050a656ab,require_all_classes,"{""missing_in_test"": [], ""missing_in_train"": []}",{}
d2_beef_uncontrolled|lstm|classification|seed04|fold02,e1_main_d2,d2_beef_uncontrolled,lstm,classification,4,2,16,1.4.0,real,True,ok,,2026-09-21T10:01:15Z,13.459493552800268,6435,2145,,,3,1,557db8e1a73e,3fa55b34a50fcbc2,d9a050a656ab,require_all_classes,"{""missing_in_test"": [], ""missing_in_train"": []}",{}
d2_beef_uncontrolled|lstm|classification|seed04|fold03,e1_main_d2,d2_beef_uncontrolled,lstm,classification,4,3,16,1.4.0,real,True,ok,,2026-09-21T10:02:07Z,12.928703086916357,6435,2145,,,3,1,9dd348ffc2ab,641be958e27c43b4,d9a050a656ab,require_all_classes,"{""missing_in_test"": [], ""missing_in_train"": []}",{}
d2_beef_uncontrolled|lstm|classification|seed04|fold04,e1_main_d2,d2_beef_uncontrolled,lstm,classification,4,4,16,1.4.0,real,True,ok,,2026-09-21T10:02:59Z,13.738967892248183,6435,2145,,,3,1,faf19bcdc9b9,bc6c3bad849f9fd9,d9a050a656ab,require_all_classes,"{""missing_in_test"": [], ""missing_in_train"": []}",{}
d2_beef_uncontrolled|lstm|classification|seed05|fold00,e1_main_d2,d2_beef_uncontrolled,lstm,classification,5,0,16,1.4.0,real,True,ok,,2026-09-21T10:03:51Z,12.696555678267032,6435,2145,,,3,1,413cdd715162,55fca0845c7a96ec,d9a050a656ab,require_all_classes,"{""missing_in_test"": [], ""missing_in_train"": []}",{}
d2_beef_uncontrolled|lstm|classification|seed05|fold01,e1_main_d2,d2_beef_uncontrolled,lstm,classification,5,1,16,1.4.0,real,True,ok,,2026-09-21T10:04:43Z,13.393203030806035,6435,2145,,,3,1,a8b8c30a5944,9b024381d73f732e,d9a050a656ab,require_all_classes,"{""missing_in_test"": [], ""missing_in_train"": []}",{}
d2_beef_uncontrolled|lstm|classification|seed05|fold02,e1_main_d2,d2_beef_uncontrolled,lstm,classification,5,2,16,1.4.0,real,True,ok,,2026-09-21T10:05:35Z,13.149476065766066,6435,2145,,,3,1,9de5f792dc27,72878b6142775f8c,d9a050a656ab,require_all_classes,"{""missing_in_test"": [], ""missing_in_train"": []}",{}
d2_beef_uncontrolled|lstm|classification|seed05|fold03,e1_main_d2,d2_beef_uncontrolled,lstm,classification,5,3,16,1.4.0,real,True,ok,,2026-09-21T10:06:26Z,13.5155393849127,6435,2145,,,3,1,a5838cf9641b,3d0c11fecd62c1d4,d9a050a656ab,require_all_classes,"{""missing_in_test"": [], ""missing_in_train"": []}",{}
d2_beef_uncontrolled|lstm|classification|seed05|fold04,e1_main_d2,d2_beef_uncontrolled,lstm,classification,5,4,16,1.4.0,real,True,ok,,2026-09-21T10:07:17Z,12.930906565859914,6435,2145,,,3,1,6eee1b95b6aa,046520d47d6751c7,d9a050a656ab,require_all_classes,"{""missing_in_test"": [], ""missing_in_train"": []}",{}
d2_beef_uncontrolled|lstm|classification|seed06|fold00,e1_main_d2,d2_beef_uncontrolled,lstm,classification,6,0,16,1.4.0,real,True,ok,,2026-09-21T10:08:08Z,13.45632715895772,6435,2145,,,3,1,477c37a8ab73,4a7a55f438563412,d9a050a656ab,require_all_classes,"{""missing_in_test"": [], ""missing_in_train"": []}",{}
d2_beef_uncontrolled|lstm|classification|seed06|fold01,e1_main_d2,d2_beef_uncontrolled,lstm,classification,6,1,16,1.4.0,real,True,ok,,2026-09-21T10:09:00Z,13.334255232010037,6435,2145,,,3,1,1c2e3ba58278,5d014618f4b137c4,d9a050a656ab,require_all_classes,"{""missing_in_test"": [], ""missing_in_train"": []}",{}
d2_beef_uncontrolled|lstm|classification|seed06|fold02,e1_main_d2,d2_beef_uncontrolled,lstm,classification,6,2,16,1.4.0,real,True,ok,,2026-09-21T10:09:47Z,9.838432000949979,6435,2145,,,3,1,54ff457155dd,9cc6a78360aa946d,d9a050a656ab,require_all_classes,"{""missing_in_test"": [], ""missing_in_train"": []}",{}
d2_beef_uncontrolled|lstm|classification|seed06|fold03,e1_main_d2,d2_beef_uncontrolled,lstm,classification,6,3,16,1.4.0,real,True,ok,,2026-09-21T10:10:37Z,13.00807428592816,6435,2145,,,3,1,a877630b86ff,4c2cb21d0912ecdf,d9a050a656ab,require_all_classes,"{""missing_in_test"": [], ""missing_in_train"": []}",{}
d2_beef_uncontrolled|lstm|classification|seed06|fold04,e1_main_d2,d2_beef_uncontrolled,lstm,classification,6,4,16,1.4.0,real,True,ok,,2026-09-21T10:11:27Z,13.112266536802053,6435,2145,,,3,1,308afc6cb592,a1f9c17f353ddd6a,d9a050a656ab,require_all_classes,"{""missing_in_test"": [], ""missing_in_train"": []}",{}
d2_beef_uncontrolled|lstm|classification|seed07|fold00,e1_main_d2,d2_beef_uncontrolled,lstm,classification,7,0,16,1.4.0,real,True,ok,,2026-09-21T10:12:18Z,13.233708776067942,6435,2145,,,3,1,7b279b72dfb8,83eec39e872da21a,d9a050a656ab,require_all_classes,"{""missing_in_test"": [], ""missing_in_train"": []}",{}
d2_beef_uncontrolled|lstm|classification|seed07|fold01,e1_main_d2,d2_beef_uncontrolled,lstm,classification,7,1,16,1.4.0,real,True,ok,,2026-09-21T10:13:09Z,13.376657966990024,6435,2145,,,3,1,bb1e5578b9e3,87b191d0746cf2a6,d9a050a656ab,require_all_classes,"{""missing_in_test"": [], ""missing_in_train"": []}",{}
d2_beef_uncontrolled|lstm|classification|seed07|fold02,e1_main_d2,d2_beef_uncontrolled,lstm,classification,7,2,16,1.4.0,real,True,ok,,2026-09-21T10:14:00Z,13.256552413105965,6435,2145,,,3,1,ba39acccb154,e050987959123eb4,d9a050a656ab,require_all_classes,"{""missing_in_test"": [], ""missing_in_train"": []}",{}
d2_beef_uncontrolled|lstm|classification|seed07|fold03,e1_main_d2,d2_beef_uncontrolled,lstm,classification,7,3,16,1.4.0,real,True,ok,,2026-09-21T10:14:50Z,13.352414859924465,6435,2145,,,3,1,4726b95fa672,7f666ad437496ca0,d9a050a656ab,require_all_classes,"{""missing_in_test"": [], ""missing_in_train"": []}",{}
d2_beef_uncontrolled|lstm|classification|seed07|fold04,e1_main_d2,d2_beef_uncontrolled,lstm,classification,7,4,16,1.4.0,real,True,ok,,2026-09-21T10:15:42Z,13.420534792821854,6435,2145,,,3,1,2e34c9f360a4,78d667c6ef716ab1,d9a050a656ab,require_all_classes,"{""missing_in_test"": [], ""missing_in_train"": []}",{}
d2_beef_uncontrolled|lstm|classification|seed08|fold00,e1_main_d2,d2_beef_uncontrolled,lstm,classification,8,0,16,1.4.0,real,True,ok,,2026-09-21T10:16:33Z,13.396438548341393,6435,2145,,,3,1,760fd382be4c,84f1399060fb3281,d9a050a656ab,require_all_classes,"{""missing_in_test"": [], ""missing_in_train"": []}",{}
d2_beef_uncontrolled|lstm|classification|seed08|fold01,e1_main_d2,d2_beef_uncontrolled,lstm,classification,8,1,16,1.4.0,real,True,ok,,2026-09-21T10:17:25Z,13.220088997855783,6435,2145,,,3,1,f60758215a07,6ce52fda97e3042c,d9a050a656ab,require_all_classes,"{""missing_in_test"": [], ""missing_in_train"": []}",{}
d2_beef_uncontrolled|lstm|classification|seed08|fold02,e1_main_d2,d2_beef_uncontrolled,lstm,classification,8,2,16,1.4.0,real,True,ok,,2026-09-21T10:18:16Z,13.386465415358543,6435,2145,,,3,1,b12aea5b360e,52d755d421530089,d9a050a656ab,require_all_classes,"{""missing_in_test"": [], ""missing_in_train"": []}",{}
d2_beef_uncontrolled|lstm|classification|seed08|fold03,e1_main_d2,d2_beef_uncontrolled,lstm,classification,8,3,16,1.4.0,real,True,ok,,2026-09-21T10:19:09Z,13.312867793720216,6435,2145,,,3,1,d24ce02cae99,01de04935902fcd6,d9a050a656ab,require_all_classes,"{""missing_in_test"": [], ""missing_in_train"": []}",{}
d2_beef_uncontrolled|lstm|classification|seed08|fold04,e1_main_d2,d2_beef_uncontrolled,lstm,classification,8,4,16,1.4.0,real,True,ok,,2026-09-21T10:20:00Z,13.395203108899295,6435,2145,,,3,1,02ddc5401296,a32aca769fec52cf,d9a050a656ab,require_all_classes,"{""missing_in_test"": [], ""missing_in_train"": []}",{}
d2_beef_uncontrolled|lstm|classification|seed09|fold00,e1_main_d2,d2_beef_uncontrolled,lstm,classification,9,0,16,1.4.0,real,True,ok,,2026-09-21T10:20:52Z,13.048721491824836,6435,2145,,,3,1,523607d0ddee,9c11ea7c44a558fe,d9a050a656ab,require_all_classes,"{""missing_in_test"": [], ""missing_in_train"": []}",{}
d2_beef_uncontrolled|lstm|classification|seed09|fold01,e1_main_d2,d2_beef_uncontrolled,lstm,classification,9,1,16,1.4.0,real,True,ok,,2026-09-21T10:21:43Z,13.301920712925494,6435,2145,,,3,1,de265fd108a1,08d6fe51f40cd6b1,d9a050a656ab,require_all_classes,"{""missing_in_test"": [], ""missing_in_train"": []}",{}
d2_beef_uncontrolled|lstm|classification|seed09|fold02,e1_main_d2,d2_beef_uncontrolled,lstm,classification,9,2,16,1.4.0,real,True,ok,,2026-09-21T10:22:34Z,13.42840826511383,6435,2145,,,3,1,9a76beab3005,1639166e1098b407,d9a050a656ab,require_all_classes,"{""missing_in_test"": [], ""missing_in_train"": []}",{}
d2_beef_uncontrolled|lstm|classification|seed09|fold03,e1_main_d2,d2_beef_uncontrolled,lstm,classification,9,3,16,1.4.0,real,True,ok,,2026-09-21T10:23:26Z,13.445609854068607,6435,2145,,,3,1,bcc42ac9806b,816ffe208925c4ba,d9a050a656ab,require_all_classes,"{""missing_in_test"": [], ""missing_in_train"": []}",{}
d2_beef_uncontrolled|lstm|classification|seed09|fold04,e1_main_d2,d2_beef_uncontrolled,lstm,classification,9,4,16,1.4.0,real,True,ok,,2026-09-21T10:24:18Z,13.477228009141982,6435,2145,,,3,1,3b4893542c85,5e35bb3286ee6b32,d9a050a656ab,require_all_classes,"{""missing_in_test"": [], ""missing_in_train"": []}",{}
d2_beef_uncontrolled|lstm|regression|seed00|fold00,e1_main_d2,d2_beef_uncontrolled,lstm,regression,0,0,16,1.4.0,real,True,ok,,2026-09-21T09:43:41Z,14.444867187645286,6435,2145,,,3,1,20a70c561f8e,00e29a4c42679829,d9a050a656ab,require_all_classes,"{""missing_in_test"": [], ""missing_in_train"": []}",{}
d2_beef_uncontrolled|lstm|regression|seed00|fold01,e1_main_d2,d2_beef_uncontrolled,lstm,regression,0,1,16,1.4.0,real,True,ok,,2026-09-21T09:44:30Z,11.148439681623131,6435,2145,,,3,1,6c9ef01abdf9,b12e79e6d4523669,d9a050a656ab,require_all_classes,"{""missing_in_test"": [], ""missing_in_train"": []}",{}
d2_beef_uncontrolled|lstm|regression|seed00|fold02,e1_main_d2,d2_beef_uncontrolled,lstm,regression,0,2,16,1.4.0,real,True,ok,,2026-09-21T09:45:23Z,13.883108493871987,6435,2145,,,3,1,8f5d6031eff3,e5d426ca3b10179c,d9a050a656ab,require_all_classes,"{""missing_in_test"": [], ""missing_in_train"": []}",{}
d2_beef_uncontrolled|lstm|regression|seed00|fold03,e1_main_d2,d2_beef_uncontrolled,lstm,regression,0,3,16,1.4.0,real,True,ok,,2026-09-21T09:46:14Z,11.536680438090116,6435,2145,,,3,1,940f76d29b89,92a712e2a5e04719,d9a050a656ab,require_all_classes,"{""missing_in_test"": [], ""missing_in_train"": []}",{}
d2_beef_uncontrolled|lstm|regression|seed00|fold04,e1_main_d2,d2_beef_uncontrolled,lstm,regression,0,4,16,1.4.0,real,True,ok,,2026-09-21T09:47:03Z,12.542313552927226,6435,2145,,,3,1,b01bbf6f9575,dadae2b9122fe9fc,d9a050a656ab,require_all_classes,"{""missing_in_test"": [], ""missing_in_train"": []}",{}
d2_beef_uncontrolled|lstm|regression|seed01|fold00,e1_main_d2,d2_beef_uncontrolled,lstm,regression,1,0,16,1.4.0,real,True,ok,,2026-09-21T09:47:51Z,9.669606110081077,6435,2145,,,3,1,92d667f81d03,c5c94fc53cf9caea,d9a050a656ab,require_all_classes,"{""missing_in_test"": [], ""missing_in_train"": []}",{}
d2_beef_uncontrolled|lstm|regression|seed01|fold01,e1_main_d2,d2_beef_uncontrolled,lstm,regression,1,1,16,1.4.0,real,True,ok,,2026-09-21T09:48:35Z,11.210058028809726,6435,2145,,,3,1,63eaca80ac77,32175afc13fadaf3,d9a050a656ab,require_all_classes,"{""missing_in_test"": [], ""missing_in_train"": []}",{}
d2_beef_uncontrolled|lstm|regression|seed01|fold02,e1_main_d2,d2_beef_uncontrolled,lstm,regression,1,2,16,1.4.0,real,True,ok,,2026-09-21T09:49:22Z,11.567406455986202,6435,2145,,,3,1,14ed105fd91e,67941ea79f06332e,d9a050a656ab,require_all_classes,"{""missing_in_test"": [], ""missing_in_train"": []}",{}
d2_beef_uncontrolled|lstm|regression|seed01|fold03,e1_main_d2,d2_beef_uncontrolled,lstm,regression,1,3,16,1.4.0,real,True,ok,,2026-09-21T09:50:04Z,11.911677434109151,6435,2145,,,3,1,99c64364d832,95cc268a637cb500,d9a050a656ab,require_all_classes,"{""missing_in_test"": [], ""missing_in_train"": []}",{}
d2_beef_uncontrolled|lstm|regression|seed01|fold04,e1_main_d2,d2_beef_uncontrolled,lstm,regression,1,4,16,1.4.0,real,True,ok,,2026-09-21T09:50:52Z,14.497845056001097,6435,2145,,,3,1,fa4200209670,95a28a26329e4324,d9a050a656ab,require_all_classes,"{""missing_in_test"": [], ""missing_in_train"": []}",{}
d2_beef_uncontrolled|lstm|regression|seed02|fold00,e1_main_d2,d2_beef_uncontrolled,lstm,regression,2,0,16,1.4.0,real,True,ok,,2026-09-21T09:51:35Z,10.044779866933823,6435,2145,,,3,1,38e11e05422e,2d2476307f7a23ee,d9a050a656ab,require_all_classes,"{""missing_in_test"": [], ""missing_in_train"": []}",{}
d2_beef_uncontrolled|lstm|regression|seed02|fold01,e1_main_d2,d2_beef_uncontrolled,lstm,regression,2,1,16,1.4.0,real,True,ok,,2026-09-21T09:52:24Z,11.942301310133189,6435,2145,,,3,1,8a87c8dddc86,0c00865a62277338,d9a050a656ab,require_all_classes,"{""missing_in_test"": [], ""missing_in_train"": []}",{}
d2_beef_uncontrolled|lstm|regression|seed02|fold02,e1_main_d2,d2_beef_uncontrolled,lstm,regression,2,2,16,1.4.0,real,True,ok,,2026-09-21T09:53:14Z,13.221193602308631,6435,2145,,,3,1,545d378c28a6,77a4753321492a61,d9a050a656ab,require_all_classes,"{""missing_in_test"": [], ""missing_in_train"": []}",{}
d2_beef_uncontrolled|lstm|regression|seed02|fold03,e1_main_d2,d2_beef_uncontrolled,lstm,regression,2,3,16,1.4.0,real,True,ok,,2026-09-21T09:54:05Z,13.443043244071305,6435,2145,,,3,1,289906332a4f,cdb784270c2c7738,d9a050a656ab,require_all_classes,"{""missing_in_test"": [], ""missing_in_train"": []}",{}
d2_beef_uncontrolled|lstm|regression|seed02|fold04,e1_main_d2,d2_beef_uncontrolled,lstm,regression,2,4,16,1.4.0,real,True,ok,,2026-09-21T09:54:51Z,11.406315366737545,6435,2145,,,3,1,202906f4d7e1,ecee4d405f3037b9,d9a050a656ab,require_all_classes,"{""missing_in_test"": [], ""missing_in_train"": []}",{}
d2_beef_uncontrolled|lstm|regression|seed03|fold00,e1_main_d2,d2_beef_uncontrolled,lstm,regression,3,0,16,1.4.0,real,True,ok,,2026-09-21T09:55:36Z,11.07397532928735,6435,2145,,,3,1,0e087c313624,818bf4e6ca44f160,d9a050a656ab,require_all_classes,"{""missing_in_test"": [], ""missing_in_train"": []}",{}
d2_beef_uncontrolled|lstm|regression|seed03|fold01,e1_main_d2,d2_beef_uncontrolled,lstm,regression,3,1,16,1.4.0,real,True,ok,,2026-09-21T09:56:22Z,11.07382908416912,6435,2145,,,3,1,ff41306bda71,f241bba35afdbd7b,d9a050a656ab,require_all_classes,"{""missing_in_test"": [], ""missing_in_train"": []}",{}
d2_beef_uncontrolled|lstm|regression|seed03|fold02,e1_main_d2,d2_beef_uncontrolled,lstm,regression,3,2,16,1.4.0,real,True,ok,,2026-09-21T09:57:10Z,12.625693884678185,6435,2145,,,3,1,31c8eaca9098,f250f093e3658713,d9a050a656ab,require_all_classes,"{""missing_in_test"": [], ""missing_in_train"": []}",{}
d2_beef_uncontrolled|lstm|regression|seed03|fold03,e1_main_d2,d2_beef_uncontrolled,lstm,regression,3,3,16,1.4.0,real,True,ok,,2026-09-21T09:58:03Z,13.315459812991321,6435,2145,,,3,1,73fd7314e359,327db9ee08703b7a,d9a050a656ab,require_all_classes,"{""missing_in_test"": [], ""missing_in_train"": []}",{}
d2_beef_uncontrolled|lstm|regression|seed03|fold04,e1_main_d2,d2_beef_uncontrolled,lstm,regression,3,4,16,1.4.0,real,True,ok,,2026-09-21T09:58:54Z,13.00145437894389,6435,2145,,,3,1,a4933ae9f507,f7f959d9365d4e21,d9a050a656ab,require_all_classes,"{""missing_in_test"": [], ""missing_in_train"": []}",{}
d2_beef_uncontrolled|lstm|regression|seed04|fold00,e1_main_d2,d2_beef_uncontrolled,lstm,regression,4,0,16,1.4.0,real,True,ok,,2026-09-21T09:59:46Z,13.440380461048335,6435,2145,,,3,1,ab20f229b2e5,e735aba545f4ecab,d9a050a656ab,require_all_classes,"{""missing_in_test"": [], ""missing_in_train"": []}",{}
d2_beef_uncontrolled|lstm|regression|seed04|fold01,e1_main_d2,d2_beef_uncontrolled,lstm,regression,4,1,16,1.4.0,real,True,ok,,2026-09-21T10:00:36Z,13.14398384699598,6435,2145,,,3,1,6b2262999c63,e052d0f149a793d9,d9a050a656ab,require_all_classes,"{""missing_in_test"": [], ""missing_in_train"": []}",{}
d2_beef_uncontrolled|lstm|regression|seed04|fold02,e1_main_d2,d2_beef_uncontrolled,lstm,regression,4,2,16,1.4.0,real,True,ok,,2026-09-21T10:01:28Z,13.42593318130821,6435,2145,,,3,1,557db8e1a73e,d62ee3160e99820e,d9a050a656ab,require_all_classes,"{""missing_in_test"": [], ""missing_in_train"": []}",{}
d2_beef_uncontrolled|lstm|regression|seed04|fold03,e1_main_d2,d2_beef_uncontrolled,lstm,regression,4,3,16,1.4.0,real,True,ok,,2026-09-21T10:02:20Z,13.126520929858088,6435,2145,,,3,1,9dd348ffc2ab,87e200e625f9f588,d9a050a656ab,require_all_classes,"{""missing_in_test"": [], ""missing_in_train"": []}",{}
d2_beef_uncontrolled|lstm|regression|seed04|fold04,e1_main_d2,d2_beef_uncontrolled,lstm,regression,4,4,16,1.4.0,real,True,ok,,2026-09-21T10:03:13Z,13.495808240957558,6435,2145,,,3,1,faf19bcdc9b9,fe3eb6b20c8817ea,d9a050a656ab,require_all_classes,"{""missing_in_test"": [], ""missing_in_train"": []}",{}
d2_beef_uncontrolled|lstm|regression|seed05|fold00,e1_main_d2,d2_beef_uncontrolled,lstm,regression,5,0,16,1.4.0,real,True,ok,,2026-09-21T10:04:04Z,12.918015372939408,6435,2145,,,3,1,413cdd715162,dd0ed43647d46b41,d9a050a656ab,require_all_classes,"{""missing_in_test"": [], ""missing_in_train"": []}",{}
d2_beef_uncontrolled|lstm|regression|seed05|fold01,e1_main_d2,d2_beef_uncontrolled,lstm,regression,5,1,16,1.4.0,real,True,ok,,2026-09-21T10:04:56Z,13.370693188160658,6435,2145,,,3,1,a8b8c30a5944,28a008a705342431,d9a050a656ab,require_all_classes,"{""missing_in_test"": [], ""missing_in_train"": []}",{}
d2_beef_uncontrolled|lstm|regression|seed05|fold02,e1_main_d2,d2_beef_uncontrolled,lstm,regression,5,2,16,1.4.0,real,True,ok,,2026-09-21T10:05:48Z,12.976634124293923,6435,2145,,,3,1,9de5f792dc27,4cc49721cbbd0956,d9a050a656ab,require_all_classes,"{""missing_in_test"": [], ""missing_in_train"": []}",{}
d2_beef_uncontrolled|lstm|regression|seed05|fold03,e1_main_d2,d2_beef_uncontrolled,lstm,regression,5,3,16,1.4.0,real,True,ok,,2026-09-21T10:06:39Z,12.73215024266392,6435,2145,,,3,1,a5838cf9641b,054be28443ce103d,d9a050a656ab,require_all_classes,"{""missing_in_test"": [], ""missing_in_train"": []}",{}
d2_beef_uncontrolled|lstm|regression|seed05|fold04,e1_main_d2,d2_beef_uncontrolled,lstm,regression,5,4,16,1.4.0,real,True,ok,,2026-09-21T10:07:30Z,12.996098360046744,6435,2145,,,3,1,6eee1b95b6aa,ddc69ee0fb060fa3,d9a050a656ab,require_all_classes,"{""missing_in_test"": [], ""missing_in_train"": []}",{}
d2_beef_uncontrolled|lstm|regression|seed06|fold00,e1_main_d2,d2_beef_uncontrolled,lstm,regression,6,0,16,1.4.0,real,True,ok,,2026-09-21T10:08:21Z,13.36509827291593,6435,2145,,,3,1,477c37a8ab73,84ca62def83ab62d,d9a050a656ab,require_all_classes,"{""missing_in_test"": [], ""missing_in_train"": []}",{}
d2_beef_uncontrolled|lstm|regression|seed06|fold01,e1_main_d2,d2_beef_uncontrolled,lstm,regression,6,1,16,1.4.0,real,True,ok,,2026-09-21T10:09:12Z,12.643598212860525,6435,2145,,,3,1,1c2e3ba58278,57d02b643e4f8b1c,d9a050a656ab,require_all_classes,"{""missing_in_test"": [], ""missing_in_train"": []}",{}
d2_beef_uncontrolled|lstm|regression|seed06|fold02,e1_main_d2,d2_beef_uncontrolled,lstm,regression,6,2,16,1.4.0,real,True,ok,,2026-09-21T10:09:59Z,11.908571649342775,6435,2145,,,3,1,54ff457155dd,74077c61e334da17,d9a050a656ab,require_all_classes,"{""missing_in_test"": [], ""missing_in_train"": []}",{}
d2_beef_uncontrolled|lstm|regression|seed06|fold03,e1_main_d2,d2_beef_uncontrolled,lstm,regression,6,3,16,1.4.0,real,True,ok,,2026-09-21T10:10:50Z,12.579599421937019,6435,2145,,,3,1,a877630b86ff,7219b839b993aaf8,d9a050a656ab,require_all_classes,"{""missing_in_test"": [], ""missing_in_train"": []}",{}
d2_beef_uncontrolled|lstm|regression|seed06|fold04,e1_main_d2,d2_beef_uncontrolled,lstm,regression,6,4,16,1.4.0,real,True,ok,,2026-09-21T10:11:40Z,13.134820854756981,6435,2145,,,3,1,308afc6cb592,5bb3d4bf8b957054,d9a050a656ab,require_all_classes,"{""missing_in_test"": [], ""missing_in_train"": []}",{}
d2_beef_uncontrolled|lstm|regression|seed07|fold00,e1_main_d2,d2_beef_uncontrolled,lstm,regression,7,0,16,1.4.0,real,True,ok,,2026-09-21T10:12:31Z,13.220461577177048,6435,2145,,,3,1,7b279b72dfb8,6e4c61d353ca51ee,d9a050a656ab,require_all_classes,"{""missing_in_test"": [], ""missing_in_train"": []}",{}
d2_beef_uncontrolled|lstm|regression|seed07|fold01,e1_main_d2,d2_beef_uncontrolled,lstm,regression,7,1,16,1.4.0,real,True,ok,,2026-09-21T10:13:22Z,12.847794783301651,6435,2145,,,3,1,bb1e5578b9e3,b926211b2ab07a15,d9a050a656ab,require_all_classes,"{""missing_in_test"": [], ""missing_in_train"": []}",{}
d2_beef_uncontrolled|lstm|regression|seed07|fold02,e1_main_d2,d2_beef_uncontrolled,lstm,regression,7,2,16,1.4.0,real,True,ok,,2026-09-21T10:14:12Z,12.666854666080326,6435,2145,,,3,1,ba39acccb154,eede4b35d0dcb85e,d9a050a656ab,require_all_classes,"{""missing_in_test"": [], ""missing_in_train"": []}",{}
d2_beef_uncontrolled|lstm|regression|seed07|fold03,e1_main_d2,d2_beef_uncontrolled,lstm,regression,7,3,16,1.4.0,real,True,ok,,2026-09-21T10:15:04Z,13.27531250892207,6435,2145,,,3,1,4726b95fa672,42fbfde619226457,d9a050a656ab,require_all_classes,"{""missing_in_test"": [], ""missing_in_train"": []}",{}
d2_beef_uncontrolled|lstm|regression|seed07|fold04,e1_main_d2,d2_beef_uncontrolled,lstm,regression,7,4,16,1.4.0,real,True,ok,,2026-09-21T10:15:55Z,13.095552565064281,6435,2145,,,3,1,2e34c9f360a4,c70892396c143252,d9a050a656ab,require_all_classes,"{""missing_in_test"": [], ""missing_in_train"": []}",{}
d2_beef_uncontrolled|lstm|regression|seed08|fold00,e1_main_d2,d2_beef_uncontrolled,lstm,regression,8,0,16,1.4.0,real,True,ok,,2026-09-21T10:16:46Z,13.312771148979664,6435,2145,,,3,1,760fd382be4c,3f2c3077acc9c701,d9a050a656ab,require_all_classes,"{""missing_in_test"": [], ""missing_in_train"": []}",{}
d2_beef_uncontrolled|lstm|regression|seed08|fold01,e1_main_d2,d2_beef_uncontrolled,lstm,regression,8,1,16,1.4.0,real,True,ok,,2026-09-21T10:17:38Z,13.070524837821722,6435,2145,,,3,1,f60758215a07,4c0db50399ecdfec,d9a050a656ab,require_all_classes,"{""missing_in_test"": [], ""missing_in_train"": []}",{}
d2_beef_uncontrolled|lstm|regression|seed08|fold02,e1_main_d2,d2_beef_uncontrolled,lstm,regression,8,2,16,1.4.0,real,True,ok,,2026-09-21T10:18:30Z,13.335688338149339,6435,2145,,,3,1,b12aea5b360e,5ca87fc243a4f848,d9a050a656ab,require_all_classes,"{""missing_in_test"": [], ""missing_in_train"": []}",{}
d2_beef_uncontrolled|lstm|regression|seed08|fold03,e1_main_d2,d2_beef_uncontrolled,lstm,regression,8,3,16,1.4.0,real,True,ok,,2026-09-21T10:19:22Z,13.078796454239637,6435,2145,,,3,1,d24ce02cae99,b70fed547575bb06,d9a050a656ab,require_all_classes,"{""missing_in_test"": [], ""missing_in_train"": []}",{}
d2_beef_uncontrolled|lstm|regression|seed08|fold04,e1_main_d2,d2_beef_uncontrolled,lstm,regression,8,4,16,1.4.0,real,True,ok,,2026-09-21T10:20:13Z,13.068346344865859,6435,2145,,,3,1,02ddc5401296,310aef02baf3eb16,d9a050a656ab,require_all_classes,"{""missing_in_test"": [], ""missing_in_train"": []}",{}
d2_beef_uncontrolled|lstm|regression|seed09|fold00,e1_main_d2,d2_beef_uncontrolled,lstm,regression,9,0,16,1.4.0,real,True,ok,,2026-09-21T10:21:05Z,13.037454032339156,6435,2145,,,3,1,523607d0ddee,b11d98876c835d0d,d9a050a656ab,require_all_classes,"{""missing_in_test"": [], ""missing_in_train"": []}",{}
d2_beef_uncontrolled|lstm|regression|seed09|fold01,e1_main_d2,d2_beef_uncontrolled,lstm,regression,9,1,16,1.4.0,real,True,ok,,2026-09-21T10:21:56Z,12.902498946059495,6435,2145,,,3,1,de265fd108a1,08a3155bc7946df2,d9a050a656ab,require_all_classes,"{""missing_in_test"": [], ""missing_in_train"": []}",{}
d2_beef_uncontrolled|lstm|regression|seed09|fold02,e1_main_d2,d2_beef_uncontrolled,lstm,regression,9,2,16,1.4.0,real,True,ok,,2026-09-21T10:22:47Z,13.143696723971516,6435,2145,,,3,1,9a76beab3005,210285724ed59dad,d9a050a656ab,require_all_classes,"{""missing_in_test"": [], ""missing_in_train"": []}",{}
d2_beef_uncontrolled|lstm|regression|seed09|fold03,e1_main_d2,d2_beef_uncontrolled,lstm,regression,9,3,16,1.4.0,real,True,ok,,2026-09-21T10:23:39Z,13.323946222662926,6435,2145,,,3,1,bcc42ac9806b,3a697befc0ee341e,d9a050a656ab,require_all_classes,"{""missing_in_test"": [], ""missing_in_train"": []}",{}
d2_beef_uncontrolled|lstm|regression|seed09|fold04,e1_main_d2,d2_beef_uncontrolled,lstm,regression,9,4,16,1.4.0,real,True,ok,,2026-09-21T10:24:31Z,13.061102860141546,6435,2145,,,3,1,3b4893542c85,31678fe0479455c5,d9a050a656ab,require_all_classes,"{""missing_in_test"": [], ""missing_in_train"": []}",{}
d2_beef_uncontrolled|pca_svm|classification|seed00|fold00,e1_main_d2,d2_beef_uncontrolled,pca_svm,classification,0,0,16,1.4.0,real,True,ok,,2026-09-21T09:43:11Z,0.7646018182858825,6435,2145,,,3,1,20a70c561f8e,3b0959e0073e4997,c84d501b1a72,require_all_classes,"{""missing_in_test"": [], ""missing_in_train"": []}",{}
d2_beef_uncontrolled|pca_svm|classification|seed00|fold01,e1_main_d2,d2_beef_uncontrolled,pca_svm,classification,0,1,16,1.4.0,real,True,ok,,2026-09-21T09:43:29Z,0.7224401887506247,6435,2145,,,3,1,6c9ef01abdf9,140c93e529bcaeed,c84d501b1a72,require_all_classes,"{""missing_in_test"": [], ""missing_in_train"": []}",{}
d2_beef_uncontrolled|pca_svm|classification|seed00|fold02,e1_main_d2,d2_beef_uncontrolled,pca_svm,classification,0,2,16,1.4.0,real,True,ok,,2026-09-21T09:43:45Z,0.6044801310636103,6435,2145,,,3,1,8f5d6031eff3,19ab0f0a6071bce7,c84d501b1a72,require_all_classes,"{""missing_in_test"": [], ""missing_in_train"": []}",{}
d2_beef_uncontrolled|pca_svm|classification|seed00|fold03,e1_main_d2,d2_beef_uncontrolled,pca_svm,classification,0,3,16,1.4.0,real,True,ok,,2026-09-21T09:44:02Z,0.5379541600123048,6435,2145,,,3,1,940f76d29b89,cc856442fbc29780,c84d501b1a72,require_all_classes,"{""missing_in_test"": [], ""missing_in_train"": []}",{}
d2_beef_uncontrolled|pca_svm|classification|seed00|fold04,e1_main_d2,d2_beef_uncontrolled,pca_svm,classification,0,4,16,1.4.0,real,True,ok,,2026-09-21T09:44:19Z,0.6953242640011013,6435,2145,,,3,1,b01bbf6f9575,92e090e0f4be2973,c84d501b1a72,require_all_classes,"{""missing_in_test"": [], ""missing_in_train"": []}",{}
d2_beef_uncontrolled|pca_svm|classification|seed01|fold00,e1_main_d2,d2_beef_uncontrolled,pca_svm,classification,1,0,16,1.4.0,real,True,ok,,2026-09-21T09:44:36Z,0.5792031409218907,6435,2145,,,3,1,92d667f81d03,f6fdc7bb352dd4cc,c84d501b1a72,require_all_classes,"{""missing_in_test"": [], ""missing_in_train"": []}",{}
d2_beef_uncontrolled|pca_svm|classification|seed01|fold01,e1_main_d2,d2_beef_uncontrolled,pca_svm,classification,1,1,16,1.4.0,real,True,ok,,2026-09-21T09:44:53Z,0.6007990720681846,6435,2145,,,3,1,63eaca80ac77,94c1119db1ed7ef7,c84d501b1a72,require_all_classes,"{""missing_in_test"": [], ""missing_in_train"": []}",{}
d2_beef_uncontrolled|pca_svm|classification|seed01|fold02,e1_main_d2,d2_beef_uncontrolled,pca_svm,classification,1,2,16,1.4.0,real,True,ok,,2026-09-21T09:45:10Z,0.6328732101246715,6435,2145,,,3,1,14ed105fd91e,ad22522208c90e75,c84d501b1a72,require_all_classes,"{""missing_in_test"": [], ""missing_in_train"": []}",{}
d2_beef_uncontrolled|pca_svm|classification|seed01|fold03,e1_main_d2,d2_beef_uncontrolled,pca_svm,classification,1,3,16,1.4.0,real,True,ok,,2026-09-21T09:45:27Z,0.5007387981750071,6435,2145,,,3,1,99c64364d832,775f50fb249d72d5,c84d501b1a72,require_all_classes,"{""missing_in_test"": [], ""missing_in_train"": []}",{}
d2_beef_uncontrolled|pca_svm|classification|seed01|fold04,e1_main_d2,d2_beef_uncontrolled,pca_svm,classification,1,4,16,1.4.0,real,True,ok,,2026-09-21T09:45:44Z,0.6948647904209793,6435,2145,,,3,1,fa4200209670,81f4fc9a063e94e3,c84d501b1a72,require_all_classes,"{""missing_in_test"": [], ""missing_in_train"": []}",{}
d2_beef_uncontrolled|pca_svm|classification|seed02|fold00,e1_main_d2,d2_beef_uncontrolled,pca_svm,classification,2,0,16,1.4.0,real,True,ok,,2026-09-21T09:46:00Z,0.7286066999658942,6435,2145,,,3,1,38e11e05422e,657ea12cd4c0e5f6,c84d501b1a72,require_all_classes,"{""missing_in_test"": [], ""missing_in_train"": []}",{}
d2_beef_uncontrolled|pca_svm|classification|seed02|fold01,e1_main_d2,d2_beef_uncontrolled,pca_svm,classification,2,1,16,1.4.0,real,True,ok,,2026-09-21T09:46:16Z,0.8378535499796271,6435,2145,,,3,1,8a87c8dddc86,0f43ab3b328dd3f0,c84d501b1a72,require_all_classes,"{""missing_in_test"": [], ""missing_in_train"": []}",{}
d2_beef_uncontrolled|pca_svm|classification|seed02|fold02,e1_main_d2,d2_beef_uncontrolled,pca_svm,classification,2,2,16,1.4.0,real,True,ok,,2026-09-21T09:46:34Z,0.5546347759664059,6435,2145,,,3,1,545d378c28a6,a53000f21fccb3f5,c84d501b1a72,require_all_classes,"{""missing_in_test"": [], ""missing_in_train"": []}",{}
d2_beef_uncontrolled|pca_svm|classification|seed02|fold03,e1_main_d2,d2_beef_uncontrolled,pca_svm,classification,2,3,16,1.4.0,real,True,ok,,2026-09-21T09:46:50Z,0.7058936827816069,6435,2145,,,3,1,289906332a4f,57d335fb6e5a6dcc,c84d501b1a72,require_all_classes,"{""missing_in_test"": [], ""missing_in_train"": []}",{}
d2_beef_uncontrolled|pca_svm|classification|seed02|fold04,e1_main_d2,d2_beef_uncontrolled,pca_svm,classification,2,4,16,1.4.0,real,True,ok,,2026-09-21T09:47:08Z,0.7590728970244527,6435,2145,,,3,1,202906f4d7e1,28128a395d44cd75,c84d501b1a72,require_all_classes,"{""missing_in_test"": [], ""missing_in_train"": []}",{}
d2_beef_uncontrolled|pca_svm|classification|seed03|fold00,e1_main_d2,d2_beef_uncontrolled,pca_svm,classification,3,0,16,1.4.0,real,True,ok,,2026-09-21T09:47:24Z,0.751779087819159,6435,2145,,,3,1,0e087c313624,92b7dfdb99cdd1a5,c84d501b1a72,require_all_classes,"{""missing_in_test"": [], ""missing_in_train"": []}",{}
d2_beef_uncontrolled|pca_svm|classification|seed03|fold01,e1_main_d2,d2_beef_uncontrolled,pca_svm,classification,3,1,16,1.4.0,real,True,ok,,2026-09-21T09:47:41Z,0.6464061010628939,6435,2145,,,3,1,ff41306bda71,bbfe0ab30a507fb0,c84d501b1a72,require_all_classes,"{""missing_in_test"": [], ""missing_in_train"": []}",{}
d2_beef_uncontrolled|pca_svm|classification|seed03|fold02,e1_main_d2,d2_beef_uncontrolled,pca_svm,classification,3,2,16,1.4.0,real,True,ok,,2026-09-21T09:47:56Z,0.47060902416706085,6435,2145,,,3,1,31c8eaca9098,95bdf0acb66daa8d,c84d501b1a72,require_all_classes,"{""missing_in_test"": [], ""missing_in_train"": []}",{}
d2_beef_uncontrolled|pca_svm|classification|seed03|fold03,e1_main_d2,d2_beef_uncontrolled,pca_svm,classification,3,3,16,1.4.0,real,True,ok,,2026-09-21T09:48:12Z,0.6475412352010608,6435,2145,,,3,1,73fd7314e359,7f8693cff7cef253,c84d501b1a72,require_all_classes,"{""missing_in_test"": [], ""missing_in_train"": []}",{}
d2_beef_uncontrolled|pca_svm|classification|seed03|fold04,e1_main_d2,d2_beef_uncontrolled,pca_svm,classification,3,4,16,1.4.0,real,True,ok,,2026-09-21T09:48:28Z,0.5710173919796944,6435,2145,,,3,1,a4933ae9f507,5782f85ec32a75e3,c84d501b1a72,require_all_classes,"{""missing_in_test"": [], ""missing_in_train"": []}",{}
d2_beef_uncontrolled|pca_svm|classification|seed04|fold00,e1_main_d2,d2_beef_uncontrolled,pca_svm,classification,4,0,16,1.4.0,real,True,ok,,2026-09-21T09:48:44Z,0.6514442870393395,6435,2145,,,3,1,ab20f229b2e5,7098256c918bc696,c84d501b1a72,require_all_classes,"{""missing_in_test"": [], ""missing_in_train"": []}",{}
d2_beef_uncontrolled|pca_svm|classification|seed04|fold01,e1_main_d2,d2_beef_uncontrolled,pca_svm,classification,4,1,16,1.4.0,real,True,ok,,2026-09-21T09:48:59Z,0.5903802206739783,6435,2145,,,3,1,6b2262999c63,448d9368b2e47588,c84d501b1a72,require_all_classes,"{""missing_in_test"": [], ""missing_in_train"": []}",{}
d2_beef_uncontrolled|pca_svm|classification|seed04|fold02,e1_main_d2,d2_beef_uncontrolled,pca_svm,classification,4,2,16,1.4.0,real,True,ok,,2026-09-21T09:49:15Z,0.5472398912534118,6435,2145,,,3,1,557db8e1a73e,7f8194c5b06503ba,c84d501b1a72,require_all_classes,"{""missing_in_test"": [], ""missing_in_train"": []}",{}
d2_beef_uncontrolled|pca_svm|classification|seed04|fold03,e1_main_d2,d2_beef_uncontrolled,pca_svm,classification,4,3,16,1.4.0,real,True,ok,,2026-09-21T09:49:30Z,0.4505172851495445,6435,2145,,,3,1,9dd348ffc2ab,53cd7271a04c114a,c84d501b1a72,require_all_classes,"{""missing_in_test"": [], ""missing_in_train"": []}",{}
d2_beef_uncontrolled|pca_svm|classification|seed04|fold04,e1_main_d2,d2_beef_uncontrolled,pca_svm,classification,4,4,16,1.4.0,real,True,ok,,2026-09-21T09:49:45Z,0.5038760500028729,6435,2145,,,3,1,faf19bcdc9b9,d85e42a717d0bee9,c84d501b1a72,require_all_classes,"{""missing_in_test"": [], ""missing_in_train"": []}",{}
d2_beef_uncontrolled|pca_svm|classification|seed05|fold00,e1_main_d2,d2_beef_uncontrolled,pca_svm,classification,5,0,16,1.4.0,real,True,ok,,2026-09-21T09:50:01Z,0.7126574870198965,6435,2145,,,3,1,413cdd715162,b3e9b900ad16172c,c84d501b1a72,require_all_classes,"{""missing_in_test"": [], ""missing_in_train"": []}",{}
d2_beef_uncontrolled|pca_svm|classification|seed05|fold01,e1_main_d2,d2_beef_uncontrolled,pca_svm,classification,5,1,16,1.4.0,real,True,ok,,2026-09-21T09:50:17Z,0.5794117380864918,6435,2145,,,3,1,a8b8c30a5944,d01469a8ddbbf5e7,c84d501b1a72,require_all_classes,"{""missing_in_test"": [], ""missing_in_train"": []}",{}
d2_beef_uncontrolled|pca_svm|classification|seed05|fold02,e1_main_d2,d2_beef_uncontrolled,pca_svm,classification,5,2,16,1.4.0,real,True,ok,,2026-09-21T09:50:33Z,0.6384128136560321,6435,2145,,,3,1,9de5f792dc27,98452ee9819fce5a,c84d501b1a72,require_all_classes,"{""missing_in_test"": [], ""missing_in_train"": []}",{}
d2_beef_uncontrolled|pca_svm|classification|seed05|fold03,e1_main_d2,d2_beef_uncontrolled,pca_svm,classification,5,3,16,1.4.0,real,True,ok,,2026-09-21T09:50:50Z,0.7303500226698816,6435,2145,,,3,1,a5838cf9641b,873ba0fa0243cb36,c84d501b1a72,require_all_classes,"{""missing_in_test"": [], ""missing_in_train"": []}",{}
d2_beef_uncontrolled|pca_svm|classification|seed05|fold04,e1_main_d2,d2_beef_uncontrolled,pca_svm,classification,5,4,16,1.4.0,real,True,ok,,2026-09-21T09:51:06Z,0.6280416548252106,6435,2145,,,3,1,6eee1b95b6aa,ba708ac4c868af55,c84d501b1a72,require_all_classes,"{""missing_in_test"": [], ""missing_in_train"": []}",{}
d2_beef_uncontrolled|pca_svm|classification|seed06|fold00,e1_main_d2,d2_beef_uncontrolled,pca_svm,classification,6,0,16,1.4.0,real,True,ok,,2026-09-21T09:51:21Z,0.6391804851591587,6435,2145,,,3,1,477c37a8ab73,5ddbd23d07521f25,c84d501b1a72,require_all_classes,"{""missing_in_test"": [], ""missing_in_train"": []}",{}
d2_beef_uncontrolled|pca_svm|classification|seed06|fold01,e1_main_d2,d2_beef_uncontrolled,pca_svm,classification,6,1,16,1.4.0,real,True,ok,,2026-09-21T09:51:38Z,0.5709250187501311,6435,2145,,,3,1,1c2e3ba58278,8b690312ff297573,c84d501b1a72,require_all_classes,"{""missing_in_test"": [], ""missing_in_train"": []}",{}
d2_beef_uncontrolled|pca_svm|classification|seed06|fold02,e1_main_d2,d2_beef_uncontrolled,pca_svm,classification,6,2,16,1.4.0,real,True,ok,,2026-09-21T09:51:54Z,0.521444771438837,6435,2145,,,3,1,54ff457155dd,fc51a4474f7bd28e,c84d501b1a72,require_all_classes,"{""missing_in_test"": [], ""missing_in_train"": []}",{}
d2_beef_uncontrolled|pca_svm|classification|seed06|fold03,e1_main_d2,d2_beef_uncontrolled,pca_svm,classification,6,3,16,1.4.0,real,True,ok,,2026-09-21T09:52:09Z,0.5032975398935378,6435,2145,,,3,1,a877630b86ff,5c28e93a66be09e3,c84d501b1a72,require_all_classes,"{""missing_in_test"": [], ""missing_in_train"": []}",{}
d2_beef_uncontrolled|pca_svm|classification|seed06|fold04,e1_main_d2,d2_beef_uncontrolled,pca_svm,classification,6,4,16,1.4.0,real,True,ok,,2026-09-21T09:52:25Z,0.6491681998595595,6435,2145,,,3,1,308afc6cb592,48d421f15dd45134,c84d501b1a72,require_all_classes,"{""missing_in_test"": [], ""missing_in_train"": []}",{}
d2_beef_uncontrolled|pca_svm|classification|seed07|fold00,e1_main_d2,d2_beef_uncontrolled,pca_svm,classification,7,0,16,1.4.0,real,True,ok,,2026-09-21T09:52:41Z,0.547758171800524,6435,2145,,,3,1,7b279b72dfb8,dd596fddb8b11223,c84d501b1a72,require_all_classes,"{""missing_in_test"": [], ""missing_in_train"": []}",{}
d2_beef_uncontrolled|pca_svm|classification|seed07|fold01,e1_main_d2,d2_beef_uncontrolled,pca_svm,classification,7,1,16,1.4.0,real,True,ok,,2026-09-21T09:52:56Z,0.5826169508509338,6435,2145,,,3,1,bb1e5578b9e3,921634858d946cbb,c84d501b1a72,require_all_classes,"{""missing_in_test"": [], ""missing_in_train"": []}",{}
d2_beef_uncontrolled|pca_svm|classification|seed07|fold02,e1_main_d2,d2_beef_uncontrolled,pca_svm,classification,7,2,16,1.4.0,real,True,ok,,2026-09-21T09:53:12Z,0.6797518539242446,6435,2145,,,3,1,ba39acccb154,3110d6a328edd2b3,c84d501b1a72,require_all_classes,"{""missing_in_test"": [], ""missing_in_train"": []}",{}
d2_beef_uncontrolled|pca_svm|classification|seed07|fold03,e1_main_d2,d2_beef_uncontrolled,pca_svm,classification,7,3,16,1.4.0,real,True,ok,,2026-09-21T09:53:26Z,0.4787821169011295,6435,2145,,,3,1,4726b95fa672,551e442eb5f2d141,c84d501b1a72,require_all_classes,"{""missing_in_test"": [], ""missing_in_train"": []}",{}
d2_beef_uncontrolled|pca_svm|classification|seed07|fold04,e1_main_d2,d2_beef_uncontrolled,pca_svm,classification,7,4,16,1.4.0,real,True,ok,,2026-09-21T09:53:42Z,0.5553273712284863,6435,2145,,,3,1,2e34c9f360a4,7fa494a99c781fff,c84d501b1a72,require_all_classes,"{""missing_in_test"": [], ""missing_in_train"": []}",{}
d2_beef_uncontrolled|pca_svm|classification|seed08|fold00,e1_main_d2,d2_beef_uncontrolled,pca_svm,classification,8,0,16,1.4.0,real,True,ok,,2026-09-21T09:53:57Z,0.5389694487676024,6435,2145,,,3,1,760fd382be4c,bf603b080d17a5e1,c84d501b1a72,require_all_classes,"{""missing_in_test"": [], ""missing_in_train"": []}",{}
d2_beef_uncontrolled|pca_svm|classification|seed08|fold01,e1_main_d2,d2_beef_uncontrolled,pca_svm,classification,8,1,16,1.4.0,real,True,ok,,2026-09-21T09:54:12Z,0.6547438628040254,6435,2145,,,3,1,f60758215a07,9e4759eb8bf7fc9d,c84d501b1a72,require_all_classes,"{""missing_in_test"": [], ""missing_in_train"": []}",{}
d2_beef_uncontrolled|pca_svm|classification|seed08|fold02,e1_main_d2,d2_beef_uncontrolled,pca_svm,classification,8,2,16,1.4.0,real,True,ok,,2026-09-21T09:54:29Z,0.6373149203136563,6435,2145,,,3,1,b12aea5b360e,fde7d0896a652ebb,c84d501b1a72,require_all_classes,"{""missing_in_test"": [], ""missing_in_train"": []}",{}
d2_beef_uncontrolled|pca_svm|classification|seed08|fold03,e1_main_d2,d2_beef_uncontrolled,pca_svm,classification,8,3,16,1.4.0,real,True,ok,,2026-09-21T09:54:45Z,0.6803204286843538,6435,2145,,,3,1,d24ce02cae99,21553f8d88666364,c84d501b1a72,require_all_classes,"{""missing_in_test"": [], ""missing_in_train"": []}",{}
d2_beef_uncontrolled|pca_svm|classification|seed08|fold04,e1_main_d2,d2_beef_uncontrolled,pca_svm,classification,8,4,16,1.4.0,real,True,ok,,2026-09-21T09:55:00Z,0.6778674549423158,6435,2145,,,3,1,02ddc5401296,2fa437c47eb3f6d2,c84d501b1a72,require_all_classes,"{""missing_in_test"": [], ""missing_in_train"": []}",{}
d2_beef_uncontrolled|pca_svm|classification|seed09|fold00,e1_main_d2,d2_beef_uncontrolled,pca_svm,classification,9,0,16,1.4.0,real,True,ok,,2026-09-21T09:55:16Z,0.645197887904942,6435,2145,,,3,1,523607d0ddee,32c91b5a022183a8,c84d501b1a72,require_all_classes,"{""missing_in_test"": [], ""missing_in_train"": []}",{}
d2_beef_uncontrolled|pca_svm|classification|seed09|fold01,e1_main_d2,d2_beef_uncontrolled,pca_svm,classification,9,1,16,1.4.0,real,True,ok,,2026-09-21T09:55:32Z,0.5253173871897161,6435,2145,,,3,1,de265fd108a1,194522de9d964e7b,c84d501b1a72,require_all_classes,"{""missing_in_test"": [], ""missing_in_train"": []}",{}
d2_beef_uncontrolled|pca_svm|classification|seed09|fold02,e1_main_d2,d2_beef_uncontrolled,pca_svm,classification,9,2,16,1.4.0,real,True,ok,,2026-09-21T09:55:49Z,0.6633252040483057,6435,2145,,,3,1,9a76beab3005,c45fcf0850f51ef5,c84d501b1a72,require_all_classes,"{""missing_in_test"": [], ""missing_in_train"": []}",{}
d2_beef_uncontrolled|pca_svm|classification|seed09|fold03,e1_main_d2,d2_beef_uncontrolled,pca_svm,classification,9,3,16,1.4.0,real,True,ok,,2026-09-21T09:56:06Z,0.7703745509497821,6435,2145,,,3,1,bcc42ac9806b,6c2ae7f6594250a8,c84d501b1a72,require_all_classes,"{""missing_in_test"": [], ""missing_in_train"": []}",{}
d2_beef_uncontrolled|pca_svm|classification|seed09|fold04,e1_main_d2,d2_beef_uncontrolled,pca_svm,classification,9,4,16,1.4.0,real,True,ok,,2026-09-21T09:56:21Z,0.589005921036005,6435,2145,,,3,1,3b4893542c85,978f3c0fd8dda2e4,c84d501b1a72,require_all_classes,"{""missing_in_test"": [], ""missing_in_train"": []}",{}
d2_beef_uncontrolled|pca_svm|regression|seed00|fold00,e1_main_d2,d2_beef_uncontrolled,pca_svm,regression,0,0,16,1.4.0,real,True,ok,,2026-09-21T09:43:12Z,0.5938598988577724,6435,2145,,,3,1,20a70c561f8e,1161830fb4580bf1,c84d501b1a72,require_all_classes,"{""missing_in_test"": [], ""missing_in_train"": []}",{}
d2_beef_uncontrolled|pca_svm|regression|seed00|fold01,e1_main_d2,d2_beef_uncontrolled,pca_svm,regression,0,1,16,1.4.0,real,True,ok,,2026-09-21T09:43:29Z,0.5218557748012245,6435,2145,,,3,1,6c9ef01abdf9,d7169ca6ceabe1dd,c84d501b1a72,require_all_classes,"{""missing_in_test"": [], ""missing_in_train"": []}",{}
d2_beef_uncontrolled|pca_svm|regression|seed00|fold02,e1_main_d2,d2_beef_uncontrolled,pca_svm,regression,0,2,16,1.4.0,real,True,ok,,2026-09-21T09:43:46Z,0.6288880500942469,6435,2145,,,3,1,8f5d6031eff3,b5909201ef3c12f2,c84d501b1a72,require_all_classes,"{""missing_in_test"": [], ""missing_in_train"": []}",{}
d2_beef_uncontrolled|pca_svm|regression|seed00|fold03,e1_main_d2,d2_beef_uncontrolled,pca_svm,regression,0,3,16,1.4.0,real,True,ok,,2026-09-21T09:44:02Z,0.48404292296618223,6435,2145,,,3,1,940f76d29b89,3d20493ce3b8fb72,c84d501b1a72,require_all_classes,"{""missing_in_test"": [], ""missing_in_train"": []}",{}
d2_beef_uncontrolled|pca_svm|regression|seed00|fold04,e1_main_d2,d2_beef_uncontrolled,pca_svm,regression,0,4,16,1.4.0,real,True,ok,,2026-09-21T09:44:20Z,0.5875311880372465,6435,2145,,,3,1,b01bbf6f9575,a37881be39aaf7ed,c84d501b1a72,require_all_classes,"{""missing_in_test"": [], ""missing_in_train"": []}",{}
d2_beef_uncontrolled|pca_svm|regression|seed01|fold00,e1_main_d2,d2_beef_uncontrolled,pca_svm,regression,1,0,16,1.4.0,real,True,ok,,2026-09-21T09:44:37Z,0.5545418029651046,6435,2145,,,3,1,92d667f81d03,cca3efbb49dd86ba,c84d501b1a72,require_all_classes,"{""missing_in_test"": [], ""missing_in_train"": []}",{}
d2_beef_uncontrolled|pca_svm|regression|seed01|fold01,e1_main_d2,d2_beef_uncontrolled,pca_svm,regression,1,1,16,1.4.0,real,True,ok,,2026-09-21T09:44:53Z,0.4612832451239228,6435,2145,,,3,1,63eaca80ac77,abd2e835ae107983,c84d501b1a72,require_all_classes,"{""missing_in_test"": [], ""missing_in_train"": []}",{}
d2_beef_uncontrolled|pca_svm|regression|seed01|fold02,e1_main_d2,d2_beef_uncontrolled,pca_svm,regression,1,2,16,1.4.0,real,True,ok,,2026-09-21T09:45:11Z,0.6449514888226986,6435,2145,,,3,1,14ed105fd91e,f3b7554f8390eb38,c84d501b1a72,require_all_classes,"{""missing_in_test"": [], ""missing_in_train"": []}",{}
d2_beef_uncontrolled|pca_svm|regression|seed01|fold03,e1_main_d2,d2_beef_uncontrolled,pca_svm,regression,1,3,16,1.4.0,real,True,ok,,2026-09-21T09:45:27Z,0.5316390097141266,6435,2145,,,3,1,99c64364d832,e2ac1b973f03ff0e,c84d501b1a72,require_all_classes,"{""missing_in_test"": [], ""missing_in_train"": []}",{}
d2_beef_uncontrolled|pca_svm|regression|seed01|fold04,e1_main_d2,d2_beef_uncontrolled,pca_svm,regression,1,4,16,1.4.0,real,True,ok,,2026-09-21T09:45:44Z,0.48741965601220727,6435,2145,,,3,1,fa4200209670,73a6defe460c9017,c84d501b1a72,require_all_classes,"{""missing_in_test"": [], ""missing_in_train"": []}",{}
d2_beef_uncontrolled|pca_svm|regression|seed02|fold00,e1_main_d2,d2_beef_uncontrolled,pca_svm,regression,2,0,16,1.4.0,real,True,ok,,2026-09-21T09:46:00Z,0.5390524524264038,6435,2145,,,3,1,38e11e05422e,f189f7ad0a4e9a6d,c84d501b1a72,require_all_classes,"{""missing_in_test"": [], ""missing_in_train"": []}",{}
d2_beef_uncontrolled|pca_svm|regression|seed02|fold01,e1_main_d2,d2_beef_uncontrolled,pca_svm,regression,2,1,16,1.4.0,real,True,ok,,2026-09-21T09:46:17Z,1.0191542287357152,6435,2145,,,3,1,8a87c8dddc86,8f93439de38f4758,c84d501b1a72,require_all_classes,"{""missing_in_test"": [], ""missing_in_train"": []}",{}
d2_beef_uncontrolled|pca_svm|regression|seed02|fold02,e1_main_d2,d2_beef_uncontrolled,pca_svm,regression,2,2,16,1.4.0,real,True,ok,,2026-09-21T09:46:34Z,0.5745618850924075,6435,2145,,,3,1,545d378c28a6,84069ce332534311,c84d501b1a72,require_all_classes,"{""missing_in_test"": [], ""missing_in_train"": []}",{}
d2_beef_uncontrolled|pca_svm|regression|seed02|fold03,e1_main_d2,d2_beef_uncontrolled,pca_svm,regression,2,3,16,1.4.0,real,True,ok,,2026-09-21T09:46:51Z,0.49549475219100714,6435,2145,,,3,1,289906332a4f,286eac6b5b049839,c84d501b1a72,require_all_classes,"{""missing_in_test"": [], ""missing_in_train"": []}",{}
d2_beef_uncontrolled|pca_svm|regression|seed02|fold04,e1_main_d2,d2_beef_uncontrolled,pca_svm,regression,2,4,16,1.4.0,real,True,ok,,2026-09-21T09:47:08Z,0.6108158491551876,6435,2145,,,3,1,202906f4d7e1,4fa60361f53b1444,c84d501b1a72,require_all_classes,"{""missing_in_test"": [], ""missing_in_train"": []}",{}
d2_beef_uncontrolled|pca_svm|regression|seed03|fold00,e1_main_d2,d2_beef_uncontrolled,pca_svm,regression,3,0,16,1.4.0,real,True,ok,,2026-09-21T09:47:25Z,0.5978587167337537,6435,2145,,,3,1,0e087c313624,56fbcd9a3a083212,c84d501b1a72,require_all_classes,"{""missing_in_test"": [], ""missing_in_train"": []}",{}
d2_beef_uncontrolled|pca_svm|regression|seed03|fold01,e1_main_d2,d2_beef_uncontrolled,pca_svm,regression,3,1,16,1.4.0,real,True,ok,,2026-09-21T09:47:42Z,0.6186798769049346,6435,2145,,,3,1,ff41306bda71,9a68d5f284594afa,c84d501b1a72,require_all_classes,"{""missing_in_test"": [], ""missing_in_train"": []}",{}
d2_beef_uncontrolled|pca_svm|regression|seed03|fold02,e1_main_d2,d2_beef_uncontrolled,pca_svm,regression,3,2,16,1.4.0,real,True,ok,,2026-09-21T09:47:57Z,0.47834159387275577,6435,2145,,,3,1,31c8eaca9098,18dbeca67293b281,c84d501b1a72,require_all_classes,"{""missing_in_test"": [], ""missing_in_train"": []}",{}
d2_beef_uncontrolled|pca_svm|regression|seed03|fold03,e1_main_d2,d2_beef_uncontrolled,pca_svm,regression,3,3,16,1.4.0,real,True,ok,,2026-09-21T09:48:12Z,0.6501619098708034,6435,2145,,,3,1,73fd7314e359,43aa4dccf544ac57,c84d501b1a72,require_all_classes,"{""missing_in_test"": [], ""missing_in_train"": []}",{}
d2_beef_uncontrolled|pca_svm|regression|seed03|fold04,e1_main_d2,d2_beef_uncontrolled,pca_svm,regression,3,4,16,1.4.0,real,True,ok,,2026-09-21T09:48:29Z,0.6058776620775461,6435,2145,,,3,1,a4933ae9f507,ed6410c85f988afc,c84d501b1a72,require_all_classes,"{""missing_in_test"": [], ""missing_in_train"": []}",{}
d2_beef_uncontrolled|pca_svm|regression|seed04|fold00,e1_main_d2,d2_beef_uncontrolled,pca_svm,regression,4,0,16,1.4.0,real,True,ok,,2026-09-21T09:48:44Z,0.6058083577081561,6435,2145,,,3,1,ab20f229b2e5,edae9f91525d3bd4,c84d501b1a72,require_all_classes,"{""missing_in_test"": [], ""missing_in_train"": []}",{}
d2_beef_uncontrolled|pca_svm|regression|seed04|fold01,e1_main_d2,d2_beef_uncontrolled,pca_svm,regression,4,1,16,1.4.0,real,True,ok,,2026-09-21T09:49:00Z,0.5682777962647378,6435,2145,,,3,1,6b2262999c63,aee8df31508b04a8,c84d501b1a72,require_all_classes,"{""missing_in_test"": [], ""missing_in_train"": []}",{}
d2_beef_uncontrolled|pca_svm|regression|seed04|fold02,e1_main_d2,d2_beef_uncontrolled,pca_svm,regression,4,2,16,1.4.0,real,True,ok,,2026-09-21T09:49:15Z,0.4879643456079066,6435,2145,,,3,1,557db8e1a73e,17c6de1a3df75e79,c84d501b1a72,require_all_classes,"{""missing_in_test"": [], ""missing_in_train"": []}",{}
d2_beef_uncontrolled|pca_svm|regression|seed04|fold03,e1_main_d2,d2_beef_uncontrolled,pca_svm,regression,4,3,16,1.4.0,real,True,ok,,2026-09-21T09:49:30Z,0.5201746309176087,6435,2145,,,3,1,9dd348ffc2ab,fe5c54d00cc6dd87,c84d501b1a72,require_all_classes,"{""missing_in_test"": [], ""missing_in_train"": []}",{}
d2_beef_uncontrolled|pca_svm|regression|seed04|fold04,e1_main_d2,d2_beef_uncontrolled,pca_svm,regression,4,4,16,1.4.0,real,True,ok,,2026-09-21T09:49:45Z,0.5298193921335042,6435,2145,,,3,1,faf19bcdc9b9,5ebc553a9835ed08,c84d501b1a72,require_all_classes,"{""missing_in_test"": [], ""missing_in_train"": []}",{}
d2_beef_uncontrolled|pca_svm|regression|seed05|fold00,e1_main_d2,d2_beef_uncontrolled,pca_svm,regression,5,0,16,1.4.0,real,True,ok,,2026-09-21T09:50:02Z,0.4955555438064039,6435,2145,,,3,1,413cdd715162,963e2d0d2d12277d,c84d501b1a72,require_all_classes,"{""missing_in_test"": [], ""missing_in_train"": []}",{}
d2_beef_uncontrolled|pca_svm|regression|seed05|fold01,e1_main_d2,d2_beef_uncontrolled,pca_svm,regression,5,1,16,1.4.0,real,True,ok,,2026-09-21T09:50:17Z,0.5670311227440834,6435,2145,,,3,1,a8b8c30a5944,9510714b12c7c585,c84d501b1a72,require_all_classes,"{""missing_in_test"": [], ""missing_in_train"": []}",{}
d2_beef_uncontrolled|pca_svm|regression|seed05|fold02,e1_main_d2,d2_beef_uncontrolled,pca_svm,regression,5,2,16,1.4.0,real,True,ok,,2026-09-21T09:50:34Z,0.6272432738915086,6435,2145,,,3,1,9de5f792dc27,34d862d44c26e5c9,c84d501b1a72,require_all_classes,"{""missing_in_test"": [], ""missing_in_train"": []}",{}
d2_beef_uncontrolled|pca_svm|regression|seed05|fold03,e1_main_d2,d2_beef_uncontrolled,pca_svm,regression,5,3,16,1.4.0,real,True,ok,,2026-09-21T09:50:50Z,0.7170337620191276,6435,2145,,,3,1,a5838cf9641b,74ba891630db0ebb,c84d501b1a72,require_all_classes,"{""missing_in_test"": [], ""missing_in_train"": []}",{}
d2_beef_uncontrolled|pca_svm|regression|seed05|fold04,e1_main_d2,d2_beef_uncontrolled,pca_svm,regression,5,4,16,1.4.0,real,True,ok,,2026-09-21T09:51:06Z,0.5497465743683279,6435,2145,,,3,1,6eee1b95b6aa,1b056be1e96b72e3,c84d501b1a72,require_all_classes,"{""missing_in_test"": [], ""missing_in_train"": []}",{}
d2_beef_uncontrolled|pca_svm|regression|seed06|fold00,e1_main_d2,d2_beef_uncontrolled,pca_svm,regression,6,0,16,1.4.0,real,True,ok,,2026-09-21T09:51:22Z,0.5751342750154436,6435,2145,,,3,1,477c37a8ab73,66fd3dde79b2a729,c84d501b1a72,require_all_classes,"{""missing_in_test"": [], ""missing_in_train"": []}",{}
d2_beef_uncontrolled|pca_svm|regression|seed06|fold01,e1_main_d2,d2_beef_uncontrolled,pca_svm,regression,6,1,16,1.4.0,real,True,ok,,2026-09-21T09:51:38Z,0.5390972853638232,6435,2145,,,3,1,1c2e3ba58278,04eaf816bc4522ca,c84d501b1a72,require_all_classes,"{""missing_in_test"": [], ""missing_in_train"": []}",{}
d2_beef_uncontrolled|pca_svm|regression|seed06|fold02,e1_main_d2,d2_beef_uncontrolled,pca_svm,regression,6,2,16,1.4.0,real,True,ok,,2026-09-21T09:51:54Z,0.5761210238561034,6435,2145,,,3,1,54ff457155dd,f0089038502d65da,c84d501b1a72,require_all_classes,"{""missing_in_test"": [], ""missing_in_train"": []}",{}
d2_beef_uncontrolled|pca_svm|regression|seed06|fold03,e1_main_d2,d2_beef_uncontrolled,pca_svm,regression,6,3,16,1.4.0,real,True,ok,,2026-09-21T09:52:09Z,0.5030248761177063,6435,2145,,,3,1,a877630b86ff,ebd3fb503980c1af,c84d501b1a72,require_all_classes,"{""missing_in_test"": [], ""missing_in_train"": []}",{}
d2_beef_uncontrolled|pca_svm|regression|seed06|fold04,e1_main_d2,d2_beef_uncontrolled,pca_svm,regression,6,4,16,1.4.0,real,True,ok,,2026-09-21T09:52:25Z,0.8129590307362378,6435,2145,,,3,1,308afc6cb592,48e84d8a225fe3bf,c84d501b1a72,require_all_classes,"{""missing_in_test"": [], ""missing_in_train"": []}",{}
d2_beef_uncontrolled|pca_svm|regression|seed07|fold00,e1_main_d2,d2_beef_uncontrolled,pca_svm,regression,7,0,16,1.4.0,real,True,ok,,2026-09-21T09:52:42Z,0.6286779097281396,6435,2145,,,3,1,7b279b72dfb8,288e30c1b2be4f52,c84d501b1a72,require_all_classes,"{""missing_in_test"": [], ""missing_in_train"": []}",{}
d2_beef_uncontrolled|pca_svm|regression|seed07|fold01,e1_main_d2,d2_beef_uncontrolled,pca_svm,regression,7,1,16,1.4.0,real,True,ok,,2026-09-21T09:52:57Z,0.5926728029735386,6435,2145,,,3,1,bb1e5578b9e3,deaea33b96e6f21c,c84d501b1a72,require_all_classes,"{""missing_in_test"": [], ""missing_in_train"": []}",{}
d2_beef_uncontrolled|pca_svm|regression|seed07|fold02,e1_main_d2,d2_beef_uncontrolled,pca_svm,regression,7,2,16,1.4.0,real,True,ok,,2026-09-21T09:53:12Z,0.4522194596938789,6435,2145,,,3,1,ba39acccb154,eaf676433e7d2e0c,c84d501b1a72,require_all_classes,"{""missing_in_test"": [], ""missing_in_train"": []}",{}
d2_beef_uncontrolled|pca_svm|regression|seed07|fold03,e1_main_d2,d2_beef_uncontrolled,pca_svm,regression,7,3,16,1.4.0,real,True,ok,,2026-09-21T09:53:27Z,0.5504355989396572,6435,2145,,,3,1,4726b95fa672,82f7e7ef2b4ea09f,c84d501b1a72,require_all_classes,"{""missing_in_test"": [], ""missing_in_train"": []}",{}
d2_beef_uncontrolled|pca_svm|regression|seed07|fold04,e1_main_d2,d2_beef_uncontrolled,pca_svm,regression,7,4,16,1.4.0,real,True,ok,,2026-09-21T09:53:42Z,0.5295783076435328,6435,2145,,,3,1,2e34c9f360a4,f76a85e4d5f51800,c84d501b1a72,require_all_classes,"{""missing_in_test"": [], ""missing_in_train"": []}",{}
d2_beef_uncontrolled|pca_svm|regression|seed08|fold00,e1_main_d2,d2_beef_uncontrolled,pca_svm,regression,8,0,16,1.4.0,real,True,ok,,2026-09-21T09:53:57Z,0.5743869999423623,6435,2145,,,3,1,760fd382be4c,e94411771e1b103b,c84d501b1a72,require_all_classes,"{""missing_in_test"": [], ""missing_in_train"": []}",{}
d2_beef_uncontrolled|pca_svm|regression|seed08|fold01,e1_main_d2,d2_beef_uncontrolled,pca_svm,regression,8,1,16,1.4.0,real,True,ok,,2026-09-21T09:54:13Z,0.4531906908378005,6435,2145,,,3,1,f60758215a07,a85486d0698ea405,c84d501b1a72,require_all_classes,"{""missing_in_test"": [], ""missing_in_train"": []}",{}
d2_beef_uncontrolled|pca_svm|regression|seed08|fold02,e1_main_d2,d2_beef_uncontrolled,pca_svm,regression,8,2,16,1.4.0,real,True,ok,,2026-09-21T09:54:29Z,0.628079610876739,6435,2145,,,3,1,b12aea5b360e,fb7a5ea47973ec69,c84d501b1a72,require_all_classes,"{""missing_in_test"": [], ""missing_in_train"": []}",{}
d2_beef_uncontrolled|pca_svm|regression|seed08|fold03,e1_main_d2,d2_beef_uncontrolled,pca_svm,regression,8,3,16,1.4.0,real,True,ok,,2026-09-21T09:54:45Z,0.5901851593516767,6435,2145,,,3,1,d24ce02cae99,61a56dfdd1ad97be,c84d501b1a72,require_all_classes,"{""missing_in_test"": [], ""missing_in_train"": []}",{}
d2_beef_uncontrolled|pca_svm|regression|seed08|fold04,e1_main_d2,d2_beef_uncontrolled,pca_svm,regression,8,4,16,1.4.0,real,True,ok,,2026-09-21T09:55:01Z,0.44903915701434016,6435,2145,,,3,1,02ddc5401296,722896f3a30afdcc,c84d501b1a72,require_all_classes,"{""missing_in_test"": [], ""missing_in_train"": []}",{}
d2_beef_uncontrolled|pca_svm|regression|seed09|fold00,e1_main_d2,d2_beef_uncontrolled,pca_svm,regression,9,0,16,1.4.0,real,True,ok,,2026-09-21T09:55:17Z,0.5068720523267984,6435,2145,,,3,1,523607d0ddee,79d8fa40d2ed923d,c84d501b1a72,require_all_classes,"{""missing_in_test"": [], ""missing_in_train"": []}",{}
d2_beef_uncontrolled|pca_svm|regression|seed09|fold01,e1_main_d2,d2_beef_uncontrolled,pca_svm,regression,9,1,16,1.4.0,real,True,ok,,2026-09-21T09:55:33Z,0.582284979056567,6435,2145,,,3,1,de265fd108a1,e1640b03ec14679f,c84d501b1a72,require_all_classes,"{""missing_in_test"": [], ""missing_in_train"": []}",{}
d2_beef_uncontrolled|pca_svm|regression|seed09|fold02,e1_main_d2,d2_beef_uncontrolled,pca_svm,regression,9,2,16,1.4.0,real,True,ok,,2026-09-21T09:55:49Z,0.6647096369415522,6435,2145,,,3,1,9a76beab3005,ccea535e729e4d57,c84d501b1a72,require_all_classes,"{""missing_in_test"": [], ""missing_in_train"": []}",{}
d2_beef_uncontrolled|pca_svm|regression|seed09|fold03,e1_main_d2,d2_beef_uncontrolled,pca_svm,regression,9,3,16,1.4.0,real,True,ok,,2026-09-21T09:56:06Z,0.6411518780514598,6435,2145,,,3,1,bcc42ac9806b,41d0e03b55e6b53f,c84d501b1a72,require_all_classes,"{""missing_in_test"": [], ""missing_in_train"": []}",{}
d2_beef_uncontrolled|pca_svm|regression|seed09|fold04,e1_main_d2,d2_beef_uncontrolled,pca_svm,regression,9,4,16,1.4.0,real,True,ok,,2026-09-21T09:56:22Z,0.4551730742678046,6435,2145,,,3,1,3b4893542c85,a3f9e95c480bc4e9,c84d501b1a72,require_all_classes,"{""missing_in_test"": [], ""missing_in_train"": []}",{}
d2_beef_uncontrolled|random_forest|classification|seed00|fold00,e1_main_d2,d2_beef_uncontrolled,random_forest,classification,0,0,16,1.4.0,real,True,ok,,2026-09-21T09:42:58Z,1.0346397757530212,6435,2145,,,3,1,20a70c561f8e,034b81185f09b180,c84d501b1a72,require_all_classes,"{""missing_in_test"": [], ""missing_in_train"": []}",{}
d2_beef_uncontrolled|random_forest|classification|seed00|fold01,e1_main_d2,d2_beef_uncontrolled,random_forest,classification,0,1,16,1.4.0,real,True,ok,,2026-09-21T09:43:16Z,1.0012474576942623,6435,2145,,,3,1,6c9ef01abdf9,aa8d39420df6ba22,c84d501b1a72,require_all_classes,"{""missing_in_test"": [], ""missing_in_train"": []}",{}
d2_beef_uncontrolled|random_forest|classification|seed00|fold02,e1_main_d2,d2_beef_uncontrolled,random_forest,classification,0,2,16,1.4.0,real,True,ok,,2026-09-21T09:43:33Z,0.9700663392432034,6435,2145,,,3,1,8f5d6031eff3,88d21ff328cc5354,c84d501b1a72,require_all_classes,"{""missing_in_test"": [], ""missing_in_train"": []}",{}
d2_beef_uncontrolled|random_forest|classification|seed00|fold03,e1_main_d2,d2_beef_uncontrolled,random_forest,classification,0,3,16,1.4.0,real,True,ok,,2026-09-21T09:43:49Z,0.9283216469921172,6435,2145,,,3,1,940f76d29b89,f23ca19e4ec6a758,c84d501b1a72,require_all_classes,"{""missing_in_test"": [], ""missing_in_train"": []}",{}
d2_beef_uncontrolled|random_forest|classification|seed00|fold04,e1_main_d2,d2_beef_uncontrolled,random_forest,classification,0,4,16,1.4.0,real,True,ok,,2026-09-21T09:44:06Z,0.9291566470637918,6435,2145,,,3,1,b01bbf6f9575,9a50cfb6e266e884,c84d501b1a72,require_all_classes,"{""missing_in_test"": [], ""missing_in_train"": []}",{}
d2_beef_uncontrolled|random_forest|classification|seed01|fold00,e1_main_d2,d2_beef_uncontrolled,random_forest,classification,1,0,16,1.4.0,real,True,ok,,2026-09-21T09:44:24Z,1.1333593451417983,6435,2145,,,3,1,92d667f81d03,771e79a0b04ae33c,c84d501b1a72,require_all_classes,"{""missing_in_test"": [], ""missing_in_train"": []}",{}
d2_beef_uncontrolled|random_forest|classification|seed01|fold01,e1_main_d2,d2_beef_uncontrolled,random_forest,classification,1,1,16,1.4.0,real,True,ok,,2026-09-21T09:44:40Z,1.086655001156032,6435,2145,,,3,1,63eaca80ac77,ba843c60e7727a5b,c84d501b1a72,require_all_classes,"{""missing_in_test"": [], ""missing_in_train"": []}",{}
d2_beef_uncontrolled|random_forest|classification|seed01|fold02,e1_main_d2,d2_beef_uncontrolled,random_forest,classification,1,2,16,1.4.0,real,True,ok,,2026-09-21T09:44:57Z,1.115395909640938,6435,2145,,,3,1,14ed105fd91e,653a0e9f120755db,c84d501b1a72,require_all_classes,"{""missing_in_test"": [], ""missing_in_train"": []}",{}
d2_beef_uncontrolled|random_forest|classification|seed01|fold03,e1_main_d2,d2_beef_uncontrolled,random_forest,classification,1,3,16,1.4.0,real,True,ok,,2026-09-21T09:45:14Z,0.9385145613923669,6435,2145,,,3,1,99c64364d832,4419b6ed6b9b952c,c84d501b1a72,require_all_classes,"{""missing_in_test"": [], ""missing_in_train"": []}",{}
d2_beef_uncontrolled|random_forest|classification|seed01|fold04,e1_main_d2,d2_beef_uncontrolled,random_forest,classification,1,4,16,1.4.0,real,True,ok,,2026-09-21T09:45:31Z,1.0796822370029986,6435,2145,,,3,1,fa4200209670,ed2d5f83ab51e0fa,c84d501b1a72,require_all_classes,"{""missing_in_test"": [], ""missing_in_train"": []}",{}
d2_beef_uncontrolled|random_forest|classification|seed02|fold00,e1_main_d2,d2_beef_uncontrolled,random_forest,classification,2,0,16,1.4.0,real,True,ok,,2026-09-21T09:45:48Z,1.0085286451503634,6435,2145,,,3,1,38e11e05422e,c9751b4502c47e61,c84d501b1a72,require_all_classes,"{""missing_in_test"": [], ""missing_in_train"": []}",{}
d2_beef_uncontrolled|random_forest|classification|seed02|fold01,e1_main_d2,d2_beef_uncontrolled,random_forest,classification,2,1,16,1.4.0,real,True,ok,,2026-09-21T09:46:04Z,0.9449827503412962,6435,2145,,,3,1,8a87c8dddc86,4dcd24bd45ef63ac,c84d501b1a72,require_all_classes,"{""missing_in_test"": [], ""missing_in_train"": []}",{}
d2_beef_uncontrolled|random_forest|classification|seed02|fold02,e1_main_d2,d2_beef_uncontrolled,random_forest,classification,2,2,16,1.4.0,real,True,ok,,2026-09-21T09:46:21Z,0.9220282752066851,6435,2145,,,3,1,545d378c28a6,7addeba9bd04e096,c84d501b1a72,require_all_classes,"{""missing_in_test"": [], ""missing_in_train"": []}",{}
d2_beef_uncontrolled|random_forest|classification|seed02|fold03,e1_main_d2,d2_beef_uncontrolled,random_forest,classification,2,3,16,1.4.0,real,True,ok,,2026-09-21T09:46:38Z,0.9782084808684886,6435,2145,,,3,1,289906332a4f,77e1795a5ddbbdc9,c84d501b1a72,require_all_classes,"{""missing_in_test"": [], ""missing_in_train"": []}",{}
d2_beef_uncontrolled|random_forest|classification|seed02|fold04,e1_main_d2,d2_beef_uncontrolled,random_forest,classification,2,4,16,1.4.0,real,True,ok,,2026-09-21T09:46:55Z,0.9355778349563479,6435,2145,,,3,1,202906f4d7e1,3f217bafa6aec191,c84d501b1a72,require_all_classes,"{""missing_in_test"": [], ""missing_in_train"": []}",{}
d2_beef_uncontrolled|random_forest|classification|seed03|fold00,e1_main_d2,d2_beef_uncontrolled,random_forest,classification,3,0,16,1.4.0,real,True,ok,,2026-09-21T09:47:12Z,0.9116300619207323,6435,2145,,,3,1,0e087c313624,414a17b1db498426,c84d501b1a72,require_all_classes,"{""missing_in_test"": [], ""missing_in_train"": []}",{}
d2_beef_uncontrolled|random_forest|classification|seed03|fold01,e1_main_d2,d2_beef_uncontrolled,random_forest,classification,3,1,16,1.4.0,real,True,ok,,2026-09-21T09:47:28Z,1.0167527310550213,6435,2145,,,3,1,ff41306bda71,18be541f8dac6dd2,c84d501b1a72,require_all_classes,"{""missing_in_test"": [], ""missing_in_train"": []}",{}
d2_beef_uncontrolled|random_forest|classification|seed03|fold02,e1_main_d2,d2_beef_uncontrolled,random_forest,classification,3,2,16,1.4.0,real,True,ok,,2026-09-21T09:47:45Z,0.9652932239696383,6435,2145,,,3,1,31c8eaca9098,10f1768b0a29799a,c84d501b1a72,require_all_classes,"{""missing_in_test"": [], ""missing_in_train"": []}",{}
d2_beef_uncontrolled|random_forest|classification|seed03|fold03,e1_main_d2,d2_beef_uncontrolled,random_forest,classification,3,3,16,1.4.0,real,True,ok,,2026-09-21T09:48:00Z,0.8372564129531384,6435,2145,,,3,1,73fd7314e359,4227a34727c67919,c84d501b1a72,require_all_classes,"{""missing_in_test"": [], ""missing_in_train"": []}",{}
d2_beef_uncontrolled|random_forest|classification|seed03|fold04,e1_main_d2,d2_beef_uncontrolled,random_forest,classification,3,4,16,1.4.0,real,True,ok,,2026-09-21T09:48:16Z,0.8921532169915736,6435,2145,,,3,1,a4933ae9f507,b1013e33b9848404,c84d501b1a72,require_all_classes,"{""missing_in_test"": [], ""missing_in_train"": []}",{}
d2_beef_uncontrolled|random_forest|classification|seed04|fold00,e1_main_d2,d2_beef_uncontrolled,random_forest,classification,4,0,16,1.4.0,real,True,ok,,2026-09-21T09:48:33Z,0.8753279880620539,6435,2145,,,3,1,ab20f229b2e5,1c516d889d54f04d,c84d501b1a72,require_all_classes,"{""missing_in_test"": [], ""missing_in_train"": []}",{}
d2_beef_uncontrolled|random_forest|classification|seed04|fold01,e1_main_d2,d2_beef_uncontrolled,random_forest,classification,4,1,16,1.4.0,real,True,ok,,2026-09-21T09:48:48Z,0.8678669920191169,6435,2145,,,3,1,6b2262999c63,a00413f11beda405,c84d501b1a72,require_all_classes,"{""missing_in_test"": [], ""missing_in_train"": []}",{}
d2_beef_uncontrolled|random_forest|classification|seed04|fold02,e1_main_d2,d2_beef_uncontrolled,random_forest,classification,4,2,16,1.4.0,real,True,ok,,2026-09-21T09:49:03Z,0.8448700932785869,6435,2145,,,3,1,557db8e1a73e,3c36036f5a3ab750,c84d501b1a72,require_all_classes,"{""missing_in_test"": [], ""missing_in_train"": []}",{}
d2_beef_uncontrolled|random_forest|classification|seed04|fold03,e1_main_d2,d2_beef_uncontrolled,random_forest,classification,4,3,16,1.4.0,real,True,ok,,2026-09-21T09:49:19Z,0.9260612600483,6435,2145,,,3,1,9dd348ffc2ab,5bf36fd743cb84de,c84d501b1a72,require_all_classes,"{""missing_in_test"": [], ""missing_in_train"": []}",{}
d2_beef_uncontrolled|random_forest|classification|seed04|fold04,e1_main_d2,d2_beef_uncontrolled,random_forest,classification,4,4,16,1.4.0,real,True,ok,,2026-09-21T09:49:34Z,0.9255849909968674,6435,2145,,,3,1,faf19bcdc9b9,38083c1e42241b63,c84d501b1a72,require_all_classes,"{""missing_in_test"": [], ""missing_in_train"": []}",{}
d2_beef_uncontrolled|random_forest|classification|seed05|fold00,e1_main_d2,d2_beef_uncontrolled,random_forest,classification,5,0,16,1.4.0,real,True,ok,,2026-09-21T09:49:49Z,0.9410858671180904,6435,2145,,,3,1,413cdd715162,ccfc200c219aae63,c84d501b1a72,require_all_classes,"{""missing_in_test"": [], ""missing_in_train"": []}",{}
d2_beef_uncontrolled|random_forest|classification|seed05|fold01,e1_main_d2,d2_beef_uncontrolled,random_forest,classification,5,1,16,1.4.0,real,True,ok,,2026-09-21T09:50:05Z,0.8701431467197835,6435,2145,,,3,1,a8b8c30a5944,bb3488531cf546dc,c84d501b1a72,require_all_classes,"{""missing_in_test"": [], ""missing_in_train"": []}",{}
d2_beef_uncontrolled|random_forest|classification|seed05|fold02,e1_main_d2,d2_beef_uncontrolled,random_forest,classification,5,2,16,1.4.0,real,True,ok,,2026-09-21T09:50:21Z,0.9517780099995434,6435,2145,,,3,1,9de5f792dc27,a4c6c5dfc15ec134,c84d501b1a72,require_all_classes,"{""missing_in_test"": [], ""missing_in_train"": []}",{}
d2_beef_uncontrolled|random_forest|classification|seed05|fold03,e1_main_d2,d2_beef_uncontrolled,random_forest,classification,5,3,16,1.4.0,real,True,ok,,2026-09-21T09:50:38Z,0.8983891061507165,6435,2145,,,3,1,a5838cf9641b,1579fba305bfff1a,c84d501b1a72,require_all_classes,"{""missing_in_test"": [], ""missing_in_train"": []}",{}
d2_beef_uncontrolled|random_forest|classification|seed05|fold04,e1_main_d2,d2_beef_uncontrolled,random_forest,classification,5,4,16,1.4.0,real,True,ok,,2026-09-21T09:50:54Z,0.9543168698437512,6435,2145,,,3,1,6eee1b95b6aa,269ed12c263968b3,c84d501b1a72,require_all_classes,"{""missing_in_test"": [], ""missing_in_train"": []}",{}
d2_beef_uncontrolled|random_forest|classification|seed06|fold00,e1_main_d2,d2_beef_uncontrolled,random_forest,classification,6,0,16,1.4.0,real,True,ok,,2026-09-21T09:51:10Z,0.863979262765497,6435,2145,,,3,1,477c37a8ab73,641c05863c385a88,c84d501b1a72,require_all_classes,"{""missing_in_test"": [], ""missing_in_train"": []}",{}
d2_beef_uncontrolled|random_forest|classification|seed06|fold01,e1_main_d2,d2_beef_uncontrolled,random_forest,classification,6,1,16,1.4.0,real,True,ok,,2026-09-21T09:51:26Z,0.8996214303188026,6435,2145,,,3,1,1c2e3ba58278,2a90b16e602b2b13,c84d501b1a72,require_all_classes,"{""missing_in_test"": [], ""missing_in_train"": []}",{}
d2_beef_uncontrolled|random_forest|classification|seed06|fold02,e1_main_d2,d2_beef_uncontrolled,random_forest,classification,6,2,16,1.4.0,real,True,ok,,2026-09-21T09:51:42Z,0.8632261520251632,6435,2145,,,3,1,54ff457155dd,aad71c80e484b88d,c84d501b1a72,require_all_classes,"{""missing_in_test"": [], ""missing_in_train"": []}",{}
d2_beef_uncontrolled|random_forest|classification|seed06|fold03,e1_main_d2,d2_beef_uncontrolled,random_forest,classification,6,3,16,1.4.0,real,True,ok,,2026-09-21T09:51:58Z,0.8939303527586162,6435,2145,,,3,1,a877630b86ff,13d6f231520d6863,c84d501b1a72,require_all_classes,"{""missing_in_test"": [], ""missing_in_train"": []}",{}
d2_beef_uncontrolled|random_forest|classification|seed06|fold04,e1_main_d2,d2_beef_uncontrolled,random_forest,classification,6,4,16,1.4.0,real,True,ok,,2026-09-21T09:52:13Z,0.9181422120891511,6435,2145,,,3,1,308afc6cb592,ca3899e81c515ab5,c84d501b1a72,require_all_classes,"{""missing_in_test"": [], ""missing_in_train"": []}",{}
d2_beef_uncontrolled|random_forest|classification|seed07|fold00,e1_main_d2,d2_beef_uncontrolled,random_forest,classification,7,0,16,1.4.0,real,True,ok,,2026-09-21T09:52:29Z,0.9039504923857749,6435,2145,,,3,1,7b279b72dfb8,a8fcbdb8e65b88c7,c84d501b1a72,require_all_classes,"{""missing_in_test"": [], ""missing_in_train"": []}",{}
d2_beef_uncontrolled|random_forest|classification|seed07|fold01,e1_main_d2,d2_beef_uncontrolled,random_forest,classification,7,1,16,1.4.0,real,True,ok,,2026-09-21T09:52:45Z,0.9297488988377154,6435,2145,,,3,1,bb1e5578b9e3,ee5d7fb1e632fc1c,c84d501b1a72,require_all_classes,"{""missing_in_test"": [], ""missing_in_train"": []}",{}
d2_beef_uncontrolled|random_forest|classification|seed07|fold02,e1_main_d2,d2_beef_uncontrolled,random_forest,classification,7,2,16,1.4.0,real,True,ok,,2026-09-21T09:53:00Z,0.9538508956320584,6435,2145,,,3,1,ba39acccb154,2b27a3beda7c2e10,c84d501b1a72,require_all_classes,"{""missing_in_test"": [], ""missing_in_train"": []}",{}
d2_beef_uncontrolled|random_forest|classification|seed07|fold03,e1_main_d2,d2_beef_uncontrolled,random_forest,classification,7,3,16,1.4.0,real,True,ok,,2026-09-21T09:53:16Z,0.9942006808705628,6435,2145,,,3,1,4726b95fa672,edd3ad478399a7d4,c84d501b1a72,require_all_classes,"{""missing_in_test"": [], ""missing_in_train"": []}",{}
d2_beef_uncontrolled|random_forest|classification|seed07|fold04,e1_main_d2,d2_beef_uncontrolled,random_forest,classification,7,4,16,1.4.0,real,True,ok,,2026-09-21T09:53:31Z,0.9332322622649372,6435,2145,,,3,1,2e34c9f360a4,e42a40b292e6f058,c84d501b1a72,require_all_classes,"{""missing_in_test"": [], ""missing_in_train"": []}",{}
d2_beef_uncontrolled|random_forest|classification|seed08|fold00,e1_main_d2,d2_beef_uncontrolled,random_forest,classification,8,0,16,1.4.0,real,True,ok,,2026-09-21T09:53:46Z,0.8682716521434486,6435,2145,,,3,1,760fd382be4c,b45cb6d36939639c,c84d501b1a72,require_all_classes,"{""missing_in_test"": [], ""missing_in_train"": []}",{}
d2_beef_uncontrolled|random_forest|classification|seed08|fold01,e1_main_d2,d2_beef_uncontrolled,random_forest,classification,8,1,16,1.4.0,real,True,ok,,2026-09-21T09:54:01Z,0.8994539398699999,6435,2145,,,3,1,f60758215a07,c612afb8f1c3d3ad,c84d501b1a72,require_all_classes,"{""missing_in_test"": [], ""missing_in_train"": []}",{}
d2_beef_uncontrolled|random_forest|classification|seed08|fold02,e1_main_d2,d2_beef_uncontrolled,random_forest,classification,8,2,16,1.4.0,real,True,ok,,2026-09-21T09:54:16Z,0.9196104761213064,6435,2145,,,3,1,b12aea5b360e,beb2290fe1a134f2,c84d501b1a72,require_all_classes,"{""missing_in_test"": [], ""missing_in_train"": []}",{}
d2_beef_uncontrolled|random_forest|classification|seed08|fold03,e1_main_d2,d2_beef_uncontrolled,random_forest,classification,8,3,16,1.4.0,real,True,ok,,2026-09-21T09:54:33Z,0.9215133539400995,6435,2145,,,3,1,d24ce02cae99,a04ac9e0dcbe0097,c84d501b1a72,require_all_classes,"{""missing_in_test"": [], ""missing_in_train"": []}",{}
d2_beef_uncontrolled|random_forest|classification|seed08|fold04,e1_main_d2,d2_beef_uncontrolled,random_forest,classification,8,4,16,1.4.0,real,True,ok,,2026-09-21T09:54:49Z,0.8861904530785978,6435,2145,,,3,1,02ddc5401296,cd23d3a1e854322d,c84d501b1a72,require_all_classes,"{""missing_in_test"": [], ""missing_in_train"": []}",{}
d2_beef_uncontrolled|random_forest|classification|seed09|fold00,e1_main_d2,d2_beef_uncontrolled,random_forest,classification,9,0,16,1.4.0,real,True,ok,,2026-09-21T09:55:05Z,0.8791441358625889,6435,2145,,,3,1,523607d0ddee,244d81221b0a5eeb,c84d501b1a72,require_all_classes,"{""missing_in_test"": [], ""missing_in_train"": []}",{}
d2_beef_uncontrolled|random_forest|classification|seed09|fold01,e1_main_d2,d2_beef_uncontrolled,random_forest,classification,9,1,16,1.4.0,real,True,ok,,2026-09-21T09:55:20Z,1.065127826295793,6435,2145,,,3,1,de265fd108a1,aa4308648a49a826,c84d501b1a72,require_all_classes,"{""missing_in_test"": [], ""missing_in_train"": []}",{}
d2_beef_uncontrolled|random_forest|classification|seed09|fold02,e1_main_d2,d2_beef_uncontrolled,random_forest,classification,9,2,16,1.4.0,real,True,ok,,2026-09-21T09:55:37Z,0.8893201099708676,6435,2145,,,3,1,9a76beab3005,55e5555b64c3d14e,c84d501b1a72,require_all_classes,"{""missing_in_test"": [], ""missing_in_train"": []}",{}
d2_beef_uncontrolled|random_forest|classification|seed09|fold03,e1_main_d2,d2_beef_uncontrolled,random_forest,classification,9,3,16,1.4.0,real,True,ok,,2026-09-21T09:55:53Z,0.9297620500437915,6435,2145,,,3,1,bcc42ac9806b,99ec33452b7a3de5,c84d501b1a72,require_all_classes,"{""missing_in_test"": [], ""missing_in_train"": []}",{}
d2_beef_uncontrolled|random_forest|classification|seed09|fold04,e1_main_d2,d2_beef_uncontrolled,random_forest,classification,9,4,16,1.4.0,real,True,ok,,2026-09-21T09:56:10Z,0.8894168082624674,6435,2145,,,3,1,3b4893542c85,22539508e0a17fb5,c84d501b1a72,require_all_classes,"{""missing_in_test"": [], ""missing_in_train"": []}",{}
d2_beef_uncontrolled|random_forest|regression|seed00|fold00,e1_main_d2,d2_beef_uncontrolled,random_forest,regression,0,0,16,1.4.0,real,True,ok,,2026-09-21T09:43:05Z,7.069532062858343,6435,2145,,,3,1,20a70c561f8e,a75d17293db99f3d,c84d501b1a72,require_all_classes,"{""missing_in_test"": [], ""missing_in_train"": []}",{}
d2_beef_uncontrolled|random_forest|regression|seed00|fold01,e1_main_d2,d2_beef_uncontrolled,random_forest,regression,0,1,16,1.4.0,real,True,ok,,2026-09-21T09:43:23Z,7.109729695133865,6435,2145,,,3,1,6c9ef01abdf9,cf85ca6816d205d6,c84d501b1a72,require_all_classes,"{""missing_in_test"": [], ""missing_in_train"": []}",{}
d2_beef_uncontrolled|random_forest|regression|seed00|fold02,e1_main_d2,d2_beef_uncontrolled,random_forest,regression,0,2,16,1.4.0,real,True,ok,,2026-09-21T09:43:40Z,6.7848847531713545,6435,2145,,,3,1,8f5d6031eff3,719891274b5bd57a,c84d501b1a72,require_all_classes,"{""missing_in_test"": [], ""missing_in_train"": []}",{}
d2_beef_uncontrolled|random_forest|regression|seed00|fold03,e1_main_d2,d2_beef_uncontrolled,random_forest,regression,0,3,16,1.4.0,real,True,ok,,2026-09-21T09:43:56Z,6.774247837718576,6435,2145,,,3,1,940f76d29b89,431c1e7c8b70f5ab,c84d501b1a72,require_all_classes,"{""missing_in_test"": [], ""missing_in_train"": []}",{}
d2_beef_uncontrolled|random_forest|regression|seed00|fold04,e1_main_d2,d2_beef_uncontrolled,random_forest,regression,0,4,16,1.4.0,real,True,ok,,2026-09-21T09:44:14Z,8.083155249711126,6435,2145,,,3,1,b01bbf6f9575,9a4a0365cba93f59,c84d501b1a72,require_all_classes,"{""missing_in_test"": [], ""missing_in_train"": []}",{}
d2_beef_uncontrolled|random_forest|regression|seed01|fold00,e1_main_d2,d2_beef_uncontrolled,random_forest,regression,1,0,16,1.4.0,real,True,ok,,2026-09-21T09:44:31Z,6.92659384990111,6435,2145,,,3,1,92d667f81d03,40e5ec974159aae2,c84d501b1a72,require_all_classes,"{""missing_in_test"": [], ""missing_in_train"": []}",{}
d2_beef_uncontrolled|random_forest|regression|seed01|fold01,e1_main_d2,d2_beef_uncontrolled,random_forest,regression,1,1,16,1.4.0,real,True,ok,,2026-09-21T09:44:47Z,6.843210902996361,6435,2145,,,3,1,63eaca80ac77,394f7018a4c7144a,c84d501b1a72,require_all_classes,"{""missing_in_test"": [], ""missing_in_train"": []}",{}
d2_beef_uncontrolled|random_forest|regression|seed01|fold02,e1_main_d2,d2_beef_uncontrolled,random_forest,regression,1,2,16,1.4.0,real,True,ok,,2026-09-21T09:45:04Z,7.354843952227384,6435,2145,,,3,1,14ed105fd91e,3c42e13fdd13e436,c84d501b1a72,require_all_classes,"{""missing_in_test"": [], ""missing_in_train"": []}",{}
d2_beef_uncontrolled|random_forest|regression|seed01|fold03,e1_main_d2,d2_beef_uncontrolled,random_forest,regression,1,3,16,1.4.0,real,True,ok,,2026-09-21T09:45:21Z,6.976274911314249,6435,2145,,,3,1,99c64364d832,25aa7e50aba9b25a,c84d501b1a72,require_all_classes,"{""missing_in_test"": [], ""missing_in_train"": []}",{}
d2_beef_uncontrolled|random_forest|regression|seed01|fold04,e1_main_d2,d2_beef_uncontrolled,random_forest,regression,1,4,16,1.4.0,real,True,ok,,2026-09-21T09:45:38Z,6.8111085020937026,6435,2145,,,3,1,fa4200209670,c23ea4f28f82ec79,c84d501b1a72,require_all_classes,"{""missing_in_test"": [], ""missing_in_train"": []}",{}
d2_beef_uncontrolled|random_forest|regression|seed02|fold00,e1_main_d2,d2_beef_uncontrolled,random_forest,regression,2,0,16,1.4.0,real,True,ok,,2026-09-21T09:45:55Z,6.546258134301752,6435,2145,,,3,1,38e11e05422e,4bec81ef8e3a20d8,c84d501b1a72,require_all_classes,"{""missing_in_test"": [], ""missing_in_train"": []}",{}
d2_beef_uncontrolled|random_forest|regression|seed02|fold01,e1_main_d2,d2_beef_uncontrolled,random_forest,regression,2,1,16,1.4.0,real,True,ok,,2026-09-21T09:46:11Z,6.769590377807617,6435,2145,,,3,1,8a87c8dddc86,ca935b059a83112f,c84d501b1a72,require_all_classes,"{""missing_in_test"": [], ""missing_in_train"": []}",{}
d2_beef_uncontrolled|random_forest|regression|seed02|fold02,e1_main_d2,d2_beef_uncontrolled,random_forest,regression,2,2,16,1.4.0,real,True,ok,,2026-09-21T09:46:28Z,6.873880907893181,6435,2145,,,3,1,545d378c28a6,172538e564bf03d3,c84d501b1a72,require_all_classes,"{""missing_in_test"": [], ""missing_in_train"": []}",{}
d2_beef_uncontrolled|random_forest|regression|seed02|fold03,e1_main_d2,d2_beef_uncontrolled,random_forest,regression,2,3,16,1.4.0,real,True,ok,,2026-09-21T09:46:45Z,6.846237679943442,6435,2145,,,3,1,289906332a4f,1117f6adf6496575,c84d501b1a72,require_all_classes,"{""missing_in_test"": [], ""missing_in_train"": []}",{}
d2_beef_uncontrolled|random_forest|regression|seed02|fold04,e1_main_d2,d2_beef_uncontrolled,random_forest,regression,2,4,16,1.4.0,real,True,ok,,2026-09-21T09:47:02Z,7.53516099229455,6435,2145,,,3,1,202906f4d7e1,c0bea7464c4b9174,c84d501b1a72,require_all_classes,"{""missing_in_test"": [], ""missing_in_train"": []}",{}
d2_beef_uncontrolled|random_forest|regression|seed03|fold00,e1_main_d2,d2_beef_uncontrolled,random_forest,regression,3,0,16,1.4.0,real,True,ok,,2026-09-21T09:47:19Z,6.722853996325284,6435,2145,,,3,1,0e087c313624,ab81f969561ad026,c84d501b1a72,require_all_classes,"{""missing_in_test"": [], ""missing_in_train"": []}",{}
d2_beef_uncontrolled|random_forest|regression|seed03|fold01,e1_main_d2,d2_beef_uncontrolled,random_forest,regression,3,1,16,1.4.0,real,True,ok,,2026-09-21T09:47:36Z,7.765849213115871,6435,2145,,,3,1,ff41306bda71,934b95389e4a9f86,c84d501b1a72,require_all_classes,"{""missing_in_test"": [], ""missing_in_train"": []}",{}
d2_beef_uncontrolled|random_forest|regression|seed03|fold02,e1_main_d2,d2_beef_uncontrolled,random_forest,regression,3,2,16,1.4.0,real,True,ok,,2026-09-21T09:47:51Z,6.527925176545978,6435,2145,,,3,1,31c8eaca9098,7cb14a5087c8a5be,c84d501b1a72,require_all_classes,"{""missing_in_test"": [], ""missing_in_train"": []}",{}
d2_beef_uncontrolled|random_forest|regression|seed03|fold03,e1_main_d2,d2_beef_uncontrolled,random_forest,regression,3,3,16,1.4.0,real,True,ok,,2026-09-21T09:48:07Z,6.8095888970419765,6435,2145,,,3,1,73fd7314e359,25ffbaa81e6ff35a,c84d501b1a72,require_all_classes,"{""missing_in_test"": [], ""missing_in_train"": []}",{}
d2_beef_uncontrolled|random_forest|regression|seed03|fold04,e1_main_d2,d2_beef_uncontrolled,random_forest,regression,3,4,16,1.4.0,real,True,ok,,2026-09-21T09:48:23Z,7.062009211163968,6435,2145,,,3,1,a4933ae9f507,36a69caacd00edcd,c84d501b1a72,require_all_classes,"{""missing_in_test"": [], ""missing_in_train"": []}",{}
d2_beef_uncontrolled|random_forest|regression|seed04|fold00,e1_main_d2,d2_beef_uncontrolled,random_forest,regression,4,0,16,1.4.0,real,True,ok,,2026-09-21T09:48:39Z,6.569227180909365,6435,2145,,,3,1,ab20f229b2e5,6ac3b4eb99e4a96f,c84d501b1a72,require_all_classes,"{""missing_in_test"": [], ""missing_in_train"": []}",{}
d2_beef_uncontrolled|random_forest|regression|seed04|fold01,e1_main_d2,d2_beef_uncontrolled,random_forest,regression,4,1,16,1.4.0,real,True,ok,,2026-09-21T09:48:55Z,6.6828612089157104,6435,2145,,,3,1,6b2262999c63,b94f0bd70d2910f3,c84d501b1a72,require_all_classes,"{""missing_in_test"": [], ""missing_in_train"": []}",{}
d2_beef_uncontrolled|random_forest|regression|seed04|fold02,e1_main_d2,d2_beef_uncontrolled,random_forest,regression,4,2,16,1.4.0,real,True,ok,,2026-09-21T09:49:10Z,6.68466988671571,6435,2145,,,3,1,557db8e1a73e,c602b85bc2759a29,c84d501b1a72,require_all_classes,"{""missing_in_test"": [], ""missing_in_train"": []}",{}
d2_beef_uncontrolled|random_forest|regression|seed04|fold03,e1_main_d2,d2_beef_uncontrolled,random_forest,regression,4,3,16,1.4.0,real,True,ok,,2026-09-21T09:49:25Z,6.4518842827528715,6435,2145,,,3,1,9dd348ffc2ab,7f08c661d4d47672,c84d501b1a72,require_all_classes,"{""missing_in_test"": [], ""missing_in_train"": []}",{}
d2_beef_uncontrolled|random_forest|regression|seed04|fold04,e1_main_d2,d2_beef_uncontrolled,random_forest,regression,4,4,16,1.4.0,real,True,ok,,2026-09-21T09:49:40Z,6.513062253128737,6435,2145,,,3,1,faf19bcdc9b9,8b92c58c54496e16,c84d501b1a72,require_all_classes,"{""missing_in_test"": [], ""missing_in_train"": []}",{}
d2_beef_uncontrolled|random_forest|regression|seed05|fold00,e1_main_d2,d2_beef_uncontrolled,random_forest,regression,5,0,16,1.4.0,real,True,ok,,2026-09-21T09:49:56Z,6.5989755522459745,6435,2145,,,3,1,413cdd715162,ddb558261fdc7074,c84d501b1a72,require_all_classes,"{""missing_in_test"": [], ""missing_in_train"": []}",{}
d2_beef_uncontrolled|random_forest|regression|seed05|fold01,e1_main_d2,d2_beef_uncontrolled,random_forest,regression,5,1,16,1.4.0,real,True,ok,,2026-09-21T09:50:12Z,6.591642234940082,6435,2145,,,3,1,a8b8c30a5944,a61c670e81d6e86d,c84d501b1a72,require_all_classes,"{""missing_in_test"": [], ""missing_in_train"": []}",{}
d2_beef_uncontrolled|random_forest|regression|seed05|fold02,e1_main_d2,d2_beef_uncontrolled,random_forest,regression,5,2,16,1.4.0,real,True,ok,,2026-09-21T09:50:28Z,7.09135883487761,6435,2145,,,3,1,9de5f792dc27,5ca7c91303cf0c3e,c84d501b1a72,require_all_classes,"{""missing_in_test"": [], ""missing_in_train"": []}",{}
d2_beef_uncontrolled|random_forest|regression|seed05|fold03,e1_main_d2,d2_beef_uncontrolled,random_forest,regression,5,3,16,1.4.0,real,True,ok,,2026-09-21T09:50:45Z,6.85687951464206,6435,2145,,,3,1,a5838cf9641b,c61496a6e1483b89,c84d501b1a72,require_all_classes,"{""missing_in_test"": [], ""missing_in_train"": []}",{}
d2_beef_uncontrolled|random_forest|regression|seed05|fold04,e1_main_d2,d2_beef_uncontrolled,random_forest,regression,5,4,16,1.4.0,real,True,ok,,2026-09-21T09:51:01Z,6.535055918153375,6435,2145,,,3,1,6eee1b95b6aa,82bd3ac1940485eb,c84d501b1a72,require_all_classes,"{""missing_in_test"": [], ""missing_in_train"": []}",{}
d2_beef_uncontrolled|random_forest|regression|seed06|fold00,e1_main_d2,d2_beef_uncontrolled,random_forest,regression,6,0,16,1.4.0,real,True,ok,,2026-09-21T09:51:17Z,6.312530064955354,6435,2145,,,3,1,477c37a8ab73,adf03b27014a766d,c84d501b1a72,require_all_classes,"{""missing_in_test"": [], ""missing_in_train"": []}",{}
d2_beef_uncontrolled|random_forest|regression|seed06|fold01,e1_main_d2,d2_beef_uncontrolled,random_forest,regression,6,1,16,1.4.0,real,True,ok,,2026-09-21T09:51:33Z,6.855512185022235,6435,2145,,,3,1,1c2e3ba58278,c0f694aa225a2cc6,c84d501b1a72,require_all_classes,"{""missing_in_test"": [], ""missing_in_train"": []}",{}
d2_beef_uncontrolled|random_forest|regression|seed06|fold02,e1_main_d2,d2_beef_uncontrolled,random_forest,regression,6,2,16,1.4.0,real,True,ok,,2026-09-21T09:51:48Z,6.489683222025633,6435,2145,,,3,1,54ff457155dd,43dc54439287b94f,c84d501b1a72,require_all_classes,"{""missing_in_test"": [], ""missing_in_train"": []}",{}
d2_beef_uncontrolled|random_forest|regression|seed06|fold03,e1_main_d2,d2_beef_uncontrolled,random_forest,regression,6,3,16,1.4.0,real,True,ok,,2026-09-21T09:52:04Z,6.277759597171098,6435,2145,,,3,1,a877630b86ff,ecfbb4067d93e186,c84d501b1a72,require_all_classes,"{""missing_in_test"": [], ""missing_in_train"": []}",{}
d2_beef_uncontrolled|random_forest|regression|seed06|fold04,e1_main_d2,d2_beef_uncontrolled,random_forest,regression,6,4,16,1.4.0,real,True,ok,,2026-09-21T09:52:20Z,6.999935295898467,6435,2145,,,3,1,308afc6cb592,d59eaed46a6ae92b,c84d501b1a72,require_all_classes,"{""missing_in_test"": [], ""missing_in_train"": []}",{}
d2_beef_uncontrolled|random_forest|regression|seed07|fold00,e1_main_d2,d2_beef_uncontrolled,random_forest,regression,7,0,16,1.4.0,real,True,ok,,2026-09-21T09:52:36Z,7.079361660871655,6435,2145,,,3,1,7b279b72dfb8,70e1c0a1e29f3d27,c84d501b1a72,require_all_classes,"{""missing_in_test"": [], ""missing_in_train"": []}",{}
d2_beef_uncontrolled|random_forest|regression|seed07|fold01,e1_main_d2,d2_beef_uncontrolled,random_forest,regression,7,1,16,1.4.0,real,True,ok,,2026-09-21T09:52:52Z,6.43772875610739,6435,2145,,,3,1,bb1e5578b9e3,b4d11e7725d09882,c84d501b1a72,require_all_classes,"{""missing_in_test"": [], ""missing_in_train"": []}",{}
d2_beef_uncontrolled|random_forest|regression|seed07|fold02,e1_main_d2,d2_beef_uncontrolled,random_forest,regression,7,2,16,1.4.0,real,True,ok,,2026-09-21T09:53:07Z,6.592631476931274,6435,2145,,,3,1,ba39acccb154,26b5b2437b2119bd,c84d501b1a72,require_all_classes,"{""missing_in_test"": [], ""missing_in_train"": []}",{}
d2_beef_uncontrolled|random_forest|regression|seed07|fold03,e1_main_d2,d2_beef_uncontrolled,random_forest,regression,7,3,16,1.4.0,real,True,ok,,2026-09-21T09:53:22Z,6.204227041918784,6435,2145,,,3,1,4726b95fa672,844dc63361758682,c84d501b1a72,require_all_classes,"{""missing_in_test"": [], ""missing_in_train"": []}",{}
d2_beef_uncontrolled|random_forest|regression|seed07|fold04,e1_main_d2,d2_beef_uncontrolled,random_forest,regression,7,4,16,1.4.0,real,True,ok,,2026-09-21T09:53:37Z,6.324448914267123,6435,2145,,,3,1,2e34c9f360a4,1557b38a34074911,c84d501b1a72,require_all_classes,"{""missing_in_test"": [], ""missing_in_train"": []}",{}
d2_beef_uncontrolled|random_forest|regression|seed08|fold00,e1_main_d2,d2_beef_uncontrolled,random_forest,regression,8,0,16,1.4.0,real,True,ok,,2026-09-21T09:53:52Z,6.30229756841436,6435,2145,,,3,1,760fd382be4c,2b1bac607b740ebd,c84d501b1a72,require_all_classes,"{""missing_in_test"": [], ""missing_in_train"": []}",{}
d2_beef_uncontrolled|random_forest|regression|seed08|fold01,e1_main_d2,d2_beef_uncontrolled,random_forest,regression,8,1,16,1.4.0,real,True,ok,,2026-09-21T09:54:07Z,6.256937046069652,6435,2145,,,3,1,f60758215a07,0278ab6c01aecaf6,c84d501b1a72,require_all_classes,"{""missing_in_test"": [], ""missing_in_train"": []}",{}
d2_beef_uncontrolled|random_forest|regression|seed08|fold02,e1_main_d2,d2_beef_uncontrolled,random_forest,regression,8,2,16,1.4.0,real,True,ok,,2026-09-21T09:54:24Z,7.31679121311754,6435,2145,,,3,1,b12aea5b360e,f08ad75ae9a0ef3c,c84d501b1a72,require_all_classes,"{""missing_in_test"": [], ""missing_in_train"": []}",{}
d2_beef_uncontrolled|random_forest|regression|seed08|fold03,e1_main_d2,d2_beef_uncontrolled,random_forest,regression,8,3,16,1.4.0,real,True,ok,,2026-09-21T09:54:40Z,6.485721649136394,6435,2145,,,3,1,d24ce02cae99,898144a8436d2cff,c84d501b1a72,require_all_classes,"{""missing_in_test"": [], ""missing_in_train"": []}",{}
d2_beef_uncontrolled|random_forest|regression|seed08|fold04,e1_main_d2,d2_beef_uncontrolled,random_forest,regression,8,4,16,1.4.0,real,True,ok,,2026-09-21T09:54:55Z,6.3372969827614725,6435,2145,,,3,1,02ddc5401296,275ad1390390ae7d,c84d501b1a72,require_all_classes,"{""missing_in_test"": [], ""missing_in_train"": []}",{}
d2_beef_uncontrolled|random_forest|regression|seed09|fold00,e1_main_d2,d2_beef_uncontrolled,random_forest,regression,9,0,16,1.4.0,real,True,ok,,2026-09-21T09:55:11Z,6.3892409866675735,6435,2145,,,3,1,523607d0ddee,521c9761ec33271e,c84d501b1a72,require_all_classes,"{""missing_in_test"": [], ""missing_in_train"": []}",{}
d2_beef_uncontrolled|random_forest|regression|seed09|fold01,e1_main_d2,d2_beef_uncontrolled,random_forest,regression,9,1,16,1.4.0,real,True,ok,,2026-09-21T09:55:27Z,6.930220798123628,6435,2145,,,3,1,de265fd108a1,760daa078c98b750,c84d501b1a72,require_all_classes,"{""missing_in_test"": [], ""missing_in_train"": []}",{}
d2_beef_uncontrolled|random_forest|regression|seed09|fold02,e1_main_d2,d2_beef_uncontrolled,random_forest,regression,9,2,16,1.4.0,real,True,ok,,2026-09-21T09:55:44Z,6.897573139984161,6435,2145,,,3,1,9a76beab3005,0b526e12bd42f107,c84d501b1a72,require_all_classes,"{""missing_in_test"": [], ""missing_in_train"": []}",{}
d2_beef_uncontrolled|random_forest|regression|seed09|fold03,e1_main_d2,d2_beef_uncontrolled,random_forest,regression,9,3,16,1.4.0,real,True,ok,,2026-09-21T09:56:01Z,7.403599177021533,6435,2145,,,3,1,bcc42ac9806b,54b9cc5426615244,c84d501b1a72,require_all_classes,"{""missing_in_test"": [], ""missing_in_train"": []}",{}
d2_beef_uncontrolled|random_forest|regression|seed09|fold04,e1_main_d2,d2_beef_uncontrolled,random_forest,regression,9,4,16,1.4.0,real,True,ok,,2026-09-21T09:56:17Z,6.695943131111562,6435,2145,,,3,1,3b4893542c85,42c3c92bbe6b359f,c84d501b1a72,require_all_classes,"{""missing_in_test"": [], ""missing_in_train"": []}",{}
d2_beef_uncontrolled|svm_rbf|classification|seed00|fold00,e1_main_d2,d2_beef_uncontrolled,svm_rbf,classification,0,0,16,1.4.0,real,True,ok,,2026-09-21T09:42:56Z,2.132940200623125,6435,2145,,,3,1,20a70c561f8e,d46e3250d3d83766,c84d501b1a72,require_all_classes,"{""missing_in_test"": [], ""missing_in_train"": []}",{}
d2_beef_uncontrolled|svm_rbf|classification|seed00|fold01,e1_main_d2,d2_beef_uncontrolled,svm_rbf,classification,0,1,16,1.4.0,real,True,ok,,2026-09-21T09:43:14Z,1.7557145580649376,6435,2145,,,3,1,6c9ef01abdf9,7648280a04f2e402,c84d501b1a72,require_all_classes,"{""missing_in_test"": [], ""missing_in_train"": []}",{}
d2_beef_uncontrolled|svm_rbf|classification|seed00|fold02,e1_main_d2,d2_beef_uncontrolled,svm_rbf,classification,0,2,16,1.4.0,real,True,ok,,2026-09-21T09:43:31Z,1.505202620755881,6435,2145,,,3,1,8f5d6031eff3,f9f5ad6ad0f8d0ef,c84d501b1a72,require_all_classes,"{""missing_in_test"": [], ""missing_in_train"": []}",{}
d2_beef_uncontrolled|svm_rbf|classification|seed00|fold03,e1_main_d2,d2_beef_uncontrolled,svm_rbf,classification,0,3,16,1.4.0,real,True,ok,,2026-09-21T09:43:48Z,1.6214818661101162,6435,2145,,,3,1,940f76d29b89,4c21ae0812606b5d,c84d501b1a72,require_all_classes,"{""missing_in_test"": [], ""missing_in_train"": []}",{}
d2_beef_uncontrolled|svm_rbf|classification|seed00|fold04,e1_main_d2,d2_beef_uncontrolled,svm_rbf,classification,0,4,16,1.4.0,real,True,ok,,2026-09-21T09:44:04Z,1.73918153392151,6435,2145,,,3,1,b01bbf6f9575,e1be2100f193dfa7,c84d501b1a72,require_all_classes,"{""missing_in_test"": [], ""missing_in_train"": []}",{}
d2_beef_uncontrolled|svm_rbf|classification|seed01|fold00,e1_main_d2,d2_beef_uncontrolled,svm_rbf,classification,1,0,16,1.4.0,real,True,ok,,2026-09-21T09:44:22Z,1.7631733226589859,6435,2145,,,3,1,92d667f81d03,4528bcf60a627981,c84d501b1a72,require_all_classes,"{""missing_in_test"": [], ""missing_in_train"": []}",{}
d2_beef_uncontrolled|svm_rbf|classification|seed01|fold01,e1_main_d2,d2_beef_uncontrolled,svm_rbf,classification,1,1,16,1.4.0,real,True,ok,,2026-09-21T09:44:38Z,1.6058742408640683,6435,2145,,,3,1,63eaca80ac77,db7701479eca41be,c84d501b1a72,require_all_classes,"{""missing_in_test"": [], ""missing_in_train"": []}",{}
d2_beef_uncontrolled|svm_rbf|classification|seed01|fold02,e1_main_d2,d2_beef_uncontrolled,svm_rbf,classification,1,2,16,1.4.0,real,True,ok,,2026-09-21T09:44:55Z,1.787075222004205,6435,2145,,,3,1,14ed105fd91e,cf7d8e1fcea247af,c84d501b1a72,require_all_classes,"{""missing_in_test"": [], ""missing_in_train"": []}",{}
d2_beef_uncontrolled|svm_rbf|classification|seed01|fold03,e1_main_d2,d2_beef_uncontrolled,svm_rbf,classification,1,3,16,1.4.0,real,True,ok,,2026-09-21T09:45:12Z,1.5507656028494239,6435,2145,,,3,1,99c64364d832,ffb1ef50c7eb9788,c84d501b1a72,require_all_classes,"{""missing_in_test"": [], ""missing_in_train"": []}",{}
d2_beef_uncontrolled|svm_rbf|classification|seed01|fold04,e1_main_d2,d2_beef_uncontrolled,svm_rbf,classification,1,4,16,1.4.0,real,True,ok,,2026-09-21T09:45:29Z,1.7097195941023529,6435,2145,,,3,1,fa4200209670,013cbe151643183b,c84d501b1a72,require_all_classes,"{""missing_in_test"": [], ""missing_in_train"": []}",{}
d2_beef_uncontrolled|svm_rbf|classification|seed02|fold00,e1_main_d2,d2_beef_uncontrolled,svm_rbf,classification,2,0,16,1.4.0,real,True,ok,,2026-09-21T09:45:46Z,1.8676289920695126,6435,2145,,,3,1,38e11e05422e,3c1714e5f312ff4b,c84d501b1a72,require_all_classes,"{""missing_in_test"": [], ""missing_in_train"": []}",{}
d2_beef_uncontrolled|svm_rbf|classification|seed02|fold01,e1_main_d2,d2_beef_uncontrolled,svm_rbf,classification,2,1,16,1.4.0,real,True,ok,,2026-09-21T09:46:02Z,1.7112832739949226,6435,2145,,,3,1,8a87c8dddc86,c611ab89b54cfe55,c84d501b1a72,require_all_classes,"{""missing_in_test"": [], ""missing_in_train"": []}",{}
d2_beef_uncontrolled|svm_rbf|classification|seed02|fold02,e1_main_d2,d2_beef_uncontrolled,svm_rbf,classification,2,2,16,1.4.0,real,True,ok,,2026-09-21T09:46:19Z,1.5675353640690446,6435,2145,,,3,1,545d378c28a6,06a59b37990be1b1,c84d501b1a72,require_all_classes,"{""missing_in_test"": [], ""missing_in_train"": []}",{}
d2_beef_uncontrolled|svm_rbf|classification|seed02|fold03,e1_main_d2,d2_beef_uncontrolled,svm_rbf,classification,2,3,16,1.4.0,real,True,ok,,2026-09-21T09:46:36Z,1.6899839099496603,6435,2145,,,3,1,289906332a4f,fc2231f206365e1c,c84d501b1a72,require_all_classes,"{""missing_in_test"": [], ""missing_in_train"": []}",{}
d2_beef_uncontrolled|svm_rbf|classification|seed02|fold04,e1_main_d2,d2_beef_uncontrolled,svm_rbf,classification,2,4,16,1.4.0,real,True,ok,,2026-09-21T09:46:53Z,1.809455597307533,6435,2145,,,3,1,202906f4d7e1,8dc9ffca90c15be3,c84d501b1a72,require_all_classes,"{""missing_in_test"": [], ""missing_in_train"": []}",{}
d2_beef_uncontrolled|svm_rbf|classification|seed03|fold00,e1_main_d2,d2_beef_uncontrolled,svm_rbf,classification,3,0,16,1.4.0,real,True,ok,,2026-09-21T09:47:10Z,1.9092030017636716,6435,2145,,,3,1,0e087c313624,70c7bd94a1dc02a2,c84d501b1a72,require_all_classes,"{""missing_in_test"": [], ""missing_in_train"": []}",{}
d2_beef_uncontrolled|svm_rbf|classification|seed03|fold01,e1_main_d2,d2_beef_uncontrolled,svm_rbf,classification,3,1,16,1.4.0,real,True,ok,,2026-09-21T09:47:27Z,1.744472362101078,6435,2145,,,3,1,ff41306bda71,17fa9cca50b3ff40,c84d501b1a72,require_all_classes,"{""missing_in_test"": [], ""missing_in_train"": []}",{}
d2_beef_uncontrolled|svm_rbf|classification|seed03|fold02,e1_main_d2,d2_beef_uncontrolled,svm_rbf,classification,3,2,16,1.4.0,real,True,ok,,2026-09-21T09:47:43Z,1.4236370669677854,6435,2145,,,3,1,31c8eaca9098,ccd730c9172c2111,c84d501b1a72,require_all_classes,"{""missing_in_test"": [], ""missing_in_train"": []}",{}
d2_beef_uncontrolled|svm_rbf|classification|seed03|fold03,e1_main_d2,d2_beef_uncontrolled,svm_rbf,classification,3,3,16,1.4.0,real,True,ok,,2026-09-21T09:47:58Z,1.4548357659950852,6435,2145,,,3,1,73fd7314e359,722c44d4f4daf73f,c84d501b1a72,require_all_classes,"{""missing_in_test"": [], ""missing_in_train"": []}",{}
d2_beef_uncontrolled|svm_rbf|classification|seed03|fold04,e1_main_d2,d2_beef_uncontrolled,svm_rbf,classification,3,4,16,1.4.0,real,True,ok,,2026-09-21T09:48:14Z,1.7462437022477388,6435,2145,,,3,1,a4933ae9f507,0b5b2018ad94d924,c84d501b1a72,require_all_classes,"{""missing_in_test"": [], ""missing_in_train"": []}",{}
d2_beef_uncontrolled|svm_rbf|classification|seed04|fold00,e1_main_d2,d2_beef_uncontrolled,svm_rbf,classification,4,0,16,1.4.0,real,True,ok,,2026-09-21T09:48:31Z,1.853117770049721,6435,2145,,,3,1,ab20f229b2e5,ad758fc41ddaadee,c84d501b1a72,require_all_classes,"{""missing_in_test"": [], ""missing_in_train"": []}",{}
d2_beef_uncontrolled|svm_rbf|classification|seed04|fold01,e1_main_d2,d2_beef_uncontrolled,svm_rbf,classification,4,1,16,1.4.0,real,True,ok,,2026-09-21T09:48:46Z,1.7750845942646265,6435,2145,,,3,1,6b2262999c63,6c6053aa5ae1ed0c,c84d501b1a72,require_all_classes,"{""missing_in_test"": [], ""missing_in_train"": []}",{}
d2_beef_uncontrolled|svm_rbf|classification|seed04|fold02,e1_main_d2,d2_beef_uncontrolled,svm_rbf,classification,4,2,16,1.4.0,real,True,ok,,2026-09-21T09:49:02Z,1.588668670039624,6435,2145,,,3,1,557db8e1a73e,e6fb268e068f5ccc,c84d501b1a72,require_all_classes,"{""missing_in_test"": [], ""missing_in_train"": []}",{}
d2_beef_uncontrolled|svm_rbf|classification|seed04|fold03,e1_main_d2,d2_beef_uncontrolled,svm_rbf,classification,4,3,16,1.4.0,real,True,ok,,2026-09-21T09:49:17Z,1.4190780892968178,6435,2145,,,3,1,9dd348ffc2ab,03e7dba198eb0786,c84d501b1a72,require_all_classes,"{""missing_in_test"": [], ""missing_in_train"": []}",{}
d2_beef_uncontrolled|svm_rbf|classification|seed04|fold04,e1_main_d2,d2_beef_uncontrolled,svm_rbf,classification,4,4,16,1.4.0,real,True,ok,,2026-09-21T09:49:32Z,1.45355464797467,6435,2145,,,3,1,faf19bcdc9b9,81f9142ae823aa32,c84d501b1a72,require_all_classes,"{""missing_in_test"": [], ""missing_in_train"": []}",{}
d2_beef_uncontrolled|svm_rbf|classification|seed05|fold00,e1_main_d2,d2_beef_uncontrolled,svm_rbf,classification,5,0,16,1.4.0,real,True,ok,,2026-09-21T09:49:47Z,1.7437146930024028,6435,2145,,,3,1,413cdd715162,09ca9fb66e472489,c84d501b1a72,require_all_classes,"{""missing_in_test"": [], ""missing_in_train"": []}",{}
d2_beef_uncontrolled|svm_rbf|classification|seed05|fold01,e1_main_d2,d2_beef_uncontrolled,svm_rbf,classification,5,1,16,1.4.0,real,True,ok,,2026-09-21T09:50:03Z,1.4093326670117676,6435,2145,,,3,1,a8b8c30a5944,34bf5d301825d5e0,c84d501b1a72,require_all_classes,"{""missing_in_test"": [], ""missing_in_train"": []}",{}
d2_beef_uncontrolled|svm_rbf|classification|seed05|fold02,e1_main_d2,d2_beef_uncontrolled,svm_rbf,classification,5,2,16,1.4.0,real,True,ok,,2026-09-21T09:50:19Z,1.8776570199988782,6435,2145,,,3,1,9de5f792dc27,a9fcd54dfad8b1a8,c84d501b1a72,require_all_classes,"{""missing_in_test"": [], ""missing_in_train"": []}",{}
d2_beef_uncontrolled|svm_rbf|classification|seed05|fold03,e1_main_d2,d2_beef_uncontrolled,svm_rbf,classification,5,3,16,1.4.0,real,True,ok,,2026-09-21T09:50:36Z,1.5924127837643027,6435,2145,,,3,1,a5838cf9641b,7ceae7197a037645,c84d501b1a72,require_all_classes,"{""missing_in_test"": [], ""missing_in_train"": []}",{}
d2_beef_uncontrolled|svm_rbf|classification|seed05|fold04,e1_main_d2,d2_beef_uncontrolled,svm_rbf,classification,5,4,16,1.4.0,real,True,ok,,2026-09-21T09:50:52Z,1.783246757928282,6435,2145,,,3,1,6eee1b95b6aa,06db4ad1586d9523,c84d501b1a72,require_all_classes,"{""missing_in_test"": [], ""missing_in_train"": []}",{}
d2_beef_uncontrolled|svm_rbf|classification|seed06|fold00,e1_main_d2,d2_beef_uncontrolled,svm_rbf,classification,6,0,16,1.4.0,real,True,ok,,2026-09-21T09:51:08Z,2.0092013482935727,6435,2145,,,3,1,477c37a8ab73,20d514cce25622ca,c84d501b1a72,require_all_classes,"{""missing_in_test"": [], ""missing_in_train"": []}",{}
d2_beef_uncontrolled|svm_rbf|classification|seed06|fold01,e1_main_d2,d2_beef_uncontrolled,svm_rbf,classification,6,1,16,1.4.0,real,True,ok,,2026-09-21T09:51:24Z,1.7395347021520138,6435,2145,,,3,1,1c2e3ba58278,32def4a4db4c7574,c84d501b1a72,require_all_classes,"{""missing_in_test"": [], ""missing_in_train"": []}",{}
d2_beef_uncontrolled|svm_rbf|classification|seed06|fold02,e1_main_d2,d2_beef_uncontrolled,svm_rbf,classification,6,2,16,1.4.0,real,True,ok,,2026-09-21T09:51:40Z,1.6099430406466126,6435,2145,,,3,1,54ff457155dd,fe0dfa8df9e5f11a,c84d501b1a72,require_all_classes,"{""missing_in_test"": [], ""missing_in_train"": []}",{}
d2_beef_uncontrolled|svm_rbf|classification|seed06|fold03,e1_main_d2,d2_beef_uncontrolled,svm_rbf,classification,6,3,16,1.4.0,real,True,ok,,2026-09-21T09:51:56Z,1.4429136631079018,6435,2145,,,3,1,a877630b86ff,9c51ffe9d56a7c4a,c84d501b1a72,require_all_classes,"{""missing_in_test"": [], ""missing_in_train"": []}",{}
d2_beef_uncontrolled|svm_rbf|classification|seed06|fold04,e1_main_d2,d2_beef_uncontrolled,svm_rbf,classification,6,4,16,1.4.0,real,True,ok,,2026-09-21T09:52:11Z,1.69086127076298,6435,2145,,,3,1,308afc6cb592,b92f2337c8004dcd,c84d501b1a72,require_all_classes,"{""missing_in_test"": [], ""missing_in_train"": []}",{}
d2_beef_uncontrolled|svm_rbf|classification|seed07|fold00,e1_main_d2,d2_beef_uncontrolled,svm_rbf,classification,7,0,16,1.4.0,real,True,ok,,2026-09-21T09:52:27Z,1.5458805188536644,6435,2145,,,3,1,7b279b72dfb8,7c6cc2e312597f63,c84d501b1a72,require_all_classes,"{""missing_in_test"": [], ""missing_in_train"": []}",{}
d2_beef_uncontrolled|svm_rbf|classification|seed07|fold01,e1_main_d2,d2_beef_uncontrolled,svm_rbf,classification,7,1,16,1.4.0,real,True,ok,,2026-09-21T09:52:43Z,1.6616673530079424,6435,2145,,,3,1,bb1e5578b9e3,915afd3438826fae,c84d501b1a72,require_all_classes,"{""missing_in_test"": [], ""missing_in_train"": []}",{}
d2_beef_uncontrolled|svm_rbf|classification|seed07|fold02,e1_main_d2,d2_beef_uncontrolled,svm_rbf,classification,7,2,16,1.4.0,real,True,ok,,2026-09-21T09:52:59Z,1.783092760015279,6435,2145,,,3,1,ba39acccb154,ab00a0ddcf5885d8,c84d501b1a72,require_all_classes,"{""missing_in_test"": [], ""missing_in_train"": []}",{}
d2_beef_uncontrolled|svm_rbf|classification|seed07|fold03,e1_main_d2,d2_beef_uncontrolled,svm_rbf,classification,7,3,16,1.4.0,real,True,ok,,2026-09-21T09:53:14Z,1.4416498360224068,6435,2145,,,3,1,4726b95fa672,1882afad5aed1972,c84d501b1a72,require_all_classes,"{""missing_in_test"": [], ""missing_in_train"": []}",{}
d2_beef_uncontrolled|svm_rbf|classification|seed07|fold04,e1_main_d2,d2_beef_uncontrolled,svm_rbf,classification,7,4,16,1.4.0,real,True,ok,,2026-09-21T09:53:29Z,1.4441143199801445,6435,2145,,,3,1,2e34c9f360a4,9faf0f27c2f4be0c,c84d501b1a72,require_all_classes,"{""missing_in_test"": [], ""missing_in_train"": []}",{}
d2_beef_uncontrolled|svm_rbf|classification|seed08|fold00,e1_main_d2,d2_beef_uncontrolled,svm_rbf,classification,8,0,16,1.4.0,real,True,ok,,2026-09-21T09:53:44Z,1.4440323943272233,6435,2145,,,3,1,760fd382be4c,06337a3e20b8cac2,c84d501b1a72,require_all_classes,"{""missing_in_test"": [], ""missing_in_train"": []}",{}
d2_beef_uncontrolled|svm_rbf|classification|seed08|fold01,e1_main_d2,d2_beef_uncontrolled,svm_rbf,classification,8,1,16,1.4.0,real,True,ok,,2026-09-21T09:53:59Z,1.5633159847930074,6435,2145,,,3,1,f60758215a07,3b19820dbf254ded,c84d501b1a72,require_all_classes,"{""missing_in_test"": [], ""missing_in_train"": []}",{}
d2_beef_uncontrolled|svm_rbf|classification|seed08|fold02,e1_main_d2,d2_beef_uncontrolled,svm_rbf,classification,8,2,16,1.4.0,real,True,ok,,2026-09-21T09:54:14Z,1.761165743228048,6435,2145,,,3,1,b12aea5b360e,251393697016ad61,c84d501b1a72,require_all_classes,"{""missing_in_test"": [], ""missing_in_train"": []}",{}
d2_beef_uncontrolled|svm_rbf|classification|seed08|fold03,e1_main_d2,d2_beef_uncontrolled,svm_rbf,classification,8,3,16,1.4.0,real,True,ok,,2026-09-21T09:54:31Z,2.0758643178269267,6435,2145,,,3,1,d24ce02cae99,7b45fafda27e913a,c84d501b1a72,require_all_classes,"{""missing_in_test"": [], ""missing_in_train"": []}",{}
d2_beef_uncontrolled|svm_rbf|classification|seed08|fold04,e1_main_d2,d2_beef_uncontrolled,svm_rbf,classification,8,4,16,1.4.0,real,True,ok,,2026-09-21T09:54:47Z,1.7566870711743832,6435,2145,,,3,1,02ddc5401296,7f887d4f67006e6f,c84d501b1a72,require_all_classes,"{""missing_in_test"": [], ""missing_in_train"": []}",{}
d2_beef_uncontrolled|svm_rbf|classification|seed09|fold00,e1_main_d2,d2_beef_uncontrolled,svm_rbf,classification,9,0,16,1.4.0,real,True,ok,,2026-09-21T09:55:03Z,1.737267096992582,6435,2145,,,3,1,523607d0ddee,3a3d2d1911af6888,c84d501b1a72,require_all_classes,"{""missing_in_test"": [], ""missing_in_train"": []}",{}
d2_beef_uncontrolled|svm_rbf|classification|seed09|fold01,e1_main_d2,d2_beef_uncontrolled,svm_rbf,classification,9,1,16,1.4.0,real,True,ok,,2026-09-21T09:55:18Z,1.533554291818291,6435,2145,,,3,1,de265fd108a1,5c49819769b0e784,c84d501b1a72,require_all_classes,"{""missing_in_test"": [], ""missing_in_train"": []}",{}
d2_beef_uncontrolled|svm_rbf|classification|seed09|fold02,e1_main_d2,d2_beef_uncontrolled,svm_rbf,classification,9,2,16,1.4.0,real,True,ok,,2026-09-21T09:55:35Z,1.6050737779587507,6435,2145,,,3,1,9a76beab3005,31e7c9b3dcbb3724,c84d501b1a72,require_all_classes,"{""missing_in_test"": [], ""missing_in_train"": []}",{}
d2_beef_uncontrolled|svm_rbf|classification|seed09|fold03,e1_main_d2,d2_beef_uncontrolled,svm_rbf,classification,9,3,16,1.4.0,real,True,ok,,2026-09-21T09:55:51Z,1.7573253959417343,6435,2145,,,3,1,bcc42ac9806b,4460f7e76078484b,c84d501b1a72,require_all_classes,"{""missing_in_test"": [], ""missing_in_train"": []}",{}
d2_beef_uncontrolled|svm_rbf|classification|seed09|fold04,e1_main_d2,d2_beef_uncontrolled,svm_rbf,classification,9,4,16,1.4.0,real,True,ok,,2026-09-21T09:56:08Z,1.8587061408907175,6435,2145,,,3,1,3b4893542c85,2f0462f476ee9325,c84d501b1a72,require_all_classes,"{""missing_in_test"": [], ""missing_in_train"": []}",{}
d2_beef_uncontrolled|svm_rbf|regression|seed00|fold00,e1_main_d2,d2_beef_uncontrolled,svm_rbf,regression,0,0,16,1.4.0,real,True,ok,,2026-09-21T09:42:57Z,1.0545796188525856,6435,2145,,,3,1,20a70c561f8e,92c06cface0f489b,c84d501b1a72,require_all_classes,"{""missing_in_test"": [], ""missing_in_train"": []}",{}
d2_beef_uncontrolled|svm_rbf|regression|seed00|fold01,e1_main_d2,d2_beef_uncontrolled,svm_rbf,regression,0,1,16,1.4.0,real,True,ok,,2026-09-21T09:43:15Z,0.9051334010437131,6435,2145,,,3,1,6c9ef01abdf9,fbd4e30365ee08ce,c84d501b1a72,require_all_classes,"{""missing_in_test"": [], ""missing_in_train"": []}",{}
d2_beef_uncontrolled|svm_rbf|regression|seed00|fold02,e1_main_d2,d2_beef_uncontrolled,svm_rbf,regression,0,2,16,1.4.0,real,True,ok,,2026-09-21T09:43:32Z,1.116070100106299,6435,2145,,,3,1,8f5d6031eff3,7c040e17555fe068,c84d501b1a72,require_all_classes,"{""missing_in_test"": [], ""missing_in_train"": []}",{}
d2_beef_uncontrolled|svm_rbf|regression|seed00|fold03,e1_main_d2,d2_beef_uncontrolled,svm_rbf,regression,0,3,16,1.4.0,real,True,ok,,2026-09-21T09:43:48Z,0.8568214122205973,6435,2145,,,3,1,940f76d29b89,faa063260e1e6b3d,c84d501b1a72,require_all_classes,"{""missing_in_test"": [], ""missing_in_train"": []}",{}
d2_beef_uncontrolled|svm_rbf|regression|seed00|fold04,e1_main_d2,d2_beef_uncontrolled,svm_rbf,regression,0,4,16,1.4.0,real,True,ok,,2026-09-21T09:44:05Z,0.9571676701307297,6435,2145,,,3,1,b01bbf6f9575,a3a068f42db5e6c9,c84d501b1a72,require_all_classes,"{""missing_in_test"": [], ""missing_in_train"": []}",{}
d2_beef_uncontrolled|svm_rbf|regression|seed01|fold00,e1_main_d2,d2_beef_uncontrolled,svm_rbf,regression,1,0,16,1.4.0,real,True,ok,,2026-09-21T09:44:23Z,0.9210112509317696,6435,2145,,,3,1,92d667f81d03,dedb14b88c8d4083,c84d501b1a72,require_all_classes,"{""missing_in_test"": [], ""missing_in_train"": []}",{}
d2_beef_uncontrolled|svm_rbf|regression|seed01|fold01,e1_main_d2,d2_beef_uncontrolled,svm_rbf,regression,1,1,16,1.4.0,real,True,ok,,2026-09-21T09:44:39Z,0.8420780971646309,6435,2145,,,3,1,63eaca80ac77,f73a7ac0b7c4ff32,c84d501b1a72,require_all_classes,"{""missing_in_test"": [], ""missing_in_train"": []}",{}
d2_beef_uncontrolled|svm_rbf|regression|seed01|fold02,e1_main_d2,d2_beef_uncontrolled,svm_rbf,regression,1,2,16,1.4.0,real,True,ok,,2026-09-21T09:44:56Z,1.0009507536888123,6435,2145,,,3,1,14ed105fd91e,7d0d33b804cad7be,c84d501b1a72,require_all_classes,"{""missing_in_test"": [], ""missing_in_train"": []}",{}
d2_beef_uncontrolled|svm_rbf|regression|seed01|fold03,e1_main_d2,d2_beef_uncontrolled,svm_rbf,regression,1,3,16,1.4.0,real,True,ok,,2026-09-21T09:45:14Z,1.228802242781967,6435,2145,,,3,1,99c64364d832,3061b6e4f4a4f1f1,c84d501b1a72,require_all_classes,"{""missing_in_test"": [], ""missing_in_train"": []}",{}
d2_beef_uncontrolled|svm_rbf|regression|seed01|fold04,e1_main_d2,d2_beef_uncontrolled,svm_rbf,regression,1,4,16,1.4.0,real,True,ok,,2026-09-21T09:45:30Z,0.8705176562070847,6435,2145,,,3,1,fa4200209670,059260d8df0d5613,c84d501b1a72,require_all_classes,"{""missing_in_test"": [], ""missing_in_train"": []}",{}
d2_beef_uncontrolled|svm_rbf|regression|seed02|fold00,e1_main_d2,d2_beef_uncontrolled,svm_rbf,regression,2,0,16,1.4.0,real,True,ok,,2026-09-21T09:45:47Z,0.9573363219387829,6435,2145,,,3,1,38e11e05422e,6e39cc00463dd9ff,c84d501b1a72,require_all_classes,"{""missing_in_test"": [], ""missing_in_train"": []}",{}
d2_beef_uncontrolled|svm_rbf|regression|seed02|fold01,e1_main_d2,d2_beef_uncontrolled,svm_rbf,regression,2,1,16,1.4.0,real,True,ok,,2026-09-21T09:46:03Z,0.8636494190432131,6435,2145,,,3,1,8a87c8dddc86,bf31b775d5d1585e,c84d501b1a72,require_all_classes,"{""missing_in_test"": [], ""missing_in_train"": []}",{}
d2_beef_uncontrolled|svm_rbf|regression|seed02|fold02,e1_main_d2,d2_beef_uncontrolled,svm_rbf,regression,2,2,16,1.4.0,real,True,ok,,2026-09-21T09:46:20Z,1.1267359890043736,6435,2145,,,3,1,545d378c28a6,125156a10436f60b,c84d501b1a72,require_all_classes,"{""missing_in_test"": [], ""missing_in_train"": []}",{}
d2_beef_uncontrolled|svm_rbf|regression|seed02|fold03,e1_main_d2,d2_beef_uncontrolled,svm_rbf,regression,2,3,16,1.4.0,real,True,ok,,2026-09-21T09:46:37Z,0.9030067538842559,6435,2145,,,3,1,289906332a4f,3e2c58990de81621,c84d501b1a72,require_all_classes,"{""missing_in_test"": [], ""missing_in_train"": []}",{}
d2_beef_uncontrolled|svm_rbf|regression|seed02|fold04,e1_main_d2,d2_beef_uncontrolled,svm_rbf,regression,2,4,16,1.4.0,real,True,ok,,2026-09-21T09:46:54Z,0.9923358443193138,6435,2145,,,3,1,202906f4d7e1,476e2ba5749aba49,c84d501b1a72,require_all_classes,"{""missing_in_test"": [], ""missing_in_train"": []}",{}
d2_beef_uncontrolled|svm_rbf|regression|seed03|fold00,e1_main_d2,d2_beef_uncontrolled,svm_rbf,regression,3,0,16,1.4.0,real,True,ok,,2026-09-21T09:47:11Z,0.9833477437496185,6435,2145,,,3,1,0e087c313624,7921458f514d8f6a,c84d501b1a72,require_all_classes,"{""missing_in_test"": [], ""missing_in_train"": []}",{}
d2_beef_uncontrolled|svm_rbf|regression|seed03|fold01,e1_main_d2,d2_beef_uncontrolled,svm_rbf,regression,3,1,16,1.4.0,real,True,ok,,2026-09-21T09:47:27Z,0.9392130677588284,6435,2145,,,3,1,ff41306bda71,ca87a94543a5009d,c84d501b1a72,require_all_classes,"{""missing_in_test"": [], ""missing_in_train"": []}",{}
d2_beef_uncontrolled|svm_rbf|regression|seed03|fold02,e1_main_d2,d2_beef_uncontrolled,svm_rbf,regression,3,2,16,1.4.0,real,True,ok,,2026-09-21T09:47:44Z,0.8730641142465174,6435,2145,,,3,1,31c8eaca9098,bc3c14d36012b438,c84d501b1a72,require_all_classes,"{""missing_in_test"": [], ""missing_in_train"": []}",{}
d2_beef_uncontrolled|svm_rbf|regression|seed03|fold03,e1_main_d2,d2_beef_uncontrolled,svm_rbf,regression,3,3,16,1.4.0,real,True,ok,,2026-09-21T09:47:59Z,1.0620233691297472,6435,2145,,,3,1,73fd7314e359,4641c5439cb24de3,c84d501b1a72,require_all_classes,"{""missing_in_test"": [], ""missing_in_train"": []}",{}
d2_beef_uncontrolled|svm_rbf|regression|seed03|fold04,e1_main_d2,d2_beef_uncontrolled,svm_rbf,regression,3,4,16,1.4.0,real,True,ok,,2026-09-21T09:48:15Z,0.9026923887431622,6435,2145,,,3,1,a4933ae9f507,0af0ae4ee7f5e171,c84d501b1a72,require_all_classes,"{""missing_in_test"": [], ""missing_in_train"": []}",{}
d2_beef_uncontrolled|svm_rbf|regression|seed04|fold00,e1_main_d2,d2_beef_uncontrolled,svm_rbf,regression,4,0,16,1.4.0,real,True,ok,,2026-09-21T09:48:32Z,0.9692016569897532,6435,2145,,,3,1,ab20f229b2e5,3680b05c0bbf0319,c84d501b1a72,require_all_classes,"{""missing_in_test"": [], ""missing_in_train"": []}",{}
d2_beef_uncontrolled|svm_rbf|regression|seed04|fold01,e1_main_d2,d2_beef_uncontrolled,svm_rbf,regression,4,1,16,1.4.0,real,True,ok,,2026-09-21T09:48:47Z,0.919367603957653,6435,2145,,,3,1,6b2262999c63,f6945ea1b592b279,c84d501b1a72,require_all_classes,"{""missing_in_test"": [], ""missing_in_train"": []}",{}
d2_beef_uncontrolled|svm_rbf|regression|seed04|fold02,e1_main_d2,d2_beef_uncontrolled,svm_rbf,regression,4,2,16,1.4.0,real,True,ok,,2026-09-21T09:49:02Z,0.8125056722201407,6435,2145,,,3,1,557db8e1a73e,2e81f8225b874907,c84d501b1a72,require_all_classes,"{""missing_in_test"": [], ""missing_in_train"": []}",{}
d2_beef_uncontrolled|svm_rbf|regression|seed04|fold03,e1_main_d2,d2_beef_uncontrolled,svm_rbf,regression,4,3,16,1.4.0,real,True,ok,,2026-09-21T09:49:18Z,0.8705602833069861,6435,2145,,,3,1,9dd348ffc2ab,fabe49a816ed3fc5,c84d501b1a72,require_all_classes,"{""missing_in_test"": [], ""missing_in_train"": []}",{}
d2_beef_uncontrolled|svm_rbf|regression|seed04|fold04,e1_main_d2,d2_beef_uncontrolled,svm_rbf,regression,4,4,16,1.4.0,real,True,ok,,2026-09-21T09:49:33Z,1.130139757413417,6435,2145,,,3,1,faf19bcdc9b9,670ebfe753a4e502,c84d501b1a72,require_all_classes,"{""missing_in_test"": [], ""missing_in_train"": []}",{}
d2_beef_uncontrolled|svm_rbf|regression|seed05|fold00,e1_main_d2,d2_beef_uncontrolled,svm_rbf,regression,5,0,16,1.4.0,real,True,ok,,2026-09-21T09:49:48Z,0.8896812698803842,6435,2145,,,3,1,413cdd715162,4552995331773035,c84d501b1a72,require_all_classes,"{""missing_in_test"": [], ""missing_in_train"": []}",{}
d2_beef_uncontrolled|svm_rbf|regression|seed05|fold01,e1_main_d2,d2_beef_uncontrolled,svm_rbf,regression,5,1,16,1.4.0,real,True,ok,,2026-09-21T09:50:04Z,0.923264083918184,6435,2145,,,3,1,a8b8c30a5944,fddcffdd92662dd5,c84d501b1a72,require_all_classes,"{""missing_in_test"": [], ""missing_in_train"": []}",{}
d2_beef_uncontrolled|svm_rbf|regression|seed05|fold02,e1_main_d2,d2_beef_uncontrolled,svm_rbf,regression,5,2,16,1.4.0,real,True,ok,,2026-09-21T09:50:20Z,1.0008677528239787,6435,2145,,,3,1,9de5f792dc27,2646e60ca7fa5dd4,c84d501b1a72,require_all_classes,"{""missing_in_test"": [], ""missing_in_train"": []}",{}
d2_beef_uncontrolled|svm_rbf|regression|seed05|fold03,e1_main_d2,d2_beef_uncontrolled,svm_rbf,regression,5,3,16,1.4.0,real,True,ok,,2026-09-21T09:50:37Z,1.1199061777442694,6435,2145,,,3,1,a5838cf9641b,a734aadc6cc160e5,c84d501b1a72,require_all_classes,"{""missing_in_test"": [], ""missing_in_train"": []}",{}
d2_beef_uncontrolled|svm_rbf|regression|seed05|fold04,e1_main_d2,d2_beef_uncontrolled,svm_rbf,regression,5,4,16,1.4.0,real,True,ok,,2026-09-21T09:50:53Z,0.9561282633803785,6435,2145,,,3,1,6eee1b95b6aa,4ff3a9027ab4a967,c84d501b1a72,require_all_classes,"{""missing_in_test"": [], ""missing_in_train"": []}",{}
d2_beef_uncontrolled|svm_rbf|regression|seed06|fold00,e1_main_d2,d2_beef_uncontrolled,svm_rbf,regression,6,0,16,1.4.0,real,True,ok,,2026-09-21T09:51:09Z,1.0043850969523191,6435,2145,,,3,1,477c37a8ab73,455026c6dbcfddd8,c84d501b1a72,require_all_classes,"{""missing_in_test"": [], ""missing_in_train"": []}",{}
d2_beef_uncontrolled|svm_rbf|regression|seed06|fold01,e1_main_d2,d2_beef_uncontrolled,svm_rbf,regression,6,1,16,1.4.0,real,True,ok,,2026-09-21T09:51:25Z,0.8976760641671717,6435,2145,,,3,1,1c2e3ba58278,256d622a7ef4b53b,c84d501b1a72,require_all_classes,"{""missing_in_test"": [], ""missing_in_train"": []}",{}
d2_beef_uncontrolled|svm_rbf|regression|seed06|fold02,e1_main_d2,d2_beef_uncontrolled,svm_rbf,regression,6,2,16,1.4.0,real,True,ok,,2026-09-21T09:51:41Z,1.135451627895236,6435,2145,,,3,1,54ff457155dd,3448188bc2892f02,c84d501b1a72,require_all_classes,"{""missing_in_test"": [], ""missing_in_train"": []}",{}
d2_beef_uncontrolled|svm_rbf|regression|seed06|fold03,e1_main_d2,d2_beef_uncontrolled,svm_rbf,regression,6,3,16,1.4.0,real,True,ok,,2026-09-21T09:51:57Z,0.8961378601379693,6435,2145,,,3,1,a877630b86ff,1efe88cdb937ba40,c84d501b1a72,require_all_classes,"{""missing_in_test"": [], ""missing_in_train"": []}",{}
d2_beef_uncontrolled|svm_rbf|regression|seed06|fold04,e1_main_d2,d2_beef_uncontrolled,svm_rbf,regression,6,4,16,1.4.0,real,True,ok,,2026-09-21T09:52:12Z,0.9610422449186444,6435,2145,,,3,1,308afc6cb592,2428f40108d0ab2b,c84d501b1a72,require_all_classes,"{""missing_in_test"": [], ""missing_in_train"": []}",{}
d2_beef_uncontrolled|svm_rbf|regression|seed07|fold00,e1_main_d2,d2_beef_uncontrolled,svm_rbf,regression,7,0,16,1.4.0,real,True,ok,,2026-09-21T09:52:28Z,1.123367859981954,6435,2145,,,3,1,7b279b72dfb8,baa0487dbb9690eb,c84d501b1a72,require_all_classes,"{""missing_in_test"": [], ""missing_in_train"": []}",{}
d2_beef_uncontrolled|svm_rbf|regression|seed07|fold01,e1_main_d2,d2_beef_uncontrolled,svm_rbf,regression,7,1,16,1.4.0,real,True,ok,,2026-09-21T09:52:44Z,0.8641045796684921,6435,2145,,,3,1,bb1e5578b9e3,fb5102aa1e7756ce,c84d501b1a72,require_all_classes,"{""missing_in_test"": [], ""missing_in_train"": []}",{}
d2_beef_uncontrolled|svm_rbf|regression|seed07|fold02,e1_main_d2,d2_beef_uncontrolled,svm_rbf,regression,7,2,16,1.4.0,real,True,ok,,2026-09-21T09:53:00Z,0.698192042298615,6435,2145,,,3,1,ba39acccb154,674675c7c2abe96f,c84d501b1a72,require_all_classes,"{""missing_in_test"": [], ""missing_in_train"": []}",{}
d2_beef_uncontrolled|svm_rbf|regression|seed07|fold03,e1_main_d2,d2_beef_uncontrolled,svm_rbf,regression,7,3,16,1.4.0,real,True,ok,,2026-09-21T09:53:15Z,0.8894091667607427,6435,2145,,,3,1,4726b95fa672,ab7ab0c151e98f3c,c84d501b1a72,require_all_classes,"{""missing_in_test"": [], ""missing_in_train"": []}",{}
d2_beef_uncontrolled|svm_rbf|regression|seed07|fold04,e1_main_d2,d2_beef_uncontrolled,svm_rbf,regression,7,4,16,1.4.0,real,True,ok,,2026-09-21T09:53:30Z,1.136445723939687,6435,2145,,,3,1,2e34c9f360a4,54b35e010072868b,c84d501b1a72,require_all_classes,"{""missing_in_test"": [], ""missing_in_train"": []}",{}
d2_beef_uncontrolled|svm_rbf|regression|seed08|fold00,e1_main_d2,d2_beef_uncontrolled,svm_rbf,regression,8,0,16,1.4.0,real,True,ok,,2026-09-21T09:53:45Z,1.074954363051802,6435,2145,,,3,1,760fd382be4c,cac615bd40263656,c84d501b1a72,require_all_classes,"{""missing_in_test"": [], ""missing_in_train"": []}",{}
d2_beef_uncontrolled|svm_rbf|regression|seed08|fold01,e1_main_d2,d2_beef_uncontrolled,svm_rbf,regression,8,1,16,1.4.0,real,True,ok,,2026-09-21T09:54:00Z,0.843524491880089,6435,2145,,,3,1,f60758215a07,3e3c53231d875f03,c84d501b1a72,require_all_classes,"{""missing_in_test"": [], ""missing_in_train"": []}",{}
d2_beef_uncontrolled|svm_rbf|regression|seed08|fold02,e1_main_d2,d2_beef_uncontrolled,svm_rbf,regression,8,2,16,1.4.0,real,True,ok,,2026-09-21T09:54:15Z,0.9822019478306174,6435,2145,,,3,1,b12aea5b360e,16adccaa695eb4f9,c84d501b1a72,require_all_classes,"{""missing_in_test"": [], ""missing_in_train"": []}",{}
d2_beef_uncontrolled|svm_rbf|regression|seed08|fold03,e1_main_d2,d2_beef_uncontrolled,svm_rbf,regression,8,3,16,1.4.0,real,True,ok,,2026-09-21T09:54:32Z,1.0548729039728642,6435,2145,,,3,1,d24ce02cae99,910b86b86fa43b6c,c84d501b1a72,require_all_classes,"{""missing_in_test"": [], ""missing_in_train"": []}",{}
d2_beef_uncontrolled|svm_rbf|regression|seed08|fold04,e1_main_d2,d2_beef_uncontrolled,svm_rbf,regression,8,4,16,1.4.0,real,True,ok,,2026-09-21T09:54:48Z,0.9005141910165548,6435,2145,,,3,1,02ddc5401296,36ebb097b70eb5c8,c84d501b1a72,require_all_classes,"{""missing_in_test"": [], ""missing_in_train"": []}",{}
d2_beef_uncontrolled|svm_rbf|regression|seed09|fold00,e1_main_d2,d2_beef_uncontrolled,svm_rbf,regression,9,0,16,1.4.0,real,True,ok,,2026-09-21T09:55:04Z,0.8954228102229536,6435,2145,,,3,1,523607d0ddee,6cf9293faed83aeb,c84d501b1a72,require_all_classes,"{""missing_in_test"": [], ""missing_in_train"": []}",{}
d2_beef_uncontrolled|svm_rbf|regression|seed09|fold01,e1_main_d2,d2_beef_uncontrolled,svm_rbf,regression,9,1,16,1.4.0,real,True,ok,,2026-09-21T09:55:19Z,1.1338061019778252,6435,2145,,,3,1,de265fd108a1,72ccf333b71456c3,c84d501b1a72,require_all_classes,"{""missing_in_test"": [], ""missing_in_train"": []}",{}
d2_beef_uncontrolled|svm_rbf|regression|seed09|fold02,e1_main_d2,d2_beef_uncontrolled,svm_rbf,regression,9,2,16,1.4.0,real,True,ok,,2026-09-21T09:55:36Z,1.1350280782207847,6435,2145,,,3,1,9a76beab3005,6a32b6f26f5e73cf,c84d501b1a72,require_all_classes,"{""missing_in_test"": [], ""missing_in_train"": []}",{}
d2_beef_uncontrolled|svm_rbf|regression|seed09|fold03,e1_main_d2,d2_beef_uncontrolled,svm_rbf,regression,9,3,16,1.4.0,real,True,ok,,2026-09-21T09:55:52Z,0.9843791839666665,6435,2145,,,3,1,bcc42ac9806b,6cb094c80d753efa,c84d501b1a72,require_all_classes,"{""missing_in_test"": [], ""missing_in_train"": []}",{}
d2_beef_uncontrolled|svm_rbf|regression|seed09|fold04,e1_main_d2,d2_beef_uncontrolled,svm_rbf,regression,9,4,16,1.4.0,real,True,ok,,2026-09-21T09:56:09Z,0.718961747828871,6435,2145,,,3,1,3b4893542c85,d04efce414737cbb,c84d501b1a72,require_all_classes,"{""missing_in_test"": [], ""missing_in_train"": []}",{}
d2_beef_uncontrolled|tcn|classification|seed00|fold00,e1_main_d2,d2_beef_uncontrolled,tcn,classification,0,0,16,1.4.0,real,True,ok,,2026-09-21T09:43:19Z,9.584174257237464,6435,2145,,,3,1,20a70c561f8e,c915141b479220ce,a60d157027a1,require_all_classes,"{""missing_in_test"": [], ""missing_in_train"": []}",{}
d2_beef_uncontrolled|tcn|classification|seed00|fold01,e1_main_d2,d2_beef_uncontrolled,tcn,classification,0,1,16,1.4.0,real,True,ok,,2026-09-21T09:43:56Z,11.282611598726362,6435,2145,,,3,1,6c9ef01abdf9,e739ce5e22a1cb0e,a60d157027a1,require_all_classes,"{""missing_in_test"": [], ""missing_in_train"": []}",{}
d2_beef_uncontrolled|tcn|classification|seed00|fold02,e1_main_d2,d2_beef_uncontrolled,tcn,classification,0,2,16,1.4.0,real,True,ok,,2026-09-21T09:44:38Z,13.90871443785727,6435,2145,,,3,1,8f5d6031eff3,0b6e6b250f65b42a,a60d157027a1,require_all_classes,"{""missing_in_test"": [], ""missing_in_train"": []}",{}
d2_beef_uncontrolled|tcn|classification|seed00|fold03,e1_main_d2,d2_beef_uncontrolled,tcn,classification,0,3,16,1.4.0,real,True,ok,,2026-09-21T09:45:14Z,12.260890761390328,6435,2145,,,3,1,940f76d29b89,04b735a1d9f8f559,a60d157027a1,require_all_classes,"{""missing_in_test"": [], ""missing_in_train"": []}",{}
d2_beef_uncontrolled|tcn|classification|seed00|fold04,e1_main_d2,d2_beef_uncontrolled,tcn,classification,0,4,16,1.4.0,real,True,ok,,2026-09-21T09:45:54Z,12.803947161883116,6435,2145,,,3,1,b01bbf6f9575,ddb8dda65dea5c30,a60d157027a1,require_all_classes,"{""missing_in_test"": [], ""missing_in_train"": []}",{}
d2_beef_uncontrolled|tcn|classification|seed01|fold00,e1_main_d2,d2_beef_uncontrolled,tcn,classification,1,0,16,1.4.0,real,True,ok,,2026-09-21T09:46:35Z,11.465208457782865,6435,2145,,,3,1,92d667f81d03,f3672fafce3cc958,a60d157027a1,require_all_classes,"{""missing_in_test"": [], ""missing_in_train"": []}",{}
d2_beef_uncontrolled|tcn|classification|seed01|fold01,e1_main_d2,d2_beef_uncontrolled,tcn,classification,1,1,16,1.4.0,real,True,ok,,2026-09-21T09:47:09Z,10.732711546123028,6435,2145,,,3,1,63eaca80ac77,a9ded4d1190ec5e2,a60d157027a1,require_all_classes,"{""missing_in_test"": [], ""missing_in_train"": []}",{}
d2_beef_uncontrolled|tcn|classification|seed01|fold02,e1_main_d2,d2_beef_uncontrolled,tcn,classification,1,2,16,1.4.0,real,True,ok,,2026-09-21T09:47:51Z,11.922295154072344,6435,2145,,,3,1,14ed105fd91e,681544e4bb76660a,a60d157027a1,require_all_classes,"{""missing_in_test"": [], ""missing_in_train"": []}",{}
d2_beef_uncontrolled|tcn|classification|seed01|fold03,e1_main_d2,d2_beef_uncontrolled,tcn,classification,1,3,16,1.4.0,real,True,ok,,2026-09-21T09:48:28Z,12.2467659432441,6435,2145,,,3,1,99c64364d832,bcecf9757b7ab3b1,a60d157027a1,require_all_classes,"{""missing_in_test"": [], ""missing_in_train"": []}",{}
d2_beef_uncontrolled|tcn|classification|seed01|fold04,e1_main_d2,d2_beef_uncontrolled,tcn,classification,1,4,16,1.4.0,real,True,ok,,2026-09-21T09:49:10Z,12.837537421379238,6435,2145,,,3,1,fa4200209670,3a694ccc5a7ba042,a60d157027a1,require_all_classes,"{""missing_in_test"": [], ""missing_in_train"": []}",{}
d2_beef_uncontrolled|tcn|classification|seed02|fold00,e1_main_d2,d2_beef_uncontrolled,tcn,classification,2,0,16,1.4.0,real,True,ok,,2026-09-21T09:49:46Z,12.564810363110155,6435,2145,,,3,1,38e11e05422e,9028020e5850b241,a60d157027a1,require_all_classes,"{""missing_in_test"": [], ""missing_in_train"": []}",{}
d2_beef_uncontrolled|tcn|classification|seed02|fold01,e1_main_d2,d2_beef_uncontrolled,tcn,classification,2,1,16,1.4.0,real,True,ok,,2026-09-21T09:50:23Z,11.196481434628367,6435,2145,,,3,1,8a87c8dddc86,ab3842bc88ba6825,a60d157027a1,require_all_classes,"{""missing_in_test"": [], ""missing_in_train"": []}",{}
d2_beef_uncontrolled|tcn|classification|seed02|fold02,e1_main_d2,d2_beef_uncontrolled,tcn,classification,2,2,16,1.4.0,real,True,ok,,2026-09-21T09:51:01Z,10.476492695044726,6435,2145,,,3,1,545d378c28a6,932cd601dc37db79,a60d157027a1,require_all_classes,"{""missing_in_test"": [], ""missing_in_train"": []}",{}
d2_beef_uncontrolled|tcn|classification|seed02|fold03,e1_main_d2,d2_beef_uncontrolled,tcn,classification,2,3,16,1.4.0,real,True,ok,,2026-09-21T09:51:38Z,10.48419478116557,6435,2145,,,3,1,289906332a4f,da398e38c4989640,a60d157027a1,require_all_classes,"{""missing_in_test"": [], ""missing_in_train"": []}",{}
d2_beef_uncontrolled|tcn|classification|seed02|fold04,e1_main_d2,d2_beef_uncontrolled,tcn,classification,2,4,16,1.4.0,real,True,ok,,2026-09-21T09:52:14Z,10.56149241514504,6435,2145,,,3,1,202906f4d7e1,590dc2312ffbeb8a,a60d157027a1,require_all_classes,"{""missing_in_test"": [], ""missing_in_train"": []}",{}
d2_beef_uncontrolled|tcn|classification|seed03|fold00,e1_main_d2,d2_beef_uncontrolled,tcn,classification,3,0,16,1.4.0,real,True,ok,,2026-09-21T09:52:50Z,9.29723229398951,6435,2145,,,3,1,0e087c313624,b4eafc162f16b5c0,a60d157027a1,require_all_classes,"{""missing_in_test"": [], ""missing_in_train"": []}",{}
d2_beef_uncontrolled|tcn|classification|seed03|fold01,e1_main_d2,d2_beef_uncontrolled,tcn,classification,3,1,16,1.4.0,real,True,ok,,2026-09-21T09:53:30Z,12.564152040053159,6435,2145,,,3,1,ff41306bda71,d9f9ffdcf4bfb594,a60d157027a1,require_all_classes,"{""missing_in_test"": [], ""missing_in_train"": []}",{}
d2_beef_uncontrolled|tcn|classification|seed03|fold02,e1_main_d2,d2_beef_uncontrolled,tcn,classification,3,2,16,1.4.0,real,True,ok,,2026-09-21T09:54:09Z,10.542424011044204,6435,2145,,,3,1,31c8eaca9098,db5344babb308c10,a60d157027a1,require_all_classes,"{""missing_in_test"": [], ""missing_in_train"": []}",{}
d2_beef_uncontrolled|tcn|classification|seed03|fold03,e1_main_d2,d2_beef_uncontrolled,tcn,classification,3,3,16,1.4.0,real,True,ok,,2026-09-21T09:54:45Z,10.572511164937168,6435,2145,,,3,1,73fd7314e359,88a1bffdcbf87f75,a60d157027a1,require_all_classes,"{""missing_in_test"": [], ""missing_in_train"": []}",{}
d2_beef_uncontrolled|tcn|classification|seed03|fold04,e1_main_d2,d2_beef_uncontrolled,tcn,classification,3,4,16,1.4.0,real,True,ok,,2026-09-21T09:55:23Z,11.090266106184572,6435,2145,,,3,1,a4933ae9f507,5d7bd243922d302e,a60d157027a1,require_all_classes,"{""missing_in_test"": [], ""missing_in_train"": []}",{}
d2_beef_uncontrolled|tcn|classification|seed04|fold00,e1_main_d2,d2_beef_uncontrolled,tcn,classification,4,0,16,1.4.0,real,True,ok,,2026-09-21T09:56:00Z,13.255980027839541,6435,2145,,,3,1,ab20f229b2e5,3e4ea63c5b4e28cd,a60d157027a1,require_all_classes,"{""missing_in_test"": [], ""missing_in_train"": []}",{}
d2_beef_uncontrolled|tcn|classification|seed04|fold01,e1_main_d2,d2_beef_uncontrolled,tcn,classification,4,1,16,1.4.0,real,True,ok,,2026-09-21T09:56:38Z,12.544012682978064,6435,2145,,,3,1,6b2262999c63,86c141c3f68fcef4,a60d157027a1,require_all_classes,"{""missing_in_test"": [], ""missing_in_train"": []}",{}
d2_beef_uncontrolled|tcn|classification|seed04|fold02,e1_main_d2,d2_beef_uncontrolled,tcn,classification,4,2,16,1.4.0,real,True,ok,,2026-09-21T09:57:20Z,11.922161686234176,6435,2145,,,3,1,557db8e1a73e,69b4be8404f1d523,a60d157027a1,require_all_classes,"{""missing_in_test"": [], ""missing_in_train"": []}",{}
d2_beef_uncontrolled|tcn|classification|seed04|fold03,e1_main_d2,d2_beef_uncontrolled,tcn,classification,4,3,16,1.4.0,real,True,ok,,2026-09-21T09:58:02Z,12.657632746733725,6435,2145,,,3,1,9dd348ffc2ab,08c5e47836778560,a60d157027a1,require_all_classes,"{""missing_in_test"": [], ""missing_in_train"": []}",{}
d2_beef_uncontrolled|tcn|classification|seed04|fold04,e1_main_d2,d2_beef_uncontrolled,tcn,classification,4,4,16,1.4.0,real,True,ok,,2026-09-21T09:58:42Z,12.247779777739197,6435,2145,,,3,1,faf19bcdc9b9,12d52eb1895c2b94,a60d157027a1,require_all_classes,"{""missing_in_test"": [], ""missing_in_train"": []}",{}
d2_beef_uncontrolled|tcn|classification|seed05|fold00,e1_main_d2,d2_beef_uncontrolled,tcn,classification,5,0,16,1.4.0,real,True,ok,,2026-09-21T09:59:26Z,12.73300667013973,6435,2145,,,3,1,413cdd715162,c8a9575565d4827a,a60d157027a1,require_all_classes,"{""missing_in_test"": [], ""missing_in_train"": []}",{}
d2_beef_uncontrolled|tcn|classification|seed05|fold01,e1_main_d2,d2_beef_uncontrolled,tcn,classification,5,1,16,1.4.0,real,True,ok,,2026-09-21T10:00:07Z,12.923642815090716,6435,2145,,,3,1,a8b8c30a5944,ca5518309f81e6de,a60d157027a1,require_all_classes,"{""missing_in_test"": [], ""missing_in_train"": []}",{}
d2_beef_uncontrolled|tcn|classification|seed05|fold02,e1_main_d2,d2_beef_uncontrolled,tcn,classification,5,2,16,1.4.0,real,True,ok,,2026-09-21T10:00:49Z,12.69522203039378,6435,2145,,,3,1,9de5f792dc27,30a8a23a3df8fbaf,a60d157027a1,require_all_classes,"{""missing_in_test"": [], ""missing_in_train"": []}",{}
d2_beef_uncontrolled|tcn|classification|seed05|fold03,e1_main_d2,d2_beef_uncontrolled,tcn,classification,5,3,16,1.4.0,real,True,ok,,2026-09-21T10:01:32Z,12.759395505301654,6435,2145,,,3,1,a5838cf9641b,f1b2d921947a3555,a60d157027a1,require_all_classes,"{""missing_in_test"": [], ""missing_in_train"": []}",{}
d2_beef_uncontrolled|tcn|classification|seed05|fold04,e1_main_d2,d2_beef_uncontrolled,tcn,classification,5,4,16,1.4.0,real,True,ok,,2026-09-21T10:02:15Z,12.4610815779306,6435,2145,,,3,1,6eee1b95b6aa,7a06620def4f790c,a60d157027a1,require_all_classes,"{""missing_in_test"": [], ""missing_in_train"": []}",{}
d2_beef_uncontrolled|tcn|classification|seed06|fold00,e1_main_d2,d2_beef_uncontrolled,tcn,classification,6,0,16,1.4.0,real,True,ok,,2026-09-21T10:02:58Z,12.951074794866145,6435,2145,,,3,1,477c37a8ab73,cba1df87e32f7f9f,a60d157027a1,require_all_classes,"{""missing_in_test"": [], ""missing_in_train"": []}",{}
d2_beef_uncontrolled|tcn|classification|seed06|fold01,e1_main_d2,d2_beef_uncontrolled,tcn,classification,6,1,16,1.4.0,real,True,ok,,2026-09-21T10:03:43Z,12.896890630945563,6435,2145,,,3,1,1c2e3ba58278,5ff7675e91977331,a60d157027a1,require_all_classes,"{""missing_in_test"": [], ""missing_in_train"": []}",{}
d2_beef_uncontrolled|tcn|classification|seed06|fold02,e1_main_d2,d2_beef_uncontrolled,tcn,classification,6,2,16,1.4.0,real,True,ok,,2026-09-21T10:04:25Z,12.317950664553791,6435,2145,,,3,1,54ff457155dd,29437cd5b5a20b42,a60d157027a1,require_all_classes,"{""missing_in_test"": [], ""missing_in_train"": []}",{}
d2_beef_uncontrolled|tcn|classification|seed06|fold03,e1_main_d2,d2_beef_uncontrolled,tcn,classification,6,3,16,1.4.0,real,True,ok,,2026-09-21T10:05:07Z,12.540834058076143,6435,2145,,,3,1,a877630b86ff,25f2d89f96ad087b,a60d157027a1,require_all_classes,"{""missing_in_test"": [], ""missing_in_train"": []}",{}
d2_beef_uncontrolled|tcn|classification|seed06|fold04,e1_main_d2,d2_beef_uncontrolled,tcn,classification,6,4,16,1.4.0,real,True,ok,,2026-09-21T10:05:48Z,11.826013038866222,6435,2145,,,3,1,308afc6cb592,1ec153d853023621,a60d157027a1,require_all_classes,"{""missing_in_test"": [], ""missing_in_train"": []}",{}
d2_beef_uncontrolled|tcn|classification|seed07|fold00,e1_main_d2,d2_beef_uncontrolled,tcn,classification,7,0,16,1.4.0,real,True,ok,,2026-09-21T10:06:28Z,11.828980660066009,6435,2145,,,3,1,7b279b72dfb8,dd4acfb18b3783a9,a60d157027a1,require_all_classes,"{""missing_in_test"": [], ""missing_in_train"": []}",{}
d2_beef_uncontrolled|tcn|classification|seed07|fold01,e1_main_d2,d2_beef_uncontrolled,tcn,classification,7,1,16,1.4.0,real,True,ok,,2026-09-21T10:07:06Z,11.71601573890075,6435,2145,,,3,1,bb1e5578b9e3,49f3e795815934dc,a60d157027a1,require_all_classes,"{""missing_in_test"": [], ""missing_in_train"": []}",{}
d2_beef_uncontrolled|tcn|classification|seed07|fold02,e1_main_d2,d2_beef_uncontrolled,tcn,classification,7,2,16,1.4.0,real,True,ok,,2026-09-21T10:07:47Z,11.973321130033582,6435,2145,,,3,1,ba39acccb154,d7947d48466a221f,a60d157027a1,require_all_classes,"{""missing_in_test"": [], ""missing_in_train"": []}",{}
d2_beef_uncontrolled|tcn|classification|seed07|fold03,e1_main_d2,d2_beef_uncontrolled,tcn,classification,7,3,16,1.4.0,real,True,ok,,2026-09-21T10:08:29Z,12.135485955048352,6435,2145,,,3,1,4726b95fa672,eef7db0040afacb2,a60d157027a1,require_all_classes,"{""missing_in_test"": [], ""missing_in_train"": []}",{}
d2_beef_uncontrolled|tcn|classification|seed07|fold04,e1_main_d2,d2_beef_uncontrolled,tcn,classification,7,4,16,1.4.0,real,True,ok,,2026-09-21T10:09:07Z,10.822395947296172,6435,2145,,,3,1,2e34c9f360a4,a534dc6989d054ff,a60d157027a1,require_all_classes,"{""missing_in_test"": [], ""missing_in_train"": []}",{}
d2_beef_uncontrolled|tcn|classification|seed08|fold00,e1_main_d2,d2_beef_uncontrolled,tcn,classification,8,0,16,1.4.0,real,True,ok,,2026-09-21T10:09:47Z,10.201818638015538,6435,2145,,,3,1,760fd382be4c,77c70d44ade07257,a60d157027a1,require_all_classes,"{""missing_in_test"": [], ""missing_in_train"": []}",{}
d2_beef_uncontrolled|tcn|classification|seed08|fold01,e1_main_d2,d2_beef_uncontrolled,tcn,classification,8,1,16,1.4.0,real,True,ok,,2026-09-21T10:10:28Z,12.717828571796417,6435,2145,,,3,1,f60758215a07,0d55aca07ab43fbb,a60d157027a1,require_all_classes,"{""missing_in_test"": [], ""missing_in_train"": []}",{}
d2_beef_uncontrolled|tcn|classification|seed08|fold02,e1_main_d2,d2_beef_uncontrolled,tcn,classification,8,2,16,1.4.0,real,True,ok,,2026-09-21T10:11:07Z,12.208276751916856,6435,2145,,,3,1,b12aea5b360e,04527b467f65b221,a60d157027a1,require_all_classes,"{""missing_in_test"": [], ""missing_in_train"": []}",{}
d2_beef_uncontrolled|tcn|classification|seed08|fold03,e1_main_d2,d2_beef_uncontrolled,tcn,classification,8,3,16,1.4.0,real,True,ok,,2026-09-21T10:11:50Z,12.86432630289346,6435,2145,,,3,1,d24ce02cae99,4cd1340bc5edf946,a60d157027a1,require_all_classes,"{""missing_in_test"": [], ""missing_in_train"": []}",{}
d2_beef_uncontrolled|tcn|classification|seed08|fold04,e1_main_d2,d2_beef_uncontrolled,tcn,classification,8,4,16,1.4.0,real,True,ok,,2026-09-21T10:12:31Z,11.902877250220627,6435,2145,,,3,1,02ddc5401296,e5ef8f766ac6367c,a60d157027a1,require_all_classes,"{""missing_in_test"": [], ""missing_in_train"": []}",{}
d2_beef_uncontrolled|tcn|classification|seed09|fold00,e1_main_d2,d2_beef_uncontrolled,tcn,classification,9,0,16,1.4.0,real,True,ok,,2026-09-21T10:13:12Z,12.384044253733009,6435,2145,,,3,1,523607d0ddee,0e18c537ba9e6011,a60d157027a1,require_all_classes,"{""missing_in_test"": [], ""missing_in_train"": []}",{}
d2_beef_uncontrolled|tcn|classification|seed09|fold01,e1_main_d2,d2_beef_uncontrolled,tcn,classification,9,1,16,1.4.0,real,True,ok,,2026-09-21T10:13:55Z,12.780386907048523,6435,2145,,,3,1,de265fd108a1,1f00cc6bb5e82ecc,a60d157027a1,require_all_classes,"{""missing_in_test"": [], ""missing_in_train"": []}",{}
d2_beef_uncontrolled|tcn|classification|seed09|fold02,e1_main_d2,d2_beef_uncontrolled,tcn,classification,9,2,16,1.4.0,real,True,ok,,2026-09-21T10:14:36Z,12.42889678478241,6435,2145,,,3,1,9a76beab3005,457c4d9280443109,a60d157027a1,require_all_classes,"{""missing_in_test"": [], ""missing_in_train"": []}",{}
d2_beef_uncontrolled|tcn|classification|seed09|fold03,e1_main_d2,d2_beef_uncontrolled,tcn,classification,9,3,16,1.4.0,real,True,ok,,2026-09-21T10:15:15Z,10.759639384690672,6435,2145,,,3,1,bcc42ac9806b,b3fe629f8d783d3d,a60d157027a1,require_all_classes,"{""missing_in_test"": [], ""missing_in_train"": []}",{}
d2_beef_uncontrolled|tcn|classification|seed09|fold04,e1_main_d2,d2_beef_uncontrolled,tcn,classification,9,4,16,1.4.0,real,True,ok,,2026-09-21T10:15:55Z,12.418861451093107,6435,2145,,,3,1,3b4893542c85,52c7b538262ff0b6,a60d157027a1,require_all_classes,"{""missing_in_test"": [], ""missing_in_train"": []}",{}
d2_beef_uncontrolled|tcn|regression|seed00|fold00,e1_main_d2,d2_beef_uncontrolled,tcn,regression,0,0,16,1.4.0,real,True,ok,,2026-09-21T09:43:29Z,10.83934013498947,6435,2145,,,3,1,20a70c561f8e,64841ff5aa6d070d,a60d157027a1,require_all_classes,"{""missing_in_test"": [], ""missing_in_train"": []}",{}
d2_beef_uncontrolled|tcn|regression|seed00|fold01,e1_main_d2,d2_beef_uncontrolled,tcn,regression,0,1,16,1.4.0,real,True,ok,,2026-09-21T09:44:09Z,12.308800757862628,6435,2145,,,3,1,6c9ef01abdf9,fc711678889a1de4,a60d157027a1,require_all_classes,"{""missing_in_test"": [], ""missing_in_train"": []}",{}
d2_beef_uncontrolled|tcn|regression|seed00|fold02,e1_main_d2,d2_beef_uncontrolled,tcn,regression,0,2,16,1.4.0,real,True,ok,,2026-09-21T09:44:47Z,9.053663482889533,6435,2145,,,3,1,8f5d6031eff3,d8b7c098517e768e,a60d157027a1,require_all_classes,"{""missing_in_test"": [], ""missing_in_train"": []}",{}
d2_beef_uncontrolled|tcn|regression|seed00|fold03,e1_main_d2,d2_beef_uncontrolled,tcn,regression,0,3,16,1.4.0,real,True,ok,,2026-09-21T09:45:24Z,10.282580002211034,6435,2145,,,3,1,940f76d29b89,93bfc1c72e383592,a60d157027a1,require_all_classes,"{""missing_in_test"": [], ""missing_in_train"": []}",{}
d2_beef_uncontrolled|tcn|regression|seed00|fold04,e1_main_d2,d2_beef_uncontrolled,tcn,regression,0,4,16,1.4.0,real,True,ok,,2026-09-21T09:46:06Z,12.14020827319473,6435,2145,,,3,1,b01bbf6f9575,4ac3ff1fc640e572,a60d157027a1,require_all_classes,"{""missing_in_test"": [], ""missing_in_train"": []}",{}
d2_beef_uncontrolled|tcn|regression|seed01|fold00,e1_main_d2,d2_beef_uncontrolled,tcn,regression,1,0,16,1.4.0,real,True,ok,,2026-09-21T09:46:44Z,9.040523594710976,6435,2145,,,3,1,92d667f81d03,16ede4f5521c4fd2,a60d157027a1,require_all_classes,"{""missing_in_test"": [], ""missing_in_train"": []}",{}
d2_beef_uncontrolled|tcn|regression|seed01|fold01,e1_main_d2,d2_beef_uncontrolled,tcn,regression,1,1,16,1.4.0,real,True,ok,,2026-09-21T09:47:22Z,12.259306046646088,6435,2145,,,3,1,63eaca80ac77,325449225e4fa1a2,a60d157027a1,require_all_classes,"{""missing_in_test"": [], ""missing_in_train"": []}",{}
d2_beef_uncontrolled|tcn|regression|seed01|fold02,e1_main_d2,d2_beef_uncontrolled,tcn,regression,1,2,16,1.4.0,real,True,ok,,2026-09-21T09:48:01Z,9.87200220907107,6435,2145,,,3,1,14ed105fd91e,289de527187c4019,a60d157027a1,require_all_classes,"{""missing_in_test"": [], ""missing_in_train"": []}",{}
d2_beef_uncontrolled|tcn|regression|seed01|fold03,e1_main_d2,d2_beef_uncontrolled,tcn,regression,1,3,16,1.4.0,real,True,ok,,2026-09-21T09:48:40Z,11.201227490324527,6435,2145,,,3,1,99c64364d832,ad7b21e5c4882d49,a60d157027a1,require_all_classes,"{""missing_in_test"": [], ""missing_in_train"": []}",{}
d2_beef_uncontrolled|tcn|regression|seed01|fold04,e1_main_d2,d2_beef_uncontrolled,tcn,regression,1,4,16,1.4.0,real,True,ok,,2026-09-21T09:49:20Z,10.250192982610315,6435,2145,,,3,1,fa4200209670,6d318389694b6388,a60d157027a1,require_all_classes,"{""missing_in_test"": [], ""missing_in_train"": []}",{}
d2_beef_uncontrolled|tcn|regression|seed02|fold00,e1_main_d2,d2_beef_uncontrolled,tcn,regression,2,0,16,1.4.0,real,True,ok,,2026-09-21T09:49:59Z,12.59735198225826,6435,2145,,,3,1,38e11e05422e,24fba028b77ee35f,a60d157027a1,require_all_classes,"{""missing_in_test"": [], ""missing_in_train"": []}",{}
d2_beef_uncontrolled|tcn|regression|seed02|fold01,e1_main_d2,d2_beef_uncontrolled,tcn,regression,2,1,16,1.4.0,real,True,ok,,2026-09-21T09:50:36Z,12.751521088182926,6435,2145,,,3,1,8a87c8dddc86,fc3772b791579857,a60d157027a1,require_all_classes,"{""missing_in_test"": [], ""missing_in_train"": []}",{}
d2_beef_uncontrolled|tcn|regression|seed02|fold02,e1_main_d2,d2_beef_uncontrolled,tcn,regression,2,2,16,1.4.0,real,True,ok,,2026-09-21T09:51:13Z,12.1272296551615,6435,2145,,,3,1,545d378c28a6,7966d979e0172f25,a60d157027a1,require_all_classes,"{""missing_in_test"": [], ""missing_in_train"": []}",{}
d2_beef_uncontrolled|tcn|regression|seed02|fold03,e1_main_d2,d2_beef_uncontrolled,tcn,regression,2,3,16,1.4.0,real,True,ok,,2026-09-21T09:51:49Z,11.132401927839965,6435,2145,,,3,1,289906332a4f,7531d487d3e08c88,a60d157027a1,require_all_classes,"{""missing_in_test"": [], ""missing_in_train"": []}",{}
d2_beef_uncontrolled|tcn|regression|seed02|fold04,e1_main_d2,d2_beef_uncontrolled,tcn,regression,2,4,16,1.4.0,real,True,ok,,2026-09-21T09:52:27Z,12.407921752426773,6435,2145,,,3,1,202906f4d7e1,3585d3422c913a16,a60d157027a1,require_all_classes,"{""missing_in_test"": [], ""missing_in_train"": []}",{}
d2_beef_uncontrolled|tcn|regression|seed03|fold00,e1_main_d2,d2_beef_uncontrolled,tcn,regression,3,0,16,1.4.0,real,True,ok,,2026-09-21T09:53:01Z,11.005293649155647,6435,2145,,,3,1,0e087c313624,6f1c669b90c37584,a60d157027a1,require_all_classes,"{""missing_in_test"": [], ""missing_in_train"": []}",{}
d2_beef_uncontrolled|tcn|regression|seed03|fold01,e1_main_d2,d2_beef_uncontrolled,tcn,regression,3,1,16,1.4.0,real,True,ok,,2026-09-21T09:53:41Z,11.193711854051799,6435,2145,,,3,1,ff41306bda71,b2dfa5302046c37b,a60d157027a1,require_all_classes,"{""missing_in_test"": [], ""missing_in_train"": []}",{}
d2_beef_uncontrolled|tcn|regression|seed03|fold02,e1_main_d2,d2_beef_uncontrolled,tcn,regression,3,2,16,1.4.0,real,True,ok,,2026-09-21T09:54:19Z,10.271835876163095,6435,2145,,,3,1,31c8eaca9098,b8654780e9fbd1ef,a60d157027a1,require_all_classes,"{""missing_in_test"": [], ""missing_in_train"": []}",{}
d2_beef_uncontrolled|tcn|regression|seed03|fold03,e1_main_d2,d2_beef_uncontrolled,tcn,regression,3,3,16,1.4.0,real,True,ok,,2026-09-21T09:54:57Z,12.332835310138762,6435,2145,,,3,1,73fd7314e359,9f7ac0c92185b43f,a60d157027a1,require_all_classes,"{""missing_in_test"": [], ""missing_in_train"": []}",{}
d2_beef_uncontrolled|tcn|regression|seed03|fold04,e1_main_d2,d2_beef_uncontrolled,tcn,regression,3,4,16,1.4.0,real,True,ok,,2026-09-21T09:55:33Z,9.712915290147066,6435,2145,,,3,1,a4933ae9f507,5214a7aaf6e8aa43,a60d157027a1,require_all_classes,"{""missing_in_test"": [], ""missing_in_train"": []}",{}
d2_beef_uncontrolled|tcn|regression|seed04|fold00,e1_main_d2,d2_beef_uncontrolled,tcn,regression,4,0,16,1.4.0,real,True,ok,,2026-09-21T09:56:12Z,11.621546145994216,6435,2145,,,3,1,ab20f229b2e5,a09cf71aa53ce5f5,a60d157027a1,require_all_classes,"{""missing_in_test"": [], ""missing_in_train"": []}",{}
d2_beef_uncontrolled|tcn|regression|seed04|fold01,e1_main_d2,d2_beef_uncontrolled,tcn,regression,4,1,16,1.4.0,real,True,ok,,2026-09-21T09:56:51Z,12.573690015822649,6435,2145,,,3,1,6b2262999c63,79de2e54ceae1f10,a60d157027a1,require_all_classes,"{""missing_in_test"": [], ""missing_in_train"": []}",{}
d2_beef_uncontrolled|tcn|regression|seed04|fold02,e1_main_d2,d2_beef_uncontrolled,tcn,regression,4,2,16,1.4.0,real,True,ok,,2026-09-21T09:57:32Z,12.507164170965552,6435,2145,,,3,1,557db8e1a73e,bbdc3e2b99dbb1ce,a60d157027a1,require_all_classes,"{""missing_in_test"": [], ""missing_in_train"": []}",{}
d2_beef_uncontrolled|tcn|regression|seed04|fold03,e1_main_d2,d2_beef_uncontrolled,tcn,regression,4,3,16,1.4.0,real,True,ok,,2026-09-21T09:58:15Z,12.779523939825594,6435,2145,,,3,1,9dd348ffc2ab,46407c759bb84460,a60d157027a1,require_all_classes,"{""missing_in_test"": [], ""missing_in_train"": []}",{}
d2_beef_uncontrolled|tcn|regression|seed04|fold04,e1_main_d2,d2_beef_uncontrolled,tcn,regression,4,4,16,1.4.0,real,True,ok,,2026-09-21T09:58:55Z,12.580560645088553,6435,2145,,,3,1,faf19bcdc9b9,dac375fe52031e90,a60d157027a1,require_all_classes,"{""missing_in_test"": [], ""missing_in_train"": []}",{}
d2_beef_uncontrolled|tcn|regression|seed05|fold00,e1_main_d2,d2_beef_uncontrolled,tcn,regression,5,0,16,1.4.0,real,True,ok,,2026-09-21T09:59:38Z,12.069268605671823,6435,2145,,,3,1,413cdd715162,4d42cd626a09cb7a,a60d157027a1,require_all_classes,"{""missing_in_test"": [], ""missing_in_train"": []}",{}
d2_beef_uncontrolled|tcn|regression|seed05|fold01,e1_main_d2,d2_beef_uncontrolled,tcn,regression,5,1,16,1.4.0,real,True,ok,,2026-09-21T10:00:20Z,12.800941741093993,6435,2145,,,3,1,a8b8c30a5944,28523f9d8bc31865,a60d157027a1,require_all_classes,"{""missing_in_test"": [], ""missing_in_train"": []}",{}
d2_beef_uncontrolled|tcn|regression|seed05|fold02,e1_main_d2,d2_beef_uncontrolled,tcn,regression,5,2,16,1.4.0,real,True,ok,,2026-09-21T10:01:01Z,12.748812752310187,6435,2145,,,3,1,9de5f792dc27,2229579482b3a8cd,a60d157027a1,require_all_classes,"{""missing_in_test"": [], ""missing_in_train"": []}",{}
d2_beef_uncontrolled|tcn|regression|seed05|fold03,e1_main_d2,d2_beef_uncontrolled,tcn,regression,5,3,16,1.4.0,real,True,ok,,2026-09-21T10:01:45Z,12.63030004920438,6435,2145,,,3,1,a5838cf9641b,8ee9acbc3058ca07,a60d157027a1,require_all_classes,"{""missing_in_test"": [], ""missing_in_train"": []}",{}
d2_beef_uncontrolled|tcn|regression|seed05|fold04,e1_main_d2,d2_beef_uncontrolled,tcn,regression,5,4,16,1.4.0,real,True,ok,,2026-09-21T10:02:27Z,12.385236399248242,6435,2145,,,3,1,6eee1b95b6aa,5bf0aaa41366f490,a60d157027a1,require_all_classes,"{""missing_in_test"": [], ""missing_in_train"": []}",{}
d2_beef_uncontrolled|tcn|regression|seed06|fold00,e1_main_d2,d2_beef_uncontrolled,tcn,regression,6,0,16,1.4.0,real,True,ok,,2026-09-21T10:03:13Z,14.532365650869906,6435,2145,,,3,1,477c37a8ab73,9c50d83946f14202,a60d157027a1,require_all_classes,"{""missing_in_test"": [], ""missing_in_train"": []}",{}
d2_beef_uncontrolled|tcn|regression|seed06|fold01,e1_main_d2,d2_beef_uncontrolled,tcn,regression,6,1,16,1.4.0,real,True,ok,,2026-09-21T10:03:56Z,12.247222997248173,6435,2145,,,3,1,1c2e3ba58278,5ca3e9d64a2ce5a5,a60d157027a1,require_all_classes,"{""missing_in_test"": [], ""missing_in_train"": []}",{}
d2_beef_uncontrolled|tcn|regression|seed06|fold02,e1_main_d2,d2_beef_uncontrolled,tcn,regression,6,2,16,1.4.0,real,True,ok,,2026-09-21T10:04:37Z,12.496502507012337,6435,2145,,,3,1,54ff457155dd,5e0ff8dae529de8a,a60d157027a1,require_all_classes,"{""missing_in_test"": [], ""missing_in_train"": []}",{}
d2_beef_uncontrolled|tcn|regression|seed06|fold03,e1_main_d2,d2_beef_uncontrolled,tcn,regression,6,3,16,1.4.0,real,True,ok,,2026-09-21T10:05:19Z,12.348007129970938,6435,2145,,,3,1,a877630b86ff,4baa841604713224,a60d157027a1,require_all_classes,"{""missing_in_test"": [], ""missing_in_train"": []}",{}
d2_beef_uncontrolled|tcn|regression|seed06|fold04,e1_main_d2,d2_beef_uncontrolled,tcn,regression,6,4,16,1.4.0,real,True,ok,,2026-09-21T10:05:59Z,11.883248802740127,6435,2145,,,3,1,308afc6cb592,8f7a956ef3ab6706,a60d157027a1,require_all_classes,"{""missing_in_test"": [], ""missing_in_train"": []}",{}
d2_beef_uncontrolled|tcn|regression|seed07|fold00,e1_main_d2,d2_beef_uncontrolled,tcn,regression,7,0,16,1.4.0,real,True,ok,,2026-09-21T10:06:38Z,9.557328708004206,6435,2145,,,3,1,7b279b72dfb8,006b2f77cac55cfa,a60d157027a1,require_all_classes,"{""missing_in_test"": [], ""missing_in_train"": []}",{}
d2_beef_uncontrolled|tcn|regression|seed07|fold01,e1_main_d2,d2_beef_uncontrolled,tcn,regression,7,1,16,1.4.0,real,True,ok,,2026-09-21T10:07:18Z,12.285899378824979,6435,2145,,,3,1,bb1e5578b9e3,e484b985d419cbf7,a60d157027a1,require_all_classes,"{""missing_in_test"": [], ""missing_in_train"": []}",{}
d2_beef_uncontrolled|tcn|regression|seed07|fold02,e1_main_d2,d2_beef_uncontrolled,tcn,regression,7,2,16,1.4.0,real,True,ok,,2026-09-21T10:08:00Z,13.708001332823187,6435,2145,,,3,1,ba39acccb154,d6695dd4134ecd69,a60d157027a1,require_all_classes,"{""missing_in_test"": [], ""missing_in_train"": []}",{}
d2_beef_uncontrolled|tcn|regression|seed07|fold03,e1_main_d2,d2_beef_uncontrolled,tcn,regression,7,3,16,1.4.0,real,True,ok,,2026-09-21T10:08:41Z,12.055095057934523,6435,2145,,,3,1,4726b95fa672,02aaeb3e57dbc6a7,a60d157027a1,require_all_classes,"{""missing_in_test"": [], ""missing_in_train"": []}",{}
d2_beef_uncontrolled|tcn|regression|seed07|fold04,e1_main_d2,d2_beef_uncontrolled,tcn,regression,7,4,16,1.4.0,real,True,ok,,2026-09-21T10:09:19Z,11.806153551209718,6435,2145,,,3,1,2e34c9f360a4,dc055284f57be6f2,a60d157027a1,require_all_classes,"{""missing_in_test"": [], ""missing_in_train"": []}",{}
d2_beef_uncontrolled|tcn|regression|seed08|fold00,e1_main_d2,d2_beef_uncontrolled,tcn,regression,8,0,16,1.4.0,real,True,ok,,2026-09-21T10:09:56Z,9.728158624842763,6435,2145,,,3,1,760fd382be4c,e6399a7f90d0ebd6,a60d157027a1,require_all_classes,"{""missing_in_test"": [], ""missing_in_train"": []}",{}
d2_beef_uncontrolled|tcn|regression|seed08|fold01,e1_main_d2,d2_beef_uncontrolled,tcn,regression,8,1,16,1.4.0,real,True,ok,,2026-09-21T10:10:39Z,11.480815234594047,6435,2145,,,3,1,f60758215a07,050e8a2971d5d933,a60d157027a1,require_all_classes,"{""missing_in_test"": [], ""missing_in_train"": []}",{}
d2_beef_uncontrolled|tcn|regression|seed08|fold02,e1_main_d2,d2_beef_uncontrolled,tcn,regression,8,2,16,1.4.0,real,True,ok,,2026-09-21T10:11:20Z,12.449191525112838,6435,2145,,,3,1,b12aea5b360e,fc6805f77d05e77d,a60d157027a1,require_all_classes,"{""missing_in_test"": [], ""missing_in_train"": []}",{}
d2_beef_uncontrolled|tcn|regression|seed08|fold03,e1_main_d2,d2_beef_uncontrolled,tcn,regression,8,3,16,1.4.0,real,True,ok,,2026-09-21T10:12:03Z,12.366812861058861,6435,2145,,,3,1,d24ce02cae99,d5d96c02015730bd,a60d157027a1,require_all_classes,"{""missing_in_test"": [], ""missing_in_train"": []}",{}
d2_beef_uncontrolled|tcn|regression|seed08|fold04,e1_main_d2,d2_beef_uncontrolled,tcn,regression,8,4,16,1.4.0,real,True,ok,,2026-09-21T10:12:43Z,11.996285933069885,6435,2145,,,3,1,02ddc5401296,b55a2aba79fda428,a60d157027a1,require_all_classes,"{""missing_in_test"": [], ""missing_in_train"": []}",{}
d2_beef_uncontrolled|tcn|regression|seed09|fold00,e1_main_d2,d2_beef_uncontrolled,tcn,regression,9,0,16,1.4.0,real,True,ok,,2026-09-21T10:13:25Z,12.736161184962839,6435,2145,,,3,1,523607d0ddee,847e76e2eeba8fb7,a60d157027a1,require_all_classes,"{""missing_in_test"": [], ""missing_in_train"": []}",{}
d2_beef_uncontrolled|tcn|regression|seed09|fold01,e1_main_d2,d2_beef_uncontrolled,tcn,regression,9,1,16,1.4.0,real,True,ok,,2026-09-21T10:14:07Z,11.312625953927636,6435,2145,,,3,1,de265fd108a1,fd857342533a82c5,a60d157027a1,require_all_classes,"{""missing_in_test"": [], ""missing_in_train"": []}",{}
d2_beef_uncontrolled|tcn|regression|seed09|fold02,e1_main_d2,d2_beef_uncontrolled,tcn,regression,9,2,16,1.4.0,real,True,ok,,2026-09-21T10:14:48Z,12.453648748807609,6435,2145,,,3,1,9a76beab3005,214a6de8fcd758da,a60d157027a1,require_all_classes,"{""missing_in_test"": [], ""missing_in_train"": []}",{}
d2_beef_uncontrolled|tcn|regression|seed09|fold03,e1_main_d2,d2_beef_uncontrolled,tcn,regression,9,3,16,1.4.0,real,True,ok,,2026-09-21T10:15:27Z,12.063035999890417,6435,2145,,,3,1,bcc42ac9806b,ae6244c922fae719,a60d157027a1,require_all_classes,"{""missing_in_test"": [], ""missing_in_train"": []}",{}
d2_beef_uncontrolled|tcn|regression|seed09|fold04,e1_main_d2,d2_beef_uncontrolled,tcn,regression,9,4,16,1.4.0,real,True,ok,,2026-09-21T10:16:07Z,12.032771326135844,6435,2145,,,3,1,3b4893542c85,ddedc2f8cac83861,a60d157027a1,require_all_classes,"{""missing_in_test"": [], ""missing_in_train"": []}",{}
d2_beef_uncontrolled|xgboost|classification|seed00|fold00,e1_main_d2,d2_beef_uncontrolled,xgboost,classification,0,0,16,1.4.0,real,True,ok,,2026-09-21T09:43:08Z,2.8726662690751255,6435,2145,,,3,1,20a70c561f8e,fdaed0a1e0cb0386,c84d501b1a72,require_all_classes,"{""missing_in_test"": [], ""missing_in_train"": []}",{}
d2_beef_uncontrolled|xgboost|classification|seed00|fold01,e1_main_d2,d2_beef_uncontrolled,xgboost,classification,0,1,16,1.4.0,real,True,ok,,2026-09-21T09:43:26Z,2.8196961488574743,6435,2145,,,3,1,6c9ef01abdf9,0383e950145c5a64,c84d501b1a72,require_all_classes,"{""missing_in_test"": [], ""missing_in_train"": []}",{}
d2_beef_uncontrolled|xgboost|classification|seed00|fold02,e1_main_d2,d2_beef_uncontrolled,xgboost,classification,0,2,16,1.4.0,real,True,ok,,2026-09-21T09:43:42Z,2.644950484856963,6435,2145,,,3,1,8f5d6031eff3,47c3cfda0c06cd48,c84d501b1a72,require_all_classes,"{""missing_in_test"": [], ""missing_in_train"": []}",{}
d2_beef_uncontrolled|xgboost|classification|seed00|fold03,e1_main_d2,d2_beef_uncontrolled,xgboost,classification,0,3,16,1.4.0,real,True,ok,,2026-09-21T09:43:59Z,2.741229140199721,6435,2145,,,3,1,940f76d29b89,f0b26cf70cabfb01,c84d501b1a72,require_all_classes,"{""missing_in_test"": [], ""missing_in_train"": []}",{}
d2_beef_uncontrolled|xgboost|classification|seed00|fold04,e1_main_d2,d2_beef_uncontrolled,xgboost,classification,0,4,16,1.4.0,real,True,ok,,2026-09-21T09:44:16Z,2.571310209110379,6435,2145,,,3,1,b01bbf6f9575,68415612bddb7900,c84d501b1a72,require_all_classes,"{""missing_in_test"": [], ""missing_in_train"": []}",{}
d2_beef_uncontrolled|xgboost|classification|seed01|fold00,e1_main_d2,d2_beef_uncontrolled,xgboost,classification,1,0,16,1.4.0,real,True,ok,,2026-09-21T09:44:33Z,2.4770895279943943,6435,2145,,,3,1,92d667f81d03,237c49bba12438cd,c84d501b1a72,require_all_classes,"{""missing_in_test"": [], ""missing_in_train"": []}",{}
d2_beef_uncontrolled|xgboost|classification|seed01|fold01,e1_main_d2,d2_beef_uncontrolled,xgboost,classification,1,1,16,1.4.0,real,True,ok,,2026-09-21T09:44:50Z,2.727596404030919,6435,2145,,,3,1,63eaca80ac77,0477a9bc115b3c55,c84d501b1a72,require_all_classes,"{""missing_in_test"": [], ""missing_in_train"": []}",{}
d2_beef_uncontrolled|xgboost|classification|seed01|fold02,e1_main_d2,d2_beef_uncontrolled,xgboost,classification,1,2,16,1.4.0,real,True,ok,,2026-09-21T09:45:07Z,2.6702406420372427,6435,2145,,,3,1,14ed105fd91e,73593e9c7aa73f66,c84d501b1a72,require_all_classes,"{""missing_in_test"": [], ""missing_in_train"": []}",{}
d2_beef_uncontrolled|xgboost|classification|seed01|fold03,e1_main_d2,d2_beef_uncontrolled,xgboost,classification,1,3,16,1.4.0,real,True,ok,,2026-09-21T09:45:24Z,2.711154176853597,6435,2145,,,3,1,99c64364d832,9763d142cb3d8ce1,c84d501b1a72,require_all_classes,"{""missing_in_test"": [], ""missing_in_train"": []}",{}
d2_beef_uncontrolled|xgboost|classification|seed01|fold04,e1_main_d2,d2_beef_uncontrolled,xgboost,classification,1,4,16,1.4.0,real,True,ok,,2026-09-21T09:45:41Z,2.9106660247780383,6435,2145,,,3,1,fa4200209670,d8232faacd4cc0bf,c84d501b1a72,require_all_classes,"{""missing_in_test"": [], ""missing_in_train"": []}",{}
d2_beef_uncontrolled|xgboost|classification|seed02|fold00,e1_main_d2,d2_beef_uncontrolled,xgboost,classification,2,0,16,1.4.0,real,True,ok,,2026-09-21T09:45:57Z,2.355933638755232,6435,2145,,,3,1,38e11e05422e,4b9fcbe189d5af02,c84d501b1a72,require_all_classes,"{""missing_in_test"": [], ""missing_in_train"": []}",{}
d2_beef_uncontrolled|xgboost|classification|seed02|fold01,e1_main_d2,d2_beef_uncontrolled,xgboost,classification,2,1,16,1.4.0,real,True,ok,,2026-09-21T09:46:14Z,2.6583882281556726,6435,2145,,,3,1,8a87c8dddc86,aefc3f08164b8bdd,c84d501b1a72,require_all_classes,"{""missing_in_test"": [], ""missing_in_train"": []}",{}
d2_beef_uncontrolled|xgboost|classification|seed02|fold02,e1_main_d2,d2_beef_uncontrolled,xgboost,classification,2,2,16,1.4.0,real,True,ok,,2026-09-21T09:46:31Z,3.0075360499322414,6435,2145,,,3,1,545d378c28a6,2805a8b409473d2b,c84d501b1a72,require_all_classes,"{""missing_in_test"": [], ""missing_in_train"": []}",{}
d2_beef_uncontrolled|xgboost|classification|seed02|fold03,e1_main_d2,d2_beef_uncontrolled,xgboost,classification,2,3,16,1.4.0,real,True,ok,,2026-09-21T09:46:48Z,2.6126821632497013,6435,2145,,,3,1,289906332a4f,52948be81d9e8a8b,c84d501b1a72,require_all_classes,"{""missing_in_test"": [], ""missing_in_train"": []}",{}
d2_beef_uncontrolled|xgboost|classification|seed02|fold04,e1_main_d2,d2_beef_uncontrolled,xgboost,classification,2,4,16,1.4.0,real,True,ok,,2026-09-21T09:47:05Z,2.523462874814868,6435,2145,,,3,1,202906f4d7e1,d0d64e4da36ed101,c84d501b1a72,require_all_classes,"{""missing_in_test"": [], ""missing_in_train"": []}",{}
d2_beef_uncontrolled|xgboost|classification|seed03|fold00,e1_main_d2,d2_beef_uncontrolled,xgboost,classification,3,0,16,1.4.0,real,True,ok,,2026-09-21T09:47:21Z,2.4688213178887963,6435,2145,,,3,1,0e087c313624,0ac5464829dd85ea,c84d501b1a72,require_all_classes,"{""missing_in_test"": [], ""missing_in_train"": []}",{}
d2_beef_uncontrolled|xgboost|classification|seed03|fold01,e1_main_d2,d2_beef_uncontrolled,xgboost,classification,3,1,16,1.4.0,real,True,ok,,2026-09-21T09:47:39Z,2.330680581741035,6435,2145,,,3,1,ff41306bda71,938e02247488b422,c84d501b1a72,require_all_classes,"{""missing_in_test"": [], ""missing_in_train"": []}",{}
d2_beef_uncontrolled|xgboost|classification|seed03|fold02,e1_main_d2,d2_beef_uncontrolled,xgboost,classification,3,2,16,1.4.0,real,True,ok,,2026-09-21T09:47:54Z,2.3453141478821635,6435,2145,,,3,1,31c8eaca9098,f346d74e218cb1f6,c84d501b1a72,require_all_classes,"{""missing_in_test"": [], ""missing_in_train"": []}",{}
d2_beef_uncontrolled|xgboost|classification|seed03|fold03,e1_main_d2,d2_beef_uncontrolled,xgboost,classification,3,3,16,1.4.0,real,True,ok,,2026-09-21T09:48:09Z,2.434400049969554,6435,2145,,,3,1,73fd7314e359,a113ce444705f157,c84d501b1a72,require_all_classes,"{""missing_in_test"": [], ""missing_in_train"": []}",{}
d2_beef_uncontrolled|xgboost|classification|seed03|fold04,e1_main_d2,d2_beef_uncontrolled,xgboost,classification,3,4,16,1.4.0,real,True,ok,,2026-09-21T09:48:26Z,2.320406406186521,6435,2145,,,3,1,a4933ae9f507,c0f60968e3ea6ff3,c84d501b1a72,require_all_classes,"{""missing_in_test"": [], ""missing_in_train"": []}",{}
d2_beef_uncontrolled|xgboost|classification|seed04|fold00,e1_main_d2,d2_beef_uncontrolled,xgboost,classification,4,0,16,1.4.0,real,True,ok,,2026-09-21T09:48:41Z,2.1690046531148255,6435,2145,,,3,1,ab20f229b2e5,3255fa2501ea1f6d,c84d501b1a72,require_all_classes,"{""missing_in_test"": [], ""missing_in_train"": []}",{}
d2_beef_uncontrolled|xgboost|classification|seed04|fold01,e1_main_d2,d2_beef_uncontrolled,xgboost,classification,4,1,16,1.4.0,real,True,ok,,2026-09-21T09:48:57Z,2.227292593102902,6435,2145,,,3,1,6b2262999c63,f41db2ff0d499620,c84d501b1a72,require_all_classes,"{""missing_in_test"": [], ""missing_in_train"": []}",{}
d2_beef_uncontrolled|xgboost|classification|seed04|fold02,e1_main_d2,d2_beef_uncontrolled,xgboost,classification,4,2,16,1.4.0,real,True,ok,,2026-09-21T09:49:12Z,2.28860872797668,6435,2145,,,3,1,557db8e1a73e,c33948e3b6428967,c84d501b1a72,require_all_classes,"{""missing_in_test"": [], ""missing_in_train"": []}",{}
d2_beef_uncontrolled|xgboost|classification|seed04|fold03,e1_main_d2,d2_beef_uncontrolled,xgboost,classification,4,3,16,1.4.0,real,True,ok,,2026-09-21T09:49:27Z,2.2258107103407383,6435,2145,,,3,1,9dd348ffc2ab,9d02b9151977e8dd,c84d501b1a72,require_all_classes,"{""missing_in_test"": [], ""missing_in_train"": []}",{}
d2_beef_uncontrolled|xgboost|classification|seed04|fold04,e1_main_d2,d2_beef_uncontrolled,xgboost,classification,4,4,16,1.4.0,real,True,ok,,2026-09-21T09:49:43Z,2.298033582046628,6435,2145,,,3,1,faf19bcdc9b9,c6bba65e7327fc18,c84d501b1a72,require_all_classes,"{""missing_in_test"": [], ""missing_in_train"": []}",{}
d2_beef_uncontrolled|xgboost|classification|seed05|fold00,e1_main_d2,d2_beef_uncontrolled,xgboost,classification,5,0,16,1.4.0,real,True,ok,,2026-09-21T09:49:58Z,2.6003425139933825,6435,2145,,,3,1,413cdd715162,e08ecdacbe31c278,c84d501b1a72,require_all_classes,"{""missing_in_test"": [], ""missing_in_train"": []}",{}
d2_beef_uncontrolled|xgboost|classification|seed05|fold01,e1_main_d2,d2_beef_uncontrolled,xgboost,classification,5,1,16,1.4.0,real,True,ok,,2026-09-21T09:50:14Z,2.356883871369064,6435,2145,,,3,1,a8b8c30a5944,91fc7a03396ea640,c84d501b1a72,require_all_classes,"{""missing_in_test"": [], ""missing_in_train"": []}",{}
d2_beef_uncontrolled|xgboost|classification|seed05|fold02,e1_main_d2,d2_beef_uncontrolled,xgboost,classification,5,2,16,1.4.0,real,True,ok,,2026-09-21T09:50:31Z,2.4602926461957395,6435,2145,,,3,1,9de5f792dc27,ede0832b9f34ab62,c84d501b1a72,require_all_classes,"{""missing_in_test"": [], ""missing_in_train"": []}",{}
d2_beef_uncontrolled|xgboost|classification|seed05|fold03,e1_main_d2,d2_beef_uncontrolled,xgboost,classification,5,3,16,1.4.0,real,True,ok,,2026-09-21T09:50:47Z,2.401962117291987,6435,2145,,,3,1,a5838cf9641b,aa5e9a04b6f16df7,c84d501b1a72,require_all_classes,"{""missing_in_test"": [], ""missing_in_train"": []}",{}
d2_beef_uncontrolled|xgboost|classification|seed05|fold04,e1_main_d2,d2_beef_uncontrolled,xgboost,classification,5,4,16,1.4.0,real,True,ok,,2026-09-21T09:51:03Z,2.410057519096881,6435,2145,,,3,1,6eee1b95b6aa,4345016a0fde6e51,c84d501b1a72,require_all_classes,"{""missing_in_test"": [], ""missing_in_train"": []}",{}
d2_beef_uncontrolled|xgboost|classification|seed06|fold00,e1_main_d2,d2_beef_uncontrolled,xgboost,classification,6,0,16,1.4.0,real,True,ok,,2026-09-21T09:51:19Z,2.2854698579758406,6435,2145,,,3,1,477c37a8ab73,554ccf1dadb37bb8,c84d501b1a72,require_all_classes,"{""missing_in_test"": [], ""missing_in_train"": []}",{}
d2_beef_uncontrolled|xgboost|classification|seed06|fold01,e1_main_d2,d2_beef_uncontrolled,xgboost,classification,6,1,16,1.4.0,real,True,ok,,2026-09-21T09:51:35Z,2.514215948060155,6435,2145,,,3,1,1c2e3ba58278,f6b96e37f500ee4f,c84d501b1a72,require_all_classes,"{""missing_in_test"": [], ""missing_in_train"": []}",{}
d2_beef_uncontrolled|xgboost|classification|seed06|fold02,e1_main_d2,d2_beef_uncontrolled,xgboost,classification,6,2,16,1.4.0,real,True,ok,,2026-09-21T09:51:51Z,2.625038886908442,6435,2145,,,3,1,54ff457155dd,977072b4c9ff0d9a,c84d501b1a72,require_all_classes,"{""missing_in_test"": [], ""missing_in_train"": []}",{}
d2_beef_uncontrolled|xgboost|classification|seed06|fold03,e1_main_d2,d2_beef_uncontrolled,xgboost,classification,6,3,16,1.4.0,real,True,ok,,2026-09-21T09:52:06Z,2.299138290807605,6435,2145,,,3,1,a877630b86ff,33720638a1da14e8,c84d501b1a72,require_all_classes,"{""missing_in_test"": [], ""missing_in_train"": []}",{}
d2_beef_uncontrolled|xgboost|classification|seed06|fold04,e1_main_d2,d2_beef_uncontrolled,xgboost,classification,6,4,16,1.4.0,real,True,ok,,2026-09-21T09:52:22Z,2.279167156200856,6435,2145,,,3,1,308afc6cb592,a4a82b681a18c72f,c84d501b1a72,require_all_classes,"{""missing_in_test"": [], ""missing_in_train"": []}",{}
d2_beef_uncontrolled|xgboost|classification|seed07|fold00,e1_main_d2,d2_beef_uncontrolled,xgboost,classification,7,0,16,1.4.0,real,True,ok,,2026-09-21T09:52:39Z,2.3771588280797005,6435,2145,,,3,1,7b279b72dfb8,484b5620b2fa36e5,c84d501b1a72,require_all_classes,"{""missing_in_test"": [], ""missing_in_train"": []}",{}
d2_beef_uncontrolled|xgboost|classification|seed07|fold01,e1_main_d2,d2_beef_uncontrolled,xgboost,classification,7,1,16,1.4.0,real,True,ok,,2026-09-21T09:52:54Z,2.2226706561632454,6435,2145,,,3,1,bb1e5578b9e3,470498cfa0ddc0df,c84d501b1a72,require_all_classes,"{""missing_in_test"": [], ""missing_in_train"": []}",{}
d2_beef_uncontrolled|xgboost|classification|seed07|fold02,e1_main_d2,d2_beef_uncontrolled,xgboost,classification,7,2,16,1.4.0,real,True,ok,,2026-09-21T09:53:09Z,2.150234440807253,6435,2145,,,3,1,ba39acccb154,d87157bf457c43ff,c84d501b1a72,require_all_classes,"{""missing_in_test"": [], ""missing_in_train"": []}",{}
d2_beef_uncontrolled|xgboost|classification|seed07|fold03,e1_main_d2,d2_beef_uncontrolled,xgboost,classification,7,3,16,1.4.0,real,True,ok,,2026-09-21T09:53:24Z,2.3125954694114625,6435,2145,,,3,1,4726b95fa672,771ad1ea4190c149,c84d501b1a72,require_all_classes,"{""missing_in_test"": [], ""missing_in_train"": []}",{}
d2_beef_uncontrolled|xgboost|classification|seed07|fold04,e1_main_d2,d2_beef_uncontrolled,xgboost,classification,7,4,16,1.4.0,real,True,ok,,2026-09-21T09:53:39Z,2.30006369529292,6435,2145,,,3,1,2e34c9f360a4,f7e5707d1cef2a0f,c84d501b1a72,require_all_classes,"{""missing_in_test"": [], ""missing_in_train"": []}",{}
d2_beef_uncontrolled|xgboost|classification|seed08|fold00,e1_main_d2,d2_beef_uncontrolled,xgboost,classification,8,0,16,1.4.0,real,True,ok,,2026-09-21T09:53:54Z,2.3212751848623157,6435,2145,,,3,1,760fd382be4c,f79a96562815c1eb,c84d501b1a72,require_all_classes,"{""missing_in_test"": [], ""missing_in_train"": []}",{}
d2_beef_uncontrolled|xgboost|classification|seed08|fold01,e1_main_d2,d2_beef_uncontrolled,xgboost,classification,8,1,16,1.4.0,real,True,ok,,2026-09-21T09:54:10Z,2.345633893273771,6435,2145,,,3,1,f60758215a07,573ca647e6e0d5bf,c84d501b1a72,require_all_classes,"{""missing_in_test"": [], ""missing_in_train"": []}",{}
d2_beef_uncontrolled|xgboost|classification|seed08|fold02,e1_main_d2,d2_beef_uncontrolled,xgboost,classification,8,2,16,1.4.0,real,True,ok,,2026-09-21T09:54:26Z,2.372438916005194,6435,2145,,,3,1,b12aea5b360e,14dfc389179e0134,c84d501b1a72,require_all_classes,"{""missing_in_test"": [], ""missing_in_train"": []}",{}
d2_beef_uncontrolled|xgboost|classification|seed08|fold03,e1_main_d2,d2_beef_uncontrolled,xgboost,classification,8,3,16,1.4.0,real,True,ok,,2026-09-21T09:54:42Z,2.251217706128955,6435,2145,,,3,1,d24ce02cae99,f893ed9332b5be51,c84d501b1a72,require_all_classes,"{""missing_in_test"": [], ""missing_in_train"": []}",{}
d2_beef_uncontrolled|xgboost|classification|seed08|fold04,e1_main_d2,d2_beef_uncontrolled,xgboost,classification,8,4,16,1.4.0,real,True,ok,,2026-09-21T09:54:58Z,2.426630809903145,6435,2145,,,3,1,02ddc5401296,cd82e0c29619f886,c84d501b1a72,require_all_classes,"{""missing_in_test"": [], ""missing_in_train"": []}",{}
d2_beef_uncontrolled|xgboost|classification|seed09|fold00,e1_main_d2,d2_beef_uncontrolled,xgboost,classification,9,0,16,1.4.0,real,True,ok,,2026-09-21T09:55:13Z,2.4740838389843702,6435,2145,,,3,1,523607d0ddee,bc401db9f4f0f704,c84d501b1a72,require_all_classes,"{""missing_in_test"": [], ""missing_in_train"": []}",{}
d2_beef_uncontrolled|xgboost|classification|seed09|fold01,e1_main_d2,d2_beef_uncontrolled,xgboost,classification,9,1,16,1.4.0,real,True,ok,,2026-09-21T09:55:30Z,2.485287790186703,6435,2145,,,3,1,de265fd108a1,83d3ccafea17827c,c84d501b1a72,require_all_classes,"{""missing_in_test"": [], ""missing_in_train"": []}",{}
d2_beef_uncontrolled|xgboost|classification|seed09|fold02,e1_main_d2,d2_beef_uncontrolled,xgboost,classification,9,2,16,1.4.0,real,True,ok,,2026-09-21T09:55:46Z,2.516764075960964,6435,2145,,,3,1,9a76beab3005,7b5738d155916dca,c84d501b1a72,require_all_classes,"{""missing_in_test"": [], ""missing_in_train"": []}",{}
d2_beef_uncontrolled|xgboost|classification|seed09|fold03,e1_main_d2,d2_beef_uncontrolled,xgboost,classification,9,3,16,1.4.0,real,True,ok,,2026-09-21T09:56:03Z,2.2730200942605734,6435,2145,,,3,1,bcc42ac9806b,6391d2d9c0e46c9a,c84d501b1a72,require_all_classes,"{""missing_in_test"": [], ""missing_in_train"": []}",{}
d2_beef_uncontrolled|xgboost|classification|seed09|fold04,e1_main_d2,d2_beef_uncontrolled,xgboost,classification,9,4,16,1.4.0,real,True,ok,,2026-09-21T09:56:19Z,2.2319791461341083,6435,2145,,,3,1,3b4893542c85,71b424782e924dea,c84d501b1a72,require_all_classes,"{""missing_in_test"": [], ""missing_in_train"": []}",{}
d2_beef_uncontrolled|xgboost|regression|seed00|fold00,e1_main_d2,d2_beef_uncontrolled,xgboost,regression,0,0,16,1.4.0,real,True,ok,,2026-09-21T09:43:10Z,2.6108949594199657,6435,2145,,,3,1,20a70c561f8e,3ce04b27e6d329ab,c84d501b1a72,require_all_classes,"{""missing_in_test"": [], ""missing_in_train"": []}",{}
d2_beef_uncontrolled|xgboost|regression|seed00|fold01,e1_main_d2,d2_beef_uncontrolled,xgboost,regression,0,1,16,1.4.0,real,True,ok,,2026-09-21T09:43:28Z,2.2364824190735817,6435,2145,,,3,1,6c9ef01abdf9,7c6a71b6bdf40ff4,c84d501b1a72,require_all_classes,"{""missing_in_test"": [], ""missing_in_train"": []}",{}
d2_beef_uncontrolled|xgboost|regression|seed00|fold02,e1_main_d2,d2_beef_uncontrolled,xgboost,regression,0,2,16,1.4.0,real,True,ok,,2026-09-21T09:43:44Z,2.036887516733259,6435,2145,,,3,1,8f5d6031eff3,d3950a0473cc61ea,c84d501b1a72,require_all_classes,"{""missing_in_test"": [], ""missing_in_train"": []}",{}
d2_beef_uncontrolled|xgboost|regression|seed00|fold03,e1_main_d2,d2_beef_uncontrolled,xgboost,regression,0,3,16,1.4.0,real,True,ok,,2026-09-21T09:44:01Z,2.082673559896648,6435,2145,,,3,1,940f76d29b89,2cd68d6ad40620c1,c84d501b1a72,require_all_classes,"{""missing_in_test"": [], ""missing_in_train"": []}",{}
d2_beef_uncontrolled|xgboost|regression|seed00|fold04,e1_main_d2,d2_beef_uncontrolled,xgboost,regression,0,4,16,1.4.0,real,True,ok,,2026-09-21T09:44:18Z,2.0039223469793797,6435,2145,,,3,1,b01bbf6f9575,f1617faf870ca0d5,c84d501b1a72,require_all_classes,"{""missing_in_test"": [], ""missing_in_train"": []}",{}
d2_beef_uncontrolled|xgboost|regression|seed01|fold00,e1_main_d2,d2_beef_uncontrolled,xgboost,regression,1,0,16,1.4.0,real,True,ok,,2026-09-21T09:44:35Z,2.098513794131577,6435,2145,,,3,1,92d667f81d03,58897f7a73efca85,c84d501b1a72,require_all_classes,"{""missing_in_test"": [], ""missing_in_train"": []}",{}
d2_beef_uncontrolled|xgboost|regression|seed01|fold01,e1_main_d2,d2_beef_uncontrolled,xgboost,regression,1,1,16,1.4.0,real,True,ok,,2026-09-21T09:44:52Z,2.0724759730510414,6435,2145,,,3,1,63eaca80ac77,4fc5ba2a63e80249,c84d501b1a72,require_all_classes,"{""missing_in_test"": [], ""missing_in_train"": []}",{}
d2_beef_uncontrolled|xgboost|regression|seed01|fold02,e1_main_d2,d2_beef_uncontrolled,xgboost,regression,1,2,16,1.4.0,real,True,ok,,2026-09-21T09:45:09Z,2.150907733011991,6435,2145,,,3,1,14ed105fd91e,bd0b9a0d5281ae35,c84d501b1a72,require_all_classes,"{""missing_in_test"": [], ""missing_in_train"": []}",{}
d2_beef_uncontrolled|xgboost|regression|seed01|fold03,e1_main_d2,d2_beef_uncontrolled,xgboost,regression,1,3,16,1.4.0,real,True,ok,,2026-09-21T09:45:26Z,2.0507818567566574,6435,2145,,,3,1,99c64364d832,76b134d377a9078f,c84d501b1a72,require_all_classes,"{""missing_in_test"": [], ""missing_in_train"": []}",{}
d2_beef_uncontrolled|xgboost|regression|seed01|fold04,e1_main_d2,d2_beef_uncontrolled,xgboost,regression,1,4,16,1.4.0,real,True,ok,,2026-09-21T09:45:43Z,2.190754286944866,6435,2145,,,3,1,fa4200209670,f912643641d3e591,c84d501b1a72,require_all_classes,"{""missing_in_test"": [], ""missing_in_train"": []}",{}
d2_beef_uncontrolled|xgboost|regression|seed02|fold00,e1_main_d2,d2_beef_uncontrolled,xgboost,regression,2,0,16,1.4.0,real,True,ok,,2026-09-21T09:45:59Z,1.8154725008644164,6435,2145,,,3,1,38e11e05422e,3b85c1a3ead339f5,c84d501b1a72,require_all_classes,"{""missing_in_test"": [], ""missing_in_train"": []}",{}
d2_beef_uncontrolled|xgboost|regression|seed02|fold01,e1_main_d2,d2_beef_uncontrolled,xgboost,regression,2,1,16,1.4.0,real,True,ok,,2026-09-21T09:46:15Z,1.886716339737177,6435,2145,,,3,1,8a87c8dddc86,acb12b4e7a75a02f,c84d501b1a72,require_all_classes,"{""missing_in_test"": [], ""missing_in_train"": []}",{}
d2_beef_uncontrolled|xgboost|regression|seed02|fold02,e1_main_d2,d2_beef_uncontrolled,xgboost,regression,2,2,16,1.4.0,real,True,ok,,2026-09-21T09:46:33Z,2.174365154001862,6435,2145,,,3,1,545d378c28a6,c1b64447943f1bbe,c84d501b1a72,require_all_classes,"{""missing_in_test"": [], ""missing_in_train"": []}",{}
d2_beef_uncontrolled|xgboost|regression|seed02|fold03,e1_main_d2,d2_beef_uncontrolled,xgboost,regression,2,3,16,1.4.0,real,True,ok,,2026-09-21T09:46:50Z,2.051189146004617,6435,2145,,,3,1,289906332a4f,3e7805d9e5f16880,c84d501b1a72,require_all_classes,"{""missing_in_test"": [], ""missing_in_train"": []}",{}
d2_beef_uncontrolled|xgboost|regression|seed02|fold04,e1_main_d2,d2_beef_uncontrolled,xgboost,regression,2,4,16,1.4.0,real,True,ok,,2026-09-21T09:47:07Z,1.8362572249025106,6435,2145,,,3,1,202906f4d7e1,3a12dfabb1e2dc32,c84d501b1a72,require_all_classes,"{""missing_in_test"": [], ""missing_in_train"": []}",{}
d2_beef_uncontrolled|xgboost|regression|seed03|fold00,e1_main_d2,d2_beef_uncontrolled,xgboost,regression,3,0,16,1.4.0,real,True,ok,,2026-09-21T09:47:23Z,1.9024484888650477,6435,2145,,,3,1,0e087c313624,e2414d8006ba8937,c84d501b1a72,require_all_classes,"{""missing_in_test"": [], ""missing_in_train"": []}",{}
d2_beef_uncontrolled|xgboost|regression|seed03|fold01,e1_main_d2,d2_beef_uncontrolled,xgboost,regression,3,1,16,1.4.0,real,True,ok,,2026-09-21T09:47:40Z,1.624878871254623,6435,2145,,,3,1,ff41306bda71,81a376ca57a68811,c84d501b1a72,require_all_classes,"{""missing_in_test"": [], ""missing_in_train"": []}",{}
d2_beef_uncontrolled|xgboost|regression|seed03|fold02,e1_main_d2,d2_beef_uncontrolled,xgboost,regression,3,2,16,1.4.0,real,True,ok,,2026-09-21T09:47:56Z,1.6859936411492527,6435,2145,,,3,1,31c8eaca9098,493d39fbf2620ed6,c84d501b1a72,require_all_classes,"{""missing_in_test"": [], ""missing_in_train"": []}",{}
d2_beef_uncontrolled|xgboost|regression|seed03|fold03,e1_main_d2,d2_beef_uncontrolled,xgboost,regression,3,3,16,1.4.0,real,True,ok,,2026-09-21T09:48:11Z,1.7896834132261574,6435,2145,,,3,1,73fd7314e359,02d67da85a4106d7,c84d501b1a72,require_all_classes,"{""missing_in_test"": [], ""missing_in_train"": []}",{}
d2_beef_uncontrolled|xgboost|regression|seed03|fold04,e1_main_d2,d2_beef_uncontrolled,xgboost,regression,3,4,16,1.4.0,real,True,ok,,2026-09-21T09:48:27Z,1.884377796202898,6435,2145,,,3,1,a4933ae9f507,550ab48816c2ba54,c84d501b1a72,require_all_classes,"{""missing_in_test"": [], ""missing_in_train"": []}",{}
d2_beef_uncontrolled|xgboost|regression|seed04|fold00,e1_main_d2,d2_beef_uncontrolled,xgboost,regression,4,0,16,1.4.0,real,True,ok,,2026-09-21T09:48:43Z,1.7227833340875804,6435,2145,,,3,1,ab20f229b2e5,e45ddbdd559ba83b,c84d501b1a72,require_all_classes,"{""missing_in_test"": [], ""missing_in_train"": []}",{}
d2_beef_uncontrolled|xgboost|regression|seed04|fold01,e1_main_d2,d2_beef_uncontrolled,xgboost,regression,4,1,16,1.4.0,real,True,ok,,2026-09-21T09:48:59Z,1.7659672438167036,6435,2145,,,3,1,6b2262999c63,32b9cd714d1f2740,c84d501b1a72,require_all_classes,"{""missing_in_test"": [], ""missing_in_train"": []}",{}
d2_beef_uncontrolled|xgboost|regression|seed04|fold02,e1_main_d2,d2_beef_uncontrolled,xgboost,regression,4,2,16,1.4.0,real,True,ok,,2026-09-21T09:49:14Z,1.7908102041110396,6435,2145,,,3,1,557db8e1a73e,ee8b5137b4ebcd24,c84d501b1a72,require_all_classes,"{""missing_in_test"": [], ""missing_in_train"": []}",{}
d2_beef_uncontrolled|xgboost|regression|seed04|fold03,e1_main_d2,d2_beef_uncontrolled,xgboost,regression,4,3,16,1.4.0,real,True,ok,,2026-09-21T09:49:29Z,1.777374065015465,6435,2145,,,3,1,9dd348ffc2ab,d2cd9dc47aa27a84,c84d501b1a72,require_all_classes,"{""missing_in_test"": [], ""missing_in_train"": []}",{}
d2_beef_uncontrolled|xgboost|regression|seed04|fold04,e1_main_d2,d2_beef_uncontrolled,xgboost,regression,4,4,16,1.4.0,real,True,ok,,2026-09-21T09:49:44Z,1.8282510000281036,6435,2145,,,3,1,faf19bcdc9b9,371ffe806506395b,c84d501b1a72,require_all_classes,"{""missing_in_test"": [], ""missing_in_train"": []}",{}
d2_beef_uncontrolled|xgboost|regression|seed05|fold00,e1_main_d2,d2_beef_uncontrolled,xgboost,regression,5,0,16,1.4.0,real,True,ok,,2026-09-21T09:50:01Z,2.110469289124012,6435,2145,,,3,1,413cdd715162,342408a383333183,c84d501b1a72,require_all_classes,"{""missing_in_test"": [], ""missing_in_train"": []}",{}
d2_beef_uncontrolled|xgboost|regression|seed05|fold01,e1_main_d2,d2_beef_uncontrolled,xgboost,regression,5,1,16,1.4.0,real,True,ok,,2026-09-21T09:50:16Z,1.8966145450249314,6435,2145,,,3,1,a8b8c30a5944,335e01174eb56e53,c84d501b1a72,require_all_classes,"{""missing_in_test"": [], ""missing_in_train"": []}",{}
d2_beef_uncontrolled|xgboost|regression|seed05|fold02,e1_main_d2,d2_beef_uncontrolled,xgboost,regression,5,2,16,1.4.0,real,True,ok,,2026-09-21T09:50:33Z,1.8193603781983256,6435,2145,,,3,1,9de5f792dc27,5a7846d252be6b68,c84d501b1a72,require_all_classes,"{""missing_in_test"": [], ""missing_in_train"": []}",{}
d2_beef_uncontrolled|xgboost|regression|seed05|fold03,e1_main_d2,d2_beef_uncontrolled,xgboost,regression,5,3,16,1.4.0,real,True,ok,,2026-09-21T09:50:49Z,1.8389762360602617,6435,2145,,,3,1,a5838cf9641b,a8687abc9526c10c,c84d501b1a72,require_all_classes,"{""missing_in_test"": [], ""missing_in_train"": []}",{}
d2_beef_uncontrolled|xgboost|regression|seed05|fold04,e1_main_d2,d2_beef_uncontrolled,xgboost,regression,5,4,16,1.4.0,real,True,ok,,2026-09-21T09:51:05Z,1.8923242939636111,6435,2145,,,3,1,6eee1b95b6aa,06bd9a56818fc420,c84d501b1a72,require_all_classes,"{""missing_in_test"": [], ""missing_in_train"": []}",{}
d2_beef_uncontrolled|xgboost|regression|seed06|fold00,e1_main_d2,d2_beef_uncontrolled,xgboost,regression,6,0,16,1.4.0,real,True,ok,,2026-09-21T09:51:21Z,1.7972168321721256,6435,2145,,,3,1,477c37a8ab73,610fefe7dab6a10c,c84d501b1a72,require_all_classes,"{""missing_in_test"": [], ""missing_in_train"": []}",{}
d2_beef_uncontrolled|xgboost|regression|seed06|fold01,e1_main_d2,d2_beef_uncontrolled,xgboost,regression,6,1,16,1.4.0,real,True,ok,,2026-09-21T09:51:37Z,1.9304622039198875,6435,2145,,,3,1,1c2e3ba58278,6f5d4c68ccb87c6c,c84d501b1a72,require_all_classes,"{""missing_in_test"": [], ""missing_in_train"": []}",{}
d2_beef_uncontrolled|xgboost|regression|seed06|fold02,e1_main_d2,d2_beef_uncontrolled,xgboost,regression,6,2,16,1.4.0,real,True,ok,,2026-09-21T09:51:53Z,1.93241475103423,6435,2145,,,3,1,54ff457155dd,308a236abad9ac0a,c84d501b1a72,require_all_classes,"{""missing_in_test"": [], ""missing_in_train"": []}",{}
d2_beef_uncontrolled|xgboost|regression|seed06|fold03,e1_main_d2,d2_beef_uncontrolled,xgboost,regression,6,3,16,1.4.0,real,True,ok,,2026-09-21T09:52:08Z,1.9184496137313545,6435,2145,,,3,1,a877630b86ff,d7039126de2f5dfc,c84d501b1a72,require_all_classes,"{""missing_in_test"": [], ""missing_in_train"": []}",{}
d2_beef_uncontrolled|xgboost|regression|seed06|fold04,e1_main_d2,d2_beef_uncontrolled,xgboost,regression,6,4,16,1.4.0,real,True,ok,,2026-09-21T09:52:24Z,1.748317742254585,6435,2145,,,3,1,308afc6cb592,459a1ec9f2b94edf,c84d501b1a72,require_all_classes,"{""missing_in_test"": [], ""missing_in_train"": []}",{}
d2_beef_uncontrolled|xgboost|regression|seed07|fold00,e1_main_d2,d2_beef_uncontrolled,xgboost,regression,7,0,16,1.4.0,real,True,ok,,2026-09-21T09:52:40Z,1.7748847361654043,6435,2145,,,3,1,7b279b72dfb8,c634f54f888aa12f,c84d501b1a72,require_all_classes,"{""missing_in_test"": [], ""missing_in_train"": []}",{}
d2_beef_uncontrolled|xgboost|regression|seed07|fold01,e1_main_d2,d2_beef_uncontrolled,xgboost,regression,7,1,16,1.4.0,real,True,ok,,2026-09-21T09:52:56Z,1.741910764016211,6435,2145,,,3,1,bb1e5578b9e3,1e5da6c0e6dd269c,c84d501b1a72,require_all_classes,"{""missing_in_test"": [], ""missing_in_train"": []}",{}
d2_beef_uncontrolled|xgboost|regression|seed07|fold02,e1_main_d2,d2_beef_uncontrolled,xgboost,regression,7,2,16,1.4.0,real,True,ok,,2026-09-21T09:53:11Z,1.6853279480710626,6435,2145,,,3,1,ba39acccb154,5dc9f3b2869f92b5,c84d501b1a72,require_all_classes,"{""missing_in_test"": [], ""missing_in_train"": []}",{}
d2_beef_uncontrolled|xgboost|regression|seed07|fold03,e1_main_d2,d2_beef_uncontrolled,xgboost,regression,7,3,16,1.4.0,real,True,ok,,2026-09-21T09:53:26Z,1.7428290490061045,6435,2145,,,3,1,4726b95fa672,acee3a1ee787956a,c84d501b1a72,require_all_classes,"{""missing_in_test"": [], ""missing_in_train"": []}",{}
d2_beef_uncontrolled|xgboost|regression|seed07|fold04,e1_main_d2,d2_beef_uncontrolled,xgboost,regression,7,4,16,1.4.0,real,True,ok,,2026-09-21T09:53:41Z,1.8532755761407316,6435,2145,,,3,1,2e34c9f360a4,56ae093bb84368c0,c84d501b1a72,require_all_classes,"{""missing_in_test"": [], ""missing_in_train"": []}",{}
d2_beef_uncontrolled|xgboost|regression|seed08|fold00,e1_main_d2,d2_beef_uncontrolled,xgboost,regression,8,0,16,1.4.0,real,True,ok,,2026-09-21T09:53:56Z,1.8019325193017721,6435,2145,,,3,1,760fd382be4c,752a9ee0b759a467,c84d501b1a72,require_all_classes,"{""missing_in_test"": [], ""missing_in_train"": []}",{}
d2_beef_uncontrolled|xgboost|regression|seed08|fold01,e1_main_d2,d2_beef_uncontrolled,xgboost,regression,8,1,16,1.4.0,real,True,ok,,2026-09-21T09:54:11Z,1.7998696099966764,6435,2145,,,3,1,f60758215a07,fce84fa29ed24023,c84d501b1a72,require_all_classes,"{""missing_in_test"": [], ""missing_in_train"": []}",{}
d2_beef_uncontrolled|xgboost|regression|seed08|fold02,e1_main_d2,d2_beef_uncontrolled,xgboost,regression,8,2,16,1.4.0,real,True,ok,,2026-09-21T09:54:28Z,1.810286107007414,6435,2145,,,3,1,b12aea5b360e,c2fce76398eeee3f,c84d501b1a72,require_all_classes,"{""missing_in_test"": [], ""missing_in_train"": []}",{}
d2_beef_uncontrolled|xgboost|regression|seed08|fold03,e1_main_d2,d2_beef_uncontrolled,xgboost,regression,8,3,16,1.4.0,real,True,ok,,2026-09-21T09:54:44Z,1.8820656989701092,6435,2145,,,3,1,d24ce02cae99,eb2d2b1b203137dc,c84d501b1a72,require_all_classes,"{""missing_in_test"": [], ""missing_in_train"": []}",{}
d2_beef_uncontrolled|xgboost|regression|seed08|fold04,e1_main_d2,d2_beef_uncontrolled,xgboost,regression,8,4,16,1.4.0,real,True,ok,,2026-09-21T09:55:00Z,1.9184485119767487,6435,2145,,,3,1,02ddc5401296,9b74eba88baf66c7,c84d501b1a72,require_all_classes,"{""missing_in_test"": [], ""missing_in_train"": []}",{}
d2_beef_uncontrolled|xgboost|regression|seed09|fold00,e1_main_d2,d2_beef_uncontrolled,xgboost,regression,9,0,16,1.4.0,real,True,ok,,2026-09-21T09:55:15Z,1.9442189550027251,6435,2145,,,3,1,523607d0ddee,bfba15889fb333ba,c84d501b1a72,require_all_classes,"{""missing_in_test"": [], ""missing_in_train"": []}",{}
d2_beef_uncontrolled|xgboost|regression|seed09|fold01,e1_main_d2,d2_beef_uncontrolled,xgboost,regression,9,1,16,1.4.0,real,True,ok,,2026-09-21T09:55:32Z,1.9759564432315528,6435,2145,,,3,1,de265fd108a1,994b49813c5a07e7,c84d501b1a72,require_all_classes,"{""missing_in_test"": [], ""missing_in_train"": []}",{}
d2_beef_uncontrolled|xgboost|regression|seed09|fold02,e1_main_d2,d2_beef_uncontrolled,xgboost,regression,9,2,16,1.4.0,real,True,ok,,2026-09-21T09:55:48Z,1.818572860211134,6435,2145,,,3,1,9a76beab3005,d57193dc08587a59,c84d501b1a72,require_all_classes,"{""missing_in_test"": [], ""missing_in_train"": []}",{}
d2_beef_uncontrolled|xgboost|regression|seed09|fold03,e1_main_d2,d2_beef_uncontrolled,xgboost,regression,9,3,16,1.4.0,real,True,ok,,2026-09-21T09:56:05Z,1.7500523570924997,6435,2145,,,3,1,bcc42ac9806b,ffdcbd285c41125a,c84d501b1a72,require_all_classes,"{""missing_in_test"": [], ""missing_in_train"": []}",{}
d2_beef_uncontrolled|xgboost|regression|seed09|fold04,e1_main_d2,d2_beef_uncontrolled,xgboost,regression,9,4,16,1.4.0,real,True,ok,,2026-09-21T09:56:21Z,1.7421509427949786,6435,2145,,,3,1,3b4893542c85,d51137592ec72d64,c84d501b1a72,require_all_classes,"{""missing_in_test"": [], ""missing_in_train"": []}",{}
