run_id,experiment,dataset,model,task,seed,fold_id,window_length,protocol_version,evidence_class,protocol_compliant,status,n_train_windows,n_test_windows,n_train_specimens,n_test_specimens,test_specimens_joined,n_train_sessions,n_test_sessions,duration_s,cpu_seconds,accuracy,auroc,auroc_defined,auroc_n_classes_scored,balanced_accuracy,empty_class_policy,macro_f1,mae,r2,rmse
d2_beef_uncontrolled|R0|classification|seed00|fold00,e2_main_d2,d2_beef_uncontrolled,R0,classification,0,0,16,1.4.0,real,True,ok,6435,2145,3,1,TS3,3,1,2.662526227068156,5.193961000000001,0.45827505827505827,0.6792235987999107,True,4.0,0.4627294685990338,require_all_classes,0.5126215611917225,,,
d2_beef_uncontrolled|R0|classification|seed00|fold01,e2_main_d2,d2_beef_uncontrolled,R0,classification,0,1,16,1.4.0,real,True,ok,6435,2145,3,1,TS5,3,1,2.5488794837146997,5.0028479999999975,0.1958041958041958,0.43831176677274775,True,4.0,0.25,require_all_classes,0.08187134502923976,,,
d2_beef_uncontrolled|R0|classification|seed00|fold02,e2_main_d2,d2_beef_uncontrolled,R0,classification,0,2,16,1.4.0,real,True,ok,6435,2145,3,1,TS4,3,1,2.7797630401328206,4.770419000000009,0.6909090909090909,0.7559035053938689,True,4.0,0.6199677938808373,require_all_classes,0.5899413660375246,,,
d2_beef_uncontrolled|R0|classification|seed00|fold03,e2_main_d2,d2_beef_uncontrolled,R0,classification,0,3,16,1.4.0,real,True,ok,6435,2145,3,1,TS1,3,1,2.6941199470311403,5.018312000000042,0.3752913752913753,0.576282204301951,True,4.0,0.4331060606060606,require_all_classes,0.2859090605963745,,,
d2_beef_uncontrolled|R0|classification|seed00|fold04,e2_main_d2,d2_beef_uncontrolled,R0,classification,0,4,16,1.4.0,real,True,ok,6435,2145,3,1,TS2,3,1,2.702989432029426,4.977064,0.20372960372960372,0.47100193512473154,True,4.0,0.20164141414141412,require_all_classes,0.10013683682609065,,,
d2_beef_uncontrolled|R0|classification|seed01|fold00,e2_main_d2,d2_beef_uncontrolled,R0,classification,1,0,16,1.4.0,real,True,ok,6435,2145,3,1,TS5,3,1,2.719903649762273,5.044938000000004,0.059673659673659674,0.31249602315244496,True,4.0,0.05992926155969634,require_all_classes,0.05654596149686568,,,
d2_beef_uncontrolled|R0|classification|seed01|fold01,e2_main_d2,d2_beef_uncontrolled,R0,classification,1,1,16,1.4.0,real,True,ok,6435,2145,3,1,TS1,3,1,2.8735002824105322,5.05332099999997,0.2648018648018648,0.39186801683788736,True,4.0,0.21515151515151515,require_all_classes,0.11150372987828819,,,
d2_beef_uncontrolled|R0|classification|seed01|fold02,e2_main_d2,d2_beef_uncontrolled,R0,classification,1,2,16,1.4.0,real,True,ok,6435,2145,3,1,TS2,3,1,2.7611907441169024,5.038647999999988,0.23123543123543125,0.4871580610342685,True,4.0,0.24533011272141708,require_all_classes,0.17156960180215994,,,
d2_beef_uncontrolled|R0|classification|seed01|fold03,e2_main_d2,d2_beef_uncontrolled,R0,classification,1,3,16,1.4.0,real,True,ok,6435,2145,3,1,TS3,3,1,2.765311472117901,5.0426489999999085,0.7617715617715618,0.8033050566709187,True,4.0,0.6800925925925926,require_all_classes,0.6505643187151332,,,
d2_beef_uncontrolled|R0|classification|seed01|fold04,e2_main_d2,d2_beef_uncontrolled,R0,classification,1,4,16,1.4.0,real,True,ok,6435,2145,3,1,TS4,3,1,2.902046746108681,5.063162000000023,0.593006993006993,0.5413737330637456,True,4.0,0.4628968253968254,require_all_classes,0.39145400921077533,,,
d2_beef_uncontrolled|R0|classification|seed02|fold00,e2_main_d2,d2_beef_uncontrolled,R0,classification,2,0,16,1.4.0,real,True,ok,6435,2145,3,1,TS3,3,1,2.77098874701187,5.026529999999973,0.6372960372960373,0.733947656324542,True,4.0,0.5116425120772947,require_all_classes,0.49584955830718663,,,
d2_beef_uncontrolled|R0|classification|seed02|fold01,e2_main_d2,d2_beef_uncontrolled,R0,classification,2,1,16,1.4.0,real,True,ok,6435,2145,3,1,TS5,3,1,2.8325723269954324,5.0433409999998915,0.1944055944055944,0.4691684367849206,True,4.0,0.17619047619047618,require_all_classes,0.17095156616875656,,,
d2_beef_uncontrolled|R0|classification|seed02|fold02,e2_main_d2,d2_beef_uncontrolled,R0,classification,2,2,16,1.4.0,real,True,ok,6435,2145,3,1,TS4,3,1,2.7227943469770253,4.732881999999961,0.689044289044289,0.852225504490498,True,4.0,0.6144582470669427,require_all_classes,0.5941756794007946,,,
d2_beef_uncontrolled|R0|classification|seed02|fold03,e2_main_d2,d2_beef_uncontrolled,R0,classification,2,3,16,1.4.0,real,True,ok,6435,2145,3,1,TS1,3,1,3.0412846077233553,5.073628999999897,0.2629370629370629,0.40275556349508185,True,4.0,0.21363636363636362,require_all_classes,0.10483271375464684,,,
d2_beef_uncontrolled|R0|classification|seed02|fold04,e2_main_d2,d2_beef_uncontrolled,R0,classification,2,4,16,1.4.0,real,True,ok,6435,2145,3,1,TS2,3,1,2.8072177530266345,4.983824000000197,0.3939393939393939,0.6091025835355974,True,4.0,0.3564119455423803,require_all_classes,0.3279007143351571,,,
d2_beef_uncontrolled|R0|classification|seed03|fold00,e2_main_d2,d2_beef_uncontrolled,R0,classification,3,0,16,1.4.0,real,True,ok,6435,2145,3,1,TS5,3,1,2.7265008348040283,4.534047999999892,0.2517482517482518,0.46439943221288527,True,4.0,0.25,require_all_classes,0.10667720268668511,,,
d2_beef_uncontrolled|R0|classification|seed03|fold01,e2_main_d2,d2_beef_uncontrolled,R0,classification,3,1,16,1.4.0,real,True,ok,6435,2145,3,1,TS3,3,1,2.695344219915569,5.023532999999915,0.6913752913752914,0.7389151308390549,True,4.0,0.5574134460547504,require_all_classes,0.5204568054043203,,,
d2_beef_uncontrolled|R0|classification|seed03|fold02,e2_main_d2,d2_beef_uncontrolled,R0,classification,3,2,16,1.4.0,real,True,ok,6435,2145,3,1,TS2,3,1,2.7141291750594974,5.03712000000008,0.25314685314685315,0.5391548368358536,True,4.0,0.2518659420289855,require_all_classes,0.11430960157618573,,,
d2_beef_uncontrolled|R0|classification|seed03|fold03,e2_main_d2,d2_beef_uncontrolled,R0,classification,3,3,16,1.4.0,real,True,ok,6435,2145,3,1,TS4,3,1,2.7299569151364267,5.016099999999831,0.7305361305361305,0.7604067639880797,True,4.0,0.6705572808833679,require_all_classes,0.6570674304911018,,,
d2_beef_uncontrolled|R0|classification|seed03|fold04,e2_main_d2,d2_beef_uncontrolled,R0,classification,3,4,16,1.4.0,real,True,ok,6435,2145,3,1,TS1,3,1,2.7632182179950178,5.032358999999936,0.331002331002331,0.5959837201042486,True,4.0,0.4053030303030303,require_all_classes,0.30504671679984374,,,
d2_beef_uncontrolled|R0|classification|seed04|fold00,e2_main_d2,d2_beef_uncontrolled,R0,classification,4,0,16,1.4.0,real,True,ok,6435,2145,3,1,TS3,3,1,2.972994741052389,5.135870000000168,0.42004662004662,0.6948205612689977,True,4.0,0.37345813204508854,require_all_classes,0.38948835101177026,,,
d2_beef_uncontrolled|R0|classification|seed04|fold01,e2_main_d2,d2_beef_uncontrolled,R0,classification,4,1,16,1.4.0,real,True,ok,6435,2145,3,1,TS5,3,1,2.8012701901607215,5.037653999999797,0.1958041958041958,0.4492767745151308,True,4.0,0.25,require_all_classes,0.08187134502923976,,,
d2_beef_uncontrolled|R0|classification|seed04|fold02,e2_main_d2,d2_beef_uncontrolled,R0,classification,4,2,16,1.4.0,real,True,ok,6435,2145,3,1,TS1,3,1,2.8640592810697854,5.059933000000186,0.282983682983683,0.3572767310324288,True,4.0,0.22992424242424242,require_all_classes,0.11548706240487062,,,
d2_beef_uncontrolled|R0|classification|seed04|fold03,e2_main_d2,d2_beef_uncontrolled,R0,classification,4,3,16,1.4.0,real,True,ok,6435,2145,3,1,TS2,3,1,2.8314458769746125,5.076858000000136,0.3547785547785548,0.7123001278049131,True,4.0,0.37965579710144925,require_all_classes,0.31944067421721295,,,
d2_beef_uncontrolled|R0|classification|seed04|fold04,e2_main_d2,d2_beef_uncontrolled,R0,classification,4,4,16,1.4.0,real,True,ok,6435,2145,3,1,TS4,3,1,2.8051851456984878,5.095672000000292,0.45734265734265733,0.49775687384389694,True,4.0,0.31527777777777777,require_all_classes,0.24640939178219057,,,
d2_beef_uncontrolled|R0|classification|seed05|fold00,e2_main_d2,d2_beef_uncontrolled,R0,classification,5,0,16,1.4.0,real,True,ok,6435,2145,3,1,TS5,3,1,3.0942534347996116,5.643105,0.21678321678321677,0.5529440134739039,True,4.0,0.2708333333333333,require_all_classes,0.13468568187801125,,,
d2_beef_uncontrolled|R0|classification|seed05|fold01,e2_main_d2,d2_beef_uncontrolled,R0,classification,5,1,16,1.4.0,real,True,ok,6435,2145,3,1,TS4,3,1,2.9615615690127015,5.432971999999989,0.393006993006993,0.7203515370090259,True,4.0,0.2513888888888889,require_all_classes,0.15374213617475682,,,
d2_beef_uncontrolled|R0|classification|seed05|fold02,e2_main_d2,d2_beef_uncontrolled,R0,classification,5,2,16,1.4.0,real,True,ok,6435,2145,3,1,TS2,3,1,3.0001315879635513,5.496183000000003,0.2629370629370629,0.3495747779847701,True,4.0,0.3163244766505636,require_all_classes,0.27172683590238816,,,
d2_beef_uncontrolled|R0|classification|seed05|fold03,e2_main_d2,d2_beef_uncontrolled,R0,classification,5,3,16,1.4.0,real,True,ok,6435,2145,3,1,TS3,3,1,2.5792143433354795,5.011556000000025,0.6755244755244755,0.6669788687814381,True,4.0,0.5180354267310789,require_all_classes,0.4594852753715976,,,
d2_beef_uncontrolled|R0|classification|seed05|fold04,e2_main_d2,d2_beef_uncontrolled,R0,classification,5,4,16,1.4.0,real,True,ok,6435,2145,3,1,TS1,3,1,2.546519635245204,5.008654000000011,0.013986013986013986,0.379337236048992,True,4.0,0.011363636363636364,require_all_classes,0.007731958762886598,,,
d2_beef_uncontrolled|R0|classification|seed06|fold00,e2_main_d2,d2_beef_uncontrolled,R0,classification,6,0,16,1.4.0,real,True,ok,6435,2145,3,1,TS3,3,1,2.525734221097082,4.990573999999956,0.3706293706293706,0.6301585984875292,True,4.0,0.32514492753623186,require_all_classes,0.33287510437990087,,,
d2_beef_uncontrolled|R0|classification|seed06|fold01,e2_main_d2,d2_beef_uncontrolled,R0,classification,6,1,16,1.4.0,real,True,ok,6435,2145,3,1,TS5,3,1,2.6023993771523237,4.990346999999909,0.046153846153846156,0.2920686132728523,True,4.0,0.029464285714285714,require_all_classes,0.04205607476635514,,,
d2_beef_uncontrolled|R0|classification|seed06|fold02,e2_main_d2,d2_beef_uncontrolled,R0,classification,6,2,16,1.4.0,real,True,ok,6435,2145,3,1,TS1,3,1,2.6288942960090935,5.076112999999989,0.5174825174825175,0.6190701747368536,True,4.0,0.3289535984848485,require_all_classes,0.30648740915285033,,,
d2_beef_uncontrolled|R0|classification|seed06|fold03,e2_main_d2,d2_beef_uncontrolled,R0,classification,6,3,16,1.4.0,real,True,ok,6435,2145,3,1,TS4,3,1,2.5610591028817,5.008580999999996,0.4937062937062937,0.6044151807360425,True,4.0,0.35138888888888886,require_all_classes,0.2807877793521764,,,
d2_beef_uncontrolled|R0|classification|seed06|fold04,e2_main_d2,d2_beef_uncontrolled,R0,classification,6,4,16,1.4.0,real,True,ok,6435,2145,3,1,TS2,3,1,2.567423416301608,5.009628000000006,0.1585081585081585,0.369194199711225,True,4.0,0.1574074074074074,require_all_classes,0.0740418118466899,,,
d2_beef_uncontrolled|R0|classification|seed07|fold00,e2_main_d2,d2_beef_uncontrolled,R0,classification,7,0,16,1.4.0,real,True,ok,6435,2145,3,1,TS3,3,1,2.514686263166368,4.984628000000065,0.6489510489510489,0.5991900744210399,True,4.0,0.47777777777777775,require_all_classes,0.39484977937663357,,,
d2_beef_uncontrolled|R0|classification|seed07|fold01,e2_main_d2,d2_beef_uncontrolled,R0,classification,7,1,16,1.4.0,real,True,ok,6435,2145,3,1,TS1,3,1,2.6162181249819696,5.107195999999867,0.20233100233100232,0.4643634243543419,True,4.0,0.1643939393939394,require_all_classes,0.1983546617915905,,,
d2_beef_uncontrolled|R0|classification|seed07|fold02,e2_main_d2,d2_beef_uncontrolled,R0,classification,7,2,16,1.4.0,real,True,ok,6435,2145,3,1,TS5,3,1,2.5058623738586903,4.970459000000037,0.4540792540792541,0.5539686190505104,True,4.0,0.31203703703703706,require_all_classes,0.2467232591614999,,,
d2_beef_uncontrolled|R0|classification|seed07|fold03,e2_main_d2,d2_beef_uncontrolled,R0,classification,7,3,16,1.4.0,real,True,ok,6435,2145,3,1,TS2,3,1,2.6405716449953616,5.036078999999916,0.3048951048951049,0.5901423400978406,True,4.0,0.33317431561996774,require_all_classes,0.2947128959280392,,,
d2_beef_uncontrolled|R0|classification|seed07|fold04,e2_main_d2,d2_beef_uncontrolled,R0,classification,7,4,16,1.4.0,real,True,ok,6435,2145,3,1,TS4,3,1,2.514529754873365,4.97307699999989,0.4937062937062937,0.6078336239769647,True,4.0,0.402938808373591,require_all_classes,0.3303686955286266,,,
d2_beef_uncontrolled|R0|classification|seed08|fold00,e2_main_d2,d2_beef_uncontrolled,R0,classification,8,0,16,1.4.0,real,True,ok,6435,2145,3,1,TS4,3,1,2.6977271302603185,4.994252000000053,0.6778554778554778,0.7674855149812227,True,4.0,0.5944875776397516,require_all_classes,0.5773952993012779,,,
d2_beef_uncontrolled|R0|classification|seed08|fold01,e2_main_d2,d2_beef_uncontrolled,R0,classification,8,1,16,1.4.0,real,True,ok,6435,2145,3,1,TS1,3,1,2.5094305821694434,4.969704999999962,0.28438228438228436,0.6917024728482453,True,4.0,0.23106060606060605,require_all_classes,0.11776061776061776,,,
d2_beef_uncontrolled|R0|classification|seed08|fold02,e2_main_d2,d2_beef_uncontrolled,R0,classification,8,2,16,1.4.0,real,True,ok,6435,2145,3,1,TS2,3,1,2.5213179062120616,4.896605000000015,0.23543123543123542,0.5881778357235836,True,4.0,0.3149154589371981,require_all_classes,0.2880110843877444,,,
d2_beef_uncontrolled|R0|classification|seed08|fold03,e2_main_d2,d2_beef_uncontrolled,R0,classification,8,3,16,1.4.0,real,True,ok,6435,2145,3,1,TS3,3,1,2.521619350183755,4.973365999999949,0.4177156177156177,0.6677047775595895,True,4.0,0.3943438003220612,require_all_classes,0.44484463885031206,,,
d2_beef_uncontrolled|R0|classification|seed08|fold04,e2_main_d2,d2_beef_uncontrolled,R0,classification,8,4,16,1.4.0,real,True,ok,6435,2145,3,1,TS5,3,1,2.51320186490193,4.973689999999955,0.1958041958041958,0.4185562427397783,True,4.0,0.25,require_all_classes,0.11972633979475485,,,
d2_beef_uncontrolled|R0|classification|seed09|fold00,e2_main_d2,d2_beef_uncontrolled,R0,classification,9,0,16,1.4.0,real,True,ok,6435,2145,3,1,TS5,3,1,2.547940666321665,4.98782699999996,0.1958041958041958,0.5066648753084765,True,4.0,0.25,require_all_classes,0.0821917808219178,,,
d2_beef_uncontrolled|R0|classification|seed09|fold01,e2_main_d2,d2_beef_uncontrolled,R0,classification,9,1,16,1.4.0,real,True,ok,6435,2145,3,1,TS4,3,1,2.5655481070280075,5.030167000000084,0.6307692307692307,0.7912344989672004,True,4.0,0.5037238325281803,require_all_classes,0.44918979172572615,,,
d2_beef_uncontrolled|R0|classification|seed09|fold02,e2_main_d2,d2_beef_uncontrolled,R0,classification,9,2,16,1.4.0,real,True,ok,6435,2145,3,1,TS1,3,1,2.6205653911456466,4.8229649999996695,0.1006993006993007,0.5762644867557786,True,4.0,0.12063131313131313,require_all_classes,0.1153557345838864,,,
d2_beef_uncontrolled|R0|classification|seed09|fold03,e2_main_d2,d2_beef_uncontrolled,R0,classification,9,3,16,1.4.0,real,True,ok,6435,2145,3,1,TS3,3,1,2.506169374100864,4.954989999999803,0.5986013986013986,0.7517451232708048,True,4.0,0.5698711755233494,require_all_classes,0.4902360864382316,,,
d2_beef_uncontrolled|R0|classification|seed09|fold04,e2_main_d2,d2_beef_uncontrolled,R0,classification,9,4,16,1.4.0,real,True,ok,6435,2145,3,1,TS2,3,1,2.5402259528636932,4.973976,0.40606060606060607,0.6869707263979303,True,4.0,0.41698891084760653,require_all_classes,0.4046009800674331,,,
d2_beef_uncontrolled|R0|regression|seed00|fold00,e2_main_d2,d2_beef_uncontrolled,R0,regression,0,0,16,1.4.0,real,True,ok,6435,2145,3,1,TS3,3,1,2.113833028357476,5.669238,,,,,,,,0.22019655852201936,0.8964356455310878,0.3053924346844755
d2_beef_uncontrolled|R0|regression|seed00|fold01,e2_main_d2,d2_beef_uncontrolled,R0,regression,0,1,16,1.4.0,real,True,ok,6435,2145,3,1,TS5,3,1,2.125389941036701,6.338007000000013,,,,,,,,1.897723669027446,-4.048805059392875,2.095058929443496
d2_beef_uncontrolled|R0|regression|seed00|fold02,e2_main_d2,d2_beef_uncontrolled,R0,regression,0,2,16,1.4.0,real,True,ok,6435,2145,3,1,TS4,3,1,2.0657878541387618,5.618510000000009,,,,,,,,0.20772599477531148,0.879062797574208,0.3270678462994106
d2_beef_uncontrolled|R0|regression|seed00|fold03,e2_main_d2,d2_beef_uncontrolled,R0,regression,0,3,16,1.4.0,real,True,ok,6435,2145,3,1,TS1,3,1,2.0972352870739996,5.78722099999997,,,,,,,,5.500608867599297,-50.25170856740674,5.970352524334061
d2_beef_uncontrolled|R0|regression|seed00|fold04,e2_main_d2,d2_beef_uncontrolled,R0,regression,0,4,16,1.4.0,real,True,ok,6435,2145,3,1,TS2,3,1,2.1331058656796813,6.394243000000005,,,,,,,,0.6245691473782818,0.3725089098643004,0.719785459030784
d2_beef_uncontrolled|R0|regression|seed01|fold00,e2_main_d2,d2_beef_uncontrolled,R0,regression,1,0,16,1.4.0,real,True,ok,6435,2145,3,1,TS5,3,1,2.099363928195089,5.982452000000075,,,,,,,,5.390955894548378,-35.62978250627079,5.643117745276359
d2_beef_uncontrolled|R0|regression|seed01|fold01,e2_main_d2,d2_beef_uncontrolled,R0,regression,1,1,16,1.4.0,real,True,ok,6435,2145,3,1,TS1,3,1,2.170173388440162,5.442283999999971,,,,,,,,16.05628057613728,-506.0257723370836,18.778496555113804
d2_beef_uncontrolled|R0|regression|seed01|fold02,e2_main_d2,d2_beef_uncontrolled,R0,regression,1,2,16,1.4.0,real,True,ok,6435,2145,3,1,TS2,3,1,2.1080392259173095,5.791725999999951,,,,,,,,1.0201452698543738,-1.5201546310438991,1.4424902339785757
d2_beef_uncontrolled|R0|regression|seed01|fold03,e2_main_d2,d2_beef_uncontrolled,R0,regression,1,3,16,1.4.0,real,True,ok,6435,2145,3,1,TS3,3,1,2.2926360950805247,6.366088999999924,,,,,,,,0.364439652044791,0.5932780591777185,0.605204186656862
d2_beef_uncontrolled|R0|regression|seed01|fold04,e2_main_d2,d2_beef_uncontrolled,R0,regression,1,4,16,1.4.0,real,True,ok,6435,2145,3,1,TS4,3,1,2.1810624096542597,6.615402999999922,,,,,,,,0.3796473953914837,0.735737205064817,0.4834770951583764
d2_beef_uncontrolled|R0|regression|seed02|fold00,e2_main_d2,d2_beef_uncontrolled,R0,regression,2,0,16,1.4.0,real,True,ok,6435,2145,3,1,TS3,3,1,2.0893379719927907,5.400169000000034,,,,,,,,0.1637533231793897,0.9350631651738422,0.24182359946172577
d2_beef_uncontrolled|R0|regression|seed02|fold01,e2_main_d2,d2_beef_uncontrolled,R0,regression,2,1,16,1.4.0,real,True,ok,6435,2145,3,1,TS5,3,1,2.192153205629438,6.322441000000055,,,,,,,,1.7631271468881529,-4.400359593757625,2.166772333372744
d2_beef_uncontrolled|R0|regression|seed02|fold02,e2_main_d2,d2_beef_uncontrolled,R0,regression,2,2,16,1.4.0,real,True,ok,6435,2145,3,1,TS4,3,1,2.09488618792966,5.600306000000007,,,,,,,,0.24092089864439162,0.8812116653395938,0.32414907681237254
d2_beef_uncontrolled|R0|regression|seed02|fold03,e2_main_d2,d2_beef_uncontrolled,R0,regression,2,3,16,1.4.0,real,True,ok,6435,2145,3,1,TS1,3,1,2.1476631639525294,6.549353000000071,,,,,,,,4.716146952776562,-36.07718293841149,5.078075645689025
d2_beef_uncontrolled|R0|regression|seed02|fold04,e2_main_d2,d2_beef_uncontrolled,R0,regression,2,4,16,1.4.0,real,True,ok,6435,2145,3,1,TS2,3,1,2.084509859792888,5.395908000000091,,,,,,,,0.7328961521546055,0.12649989819197593,0.8492406363077242
d2_beef_uncontrolled|R0|regression|seed03|fold00,e2_main_d2,d2_beef_uncontrolled,R0,regression,3,0,16,1.4.0,real,True,ok,6435,2145,3,1,TS5,3,1,2.2908058343455195,7.339706000000071,,,,,,,,8.49518094073116,-92.46209426788623,9.014044468220183
d2_beef_uncontrolled|R0|regression|seed03|fold01,e2_main_d2,d2_beef_uncontrolled,R0,regression,3,1,16,1.4.0,real,True,ok,6435,2145,3,1,TS3,3,1,2.143060860224068,6.467073000000099,,,,,,,,0.24996144472378481,0.8425569223776534,0.37654328606818566
d2_beef_uncontrolled|R0|regression|seed03|fold02,e2_main_d2,d2_beef_uncontrolled,R0,regression,3,2,16,1.4.0,real,True,ok,6435,2145,3,1,TS2,3,1,2.224297464825213,6.573798999999909,,,,,,,,1.5403604026796758,-2.6555717002433252,1.737308483471276
d2_beef_uncontrolled|R0|regression|seed03|fold03,e2_main_d2,d2_beef_uncontrolled,R0,regression,3,3,16,1.4.0,real,True,ok,6435,2145,3,1,TS4,3,1,2.155231579206884,7.138086999999693,,,,,,,,0.20828706421564752,0.8936530587878352,0.30670467347489794
d2_beef_uncontrolled|R0|regression|seed03|fold04,e2_main_d2,d2_beef_uncontrolled,R0,regression,3,4,16,1.4.0,real,True,ok,6435,2145,3,1,TS1,3,1,2.2015872560441494,5.916509999999938,,,,,,,,1.5254435365083434,-4.4062816887187575,1.9390773630093008
d2_beef_uncontrolled|R0|regression|seed04|fold00,e2_main_d2,d2_beef_uncontrolled,R0,regression,4,0,16,1.4.0,real,True,ok,6435,2145,3,1,TS3,3,1,2.1881823097355664,6.6311839999999265,,,,,,,,0.22720660738922996,0.8958854958128241,0.3062025060051112
d2_beef_uncontrolled|R0|regression|seed04|fold01,e2_main_d2,d2_beef_uncontrolled,R0,regression,4,1,16,1.4.0,real,True,ok,6435,2145,3,1,TS5,3,1,2.13886900478974,7.35607499999994,,,,,,,,1.107016265970839,-1.2367147999475363,1.3944638102701168
d2_beef_uncontrolled|R0|regression|seed04|fold02,e2_main_d2,d2_beef_uncontrolled,R0,regression,4,2,16,1.4.0,real,True,ok,6435,2145,3,1,TS1,3,1,2.1401367029175162,6.55633999999975,,,,,,,,12.454610751601797,-316.59996051749704,14.86229991930459
d2_beef_uncontrolled|R0|regression|seed04|fold03,e2_main_d2,d2_beef_uncontrolled,R0,regression,4,3,16,1.4.0,real,True,ok,6435,2145,3,1,TS2,3,1,2.221037330571562,6.725487000000207,,,,,,,,1.0727693080179606,-0.9478735397038447,1.2681763975631664
d2_beef_uncontrolled|R0|regression|seed04|fold04,e2_main_d2,d2_beef_uncontrolled,R0,regression,4,4,16,1.4.0,real,True,ok,6435,2145,3,1,TS4,3,1,2.1162227536551654,6.536984999999909,,,,,,,,0.45567603103797444,0.5698587537253621,0.6168270867897306
d2_beef_uncontrolled|R0|regression|seed05|fold00,e2_main_d2,d2_beef_uncontrolled,R0,regression,5,0,16,1.4.0,real,True,ok,6435,2145,3,1,TS5,3,1,2.675836115144193,7.216486000000003,,,,,,,,1.6676235459069761,-3.685648776080315,2.018305055314413
d2_beef_uncontrolled|R0|regression|seed05|fold01,e2_main_d2,d2_beef_uncontrolled,R0,regression,5,1,16,1.4.0,real,True,ok,6435,2145,3,1,TS4,3,1,2.5920825200155377,5.91767799999999,,,,,,,,0.33360820421854015,0.808022191758434,0.4120817741991483
d2_beef_uncontrolled|R0|regression|seed05|fold02,e2_main_d2,d2_beef_uncontrolled,R0,regression,5,2,16,1.4.0,real,True,ok,6435,2145,3,1,TS2,3,1,2.1069891899824142,6.014686999999963,,,,,,,,0.8662594046989963,-0.2678800321372041,1.0231477845059935
d2_beef_uncontrolled|R0|regression|seed05|fold03,e2_main_d2,d2_beef_uncontrolled,R0,regression,5,3,16,1.4.0,real,True,ok,6435,2145,3,1,TS3,3,1,2.1413244297727942,7.0538540000000065,,,,,,,,0.2957248144642236,0.7649706398807703,0.4600596896931134
d2_beef_uncontrolled|R0|regression|seed05|fold04,e2_main_d2,d2_beef_uncontrolled,R0,regression,5,4,16,1.4.0,real,True,ok,6435,2145,3,1,TS1,3,1,2.105349446646869,5.997338000000022,,,,,,,,5.620240192896387,-58.58460279180875,6.437434533724077
d2_beef_uncontrolled|R0|regression|seed06|fold00,e2_main_d2,d2_beef_uncontrolled,R0,regression,6,0,16,1.4.0,real,True,ok,6435,2145,3,1,TS3,3,1,2.176306216046214,7.496360000000074,,,,,,,,0.20729063610945533,0.9152013448220592,0.2763424511717399
d2_beef_uncontrolled|R0|regression|seed06|fold01,e2_main_d2,d2_beef_uncontrolled,R0,regression,6,1,16,1.4.0,real,True,ok,6435,2145,3,1,TS5,3,1,2.1674561626277864,5.5820119999999775,,,,,,,,6.792254542667289,-56.495219473061994,7.069973893111456
d2_beef_uncontrolled|R0|regression|seed06|fold02,e2_main_d2,d2_beef_uncontrolled,R0,regression,6,2,16,1.4.0,real,True,ok,6435,2145,3,1,TS1,3,1,2.077305354177952,5.677496000000012,,,,,,,,5.02926002525243,-48.42076806823942,5.862738811181083
d2_beef_uncontrolled|R0|regression|seed06|fold03,e2_main_d2,d2_beef_uncontrolled,R0,regression,6,3,16,1.4.0,real,True,ok,6435,2145,3,1,TS4,3,1,2.088332393206656,6.4584480000000575,,,,,,,,0.3805234364703854,0.7149949806479448,0.5020929766649525
d2_beef_uncontrolled|R0|regression|seed06|fold04,e2_main_d2,d2_beef_uncontrolled,R0,regression,6,4,16,1.4.0,real,True,ok,6435,2145,3,1,TS2,3,1,2.18289164500311,6.140817999999982,,,,,,,,0.6155147761999563,0.3729508577997622,0.7195319385155946
d2_beef_uncontrolled|R0|regression|seed07|fold00,e2_main_d2,d2_beef_uncontrolled,R0,regression,7,0,16,1.4.0,real,True,ok,6435,2145,3,1,TS3,3,1,2.2501090932637453,5.182546999999875,,,,,,,,0.33118963907490534,0.5391840698593213,0.6441942811800824
d2_beef_uncontrolled|R0|regression|seed07|fold01,e2_main_d2,d2_beef_uncontrolled,R0,regression,7,1,16,1.4.0,real,True,ok,6435,2145,3,1,TS1,3,1,2.247801355086267,6.5058759999999225,,,,,,,,5.1160585199719675,-41.8168265577587,5.456988505809943
d2_beef_uncontrolled|R0|regression|seed07|fold02,e2_main_d2,d2_beef_uncontrolled,R0,regression,7,2,16,1.4.0,real,True,ok,6435,2145,3,1,TS5,3,1,2.2331513059325516,6.538031000000004,,,,,,,,3.270965089665964,-12.883997340801654,3.474235094626599
d2_beef_uncontrolled|R0|regression|seed07|fold03,e2_main_d2,d2_beef_uncontrolled,R0,regression,7,3,16,1.4.0,real,True,ok,6435,2145,3,1,TS2,3,1,2.2248926730826497,6.59050200000015,,,,,,,,1.0634304056772963,-0.9797934945304045,1.278525026405951
d2_beef_uncontrolled|R0|regression|seed07|fold04,e2_main_d2,d2_beef_uncontrolled,R0,regression,7,4,16,1.4.0,real,True,ok,6435,2145,3,1,TS4,3,1,2.2723303521052003,6.333474999999979,,,,,,,,0.37959271942953626,0.7222398385041077,0.4956702690559662
d2_beef_uncontrolled|R0|regression|seed08|fold00,e2_main_d2,d2_beef_uncontrolled,R0,regression,8,0,16,1.4.0,real,True,ok,6435,2145,3,1,TS4,3,1,2.451145169790834,6.638894999999927,,,,,,,,0.2951350163438545,0.7761342843594072,0.44499146991721045
d2_beef_uncontrolled|R0|regression|seed08|fold01,e2_main_d2,d2_beef_uncontrolled,R0,regression,8,1,16,1.4.0,real,True,ok,6435,2145,3,1,TS1,3,1,2.297999519854784,5.288046000000051,,,,,,,,3.7915873355305436,-25.722056036681284,4.311026935690678
d2_beef_uncontrolled|R0|regression|seed08|fold02,e2_main_d2,d2_beef_uncontrolled,R0,regression,8,2,16,1.4.0,real,True,ok,6435,2145,3,1,TS2,3,1,2.494039561599493,7.281143000000114,,,,,,,,0.7427099856501742,0.18130429441023277,0.8221679505282556
d2_beef_uncontrolled|R0|regression|seed08|fold03,e2_main_d2,d2_beef_uncontrolled,R0,regression,8,3,16,1.4.0,real,True,ok,6435,2145,3,1,TS3,3,1,2.283405683003366,5.690975000000307,,,,,,,,0.24751502751173363,0.8436573110872247,0.37522512555249293
d2_beef_uncontrolled|R0|regression|seed08|fold04,e2_main_d2,d2_beef_uncontrolled,R0,regression,8,4,16,1.4.0,real,True,ok,6435,2145,3,1,TS5,3,1,2.445261628832668,6.032499000000037,,,,,,,,1.3620310173952797,-2.0062213795323434,1.6166366549342424
d2_beef_uncontrolled|R0|regression|seed09|fold00,e2_main_d2,d2_beef_uncontrolled,R0,regression,9,0,16,1.4.0,real,True,ok,6435,2145,3,1,TS5,3,1,2.2450852398760617,6.43372200000001,,,,,,,,3.7004701911704796,-21.80431898818709,4.452567332907903
d2_beef_uncontrolled|R0|regression|seed09|fold01,e2_main_d2,d2_beef_uncontrolled,R0,regression,9,1,16,1.4.0,real,True,ok,6435,2145,3,1,TS4,3,1,2.344287530053407,5.61141200000003,,,,,,,,0.27485248061396556,0.8328106307683072,0.3845583287974925
d2_beef_uncontrolled|R0|regression|seed09|fold02,e2_main_d2,d2_beef_uncontrolled,R0,regression,9,2,16,1.4.0,real,True,ok,6435,2145,3,1,TS1,3,1,2.240282707847655,5.302687000000027,,,,,,,,3.9144285595580013,-30.085547502960566,4.649701377342179
d2_beef_uncontrolled|R0|regression|seed09|fold03,e2_main_d2,d2_beef_uncontrolled,R0,regression,9,3,16,1.4.0,real,True,ok,6435,2145,3,1,TS3,3,1,2.3277562148869038,6.196567000000229,,,,,,,,0.20098266617150803,0.9138070453384265,0.2786050648116499
d2_beef_uncontrolled|R0|regression|seed09|fold04,e2_main_d2,d2_beef_uncontrolled,R0,regression,9,4,16,1.4.0,real,True,ok,6435,2145,3,1,TS2,3,1,2.3685047761537135,6.5017020000003285,,,,,,,,0.4950472278237252,0.5741513662498143,0.5929620733649013
d2_beef_uncontrolled|R1|classification|seed00|fold00,e2_main_d2,d2_beef_uncontrolled,R1,classification,0,0,16,1.4.0,real,True,ok,6435,2145,3,1,TS3,3,1,2.550153241958469,5.565868000000002,0.4508158508158508,0.6819684140484671,True,4.0,0.4537842190016103,require_all_classes,0.5057386096565064,,,
d2_beef_uncontrolled|R1|classification|seed00|fold01,e2_main_d2,d2_beef_uncontrolled,R1,classification,0,1,16,1.4.0,real,True,ok,6435,2145,3,1,TS5,3,1,2.7422055727802217,5.654296999999986,0.1958041958041958,0.44218101213696176,True,4.0,0.25,require_all_classes,0.08187134502923976,,,
d2_beef_uncontrolled|R1|classification|seed00|fold02,e2_main_d2,d2_beef_uncontrolled,R1,classification,0,2,16,1.4.0,real,True,ok,6435,2145,3,1,TS4,3,1,2.5153514058329165,5.630564999999987,0.6937062937062937,0.7604870011218985,True,4.0,0.6243156199677938,require_all_classes,0.5949691209331067,,,
d2_beef_uncontrolled|R1|classification|seed00|fold03,e2_main_d2,d2_beef_uncontrolled,R1,classification,0,3,16,1.4.0,real,True,ok,6435,2145,3,1,TS1,3,1,2.91539662797004,5.6866340000000335,0.34545454545454546,0.5449720132571643,True,4.0,0.36704545454545456,require_all_classes,0.2448930819596593,,,
d2_beef_uncontrolled|R1|classification|seed00|fold04,e2_main_d2,d2_beef_uncontrolled,R1,classification,0,4,16,1.4.0,real,True,ok,6435,2145,3,1,TS2,3,1,2.8515566387213767,5.669530000000002,0.19813519813519814,0.43443130180169687,True,4.0,0.19212962962962965,require_all_classes,0.1098281727498126,,,
d2_beef_uncontrolled|R1|classification|seed01|fold00,e2_main_d2,d2_beef_uncontrolled,R1,classification,1,0,16,1.4.0,real,True,ok,6435,2145,3,1,TS5,3,1,2.8826254210434854,5.719311999999919,0.05641025641025641,0.2979276201660827,True,4.0,0.03814699792960663,require_all_classes,0.04932040988478819,,,
d2_beef_uncontrolled|R1|classification|seed01|fold01,e2_main_d2,d2_beef_uncontrolled,R1,classification,1,1,16,1.4.0,real,True,ok,6435,2145,3,1,TS1,3,1,2.862692982889712,5.715484000000002,0.2680652680652681,0.38016168894224855,True,4.0,0.2178030303030303,require_all_classes,0.11256851996867659,,,
d2_beef_uncontrolled|R1|classification|seed01|fold02,e2_main_d2,d2_beef_uncontrolled,R1,classification,1,2,16,1.4.0,real,True,ok,6435,2145,3,1,TS2,3,1,2.9093512250110507,5.7036169999999515,0.19533799533799534,0.5020931819644654,True,4.0,0.20785024154589374,require_all_classes,0.1510704491989031,,,
d2_beef_uncontrolled|R1|classification|seed01|fold03,e2_main_d2,d2_beef_uncontrolled,R1,classification,1,3,16,1.4.0,real,True,ok,6435,2145,3,1,TS3,3,1,2.940356587059796,5.736343000000019,0.7622377622377622,0.8054198442650298,True,4.0,0.6805555555555556,require_all_classes,0.6509620809612015,,,
d2_beef_uncontrolled|R1|classification|seed01|fold04,e2_main_d2,d2_beef_uncontrolled,R1,classification,1,4,16,1.4.0,real,True,ok,6435,2145,3,1,TS4,3,1,2.986028145067394,5.73026400000019,0.578088578088578,0.5352560577311601,True,4.0,0.4523809523809524,require_all_classes,0.3872647516626574,,,
d2_beef_uncontrolled|R1|classification|seed02|fold00,e2_main_d2,d2_beef_uncontrolled,R1,classification,2,0,16,1.4.0,real,True,ok,6435,2145,3,1,TS3,3,1,2.733345746062696,5.1459030000001,0.6107226107226107,0.7193841744160048,True,4.0,0.4904468599033816,require_all_classes,0.4799824494151079,,,
d2_beef_uncontrolled|R1|classification|seed02|fold01,e2_main_d2,d2_beef_uncontrolled,R1,classification,2,1,16,1.4.0,real,True,ok,6435,2145,3,1,TS5,3,1,2.905776338186115,5.732517000000016,0.10442890442890443,0.4877906021770304,True,4.0,0.07886904761904762,require_all_classes,0.1049731182795699,,,
d2_beef_uncontrolled|R1|classification|seed02|fold02,e2_main_d2,d2_beef_uncontrolled,R1,classification,2,2,16,1.4.0,real,True,ok,6435,2145,3,1,TS4,3,1,2.6905299620702863,5.598907999999984,0.6764568764568765,0.8437113549737518,True,4.0,0.593854957441914,require_all_classes,0.5803773069068745,,,
d2_beef_uncontrolled|R1|classification|seed02|fold03,e2_main_d2,d2_beef_uncontrolled,R1,classification,2,3,16,1.4.0,real,True,ok,6435,2145,3,1,TS1,3,1,2.7295205551199615,5.70540600000006,0.26853146853146853,0.3989685198950942,True,4.0,0.21818181818181817,require_all_classes,0.10814870446864439,,,
d2_beef_uncontrolled|R1|classification|seed02|fold04,e2_main_d2,d2_beef_uncontrolled,R1,classification,2,4,16,1.4.0,real,True,ok,6435,2145,3,1,TS2,3,1,2.7173845660872757,5.639177000000011,0.5174825174825175,0.5735730424739769,True,4.0,0.47481518079344165,require_all_classes,0.39046249290406293,,,
d2_beef_uncontrolled|R1|classification|seed03|fold00,e2_main_d2,d2_beef_uncontrolled,R1,classification,3,0,16,1.4.0,real,True,ok,6435,2145,3,1,TS5,3,1,2.936251139268279,4.972632999999895,0.2517482517482518,0.45252824603867775,True,4.0,0.25,require_all_classes,0.1201067615658363,,,
d2_beef_uncontrolled|R1|classification|seed03|fold01,e2_main_d2,d2_beef_uncontrolled,R1,classification,3,1,16,1.4.0,real,True,ok,6435,2145,3,1,TS3,3,1,2.8127954630181193,5.667949999999969,0.7668997668997669,0.7383886052769552,True,4.0,0.6823289049919485,require_all_classes,0.6254529692742138,,,
d2_beef_uncontrolled|R1|classification|seed03|fold02,e2_main_d2,d2_beef_uncontrolled,R1,classification,3,2,16,1.4.0,real,True,ok,6435,2145,3,1,TS2,3,1,2.740422608796507,5.65779000000002,0.25874125874125875,0.5487597086012107,True,4.0,0.2565579710144928,require_all_classes,0.12581904736370608,,,
d2_beef_uncontrolled|R1|classification|seed03|fold03,e2_main_d2,d2_beef_uncontrolled,R1,classification,3,3,16,1.4.0,real,True,ok,6435,2145,3,1,TS4,3,1,2.6957359691150486,5.663029999999914,0.7296037296037297,0.7695725544301478,True,4.0,0.6700109270761445,require_all_classes,0.6523751452624119,,,
d2_beef_uncontrolled|R1|classification|seed03|fold04,e2_main_d2,d2_beef_uncontrolled,R1,classification,3,4,16,1.4.0,real,True,ok,6435,2145,3,1,TS1,3,1,2.735379143152386,5.702767999999708,0.21025641025641026,0.6686903940574739,True,4.0,0.19174242424242424,require_all_classes,0.23440542536762238,,,
d2_beef_uncontrolled|R1|classification|seed04|fold00,e2_main_d2,d2_beef_uncontrolled,R1,classification,4,0,16,1.4.0,real,True,ok,6435,2145,3,1,TS3,3,1,2.790481463074684,5.220015000000139,0.3832167832167832,0.6753549779311127,True,4.0,0.33863929146537847,require_all_classes,0.3361424866487574,,,
d2_beef_uncontrolled|R1|classification|seed04|fold01,e2_main_d2,d2_beef_uncontrolled,R1,classification,4,1,16,1.4.0,real,True,ok,6435,2145,3,1,TS5,3,1,2.7967186090536416,5.7298740000002155,0.1958041958041958,0.4020348593566541,True,4.0,0.25,require_all_classes,0.08187134502923976,,,
d2_beef_uncontrolled|R1|classification|seed04|fold02,e2_main_d2,d2_beef_uncontrolled,R1,classification,4,2,16,1.4.0,real,True,ok,6435,2145,3,1,TS1,3,1,2.902367538306862,5.730166000000082,0.2624708624708625,0.38541438025652286,True,4.0,0.21325757575757576,require_all_classes,0.11148514851485149,,,
d2_beef_uncontrolled|R1|classification|seed04|fold03,e2_main_d2,d2_beef_uncontrolled,R1,classification,4,3,16,1.4.0,real,True,ok,6435,2145,3,1,TS2,3,1,2.6699274559505284,5.702091000000102,0.3678321678321678,0.7177762522346847,True,4.0,0.3937862318840579,require_all_classes,0.33272593065032857,,,
d2_beef_uncontrolled|R1|classification|seed04|fold04,e2_main_d2,d2_beef_uncontrolled,R1,classification,4,4,16,1.4.0,real,True,ok,6435,2145,3,1,TS4,3,1,2.6622038590721786,5.493687000000122,0.47692307692307695,0.5075696220462681,True,4.0,0.33472222222222225,require_all_classes,0.2618162017257267,,,
d2_beef_uncontrolled|R1|classification|seed05|fold00,e2_main_d2,d2_beef_uncontrolled,R1,classification,5,0,16,1.4.0,real,True,ok,6435,2145,3,1,TS5,3,1,2.9427528576925397,5.983903,0.24708624708624707,0.5234028429586819,True,4.0,0.30092592592592593,require_all_classes,0.1887792426851358,,,
d2_beef_uncontrolled|R1|classification|seed05|fold01,e2_main_d2,d2_beef_uncontrolled,R1,classification,5,1,16,1.4.0,real,True,ok,6435,2145,3,1,TS4,3,1,2.9190347492694855,6.033338000000004,0.39254079254079255,0.7192353171557425,True,4.0,0.25092592592592594,require_all_classes,0.15746212121212122,,,
d2_beef_uncontrolled|R1|classification|seed05|fold02,e2_main_d2,d2_beef_uncontrolled,R1,classification,5,2,16,1.4.0,real,True,ok,6435,2145,3,1,TS2,3,1,3.0060873152688146,6.088903999999988,0.2275058275058275,0.41202654316491577,True,4.0,0.27590579710144925,require_all_classes,0.24953156490493233,,,
d2_beef_uncontrolled|R1|classification|seed05|fold03,e2_main_d2,d2_beef_uncontrolled,R1,classification,5,3,16,1.4.0,real,True,ok,6435,2145,3,1,TS3,3,1,2.574279546737671,5.700817999999993,0.6797202797202797,0.6630313105913255,True,4.0,0.5240338164251208,require_all_classes,0.4750329709199326,,,
d2_beef_uncontrolled|R1|classification|seed05|fold04,e2_main_d2,d2_beef_uncontrolled,R1,classification,5,4,16,1.4.0,real,True,ok,6435,2145,3,1,TS1,3,1,2.51609479309991,5.627071999999984,0.06666666666666667,0.4676160563259379,True,4.0,0.11348484848484848,require_all_classes,0.1477758267486099,,,
d2_beef_uncontrolled|R1|classification|seed06|fold00,e2_main_d2,d2_beef_uncontrolled,R1,classification,6,0,16,1.4.0,real,True,ok,6435,2145,3,1,TS3,3,1,2.5414195666089654,5.646309999999946,0.37435897435897436,0.6620814295183727,True,4.0,0.33172705314009665,require_all_classes,0.34420786874648923,,,
d2_beef_uncontrolled|R1|classification|seed06|fold01,e2_main_d2,d2_beef_uncontrolled,R1,classification,6,1,16,1.4.0,real,True,ok,6435,2145,3,1,TS5,3,1,2.596218964084983,5.641357000000042,0.10909090909090909,0.32021049675799984,True,4.0,0.07741402116402116,require_all_classes,0.09611805466076823,,,
d2_beef_uncontrolled|R1|classification|seed06|fold02,e2_main_d2,d2_beef_uncontrolled,R1,classification,6,2,16,1.4.0,real,True,ok,6435,2145,3,1,TS1,3,1,2.5759526011534035,5.660425999999951,0.6503496503496503,0.6265020917488139,True,4.0,0.41761363636363635,require_all_classes,0.36720659414386353,,,
d2_beef_uncontrolled|R1|classification|seed06|fold03,e2_main_d2,d2_beef_uncontrolled,R1,classification,6,3,16,1.4.0,real,True,ok,6435,2145,3,1,TS4,3,1,2.68980884924531,5.634904000000045,0.49976689976689975,0.7035101440094865,True,4.0,0.3574074074074074,require_all_classes,0.2870234146709497,,,
d2_beef_uncontrolled|R1|classification|seed06|fold04,e2_main_d2,d2_beef_uncontrolled,R1,classification,6,4,16,1.4.0,real,True,ok,6435,2145,3,1,TS2,3,1,2.6352761648595333,5.726053000000054,0.21025641025641026,0.4240055020058846,True,4.0,0.20879629629629629,require_all_classes,0.09470810583788324,,,
d2_beef_uncontrolled|R1|classification|seed07|fold00,e2_main_d2,d2_beef_uncontrolled,R1,classification,7,0,16,1.4.0,real,True,ok,6435,2145,3,1,TS3,3,1,2.5390648213215172,5.640883000000034,0.6475524475524476,0.6016116679917196,True,4.0,0.47638888888888886,require_all_classes,0.39420361805688175,,,
d2_beef_uncontrolled|R1|classification|seed07|fold01,e2_main_d2,d2_beef_uncontrolled,R1,classification,7,1,16,1.4.0,real,True,ok,6435,2145,3,1,TS1,3,1,2.56779194297269,5.650004000000042,0.18554778554778556,0.44440830443833595,True,4.0,0.151489898989899,require_all_classes,0.183439005442686,,,
d2_beef_uncontrolled|R1|classification|seed07|fold02,e2_main_d2,d2_beef_uncontrolled,R1,classification,7,2,16,1.4.0,real,True,ok,6435,2145,3,1,TS5,3,1,2.507229029200971,5.6155289999999205,0.4811188811188811,0.6495582631346641,True,4.0,0.3388888888888889,require_all_classes,0.2613637155985692,,,
d2_beef_uncontrolled|R1|classification|seed07|fold03,e2_main_d2,d2_beef_uncontrolled,R1,classification,7,3,16,1.4.0,real,True,ok,6435,2145,3,1,TS2,3,1,2.7038872921839356,5.758512999999965,0.3095571095571096,0.577702900051598,True,4.0,0.33772946859903386,require_all_classes,0.29039334678184914,,,
d2_beef_uncontrolled|R1|classification|seed07|fold04,e2_main_d2,d2_beef_uncontrolled,R1,classification,7,4,16,1.4.0,real,True,ok,6435,2145,3,1,TS4,3,1,2.545886824838817,5.63575599999988,0.5067599067599068,0.5945549780430459,True,4.0,0.42322866344605475,require_all_classes,0.34399185275932587,,,
d2_beef_uncontrolled|R1|classification|seed08|fold00,e2_main_d2,d2_beef_uncontrolled,R1,classification,8,0,16,1.4.0,real,True,ok,6435,2145,3,1,TS4,3,1,2.669389402028173,5.673166999999843,0.6592074592074592,0.7467299689854918,True,4.0,0.5652605244996549,require_all_classes,0.5626689475912203,,,
d2_beef_uncontrolled|R1|classification|seed08|fold01,e2_main_d2,d2_beef_uncontrolled,R1,classification,8,1,16,1.4.0,real,True,ok,6435,2145,3,1,TS1,3,1,2.5687382840551436,5.353634999999912,0.28997668997668996,0.5126134737280684,True,4.0,0.2356060606060606,require_all_classes,0.11829593001141119,,,
d2_beef_uncontrolled|R1|classification|seed08|fold02,e2_main_d2,d2_beef_uncontrolled,R1,classification,8,2,16,1.4.0,real,True,ok,6435,2145,3,1,TS2,3,1,2.7445649337023497,5.20725299999981,0.2745920745920746,0.5691530433081304,True,4.0,0.3260668276972625,require_all_classes,0.27466584926509546,,,
d2_beef_uncontrolled|R1|classification|seed08|fold03,e2_main_d2,d2_beef_uncontrolled,R1,classification,8,3,16,1.4.0,real,True,ok,6435,2145,3,1,TS3,3,1,2.6668379767797887,5.659235999999737,0.3906759906759907,0.6510499407258468,True,4.0,0.3518679549114332,require_all_classes,0.3870016176659925,,,
d2_beef_uncontrolled|R1|classification|seed08|fold04,e2_main_d2,d2_beef_uncontrolled,R1,classification,8,4,16,1.4.0,real,True,ok,6435,2145,3,1,TS5,3,1,2.5117108789272606,5.616739000000102,0.1958041958041958,0.4401749606949974,True,4.0,0.25,require_all_classes,0.08677685950413223,,,
d2_beef_uncontrolled|R1|classification|seed09|fold00,e2_main_d2,d2_beef_uncontrolled,R1,classification,9,0,16,1.4.0,real,True,ok,6435,2145,3,1,TS5,3,1,2.5408341689035296,5.643481999999985,0.1958041958041958,0.5666700388741495,True,4.0,0.25,require_all_classes,0.08199921905505662,,,
d2_beef_uncontrolled|R1|classification|seed09|fold01,e2_main_d2,d2_beef_uncontrolled,R1,classification,9,1,16,1.4.0,real,True,ok,6435,2145,3,1,TS4,3,1,2.5743675781413913,5.6888819999997295,0.6097902097902098,0.7596423956159686,True,4.0,0.47399355877616745,require_all_classes,0.41224804811267357,,,
d2_beef_uncontrolled|R1|classification|seed09|fold02,e2_main_d2,d2_beef_uncontrolled,R1,classification,9,2,16,1.4.0,real,True,ok,6435,2145,3,1,TS1,3,1,2.6002367860637605,5.5463489999998,0.11095571095571095,0.5861856225659299,True,4.0,0.11871212121212121,require_all_classes,0.12815074603047366,,,
d2_beef_uncontrolled|R1|classification|seed09|fold03,e2_main_d2,d2_beef_uncontrolled,R1,classification,9,3,16,1.4.0,real,True,ok,6435,2145,3,1,TS3,3,1,2.5826077801175416,5.673470000000087,0.5808857808857809,0.738118747618193,True,4.0,0.5544806763285024,require_all_classes,0.4855685139452045,,,
d2_beef_uncontrolled|R1|classification|seed09|fold04,e2_main_d2,d2_beef_uncontrolled,R1,classification,9,4,16,1.4.0,real,True,ok,6435,2145,3,1,TS2,3,1,2.712704954203218,5.6189870000003665,0.5734265734265734,0.716090179791454,True,4.0,0.5819169960474309,require_all_classes,0.5421951773342137,,,
d2_beef_uncontrolled|R1|regression|seed00|fold00,e2_main_d2,d2_beef_uncontrolled,R1,regression,0,0,16,1.4.0,real,True,ok,6435,2145,3,1,TS3,3,1,2.172628545667976,8.13307,,,,,,,,0.22958856094737887,0.8847759330867132,0.32212521617689
d2_beef_uncontrolled|R1|regression|seed00|fold01,e2_main_d2,d2_beef_uncontrolled,R1,regression,0,1,16,1.4.0,real,True,ok,6435,2145,3,1,TS5,3,1,2.4167910991236567,9.694405999999987,,,,,,,,1.7952418884941925,-3.2111019426080727,1.9133737854569484
d2_beef_uncontrolled|R1|regression|seed00|fold02,e2_main_d2,d2_beef_uncontrolled,R1,regression,0,2,16,1.4.0,real,True,ok,6435,2145,3,1,TS4,3,1,2.2306675612926483,9.043268999999945,,,,,,,,0.20476227941532252,0.8862738538246204,0.3171670431310452
d2_beef_uncontrolled|R1|regression|seed00|fold03,e2_main_d2,d2_beef_uncontrolled,R1,regression,0,3,16,1.4.0,real,True,ok,6435,2145,3,1,TS1,3,1,2.192346094176173,8.744984000000002,,,,,,,,5.918122539248712,-57.408702436339254,6.373596715840161
d2_beef_uncontrolled|R1|regression|seed00|fold04,e2_main_d2,d2_beef_uncontrolled,R1,regression,0,4,16,1.4.0,real,True,ok,6435,2145,3,1,TS2,3,1,2.198404514696449,9.438976000000062,,,,,,,,0.695862965799942,0.26721506320903576,0.777835130198603
d2_beef_uncontrolled|R1|regression|seed01|fold00,e2_main_d2,d2_beef_uncontrolled,R1,regression,1,0,16,1.4.0,real,True,ok,6435,2145,3,1,TS5,3,1,2.1692819288000464,8.969681999999976,,,,,,,,4.130685571274159,-19.922275093266364,4.264875875936043
d2_beef_uncontrolled|R1|regression|seed01|fold01,e2_main_d2,d2_beef_uncontrolled,R1,regression,1,1,16,1.4.0,real,True,ok,6435,2145,3,1,TS1,3,1,2.183844483923167,8.895435000000033,,,,,,,,16.735750684938832,-555.0330515441832,19.665097543586324
d2_beef_uncontrolled|R1|regression|seed01|fold02,e2_main_d2,d2_beef_uncontrolled,R1,regression,1,2,16,1.4.0,real,True,ok,6435,2145,3,1,TS2,3,1,2.193092856090516,8.411569000000043,,,,,,,,1.010120046681021,-1.629531743479221,1.4734604936513578
d2_beef_uncontrolled|R1|regression|seed01|fold03,e2_main_d2,d2_beef_uncontrolled,R1,regression,1,3,16,1.4.0,real,True,ok,6435,2145,3,1,TS3,3,1,2.378313752822578,9.655405000000005,,,,,,,,0.399537646362005,0.5517572968516763,0.635345176770659
d2_beef_uncontrolled|R1|regression|seed01|fold04,e2_main_d2,d2_beef_uncontrolled,R1,regression,1,4,16,1.4.0,real,True,ok,6435,2145,3,1,TS4,3,1,2.196734277997166,8.541087000000022,,,,,,,,0.3672832967173177,0.7698769856023795,0.4511676160459221
d2_beef_uncontrolled|R1|regression|seed02|fold00,e2_main_d2,d2_beef_uncontrolled,R1,regression,2,0,16,1.4.0,real,True,ok,6435,2145,3,1,TS3,3,1,2.291883072350174,8.523174000000026,,,,,,,,0.15486398661167827,0.941780639035489,0.2289743528004307
d2_beef_uncontrolled|R1|regression|seed02|fold01,e2_main_d2,d2_beef_uncontrolled,R1,regression,2,1,16,1.4.0,real,True,ok,6435,2145,3,1,TS5,3,1,2.252315117046237,8.36452699999997,,,,,,,,2.5559802074064044,-9.680530084067549,3.0471816605921487
d2_beef_uncontrolled|R1|regression|seed02|fold02,e2_main_d2,d2_beef_uncontrolled,R1,regression,2,2,16,1.4.0,real,True,ok,6435,2145,3,1,TS4,3,1,2.1806531250476837,8.343367000000036,,,,,,,,0.23642706963818275,0.8901563253538602,0.31170618419831175
d2_beef_uncontrolled|R1|regression|seed02|fold03,e2_main_d2,d2_beef_uncontrolled,R1,regression,2,3,16,1.4.0,real,True,ok,6435,2145,3,1,TS1,3,1,2.210388799663633,9.407964000000028,,,,,,,,4.9047418566604355,-39.15946327814967,5.284936227941668
d2_beef_uncontrolled|R1|regression|seed02|fold04,e2_main_d2,d2_beef_uncontrolled,R1,regression,2,4,16,1.4.0,real,True,ok,6435,2145,3,1,TS2,3,1,2.1861169091425836,9.520961000000113,,,,,,,,0.6942269526357063,0.18644323778354532,0.8195835192255777
d2_beef_uncontrolled|R1|regression|seed03|fold00,e2_main_d2,d2_beef_uncontrolled,R1,regression,3,0,16,1.4.0,real,True,ok,6435,2145,3,1,TS5,3,1,2.211174697149545,7.653601000000101,,,,,,,,9.298971365456552,-108.9251245562647,9.775757622270769
d2_beef_uncontrolled|R1|regression|seed03|fold01,e2_main_d2,d2_beef_uncontrolled,R1,regression,3,1,16,1.4.0,real,True,ok,6435,2145,3,1,TS3,3,1,2.2012635841965675,9.786311999999924,,,,,,,,0.2388647859919139,0.8658702029519698,0.34754877075917023
d2_beef_uncontrolled|R1|regression|seed03|fold02,e2_main_d2,d2_beef_uncontrolled,R1,regression,3,2,16,1.4.0,real,True,ok,6435,2145,3,1,TS2,3,1,2.2059996612370014,9.26183000000006,,,,,,,,1.4350103427763803,-2.249725874699241,1.6380330165597008
d2_beef_uncontrolled|R1|regression|seed03|fold03,e2_main_d2,d2_beef_uncontrolled,R1,regression,3,3,16,1.4.0,real,True,ok,6435,2145,3,1,TS4,3,1,2.168129000812769,8.483531999999961,,,,,,,,0.20958990213095352,0.8946905062422634,0.30520500739138196
d2_beef_uncontrolled|R1|regression|seed03|fold04,e2_main_d2,d2_beef_uncontrolled,R1,regression,3,4,16,1.4.0,real,True,ok,6435,2145,3,1,TS1,3,1,2.320176310837269,9.325290999999687,,,,,,,,1.157079189460623,-2.348674555416567,1.526097469712427
d2_beef_uncontrolled|R1|regression|seed04|fold00,e2_main_d2,d2_beef_uncontrolled,R1,regression,4,0,16,1.4.0,real,True,ok,6435,2145,3,1,TS3,3,1,2.165013234131038,7.296067000000299,,,,,,,,0.28733359739940384,0.8640221792432675,0.349934822124794
d2_beef_uncontrolled|R1|regression|seed04|fold01,e2_main_d2,d2_beef_uncontrolled,R1,regression,4,1,16,1.4.0,real,True,ok,6435,2145,3,1,TS5,3,1,2.290651876013726,7.601450000000064,,,,,,,,3.6768530529870285,-29.755643344727783,5.170878699558128
d2_beef_uncontrolled|R1|regression|seed04|fold02,e2_main_d2,d2_beef_uncontrolled,R1,regression,4,2,16,1.4.0,real,True,ok,6435,2145,3,1,TS1,3,1,2.1883178646676242,9.350000000000094,,,,,,,,10.779372340694268,-221.88909494792378,12.450598015371742
d2_beef_uncontrolled|R1|regression|seed04|fold03,e2_main_d2,d2_beef_uncontrolled,R1,regression,4,3,16,1.4.0,real,True,ok,6435,2145,3,1,TS2,3,1,2.2655570870265365,8.745866000000028,,,,,,,,1.000056463647176,-0.6678479844107275,1.1734849369910327
d2_beef_uncontrolled|R1|regression|seed04|fold04,e2_main_d2,d2_beef_uncontrolled,R1,regression,4,4,16,1.4.0,real,True,ok,6435,2145,3,1,TS4,3,1,2.200187328737229,9.44342700000012,,,,,,,,0.5373494566857788,0.47096402234185275,0.6840699231363138
d2_beef_uncontrolled|R1|regression|seed05|fold00,e2_main_d2,d2_beef_uncontrolled,R1,regression,5,0,16,1.4.0,real,True,ok,6435,2145,3,1,TS5,3,1,2.9290037471801043,9.660427000000002,,,,,,,,2.3571952869198483,-6.731630986678708,2.5926118458342797
d2_beef_uncontrolled|R1|regression|seed05|fold01,e2_main_d2,d2_beef_uncontrolled,R1,regression,5,1,16,1.4.0,real,True,ok,6435,2145,3,1,TS4,3,1,2.7328463648445904,8.375216000000009,,,,,,,,0.3356710869661477,0.8054057910342399,0.4148803329916078
d2_beef_uncontrolled|R1|regression|seed05|fold02,e2_main_d2,d2_beef_uncontrolled,R1,regression,5,2,16,1.4.0,real,True,ok,6435,2145,3,1,TS2,3,1,2.172486873343587,9.191253999999995,,,,,,,,0.7674948035805429,-0.08831783611760624,0.9479319479820199
d2_beef_uncontrolled|R1|regression|seed05|fold03,e2_main_d2,d2_beef_uncontrolled,R1,regression,5,3,16,1.4.0,real,True,ok,6435,2145,3,1,TS3,3,1,2.3067487562075257,7.811955999999983,,,,,,,,0.33310272031489985,0.7085947926301415,0.5122733665755199
d2_beef_uncontrolled|R1|regression|seed05|fold04,e2_main_d2,d2_beef_uncontrolled,R1,regression,5,4,16,1.4.0,real,True,ok,6435,2145,3,1,TS1,3,1,2.291561926715076,8.39716900000005,,,,,,,,5.867272174070272,-61.984850387847295,6.618565211275633
d2_beef_uncontrolled|R1|regression|seed06|fold00,e2_main_d2,d2_beef_uncontrolled,R1,regression,6,0,16,1.4.0,real,True,ok,6435,2145,3,1,TS3,3,1,2.2723605441860855,8.465979000000008,,,,,,,,0.19816976313297455,0.9243548806090998,0.261001846238639
d2_beef_uncontrolled|R1|regression|seed06|fold01,e2_main_d2,d2_beef_uncontrolled,R1,regression,6,1,16,1.4.0,real,True,ok,6435,2145,3,1,TS5,3,1,2.1813248149119318,9.58533399999991,,,,,,,,8.024506462305343,-77.58413457373595,8.265504742863826
d2_beef_uncontrolled|R1|regression|seed06|fold02,e2_main_d2,d2_beef_uncontrolled,R1,regression,6,2,16,1.4.0,real,True,ok,6435,2145,3,1,TS1,3,1,2.175006392877549,9.135975999999996,,,,,,,,5.876579089499286,-67.60659560435481,6.907624732888155
d2_beef_uncontrolled|R1|regression|seed06|fold03,e2_main_d2,d2_beef_uncontrolled,R1,regression,6,3,16,1.4.0,real,True,ok,6435,2145,3,1,TS4,3,1,2.2010023570619524,9.462241999999993,,,,,,,,0.3691461928448744,0.7320468166666112,0.48684123179257677
d2_beef_uncontrolled|R1|regression|seed06|fold04,e2_main_d2,d2_beef_uncontrolled,R1,regression,6,4,16,1.4.0,real,True,ok,6435,2145,3,1,TS2,3,1,2.230294201988727,7.4677310000000325,,,,,,,,0.6067069682289578,0.359423364836418,0.7272518488738596
d2_beef_uncontrolled|R1|regression|seed07|fold00,e2_main_d2,d2_beef_uncontrolled,R1,regression,7,0,16,1.4.0,real,True,ok,6435,2145,3,1,TS3,3,1,2.190391071140766,8.81902999999987,,,,,,,,0.3381369869139503,0.5363090397192797,0.6462007202502938
d2_beef_uncontrolled|R1|regression|seed07|fold01,e2_main_d2,d2_beef_uncontrolled,R1,regression,7,1,16,1.4.0,real,True,ok,6435,2145,3,1,TS1,3,1,2.253074600826949,9.296641999999895,,,,,,,,6.149523459095456,-62.97216085551422,6.670237712367689
d2_beef_uncontrolled|R1|regression|seed07|fold02,e2_main_d2,d2_beef_uncontrolled,R1,regression,7,2,16,1.4.0,real,True,ok,6435,2145,3,1,TS5,3,1,2.271916465833783,9.329009999999993,,,,,,,,2.567575417731799,-7.624121673376209,2.738163516634354
d2_beef_uncontrolled|R1|regression|seed07|fold03,e2_main_d2,d2_beef_uncontrolled,R1,regression,7,3,16,1.4.0,real,True,ok,6435,2145,3,1,TS2,3,1,2.174881102051586,9.544531000000198,,,,,,,,1.0958754773377217,-1.1373891002301253,1.328437364223637
d2_beef_uncontrolled|R1|regression|seed07|fold04,e2_main_d2,d2_beef_uncontrolled,R1,regression,7,4,16,1.4.0,real,True,ok,6435,2145,3,1,TS4,3,1,2.1838114261627197,9.582836000000064,,,,,,,,0.3918456472572832,0.708839210799243,0.5074863157319813
d2_beef_uncontrolled|R1|regression|seed08|fold00,e2_main_d2,d2_beef_uncontrolled,R1,regression,8,0,16,1.4.0,real,True,ok,6435,2145,3,1,TS4,3,1,2.211865697056055,8.769289000000128,,,,,,,,0.28826453797828605,0.7911611930510397,0.4297971129413356
d2_beef_uncontrolled|R1|regression|seed08|fold01,e2_main_d2,d2_beef_uncontrolled,R1,regression,8,1,16,1.4.0,real,True,ok,6435,2145,3,1,TS1,3,1,2.193848629016429,8.618574000000066,,,,,,,,4.587997410761761,-39.31917979677752,5.2954350489050475
d2_beef_uncontrolled|R1|regression|seed08|fold02,e2_main_d2,d2_beef_uncontrolled,R1,regression,8,2,16,1.4.0,real,True,ok,6435,2145,3,1,TS2,3,1,2.1924522309564054,7.281834999999916,,,,,,,,0.6972628049788274,0.28825437084980776,0.7665874261058961
d2_beef_uncontrolled|R1|regression|seed08|fold03,e2_main_d2,d2_beef_uncontrolled,R1,regression,8,3,16,1.4.0,real,True,ok,6435,2145,3,1,TS3,3,1,2.186517693568021,9.517344000000271,,,,,,,,0.25026584453732936,0.8661601659619116,0.34717290046929533
d2_beef_uncontrolled|R1|regression|seed08|fold04,e2_main_d2,d2_beef_uncontrolled,R1,regression,8,4,16,1.4.0,real,True,ok,6435,2145,3,1,TS5,3,1,2.2682262542657554,7.141544999999994,,,,,,,,1.4519999471137006,-2.2006561498303547,1.6680975787958918
d2_beef_uncontrolled|R1|regression|seed09|fold00,e2_main_d2,d2_beef_uncontrolled,R1,regression,9,0,16,1.4.0,real,True,ok,6435,2145,3,1,TS5,3,1,2.1962889372371137,9.477722000000021,,,,,,,,4.436650678045509,-28.455897910735125,5.060437612429011
d2_beef_uncontrolled|R1|regression|seed09|fold01,e2_main_d2,d2_beef_uncontrolled,R1,regression,9,1,16,1.4.0,real,True,ok,6435,2145,3,1,TS4,3,1,2.290102251805365,8.131119000000403,,,,,,,,0.25127143491134196,0.864636728506679,0.3460256659262367
d2_beef_uncontrolled|R1|regression|seed09|fold02,e2_main_d2,d2_beef_uncontrolled,R1,regression,9,2,16,1.4.0,real,True,ok,6435,2145,3,1,TS1,3,1,2.203437061049044,8.64232299999992,,,,,,,,3.5421557906924765,-23.842379008396318,4.156639811111581
d2_beef_uncontrolled|R1|regression|seed09|fold03,e2_main_d2,d2_beef_uncontrolled,R1,regression,9,3,16,1.4.0,real,True,ok,6435,2145,3,1,TS3,3,1,2.3986999499611557,8.890207999999944,,,,,,,,0.19910888326234705,0.9144412768439535,0.27757814582587514
d2_beef_uncontrolled|R1|regression|seed09|fold04,e2_main_d2,d2_beef_uncontrolled,R1,regression,9,4,16,1.4.0,real,True,ok,6435,2145,3,1,TS2,3,1,2.2596225449815392,7.4116170000000565,,,,,,,,0.4682733803350356,0.6040597126936925,0.571760480447271
d2_beef_uncontrolled|R2|classification|seed00|fold00,e2_main_d2,d2_beef_uncontrolled,R2,classification,0,0,16,1.4.0,real,True,ok,6435,2145,3,1,TS3,3,1,2.4395538889802992,5.547991,0.4913752913752914,0.6974070013777051,True,4.0,0.46055555555555555,require_all_classes,0.5075591519138675,,,
d2_beef_uncontrolled|R2|classification|seed00|fold01,e2_main_d2,d2_beef_uncontrolled,R2,classification,0,1,16,1.4.0,real,True,ok,6435,2145,3,1,TS5,3,1,2.4520857064053416,5.112058000000002,0.1958041958041958,0.4247677147555876,True,4.0,0.25,require_all_classes,0.08187134502923976,,,
d2_beef_uncontrolled|R2|classification|seed00|fold02,e2_main_d2,d2_beef_uncontrolled,R2,classification,0,2,16,1.4.0,real,True,ok,6435,2145,3,1,TS4,3,1,2.3926275609992445,5.495581999999988,0.6946386946386947,0.7544206111291879,True,4.0,0.6262882447665057,require_all_classes,0.5942693797542045,,,
d2_beef_uncontrolled|R2|classification|seed00|fold03,e2_main_d2,d2_beef_uncontrolled,R2,classification,0,3,16,1.4.0,real,True,ok,6435,2145,3,1,TS1,3,1,2.5673192352987826,5.576548999999998,0.34825174825174826,0.5435903511736561,True,4.0,0.40295454545454545,require_all_classes,0.2580540692762602,,,
d2_beef_uncontrolled|R2|classification|seed00|fold04,e2_main_d2,d2_beef_uncontrolled,R2,classification,0,4,16,1.4.0,real,True,ok,6435,2145,3,1,TS2,3,1,2.665686860214919,5.55041499999999,0.20046620046620048,0.5495842301080125,True,4.0,0.19985909822866343,require_all_classes,0.10017922673149281,,,
d2_beef_uncontrolled|R2|classification|seed01|fold00,e2_main_d2,d2_beef_uncontrolled,R2,classification,1,0,16,1.4.0,real,True,ok,6435,2145,3,1,TS5,3,1,2.5711840810254216,5.578600999999983,0.151981351981352,0.3453218772048482,True,4.0,0.10945048309178744,require_all_classes,0.11842582562914074,,,
d2_beef_uncontrolled|R2|classification|seed01|fold01,e2_main_d2,d2_beef_uncontrolled,R2,classification,1,1,16,1.4.0,real,True,ok,6435,2145,3,1,TS1,3,1,2.5897872778587043,5.547916000000006,0.26713286713286716,0.3745743102241396,True,4.0,0.21704545454545454,require_all_classes,0.11235294117647059,,,
d2_beef_uncontrolled|R2|classification|seed01|fold02,e2_main_d2,d2_beef_uncontrolled,R2,classification,1,2,16,1.4.0,real,True,ok,6435,2145,3,1,TS2,3,1,2.5549526726827025,5.556488999999974,0.14685314685314685,0.4912076973949915,True,4.0,0.1688607085346216,require_all_classes,0.15761070809658523,,,
d2_beef_uncontrolled|R2|classification|seed01|fold03,e2_main_d2,d2_beef_uncontrolled,R2,classification,1,3,16,1.4.0,real,True,ok,6435,2145,3,1,TS3,3,1,2.654525567777455,5.579280999999931,0.7627039627039627,0.8144292130782176,True,4.0,0.6810185185185185,require_all_classes,0.6518887459798044,,,
d2_beef_uncontrolled|R2|classification|seed01|fold04,e2_main_d2,d2_beef_uncontrolled,R2,classification,1,4,16,1.4.0,real,True,ok,6435,2145,3,1,TS4,3,1,2.5548136830329895,5.589661000000106,0.5743589743589743,0.5554607496788123,True,4.0,0.45066137566137565,require_all_classes,0.38407675984514233,,,
d2_beef_uncontrolled|R2|classification|seed02|fold00,e2_main_d2,d2_beef_uncontrolled,R2,classification,2,0,16,1.4.0,real,True,ok,6435,2145,3,1,TS3,3,1,2.4750156360678375,5.581807000000115,0.6326340326340326,0.733108522594224,True,4.0,0.514891304347826,require_all_classes,0.5093220952727113,,,
d2_beef_uncontrolled|R2|classification|seed02|fold01,e2_main_d2,d2_beef_uncontrolled,R2,classification,2,1,16,1.4.0,real,True,ok,6435,2145,3,1,TS5,3,1,2.429925295058638,5.526237999999889,0.11188811188811189,0.40906106047999585,True,4.0,0.1324404761904762,require_all_classes,0.0906409372846313,,,
d2_beef_uncontrolled|R2|classification|seed02|fold02,e2_main_d2,d2_beef_uncontrolled,R2,classification,2,2,16,1.4.0,real,True,ok,6435,2145,3,1,TS4,3,1,2.407028893008828,5.525118000000017,0.6368298368298368,0.8624148344595937,True,4.0,0.53329307568438,require_all_classes,0.5079074061572739,,,
d2_beef_uncontrolled|R2|classification|seed02|fold03,e2_main_d2,d2_beef_uncontrolled,R2,classification,2,3,16,1.4.0,real,True,ok,6435,2145,3,1,TS1,3,1,2.6698377802968025,5.586490999999853,0.24895104895104894,0.43740448122228676,True,4.0,0.20227272727272727,require_all_classes,0.09966405375139978,,,
d2_beef_uncontrolled|R2|classification|seed02|fold04,e2_main_d2,d2_beef_uncontrolled,R2,classification,2,4,16,1.4.0,real,True,ok,6435,2145,3,1,TS2,3,1,2.489243909716606,5.592317999999885,0.509090909090909,0.6228396344985654,True,4.0,0.4810624359537403,require_all_classes,0.4302132521916582,,,
d2_beef_uncontrolled|R2|classification|seed03|fold00,e2_main_d2,d2_beef_uncontrolled,R2,classification,3,0,16,1.4.0,real,True,ok,6435,2145,3,1,TS5,3,1,2.3997262148186564,5.512293,0.2517482517482518,0.37827435786384117,True,4.0,0.25,require_all_classes,0.1005586592178771,,,
d2_beef_uncontrolled|R2|classification|seed03|fold01,e2_main_d2,d2_beef_uncontrolled,R2,classification,3,1,16,1.4.0,real,True,ok,6435,2145,3,1,TS3,3,1,2.394420332275331,5.488538999999932,0.7668997668997669,0.6776757593647803,True,4.0,0.6827314814814816,require_all_classes,0.6255109754086956,,,
d2_beef_uncontrolled|R2|classification|seed03|fold02,e2_main_d2,d2_beef_uncontrolled,R2,classification,3,2,16,1.4.0,real,True,ok,6435,2145,3,1,TS2,3,1,2.4065779550001025,5.519076000000055,0.26573426573426573,0.5459030530516812,True,4.0,0.263731884057971,require_all_classes,0.14453946162423326,,,
d2_beef_uncontrolled|R2|classification|seed03|fold03,e2_main_d2,d2_beef_uncontrolled,R2,classification,3,3,16,1.4.0,real,True,ok,6435,2145,3,1,TS4,3,1,2.3749144272878766,5.493006000000214,0.7132867132867133,0.7648255688021588,True,4.0,0.6468397745571659,require_all_classes,0.6227287690957779,,,
d2_beef_uncontrolled|R2|classification|seed03|fold04,e2_main_d2,d2_beef_uncontrolled,R2,classification,3,4,16,1.4.0,real,True,ok,6435,2145,3,1,TS1,3,1,2.4501236341893673,5.544075000000085,0.34498834498834496,0.5973114541046747,True,4.0,0.41666666666666663,require_all_classes,0.33596600618909056,,,
d2_beef_uncontrolled|R2|classification|seed04|fold00,e2_main_d2,d2_beef_uncontrolled,R2,classification,4,0,16,1.4.0,real,True,ok,6435,2145,3,1,TS3,3,1,2.4015942779369652,5.53438800000032,0.4037296037296037,0.6839009360709387,True,4.0,0.37632447665056357,require_all_classes,0.40316271385186236,,,
d2_beef_uncontrolled|R2|classification|seed04|fold01,e2_main_d2,d2_beef_uncontrolled,R2,classification,4,1,16,1.4.0,real,True,ok,6435,2145,3,1,TS5,3,1,2.435289880260825,5.551269999999953,0.1958041958041958,0.4544984630268063,True,4.0,0.25,require_all_classes,0.08343265792610251,,,
d2_beef_uncontrolled|R2|classification|seed04|fold02,e2_main_d2,d2_beef_uncontrolled,R2,classification,4,2,16,1.4.0,real,True,ok,6435,2145,3,1,TS1,3,1,2.563225723337382,5.534425999999847,0.27692307692307694,0.42812285389593685,True,4.0,0.225,require_all_classes,0.11533980582524272,,,
d2_beef_uncontrolled|R2|classification|seed04|fold03,e2_main_d2,d2_beef_uncontrolled,R2,classification,4,3,16,1.4.0,real,True,ok,6435,2145,3,1,TS2,3,1,2.4120256109163165,5.52379100000001,0.365034965034965,0.6687862532922575,True,4.0,0.4051449275362319,require_all_classes,0.34754267057283905,,,
d2_beef_uncontrolled|R2|classification|seed04|fold04,e2_main_d2,d2_beef_uncontrolled,R2,classification,4,4,16,1.4.0,real,True,ok,6435,2145,3,1,TS4,3,1,2.395560051780194,5.509039000000129,0.45874125874125876,0.5193110193716375,True,4.0,0.31666666666666665,require_all_classes,0.2480399033590523,,,
d2_beef_uncontrolled|R2|classification|seed05|fold00,e2_main_d2,d2_beef_uncontrolled,R2,classification,5,0,16,1.4.0,real,True,ok,6435,2145,3,1,TS5,3,1,2.8026123731397092,5.8922930000000004,0.24055944055944056,0.48993565633738545,True,4.0,0.29444444444444445,require_all_classes,0.18209389949949484,,,
d2_beef_uncontrolled|R2|classification|seed05|fold01,e2_main_d2,d2_beef_uncontrolled,R2,classification,5,1,16,1.4.0,real,True,ok,6435,2145,3,1,TS4,3,1,2.839857599232346,5.914106999999975,0.40885780885780887,0.7347214695698188,True,4.0,0.2755032206119163,require_all_classes,0.20323382231192733,,,
d2_beef_uncontrolled|R2|classification|seed05|fold02,e2_main_d2,d2_beef_uncontrolled,R2,classification,5,2,16,1.4.0,real,True,ok,6435,2145,3,1,TS2,3,1,3.069517693016678,6.025396000000009,0.19533799533799534,0.3642134254639961,True,4.0,0.22276570048309177,require_all_classes,0.194136588873431,,,
d2_beef_uncontrolled|R2|classification|seed05|fold03,e2_main_d2,d2_beef_uncontrolled,R2,classification,5,3,16,1.4.0,real,True,ok,6435,2145,3,1,TS3,3,1,2.4576694518327713,5.551419000000001,0.6843822843822844,0.6776530460962675,True,4.0,0.5323268921095008,require_all_classes,0.48404953763392417,,,
d2_beef_uncontrolled|R2|classification|seed05|fold04,e2_main_d2,d2_beef_uncontrolled,R2,classification,5,4,16,1.4.0,real,True,ok,6435,2145,3,1,TS1,3,1,2.4115805933251977,5.528962999999955,0.23916083916083916,0.4737958312747699,True,4.0,0.14507575757575758,require_all_classes,0.17012374398242383,,,
d2_beef_uncontrolled|R2|classification|seed06|fold00,e2_main_d2,d2_beef_uncontrolled,R2,classification,6,0,16,1.4.0,real,True,ok,6435,2145,3,1,TS3,3,1,2.4312951238825917,5.547899000000061,0.37202797202797205,0.6308312630709968,True,4.0,0.3261634460547504,require_all_classes,0.33312861118082915,,,
d2_beef_uncontrolled|R2|classification|seed06|fold01,e2_main_d2,d2_beef_uncontrolled,R2,classification,6,1,16,1.4.0,real,True,ok,6435,2145,3,1,TS5,3,1,2.57774097006768,5.583762000000023,0.29790209790209793,0.3285008345107968,True,4.0,0.24441137566137566,require_all_classes,0.21507733389192052,,,
d2_beef_uncontrolled|R2|classification|seed06|fold02,e2_main_d2,d2_beef_uncontrolled,R2,classification,6,2,16,1.4.0,real,True,ok,6435,2145,3,1,TS1,3,1,2.4136163350194693,5.546981000000056,0.5738927738927739,0.6408112468440939,True,4.0,0.35265151515151516,require_all_classes,0.3352295409181637,,,
d2_beef_uncontrolled|R2|classification|seed06|fold03,e2_main_d2,d2_beef_uncontrolled,R2,classification,6,3,16,1.4.0,real,True,ok,6435,2145,3,1,TS4,3,1,2.4000775259919465,5.520550000000021,0.47692307692307695,0.5932265267442924,True,4.0,0.33472222222222225,require_all_classes,0.26700749584452116,,,
d2_beef_uncontrolled|R2|classification|seed06|fold04,e2_main_d2,d2_beef_uncontrolled,R2,classification,6,4,16,1.4.0,real,True,ok,6435,2145,3,1,TS2,3,1,2.458166901022196,5.581918000000144,0.049883449883449886,0.42309677079338776,True,4.0,0.04939814814814815,require_all_classes,0.028616102301542046,,,
d2_beef_uncontrolled|R2|classification|seed07|fold00,e2_main_d2,d2_beef_uncontrolled,R2,classification,7,0,16,1.4.0,real,True,ok,6435,2145,3,1,TS3,3,1,2.511627695057541,5.5173610000001965,0.6470862470862471,0.6261245023693051,True,4.0,0.4759259259259259,require_all_classes,0.3937820328966794,,,
d2_beef_uncontrolled|R2|classification|seed07|fold01,e2_main_d2,d2_beef_uncontrolled,R2,classification,7,1,16,1.4.0,real,True,ok,6435,2145,3,1,TS1,3,1,2.5420512538403273,5.475951999999793,0.2,0.4026688324615507,True,4.0,0.1625,require_all_classes,0.1960694698354662,,,
d2_beef_uncontrolled|R2|classification|seed07|fold02,e2_main_d2,d2_beef_uncontrolled,R2,classification,7,2,16,1.4.0,real,True,ok,6435,2145,3,1,TS5,3,1,2.388212278019637,5.496321999999882,0.40326340326340326,0.6433526417390127,True,4.0,0.26157407407407407,require_all_classes,0.16405226271192488,,,
d2_beef_uncontrolled|R2|classification|seed07|fold03,e2_main_d2,d2_beef_uncontrolled,R2,classification,7,3,16,1.4.0,real,True,ok,6435,2145,3,1,TS2,3,1,2.454384747892618,5.526441000000126,0.3174825174825175,0.598037298883835,True,4.0,0.34509057971014495,require_all_classes,0.29400443910696455,,,
d2_beef_uncontrolled|R2|classification|seed07|fold04,e2_main_d2,d2_beef_uncontrolled,R2,classification,7,4,16,1.4.0,real,True,ok,6435,2145,3,1,TS4,3,1,2.381503250915557,5.481478000000138,0.5104895104895105,0.5835872185365558,True,4.0,0.4287640901771337,require_all_classes,0.34833218875526284,,,
d2_beef_uncontrolled|R2|classification|seed08|fold00,e2_main_d2,d2_beef_uncontrolled,R2,classification,8,0,16,1.4.0,real,True,ok,6435,2145,3,1,TS4,3,1,2.4391656639054418,5.552738000000041,0.7118881118881119,0.748353049894229,True,4.0,0.6479094778007821,require_all_classes,0.6175260282061588,,,
d2_beef_uncontrolled|R2|classification|seed08|fold01,e2_main_d2,d2_beef_uncontrolled,R2,classification,8,1,16,1.4.0,real,True,ok,6435,2145,3,1,TS1,3,1,2.402996044140309,5.518466000000053,0.3076923076923077,0.5666763493189328,True,4.0,0.25,require_all_classes,0.12313432835820895,,,
d2_beef_uncontrolled|R2|classification|seed08|fold02,e2_main_d2,d2_beef_uncontrolled,R2,classification,8,2,16,1.4.0,real,True,ok,6435,2145,3,1,TS2,3,1,2.4257668079808354,5.534525000000073,0.19347319347319347,0.5455229172767493,True,4.0,0.20783011272141708,require_all_classes,0.1578004891684137,,,
d2_beef_uncontrolled|R2|classification|seed08|fold03,e2_main_d2,d2_beef_uncontrolled,R2,classification,8,3,16,1.4.0,real,True,ok,6435,2145,3,1,TS3,3,1,2.410119878128171,5.533669999999951,0.4172494172494173,0.676726899708042,True,4.0,0.3917995169082126,require_all_classes,0.4440686150990446,,,
d2_beef_uncontrolled|R2|classification|seed08|fold04,e2_main_d2,d2_beef_uncontrolled,R2,classification,8,4,16,1.4.0,real,True,ok,6435,2145,3,1,TS5,3,1,2.398278693202883,5.4910940000001744,0.1958041958041958,0.45935858656737005,True,4.0,0.25,require_all_classes,0.10154738878143134,,,
d2_beef_uncontrolled|R2|classification|seed09|fold00,e2_main_d2,d2_beef_uncontrolled,R2,classification,9,0,16,1.4.0,real,True,ok,6435,2145,3,1,TS5,3,1,2.4520442988723516,5.559944999999978,0.1958041958041958,0.5269877027996905,True,4.0,0.25,require_all_classes,0.08962868117797695,,,
d2_beef_uncontrolled|R2|classification|seed09|fold01,e2_main_d2,d2_beef_uncontrolled,R2,classification,9,1,16,1.4.0,real,True,ok,6435,2145,3,1,TS4,3,1,2.4123292681761086,5.442465000000055,0.6149184149184149,0.7898161886087072,True,4.0,0.495048309178744,require_all_classes,0.4546832797161144,,,
d2_beef_uncontrolled|R2|classification|seed09|fold02,e2_main_d2,d2_beef_uncontrolled,R2,classification,9,2,16,1.4.0,real,True,ok,6435,2145,3,1,TS1,3,1,2.539631442166865,5.232814000000218,0.09324009324009325,0.6021500179433257,True,4.0,0.07575757575757576,require_all_classes,0.11627906976744186,,,
d2_beef_uncontrolled|R2|classification|seed09|fold03,e2_main_d2,d2_beef_uncontrolled,R2,classification,9,3,16,1.4.0,real,True,ok,6435,2145,3,1,TS3,3,1,2.4040519171394408,5.512325999999803,0.6354312354312355,0.7752142933040911,True,4.0,0.6198550724637681,require_all_classes,0.5677958564435104,,,
d2_beef_uncontrolled|R2|classification|seed09|fold04,e2_main_d2,d2_beef_uncontrolled,R2,classification,9,4,16,1.4.0,real,True,ok,6435,2145,3,1,TS2,3,1,2.3909629550762475,5.479692999999898,0.3734265734265734,0.7079009772713206,True,4.0,0.4045306324110672,require_all_classes,0.3632238742511466,,,
d2_beef_uncontrolled|R2|regression|seed00|fold00,e2_main_d2,d2_beef_uncontrolled,R2,regression,0,0,16,1.4.0,real,True,ok,6435,2145,3,1,TS3,3,1,2.3717991188168526,9.411737000000002,,,,,,,,0.23297217190460345,0.8872304618392585,0.31867575542094556
d2_beef_uncontrolled|R2|regression|seed00|fold01,e2_main_d2,d2_beef_uncontrolled,R2,regression,0,1,16,1.4.0,real,True,ok,6435,2145,3,1,TS5,3,1,2.097156141884625,7.503627000000004,,,,,,,,2.2988262150552616,-5.920968677794977,2.4529312941706207
d2_beef_uncontrolled|R2|regression|seed00|fold02,e2_main_d2,d2_beef_uncontrolled,R2,regression,0,2,16,1.4.0,real,True,ok,6435,2145,3,1,TS4,3,1,2.1290897210128605,7.872966000000016,,,,,,,,0.2459572961343686,0.8375179162528105,0.3791059774973142
d2_beef_uncontrolled|R2|regression|seed00|fold03,e2_main_d2,d2_beef_uncontrolled,R2,regression,0,3,16,1.4.0,real,True,ok,6435,2145,3,1,TS1,3,1,2.2634863411076367,9.276944999999976,,,,,,,,4.645138209406668,-35.968513701122326,5.070628538112076
d2_beef_uncontrolled|R2|regression|seed00|fold04,e2_main_d2,d2_beef_uncontrolled,R2,regression,0,4,16,1.4.0,real,True,ok,6435,2145,3,1,TS2,3,1,2.277842092793435,9.020385999999949,,,,,,,,0.6313895888063342,0.2508484764868294,0.7864735486037119
d2_beef_uncontrolled|R2|regression|seed01|fold00,e2_main_d2,d2_beef_uncontrolled,R2,regression,1,0,16,1.4.0,real,True,ok,6435,2145,3,1,TS5,3,1,2.0933062569238245,8.207153999999996,,,,,,,,5.221089157664428,-33.813930668367085,5.501466491517843
d2_beef_uncontrolled|R2|regression|seed01|fold01,e2_main_d2,d2_beef_uncontrolled,R2,regression,1,1,16,1.4.0,real,True,ok,6435,2145,3,1,TS1,3,1,2.071097285952419,9.12732299999998,,,,,,,,16.478580065859155,-542.4088794237317,19.44057770560701
d2_beef_uncontrolled|R2|regression|seed01|fold02,e2_main_d2,d2_beef_uncontrolled,R2,regression,1,2,16,1.4.0,real,True,ok,6435,2145,3,1,TS2,3,1,2.081517329905182,7.949556000000051,,,,,,,,0.8309171433365163,-0.5878764748191123,1.1450056885610103
d2_beef_uncontrolled|R2|regression|seed01|fold03,e2_main_d2,d2_beef_uncontrolled,R2,regression,1,3,16,1.4.0,real,True,ok,6435,2145,3,1,TS3,3,1,2.0824221950024366,8.704662999999972,,,,,,,,0.4221692131306461,0.548319424382685,0.6377769660333983
d2_beef_uncontrolled|R2|regression|seed01|fold04,e2_main_d2,d2_beef_uncontrolled,R2,regression,1,4,16,1.4.0,real,True,ok,6435,2145,3,1,TS4,3,1,2.0862326147034764,8.665864999999869,,,,,,,,0.3614677912123358,0.7731966015058616,0.44790165903043155
d2_beef_uncontrolled|R2|regression|seed02|fold00,e2_main_d2,d2_beef_uncontrolled,R2,regression,2,0,16,1.4.0,real,True,ok,6435,2145,3,1,TS3,3,1,2.0455401139333844,9.046883999999949,,,,,,,,0.17746855383235208,0.9255577980862781,0.2589182889600854
d2_beef_uncontrolled|R2|regression|seed02|fold01,e2_main_d2,d2_beef_uncontrolled,R2,regression,2,1,16,1.4.0,real,True,ok,6435,2145,3,1,TS5,3,1,2.1348419641144574,7.822386999999814,,,,,,,,1.8861027466396438,-5.423275414338419,2.363089736789771
d2_beef_uncontrolled|R2|regression|seed02|fold02,e2_main_d2,d2_beef_uncontrolled,R2,regression,2,2,16,1.4.0,real,True,ok,6435,2145,3,1,TS4,3,1,2.0929055088199675,8.229285999999984,,,,,,,,0.25555649440634537,0.8642056945382853,0.3465761486023505
d2_beef_uncontrolled|R2|regression|seed02|fold03,e2_main_d2,d2_beef_uncontrolled,R2,regression,2,3,16,1.4.0,real,True,ok,6435,2145,3,1,TS1,3,1,2.080552280880511,7.776145999999816,,,,,,,,2.8326883318895115,-14.281434991563223,3.260077093709862
d2_beef_uncontrolled|R2|regression|seed02|fold04,e2_main_d2,d2_beef_uncontrolled,R2,regression,2,4,16,1.4.0,real,True,ok,6435,2145,3,1,TS2,3,1,2.0691078398376703,8.991563000000191,,,,,,,,0.8561708016135089,-0.12639835037385327,0.9643735490098961
d2_beef_uncontrolled|R2|regression|seed03|fold00,e2_main_d2,d2_beef_uncontrolled,R2,regression,3,0,16,1.4.0,real,True,ok,6435,2145,3,1,TS5,3,1,2.1777061130851507,8.296390999999971,,,,,,,,9.52866971440185,-114.57816877948821,10.023972041220322
d2_beef_uncontrolled|R2|regression|seed03|fold01,e2_main_d2,d2_beef_uncontrolled,R2,regression,3,1,16,1.4.0,real,True,ok,6435,2145,3,1,TS3,3,1,2.0738328248262405,7.607857000000038,,,,,,,,0.21614296772183886,0.8943293118645598,0.3084823998637048
d2_beef_uncontrolled|R2|regression|seed03|fold02,e2_main_d2,d2_beef_uncontrolled,R2,regression,3,2,16,1.4.0,real,True,ok,6435,2145,3,1,TS2,3,1,2.186056934762746,8.634355,,,,,,,,1.448912697000957,-2.295150458092784,1.6494414794695706
d2_beef_uncontrolled|R2|regression|seed03|fold03,e2_main_d2,d2_beef_uncontrolled,R2,regression,3,3,16,1.4.0,real,True,ok,6435,2145,3,1,TS4,3,1,2.083564344327897,8.590339999999749,,,,,,,,0.216707030227903,0.8639699247464486,0.34687688562205304
d2_beef_uncontrolled|R2|regression|seed03|fold04,e2_main_d2,d2_beef_uncontrolled,R2,regression,3,4,16,1.4.0,real,True,ok,6435,2145,3,1,TS1,3,1,2.0620027189143,7.835701000000299,,,,,,,,1.1483493971107,-1.9763771979783087,1.4387647386499347
d2_beef_uncontrolled|R2|regression|seed04|fold00,e2_main_d2,d2_beef_uncontrolled,R2,regression,4,0,16,1.4.0,real,True,ok,6435,2145,3,1,TS3,3,1,2.0988428122363985,8.397781000000009,,,,,,,,0.1890485461537598,0.9173292323075916,0.2728532357065896
d2_beef_uncontrolled|R2|regression|seed04|fold01,e2_main_d2,d2_beef_uncontrolled,R2,regression,4,1,16,1.4.0,real,True,ok,6435,2145,3,1,TS5,3,1,2.106312266085297,9.6580760000002,,,,,,,,0.9265448736017848,-1.4015905902490347,1.444945373125418
d2_beef_uncontrolled|R2|regression|seed04|fold02,e2_main_d2,d2_beef_uncontrolled,R2,regression,4,2,16,1.4.0,real,True,ok,6435,2145,3,1,TS1,3,1,2.0770609551109374,8.062895999999846,,,,,,,,14.211499660944277,-374.98581474596426,16.170800946810555
d2_beef_uncontrolled|R2|regression|seed04|fold03,e2_main_d2,d2_beef_uncontrolled,R2,regression,4,3,16,1.4.0,real,True,ok,6435,2145,3,1,TS2,3,1,2.1949900262989104,9.300788000000047,,,,,,,,1.1665844575489914,-1.2913122509605222,1.3754392889777411
d2_beef_uncontrolled|R2|regression|seed04|fold04,e2_main_d2,d2_beef_uncontrolled,R2,regression,4,4,16,1.4.0,real,True,ok,6435,2145,3,1,TS4,3,1,2.2700034556910396,9.591907000000234,,,,,,,,0.4154573200309224,0.6468495820394117,0.5589046905860272
d2_beef_uncontrolled|R2|regression|seed05|fold00,e2_main_d2,d2_beef_uncontrolled,R2,regression,5,0,16,1.4.0,real,True,ok,6435,2145,3,1,TS5,3,1,2.6268493961542845,9.538794000000006,,,,,,,,2.788255072698513,-9.55862898231912,3.0297424145659364
d2_beef_uncontrolled|R2|regression|seed05|fold01,e2_main_d2,d2_beef_uncontrolled,R2,regression,5,1,16,1.4.0,real,True,ok,6435,2145,3,1,TS4,3,1,2.585379844997078,8.75809200000001,,,,,,,,0.3322663729856001,0.8180070235337464,0.40122243201611113
d2_beef_uncontrolled|R2|regression|seed05|fold02,e2_main_d2,d2_beef_uncontrolled,R2,regression,5,2,16,1.4.0,real,True,ok,6435,2145,3,1,TS2,3,1,2.2880371920764446,10.32860099999998,,,,,,,,1.009684808469862,-0.8530652524026834,1.2369286342740957
d2_beef_uncontrolled|R2|regression|seed05|fold03,e2_main_d2,d2_beef_uncontrolled,R2,regression,5,3,16,1.4.0,real,True,ok,6435,2145,3,1,TS3,3,1,2.1609072466380894,9.117550999999995,,,,,,,,0.2701544718386596,0.8180059268381318,0.40483844265993596
d2_beef_uncontrolled|R2|regression|seed05|fold04,e2_main_d2,d2_beef_uncontrolled,R2,regression,5,4,16,1.4.0,real,True,ok,6435,2145,3,1,TS1,3,1,2.2614186159335077,9.356278000000069,,,,,,,,5.597563064781372,-56.01258273228451,6.296963253057539
d2_beef_uncontrolled|R2|regression|seed06|fold00,e2_main_d2,d2_beef_uncontrolled,R2,regression,6,0,16,1.4.0,real,True,ok,6435,2145,3,1,TS3,3,1,2.3693642201833427,9.241599000000045,,,,,,,,0.22769685551052884,0.900447817328238,0.299418421330982
d2_beef_uncontrolled|R2|regression|seed06|fold01,e2_main_d2,d2_beef_uncontrolled,R2,regression,6,1,16,1.4.0,real,True,ok,6435,2145,3,1,TS5,3,1,2.2484113350510597,8.722778999999935,,,,,,,,7.773004933552887,-73.79251234899995,8.063637631426548
d2_beef_uncontrolled|R2|regression|seed06|fold02,e2_main_d2,d2_beef_uncontrolled,R2,regression,6,2,16,1.4.0,real,True,ok,6435,2145,3,1,TS1,3,1,2.168166669085622,8.686570000000057,,,,,,,,4.834338145217554,-44.7157840966852,5.638698683093637
d2_beef_uncontrolled|R2|regression|seed06|fold03,e2_main_d2,d2_beef_uncontrolled,R2,regression,6,3,16,1.4.0,real,True,ok,6435,2145,3,1,TS4,3,1,2.191168370191008,8.14185299999999,,,,,,,,0.38527892323275914,0.711935624403861,0.5047806153575863
d2_beef_uncontrolled|R2|regression|seed06|fold04,e2_main_d2,d2_beef_uncontrolled,R2,regression,6,4,16,1.4.0,real,True,ok,6435,2145,3,1,TS2,3,1,2.3338640560396016,8.748132000000009,,,,,,,,0.6238483420929568,0.19811726979173505,0.8136820159005341
d2_beef_uncontrolled|R2|regression|seed07|fold00,e2_main_d2,d2_beef_uncontrolled,R2,regression,7,0,16,1.4.0,real,True,ok,6435,2145,3,1,TS3,3,1,2.1136263851076365,9.472538999999813,,,,,,,,0.30184517143239264,0.5578234994097591,0.6310313739127419
d2_beef_uncontrolled|R2|regression|seed07|fold01,e2_main_d2,d2_beef_uncontrolled,R2,regression,7,1,16,1.4.0,real,True,ok,6435,2145,3,1,TS1,3,1,2.0257859830744565,6.73546700000017,,,,,,,,4.717449052470037,-35.176175613598026,5.015995379886498
d2_beef_uncontrolled|R2|regression|seed07|fold02,e2_main_d2,d2_beef_uncontrolled,R2,regression,7,2,16,1.4.0,real,True,ok,6435,2145,3,1,TS5,3,1,2.33471981016919,8.817560999999952,,,,,,,,3.045188689817563,-10.554974688001721,3.169468510333815
d2_beef_uncontrolled|R2|regression|seed07|fold03,e2_main_d2,d2_beef_uncontrolled,R2,regression,7,3,16,1.4.0,real,True,ok,6435,2145,3,1,TS2,3,1,2.1651555728167295,8.533094000000112,,,,,,,,1.1197986736262038,-1.2370573462173633,1.3590575442283694
d2_beef_uncontrolled|R2|regression|seed07|fold04,e2_main_d2,d2_beef_uncontrolled,R2,regression,7,4,16,1.4.0,real,True,ok,6435,2145,3,1,TS4,3,1,2.073468786664307,9.373170999999992,,,,,,,,0.44755825595215776,0.6499426796499208,0.5564517007455568
d2_beef_uncontrolled|R2|regression|seed08|fold00,e2_main_d2,d2_beef_uncontrolled,R2,regression,8,0,16,1.4.0,real,True,ok,6435,2145,3,1,TS4,3,1,2.158274450339377,9.34296799999985,,,,,,,,0.3008854909639108,0.7675198515803898,0.4534723684743828
d2_beef_uncontrolled|R2|regression|seed08|fold01,e2_main_d2,d2_beef_uncontrolled,R2,regression,8,1,16,1.4.0,real,True,ok,6435,2145,3,1,TS1,3,1,2.0826841862872243,8.356031999999857,,,,,,,,6.669504405951043,-66.42808414984766,6.848038783063704
d2_beef_uncontrolled|R2|regression|seed08|fold02,e2_main_d2,d2_beef_uncontrolled,R2,regression,8,2,16,1.4.0,real,True,ok,6435,2145,3,1,TS2,3,1,2.1851996490731835,7.2285730000000115,,,,,,,,0.8894718674047348,-0.13530581914610407,0.9681791350073651
d2_beef_uncontrolled|R2|regression|seed08|fold03,e2_main_d2,d2_beef_uncontrolled,R2,regression,8,3,16,1.4.0,real,True,ok,6435,2145,3,1,TS3,3,1,2.0902942027896643,8.259005999999616,,,,,,,,0.26360004816127,0.86046266356372,0.3544853874084976
d2_beef_uncontrolled|R2|regression|seed08|fold04,e2_main_d2,d2_beef_uncontrolled,R2,regression,8,4,16,1.4.0,real,True,ok,6435,2145,3,1,TS5,3,1,2.078386135865003,7.953744000000256,,,,,,,,1.4489714454457894,-2.895577556941948,1.840296794326332
d2_beef_uncontrolled|R2|regression|seed09|fold00,e2_main_d2,d2_beef_uncontrolled,R2,regression,9,0,16,1.4.0,real,True,ok,6435,2145,3,1,TS5,3,1,2.126780982129276,9.33159700000001,,,,,,,,3.4083052652375954,-20.236698950771324,4.296803046955522
d2_beef_uncontrolled|R2|regression|seed09|fold01,e2_main_d2,d2_beef_uncontrolled,R2,regression,9,1,16,1.4.0,real,True,ok,6435,2145,3,1,TS4,3,1,2.1648668120615184,8.13971200000001,,,,,,,,0.2490122515276459,0.8533761009319718,0.3601308070295748
d2_beef_uncontrolled|R2|regression|seed09|fold02,e2_main_d2,d2_beef_uncontrolled,R2,regression,9,2,16,1.4.0,real,True,ok,6435,2145,3,1,TS1,3,1,2.096176079940051,8.63800700000003,,,,,,,,4.118681072203895,-32.55381004772005,4.830774019943698
d2_beef_uncontrolled|R2|regression|seed09|fold03,e2_main_d2,d2_beef_uncontrolled,R2,regression,9,3,16,1.4.0,real,True,ok,6435,2145,3,1,TS3,3,1,2.1817497978918254,9.232483000000087,,,,,,,,0.21018984773596433,0.9033164160836531,0.29507301443499934
d2_beef_uncontrolled|R2|regression|seed09|fold04,e2_main_d2,d2_beef_uncontrolled,R2,regression,9,4,16,1.4.0,real,True,ok,6435,2145,3,1,TS2,3,1,2.066068720072508,8.697848999999913,,,,,,,,0.5779291330267258,0.4431051389608187,0.6780877399050573
d2_beef_uncontrolled|R3|classification|seed00|fold00,e2_main_d2,d2_beef_uncontrolled,R3,classification,0,0,16,1.4.0,real,True,ok,6435,2145,3,1,TS3,3,1,2.4234561803750694,5.506670000000001,0.46293706293706294,0.6712434808573057,True,4.0,0.41584138486312405,require_all_classes,0.46141249832450526,,,
d2_beef_uncontrolled|R3|classification|seed00|fold01,e2_main_d2,d2_beef_uncontrolled,R3,classification,0,1,16,1.4.0,real,True,ok,6435,2145,3,1,TS5,3,1,2.4303121608681977,5.55420099999998,0.1958041958041958,0.46467736662747094,True,4.0,0.25,require_all_classes,0.0909484625378952,,,
d2_beef_uncontrolled|R3|classification|seed00|fold02,e2_main_d2,d2_beef_uncontrolled,R3,classification,0,2,16,1.4.0,real,True,ok,6435,2145,3,1,TS4,3,1,2.486722389701754,5.524227000000015,0.6899766899766899,0.7603356376687294,True,4.0,0.6182568438003221,require_all_classes,0.5918543428525722,,,
d2_beef_uncontrolled|R3|classification|seed00|fold03,e2_main_d2,d2_beef_uncontrolled,R3,classification,0,3,16,1.4.0,real,True,ok,6435,2145,3,1,TS1,3,1,2.441561576910317,5.568471999999989,0.37995337995337997,0.5965696441335636,True,4.0,0.4268939393939394,require_all_classes,0.2919938884644767,,,
d2_beef_uncontrolled|R3|classification|seed00|fold04,e2_main_d2,d2_beef_uncontrolled,R3,classification,0,4,16,1.4.0,real,True,ok,6435,2145,3,1,TS2,3,1,2.405150021892041,5.537603999999995,0.23076923076923078,0.5524077361086277,True,4.0,0.22504208754208754,require_all_classes,0.1264004222313502,,,
d2_beef_uncontrolled|R3|classification|seed01|fold00,e2_main_d2,d2_beef_uncontrolled,R3,classification,1,0,16,1.4.0,real,True,ok,6435,2145,3,1,TS5,3,1,2.4628709102980793,5.58326499999996,0.29603729603729606,0.44093421069344674,True,4.0,0.22817460317460317,require_all_classes,0.19673412988035394,,,
d2_beef_uncontrolled|R3|classification|seed01|fold01,e2_main_d2,d2_beef_uncontrolled,R3,classification,1,1,16,1.4.0,real,True,ok,6435,2145,3,1,TS1,3,1,2.5057846568524837,5.499905000000057,0.25547785547785545,0.3424759665140401,True,4.0,0.20757575757575758,require_all_classes,0.1086008719778042,,,
d2_beef_uncontrolled|R3|classification|seed01|fold02,e2_main_d2,d2_beef_uncontrolled,R3,classification,1,2,16,1.4.0,real,True,ok,6435,2145,3,1,TS2,3,1,2.4315074579790235,5.544546000000015,0.07972027972027972,0.5030963634810215,True,4.0,0.10559581320450886,require_all_classes,0.13684543369461943,,,
d2_beef_uncontrolled|R3|classification|seed01|fold03,e2_main_d2,d2_beef_uncontrolled,R3,classification,1,3,16,1.4.0,real,True,ok,6435,2145,3,1,TS3,3,1,2.4102119272574782,5.533574999999978,0.7622377622377622,0.7802473815200534,True,4.0,0.6771537842190016,require_all_classes,0.6518811734385471,,,
d2_beef_uncontrolled|R3|classification|seed01|fold04,e2_main_d2,d2_beef_uncontrolled,R3,classification,1,4,16,1.4.0,real,True,ok,6435,2145,3,1,TS4,3,1,2.4533326639793813,5.556186999999824,0.551048951048951,0.6256699795468927,True,4.0,0.4357804232804233,require_all_classes,0.3778880775425957,,,
d2_beef_uncontrolled|R3|classification|seed02|fold00,e2_main_d2,d2_beef_uncontrolled,R3,classification,2,0,16,1.4.0,real,True,ok,6435,2145,3,1,TS3,3,1,2.4834151682443917,5.589715000000105,0.6787878787878788,0.7343227349843663,True,4.0,0.543852657004831,require_all_classes,0.5176152176644424,,,
d2_beef_uncontrolled|R3|classification|seed02|fold01,e2_main_d2,d2_beef_uncontrolled,R3,classification,2,1,16,1.4.0,real,True,ok,6435,2145,3,1,TS5,3,1,2.5280693187378347,5.577563999999956,0.04382284382284382,0.4974979289332241,True,4.0,0.027976190476190477,require_all_classes,0.05032119914346895,,,
d2_beef_uncontrolled|R3|classification|seed02|fold02,e2_main_d2,d2_beef_uncontrolled,R3,classification,2,2,16,1.4.0,real,True,ok,6435,2145,3,1,TS4,3,1,2.379925332032144,5.492299000000166,0.6615384615384615,0.8302244387065727,True,4.0,0.5751667816885209,require_all_classes,0.5890818797022025,,,
d2_beef_uncontrolled|R3|classification|seed02|fold03,e2_main_d2,d2_beef_uncontrolled,R3,classification,2,3,16,1.4.0,real,True,ok,6435,2145,3,1,TS1,3,1,2.4269535997882485,5.5505599999999795,0.2177156177156177,0.3907647797107563,True,4.0,0.17689393939393938,require_all_classes,0.09445792880258899,,,
d2_beef_uncontrolled|R3|classification|seed02|fold04,e2_main_d2,d2_beef_uncontrolled,R3,classification,2,4,16,1.4.0,real,True,ok,6435,2145,3,1,TS2,3,1,2.457291804254055,5.557935000000114,0.23216783216783216,0.40792160904594504,True,4.0,0.21017255892255893,require_all_classes,0.16381170566629843,,,
d2_beef_uncontrolled|R3|classification|seed03|fold00,e2_main_d2,d2_beef_uncontrolled,R3,classification,3,0,16,1.4.0,real,True,ok,6435,2145,3,1,TS5,3,1,2.69058577157557,5.066709000000017,0.25034965034965034,0.4068140047317982,True,4.0,0.2509661835748792,require_all_classes,0.1409414593544807,,,
d2_beef_uncontrolled|R3|classification|seed03|fold01,e2_main_d2,d2_beef_uncontrolled,R3,classification,3,1,16,1.4.0,real,True,ok,6435,2145,3,1,TS3,3,1,2.565675381105393,5.563236000000167,0.710955710955711,0.7249737937045493,True,4.0,0.5897685185185185,require_all_classes,0.5449793322308716,,,
d2_beef_uncontrolled|R3|classification|seed03|fold02,e2_main_d2,d2_beef_uncontrolled,R3,classification,3,2,16,1.4.0,real,True,ok,6435,2145,3,1,TS2,3,1,2.6268774569034576,5.570323999999992,0.26666666666666666,0.542621218280277,True,4.0,0.2633333333333333,require_all_classes,0.1418253552880551,,,
d2_beef_uncontrolled|R3|classification|seed03|fold03,e2_main_d2,d2_beef_uncontrolled,R3,classification,3,3,16,1.4.0,real,True,ok,6435,2145,3,1,TS4,3,1,2.534448341000825,5.434098999999975,0.7328671328671329,0.7427790876170972,True,4.0,0.6771537842190016,require_all_classes,0.6479360920828857,,,
d2_beef_uncontrolled|R3|classification|seed03|fold04,e2_main_d2,d2_beef_uncontrolled,R3,classification,3,4,16,1.4.0,real,True,ok,6435,2145,3,1,TS1,3,1,2.5531170424073935,5.548645999999692,0.30815850815850815,0.6025041104580999,True,4.0,0.3867424242424242,require_all_classes,0.24623595846742366,,,
d2_beef_uncontrolled|R3|classification|seed04|fold00,e2_main_d2,d2_beef_uncontrolled,R3,classification,4,0,16,1.4.0,real,True,ok,6435,2145,3,1,TS3,3,1,2.563205983955413,5.537774000000148,0.3682983682983683,0.6085292999546851,True,4.0,0.3244565217391304,require_all_classes,0.32744265364593633,,,
d2_beef_uncontrolled|R3|classification|seed04|fold01,e2_main_d2,d2_beef_uncontrolled,R3,classification,4,1,16,1.4.0,real,True,ok,6435,2145,3,1,TS5,3,1,2.5865080640651286,5.642301999999653,0.1958041958041958,0.38990470305321057,True,4.0,0.25,require_all_classes,0.08196721311475409,,,
d2_beef_uncontrolled|R3|classification|seed04|fold02,e2_main_d2,d2_beef_uncontrolled,R3,classification,4,2,16,1.4.0,real,True,ok,6435,2145,3,1,TS1,3,1,2.591630189679563,5.562816000000055,0.37622377622377623,0.5030829601616157,True,4.0,0.4420454545454545,require_all_classes,0.269677743221209,,,
d2_beef_uncontrolled|R3|classification|seed04|fold03,e2_main_d2,d2_beef_uncontrolled,R3,classification,4,3,16,1.4.0,real,True,ok,6435,2145,3,1,TS2,3,1,2.5909845740534365,5.608916000000285,0.35337995337995337,0.7024480060697736,True,4.0,0.3784057971014492,require_all_classes,0.31535498327757494,,,
d2_beef_uncontrolled|R3|classification|seed04|fold04,e2_main_d2,d2_beef_uncontrolled,R3,classification,4,4,16,1.4.0,real,True,ok,6435,2145,3,1,TS4,3,1,2.6348354551009834,5.529850000000309,0.47878787878787876,0.5663896231308763,True,4.0,0.3365740740740741,require_all_classes,0.2673802538705086,,,
d2_beef_uncontrolled|R3|classification|seed05|fold00,e2_main_d2,d2_beef_uncontrolled,R3,classification,5,0,16,1.4.0,real,True,ok,6435,2145,3,1,TS5,3,1,2.7982655740343034,5.920451000000001,0.1958041958041958,0.5223020631861294,True,4.0,0.25,require_all_classes,0.10360138135175136,,,
d2_beef_uncontrolled|R3|classification|seed05|fold01,e2_main_d2,d2_beef_uncontrolled,R3,classification,5,1,16,1.4.0,real,True,ok,6435,2145,3,1,TS4,3,1,2.776078391354531,5.891477000000004,0.39813519813519815,0.7270918831367088,True,4.0,0.2564814814814815,require_all_classes,0.15649778416576837,,,
d2_beef_uncontrolled|R3|classification|seed05|fold02,e2_main_d2,d2_beef_uncontrolled,R3,classification,5,2,16,1.4.0,real,True,ok,6435,2145,3,1,TS2,3,1,2.8787025306373835,5.990259000000012,0.16503496503496504,0.3809017138649295,True,4.0,0.17818639291465377,require_all_classes,0.1661216340495746,,,
d2_beef_uncontrolled|R3|classification|seed05|fold03,e2_main_d2,d2_beef_uncontrolled,R3,classification,5,3,16,1.4.0,real,True,ok,6435,2145,3,1,TS3,3,1,2.419920173007995,5.5329769999999865,0.6671328671328671,0.7028287123726062,True,4.0,0.5039452495974235,require_all_classes,0.43353783026508513,,,
d2_beef_uncontrolled|R3|classification|seed05|fold04,e2_main_d2,d2_beef_uncontrolled,R3,classification,5,4,16,1.4.0,real,True,ok,6435,2145,3,1,TS1,3,1,2.4204315710812807,5.52914799999998,0.15291375291375292,0.43824830889535427,True,4.0,0.2606060606060606,require_all_classes,0.08558079664915337,,,
d2_beef_uncontrolled|R3|classification|seed06|fold00,e2_main_d2,d2_beef_uncontrolled,R3,classification,6,0,16,1.4.0,real,True,ok,6435,2145,3,1,TS3,3,1,2.430080555845052,5.555909999999949,0.351981351981352,0.6103267452301196,True,4.0,0.29799114331723026,require_all_classes,0.2907459788173731,,,
d2_beef_uncontrolled|R3|classification|seed06|fold01,e2_main_d2,d2_beef_uncontrolled,R3,classification,6,1,16,1.4.0,real,True,ok,6435,2145,3,1,TS5,3,1,2.3983291783370078,5.024053999999989,0.29184149184149183,0.29653371974572473,True,4.0,0.24136904761904762,require_all_classes,0.18120494708797844,,,
d2_beef_uncontrolled|R3|classification|seed06|fold02,e2_main_d2,d2_beef_uncontrolled,R3,classification,6,2,16,1.4.0,real,True,ok,6435,2145,3,1,TS1,3,1,2.4775039544329047,5.625649000000024,0.21305361305361306,0.5729966762936993,True,4.0,0.1731060606060606,require_all_classes,0.10178173719376392,,,
d2_beef_uncontrolled|R3|classification|seed06|fold03,e2_main_d2,d2_beef_uncontrolled,R3,classification,6,3,16,1.4.0,real,True,ok,6435,2145,3,1,TS4,3,1,2.6326086441986263,5.570584000000057,0.48484848484848486,0.547500994020371,True,4.0,0.34259259259259256,require_all_classes,0.27400291575549307,,,
d2_beef_uncontrolled|R3|classification|seed06|fold04,e2_main_d2,d2_beef_uncontrolled,R3,classification,6,4,16,1.4.0,real,True,ok,6435,2145,3,1,TS2,3,1,2.496586261782795,5.602927999999903,0.11421911421911422,0.4151203472084183,True,4.0,0.11342592592592593,require_all_classes,0.05781028787163756,,,
d2_beef_uncontrolled|R3|classification|seed07|fold00,e2_main_d2,d2_beef_uncontrolled,R3,classification,7,0,16,1.4.0,real,True,ok,6435,2145,3,1,TS3,3,1,2.4063654290512204,5.390810000000069,0.6503496503496503,0.6624456465670767,True,4.0,0.47916666666666663,require_all_classes,0.39736028957358527,,,
d2_beef_uncontrolled|R3|classification|seed07|fold01,e2_main_d2,d2_beef_uncontrolled,R3,classification,7,1,16,1.4.0,real,True,ok,6435,2145,3,1,TS1,3,1,2.4505369402468204,5.562550000000048,0.2041958041958042,0.44473870185877334,True,4.0,0.17909090909090908,require_all_classes,0.19893939874588923,,,
d2_beef_uncontrolled|R3|classification|seed07|fold02,e2_main_d2,d2_beef_uncontrolled,R3,classification,7,2,16,1.4.0,real,True,ok,6435,2145,3,1,TS5,3,1,2.407415511086583,5.522337999999948,0.4247086247086247,0.5154897850609877,True,4.0,0.2828703703703704,require_all_classes,0.20127214121493114,,,
d2_beef_uncontrolled|R3|classification|seed07|fold03,e2_main_d2,d2_beef_uncontrolled,R3,classification,7,3,16,1.4.0,real,True,ok,6435,2145,3,1,TS2,3,1,2.469201502390206,5.081872999999824,0.31375291375291375,0.6330135515612445,True,4.0,0.3417572463768116,require_all_classes,0.291545920277336,,,
d2_beef_uncontrolled|R3|classification|seed07|fold04,e2_main_d2,d2_beef_uncontrolled,R3,classification,7,4,16,1.4.0,real,True,ok,6435,2145,3,1,TS4,3,1,2.4172557392157614,5.52711400000009,0.509090909090909,0.6637961557284454,True,4.0,0.42789855072463767,require_all_classes,0.34390468253643963,,,
d2_beef_uncontrolled|R3|classification|seed08|fold00,e2_main_d2,d2_beef_uncontrolled,R3,classification,8,0,16,1.4.0,real,True,ok,6435,2145,3,1,TS4,3,1,2.607421431224793,5.533404999999988,0.7202797202797203,0.7754695765527709,True,4.0,0.6637882447665057,require_all_classes,0.6149774221556155,,,
d2_beef_uncontrolled|R3|classification|seed08|fold01,e2_main_d2,d2_beef_uncontrolled,R3,classification,8,1,16,1.4.0,real,True,ok,6435,2145,3,1,TS1,3,1,2.4598053679801524,5.429746999999992,0.2755244755244755,0.5861267228685592,True,4.0,0.22386363636363638,require_all_classes,0.11413673232908458,,,
d2_beef_uncontrolled|R3|classification|seed08|fold02,e2_main_d2,d2_beef_uncontrolled,R3,classification,8,2,16,1.4.0,real,True,ok,6435,2145,3,1,TS2,3,1,2.6466022888198495,5.563967000000169,0.23543123543123542,0.5682512340635313,True,4.0,0.2337962962962963,require_all_classes,0.10869565217391304,,,
d2_beef_uncontrolled|R3|classification|seed08|fold03,e2_main_d2,d2_beef_uncontrolled,R3,classification,8,3,16,1.4.0,real,True,ok,6435,2145,3,1,TS3,3,1,2.4372383248992264,5.427703999999977,0.39254079254079255,0.651166747460243,True,4.0,0.3577214170692431,require_all_classes,0.3894108897456584,,,
d2_beef_uncontrolled|R3|classification|seed08|fold04,e2_main_d2,d2_beef_uncontrolled,R3,classification,8,4,16,1.4.0,real,True,ok,6435,2145,3,1,TS5,3,1,2.426788100041449,5.544592999999935,0.1958041958041958,0.47692548507059823,True,4.0,0.25,require_all_classes,0.0948509485094851,,,
d2_beef_uncontrolled|R3|classification|seed09|fold00,e2_main_d2,d2_beef_uncontrolled,R3,classification,9,0,16,1.4.0,real,True,ok,6435,2145,3,1,TS5,3,1,2.509426848962903,5.557670000000364,0.1958041958041958,0.6018129774985425,True,4.0,0.25,require_all_classes,0.08495145631067962,,,
d2_beef_uncontrolled|R3|classification|seed09|fold01,e2_main_d2,d2_beef_uncontrolled,R3,classification,9,1,16,1.4.0,real,True,ok,6435,2145,3,1,TS4,3,1,2.399011136032641,5.5139270000003435,0.5953379953379954,0.7069681735987566,True,4.0,0.45231481481481484,require_all_classes,0.3803268207095489,,,
d2_beef_uncontrolled|R3|classification|seed09|fold02,e2_main_d2,d2_beef_uncontrolled,R3,classification,9,2,16,1.4.0,real,True,ok,6435,2145,3,1,TS1,3,1,2.4297242551110685,5.524536000000239,0.5165501165501165,0.7333999073226118,True,4.0,0.35237531565656566,require_all_classes,0.3256077701964297,,,
d2_beef_uncontrolled|R3|classification|seed09|fold03,e2_main_d2,d2_beef_uncontrolled,R3,classification,9,3,16,1.4.0,real,True,ok,6435,2145,3,1,TS3,3,1,2.4078804589807987,5.519545000000093,0.5407925407925408,0.7815544935477098,True,4.0,0.5121578099838969,require_all_classes,0.4287681615037119,,,
d2_beef_uncontrolled|R3|classification|seed09|fold04,e2_main_d2,d2_beef_uncontrolled,R3,classification,9,4,16,1.4.0,real,True,ok,6435,2145,3,1,TS2,3,1,2.568339585326612,5.5099329999996485,0.406993006993007,0.6686071458987816,True,4.0,0.42333113746157225,require_all_classes,0.424750870476734,,,
d2_beef_uncontrolled|R3|regression|seed00|fold00,e2_main_d2,d2_beef_uncontrolled,R3,regression,0,0,16,1.4.0,real,True,ok,6435,2145,3,1,TS3,3,1,2.3906239438802004,10.395268000000005,,,,,,,,0.24282421347883393,0.8622095011466427,0.3522595364784062
d2_beef_uncontrolled|R3|regression|seed00|fold01,e2_main_d2,d2_beef_uncontrolled,R3,regression,0,1,16,1.4.0,real,True,ok,6435,2145,3,1,TS5,3,1,2.2587053263559937,8.012455000000006,,,,,,,,2.092886583180242,-5.161789921351322,2.3144904108195816
d2_beef_uncontrolled|R3|regression|seed00|fold02,e2_main_d2,d2_beef_uncontrolled,R3,regression,0,2,16,1.4.0,real,True,ok,6435,2145,3,1,TS4,3,1,2.116922728251666,8.685778000000013,,,,,,,,0.22946267996778832,0.850835110829981,0.363237934136991
d2_beef_uncontrolled|R3|regression|seed00|fold03,e2_main_d2,d2_beef_uncontrolled,R3,regression,0,3,16,1.4.0,real,True,ok,6435,2145,3,1,TS1,3,1,2.124846283812076,8.621695999999993,,,,,,,,4.6052144775491,-32.55985784918281,4.831209354199246
d2_beef_uncontrolled|R3|regression|seed00|fold04,e2_main_d2,d2_beef_uncontrolled,R3,regression,0,4,16,1.4.0,real,True,ok,6435,2145,3,1,TS2,3,1,2.116491968743503,8.845869999999957,,,,,,,,0.6168891626542389,0.3195547439028362,0.7495418432579093
d2_beef_uncontrolled|R3|regression|seed01|fold00,e2_main_d2,d2_beef_uncontrolled,R3,regression,1,0,16,1.4.0,real,True,ok,6435,2145,3,1,TS5,3,1,2.088040303904563,8.647574000000027,,,,,,,,6.1215810897727465,-49.58819722036332,6.631725529420747
d2_beef_uncontrolled|R3|regression|seed01|fold01,e2_main_d2,d2_beef_uncontrolled,R3,regression,1,1,16,1.4.0,real,True,ok,6435,2145,3,1,TS1,3,1,2.100470073055476,8.81705999999998,,,,,,,,17.200338751341345,-617.0764693265749,20.73322716843233
d2_beef_uncontrolled|R3|regression|seed01|fold02,e2_main_d2,d2_beef_uncontrolled,R3,regression,1,2,16,1.4.0,real,True,ok,6435,2145,3,1,TS2,3,1,2.0914553473703563,8.159018000000003,,,,,,,,0.9258617547275543,-1.3188429577674232,1.3836777447233435
d2_beef_uncontrolled|R3|regression|seed01|fold03,e2_main_d2,d2_beef_uncontrolled,R3,regression,1,3,16,1.4.0,real,True,ok,6435,2145,3,1,TS3,3,1,2.193338197655976,9.393396999999961,,,,,,,,0.4154156512652189,0.4954362079826681,0.6740795688842454
d2_beef_uncontrolled|R3|regression|seed01|fold04,e2_main_d2,d2_beef_uncontrolled,R3,regression,1,4,16,1.4.0,real,True,ok,6435,2145,3,1,TS4,3,1,2.0858258600346744,7.980854000000033,,,,,,,,0.4151023042308296,0.6495929172004151,0.556729622827675
d2_beef_uncontrolled|R3|regression|seed02|fold00,e2_main_d2,d2_beef_uncontrolled,R3,regression,2,0,16,1.4.0,real,True,ok,6435,2145,3,1,TS3,3,1,2.133458917029202,8.117282999999965,,,,,,,,0.14108024428773253,0.950182491350821,0.2118088613386728
d2_beef_uncontrolled|R3|regression|seed02|fold01,e2_main_d2,d2_beef_uncontrolled,R3,regression,2,1,16,1.4.0,real,True,ok,6435,2145,3,1,TS5,3,1,2.1376328519545496,8.791558999999925,,,,,,,,2.965537835787596,-9.704191819862306,3.050555169086186
d2_beef_uncontrolled|R3|regression|seed02|fold02,e2_main_d2,d2_beef_uncontrolled,R3,regression,2,2,16,1.4.0,real,True,ok,6435,2145,3,1,TS4,3,1,2.1980518270283937,8.458503000000157,,,,,,,,0.28384866855156143,0.7170323645146697,0.5002951296135248
d2_beef_uncontrolled|R3|regression|seed02|fold03,e2_main_d2,d2_beef_uncontrolled,R3,regression,2,3,16,1.4.0,real,True,ok,6435,2145,3,1,TS1,3,1,2.2551283831708133,9.347078999999905,,,,,,,,4.180223428308533,-30.908598051849008,4.710854196823098
d2_beef_uncontrolled|R3|regression|seed02|fold04,e2_main_d2,d2_beef_uncontrolled,R3,regression,2,4,16,1.4.0,real,True,ok,6435,2145,3,1,TS2,3,1,2.168308085296303,9.687600999999852,,,,,,,,0.6599148977850307,0.057891339090544336,0.8819618205253319
d2_beef_uncontrolled|R3|regression|seed03|fold00,e2_main_d2,d2_beef_uncontrolled,R3,regression,3,0,16,1.4.0,real,True,ok,6435,2145,3,1,TS5,3,1,2.18250371189788,8.759902999999944,,,,,,,,8.631033573739899,-100.51395649862623,9.394308532518375
d2_beef_uncontrolled|R3|regression|seed03|fold01,e2_main_d2,d2_beef_uncontrolled,R3,regression,3,1,16,1.4.0,real,True,ok,6435,2145,3,1,TS3,3,1,2.1181422993540764,8.49509799999987,,,,,,,,0.25153272252440134,0.8354409898488995,0.38495853795289176
d2_beef_uncontrolled|R3|regression|seed03|fold02,e2_main_d2,d2_beef_uncontrolled,R3,regression,3,2,16,1.4.0,real,True,ok,6435,2145,3,1,TS2,3,1,2.1817167177796364,8.295332000000023,,,,,,,,1.3911836429484388,-2.19609113897877,1.6244594115600828
d2_beef_uncontrolled|R3|regression|seed03|fold03,e2_main_d2,d2_beef_uncontrolled,R3,regression,3,3,16,1.4.0,real,True,ok,6435,2145,3,1,TS4,3,1,2.098145677242428,8.640130999999855,,,,,,,,0.22545671866817943,0.8811255342338228,0.324266572606029
d2_beef_uncontrolled|R3|regression|seed03|fold04,e2_main_d2,d2_beef_uncontrolled,R3,regression,3,4,16,1.4.0,real,True,ok,6435,2145,3,1,TS1,3,1,2.3019780847243965,10.341814000000028,,,,,,,,1.6874594803418757,-3.9783876872920327,1.860759128016541
d2_beef_uncontrolled|R3|regression|seed04|fold00,e2_main_d2,d2_beef_uncontrolled,R3,regression,4,0,16,1.4.0,real,True,ok,6435,2145,3,1,TS3,3,1,2.168672279920429,9.618285000000313,,,,,,,,0.24150971131983,0.8905158199163258,0.3139993927870785
d2_beef_uncontrolled|R3|regression|seed04|fold01,e2_main_d2,d2_beef_uncontrolled,R3,regression,4,1,16,1.4.0,real,True,ok,6435,2145,3,1,TS5,3,1,2.227315957657993,8.486049999999977,,,,,,,,1.279219585265761,-2.2020117915502495,1.6684508037546073
d2_beef_uncontrolled|R3|regression|seed04|fold02,e2_main_d2,d2_beef_uncontrolled,R3,regression,4,2,16,1.4.0,real,True,ok,6435,2145,3,1,TS1,3,1,2.1810732018202543,8.831304999999773,,,,,,,,11.001396980498317,-244.11223477557706,13.056545784149083
d2_beef_uncontrolled|R3|regression|seed04|fold03,e2_main_d2,d2_beef_uncontrolled,R3,regression,4,3,16,1.4.0,real,True,ok,6435,2145,3,1,TS2,3,1,2.1266927239485085,8.767465000000023,,,,,,,,1.0174139659323993,-0.8073797646491727,1.22158585390595
d2_beef_uncontrolled|R3|regression|seed04|fold04,e2_main_d2,d2_beef_uncontrolled,R3,regression,4,4,16,1.4.0,real,True,ok,6435,2145,3,1,TS4,3,1,2.120007613673806,8.124087999999915,,,,,,,,0.5979153665344005,0.3697582246311245,0.7466404001413518
d2_beef_uncontrolled|R3|regression|seed05|fold00,e2_main_d2,d2_beef_uncontrolled,R3,regression,5,0,16,1.4.0,real,True,ok,6435,2145,3,1,TS5,3,1,2.6026019169948995,7.737790000000006,,,,,,,,2.081787006944861,-5.4171697521785225,2.3619663490332248
d2_beef_uncontrolled|R3|regression|seed05|fold01,e2_main_d2,d2_beef_uncontrolled,R3,regression,5,1,16,1.4.0,real,True,ok,6435,2145,3,1,TS4,3,1,2.392880709376186,8.585346000000012,,,,,,,,0.3607983631214819,0.7753291399714647,0.445790968885781
d2_beef_uncontrolled|R3|regression|seed05|fold02,e2_main_d2,d2_beef_uncontrolled,R3,regression,5,2,16,1.4.0,real,True,ok,6435,2145,3,1,TS2,3,1,2.2034145803190768,7.494739000000018,,,,,,,,0.9409176606297858,-1.0963640779397101,1.3156265880140312
d2_beef_uncontrolled|R3|regression|seed05|fold03,e2_main_d2,d2_beef_uncontrolled,R3,regression,5,3,16,1.4.0,real,True,ok,6435,2145,3,1,TS3,3,1,2.3227151348255575,7.058057999999978,,,,,,,,0.25221927031673325,0.8397703395522846,0.3798608880778106
d2_beef_uncontrolled|R3|regression|seed05|fold04,e2_main_d2,d2_beef_uncontrolled,R3,regression,5,4,16,1.4.0,real,True,ok,6435,2145,3,1,TS1,3,1,2.229454593267292,8.348324000000074,,,,,,,,5.013711035596385,-42.17890839814097,5.4800135277944255
d2_beef_uncontrolled|R3|regression|seed06|fold00,e2_main_d2,d2_beef_uncontrolled,R3,regression,6,0,16,1.4.0,real,True,ok,6435,2145,3,1,TS3,3,1,2.298875129316002,9.623011000000025,,,,,,,,0.19505477883998779,0.9195579366969076,0.26915021051455945
d2_beef_uncontrolled|R3|regression|seed06|fold01,e2_main_d2,d2_beef_uncontrolled,R3,regression,6,1,16,1.4.0,real,True,ok,6435,2145,3,1,TS5,3,1,2.3373721302486956,7.976826999999986,,,,,,,,9.072291091493135,-99.88298615189105,9.365067382602604
d2_beef_uncontrolled|R3|regression|seed06|fold02,e2_main_d2,d2_beef_uncontrolled,R3,regression,6,2,16,1.4.0,real,True,ok,6435,2145,3,1,TS1,3,1,2.1875058389268816,9.407278999999964,,,,,,,,5.730805776050653,-58.37544610275648,6.426126107670676
d2_beef_uncontrolled|R3|regression|seed06|fold03,e2_main_d2,d2_beef_uncontrolled,R3,regression,6,3,16,1.4.0,real,True,ok,6435,2145,3,1,TS4,3,1,2.1777064348571002,9.244327999999989,,,,,,,,0.4290135366518791,0.6445359449368755,0.560732511760374
d2_beef_uncontrolled|R3|regression|seed06|fold04,e2_main_d2,d2_beef_uncontrolled,R3,regression,6,4,16,1.4.0,real,True,ok,6435,2145,3,1,TS2,3,1,2.153747972100973,9.138459000000083,,,,,,,,0.6037522229770558,0.12787583938179825,0.8485715089140676
d2_beef_uncontrolled|R3|regression|seed07|fold00,e2_main_d2,d2_beef_uncontrolled,R3,regression,7,0,16,1.4.0,real,True,ok,6435,2145,3,1,TS3,3,1,2.281855036970228,8.746891000000169,,,,,,,,0.35434211593945875,0.49388185017133934,0.6751170543005212
d2_beef_uncontrolled|R3|regression|seed07|fold01,e2_main_d2,d2_beef_uncontrolled,R3,regression,7,1,16,1.4.0,real,True,ok,6435,2145,3,1,TS1,3,1,2.2130404370836914,9.712474000000075,,,,,,,,3.54811126353756,-19.597504014201785,3.7848885804750902
d2_beef_uncontrolled|R3|regression|seed07|fold02,e2_main_d2,d2_beef_uncontrolled,R3,regression,7,2,16,1.4.0,real,True,ok,6435,2145,3,1,TS5,3,1,2.1434104219079018,8.935961999999947,,,,,,,,2.0345587596012287,-4.728447585827924,2.2316208682442302
d2_beef_uncontrolled|R3|regression|seed07|fold03,e2_main_d2,d2_beef_uncontrolled,R3,regression,7,3,16,1.4.0,real,True,ok,6435,2145,3,1,TS2,3,1,2.1933520422317088,8.98235600000013,,,,,,,,1.0698415279762448,-1.1013233677853425,1.3171818329903129
d2_beef_uncontrolled|R3|regression|seed07|fold04,e2_main_d2,d2_beef_uncontrolled,R3,regression,7,4,16,1.4.0,real,True,ok,6435,2145,3,1,TS4,3,1,2.3098626816645265,8.256678999999927,,,,,,,,0.3464706326227599,0.7517215767881875,0.4686270804033054
d2_beef_uncontrolled|R3|regression|seed08|fold00,e2_main_d2,d2_beef_uncontrolled,R3,regression,8,0,16,1.4.0,real,True,ok,6435,2145,3,1,TS4,3,1,2.2146994308568537,8.084771000000046,,,,,,,,0.27700308477222807,0.7742562425224543,0.44685412043605655
d2_beef_uncontrolled|R3|regression|seed08|fold01,e2_main_d2,d2_beef_uncontrolled,R3,regression,8,1,16,1.4.0,real,True,ok,6435,2145,3,1,TS1,3,1,2.158572059124708,9.160254999999921,,,,,,,,3.048070494775298,-25.0029990067848,4.2526292392063585
d2_beef_uncontrolled|R3|regression|seed08|fold02,e2_main_d2,d2_beef_uncontrolled,R3,regression,8,2,16,1.4.0,real,True,ok,6435,2145,3,1,TS2,3,1,2.1762559581547976,8.139164999999927,,,,,,,,0.7757353237498011,0.10949165384706727,0.8574687160549697
d2_beef_uncontrolled|R3|regression|seed08|fold03,e2_main_d2,d2_beef_uncontrolled,R3,regression,8,3,16,1.4.0,real,True,ok,6435,2145,3,1,TS3,3,1,2.216704310849309,8.24043300000001,,,,,,,,0.26807035707005294,0.805070684248123,0.4189784658807562
d2_beef_uncontrolled|R3|regression|seed08|fold04,e2_main_d2,d2_beef_uncontrolled,R3,regression,8,4,16,1.4.0,real,True,ok,6435,2145,3,1,TS5,3,1,2.2824226580560207,9.177000000000241,,,,,,,,1.0227477394971707,-0.5463356071990559,1.1594547931120456
d2_beef_uncontrolled|R3|regression|seed09|fold00,e2_main_d2,d2_beef_uncontrolled,R3,regression,9,0,16,1.4.0,real,True,ok,6435,2145,3,1,TS5,3,1,2.1609035450965166,6.571121999999924,,,,,,,,2.5220211191736617,-8.410321846896082,2.860251227415152
d2_beef_uncontrolled|R3|regression|seed09|fold01,e2_main_d2,d2_beef_uncontrolled,R3,regression,9,1,16,1.4.0,real,True,ok,6435,2145,3,1,TS4,3,1,2.248587434180081,9.267751999999916,,,,,,,,0.23217085761646974,0.8709655476036935,0.33783973960335223
d2_beef_uncontrolled|R3|regression|seed09|fold02,e2_main_d2,d2_beef_uncontrolled,R3,regression,9,2,16,1.4.0,real,True,ok,6435,2145,3,1,TS1,3,1,2.1670061899349093,5.88631100000034,,,,,,,,3.057408701605238,-17.003821909655628,3.538572966688379
d2_beef_uncontrolled|R3|regression|seed09|fold03,e2_main_d2,d2_beef_uncontrolled,R3,regression,9,3,16,1.4.0,real,True,ok,6435,2145,3,1,TS3,3,1,2.2404373823665082,9.152492000000073,,,,,,,,0.23960004909436267,0.8331575082057238,0.38762024951535756
d2_beef_uncontrolled|R3|regression|seed09|fold04,e2_main_d2,d2_beef_uncontrolled,R3,regression,9,4,16,1.4.0,real,True,ok,6435,2145,3,1,TS2,3,1,2.295323716942221,9.28507000000004,,,,,,,,0.3177324806254672,0.7953730031775075,0.4110368439500497
d2_beef_uncontrolled|R4|classification|seed00|fold00,e2_main_d2,d2_beef_uncontrolled,R4,classification,0,0,16,1.4.0,real,True,ok,6435,2145,3,1,TS3,3,1,2.95920955715701,6.086007000000001,0.4522144522144522,0.6727109002355787,True,4.0,0.43404186795491145,require_all_classes,0.4850866045860003,,,
d2_beef_uncontrolled|R4|classification|seed00|fold01,e2_main_d2,d2_beef_uncontrolled,R4,classification,0,1,16,1.4.0,real,True,ok,6435,2145,3,1,TS5,3,1,3.0029085888527334,5.722891999999987,0.1958041958041958,0.4240043387481456,True,4.0,0.25,require_all_classes,0.08187134502923976,,,
d2_beef_uncontrolled|R4|classification|seed00|fold02,e2_main_d2,d2_beef_uncontrolled,R4,classification,0,2,16,1.4.0,real,True,ok,6435,2145,3,1,TS4,3,1,3.055992743000388,5.757469000000022,0.6717948717948717,0.7276397998646922,True,4.0,0.5902576489533011,require_all_classes,0.572325506471848,,,
d2_beef_uncontrolled|R4|classification|seed00|fold03,e2_main_d2,d2_beef_uncontrolled,R4,classification,0,3,16,1.4.0,real,True,ok,6435,2145,3,1,TS1,3,1,3.1466289358213544,6.131248000000015,0.21445221445221446,0.5113556103652007,True,4.0,0.29424242424242425,require_all_classes,0.18665430156755022,,,
d2_beef_uncontrolled|R4|classification|seed00|fold04,e2_main_d2,d2_beef_uncontrolled,R4,classification,0,4,16,1.4.0,real,True,ok,6435,2145,3,1,TS2,3,1,3.22274555824697,6.095017999999978,0.16643356643356644,0.5192485063648801,True,4.0,0.16148989898989896,require_all_classes,0.09706478832433998,,,
d2_beef_uncontrolled|R4|classification|seed01|fold00,e2_main_d2,d2_beef_uncontrolled,R4,classification,1,0,16,1.4.0,real,True,ok,6435,2145,3,1,TS5,3,1,3.2704648920334876,6.181034999999952,0.2177156177156177,0.29557117957981893,True,4.0,0.14368530020703932,require_all_classes,0.13139419860987578,,,
d2_beef_uncontrolled|R4|classification|seed01|fold01,e2_main_d2,d2_beef_uncontrolled,R4,classification,1,1,16,1.4.0,real,True,ok,6435,2145,3,1,TS1,3,1,3.0950910807587206,5.820608999999989,0.2862470862470862,0.36994240690568175,True,4.0,0.23257575757575757,require_all_classes,0.11844135802469136,,,
d2_beef_uncontrolled|R4|classification|seed01|fold02,e2_main_d2,d2_beef_uncontrolled,R4,classification,1,2,16,1.4.0,real,True,ok,6435,2145,3,1,TS2,3,1,3.190291655715555,6.152163000000005,0.09883449883449884,0.509258425878692,True,4.0,0.10966183574879226,require_all_classes,0.10371978424067815,,,
d2_beef_uncontrolled|R4|classification|seed01|fold03,e2_main_d2,d2_beef_uncontrolled,R4,classification,1,3,16,1.4.0,real,True,ok,6435,2145,3,1,TS3,3,1,3.2417370048351586,6.125226999999999,0.7571095571095571,0.8194844646447597,True,4.0,0.6710144927536232,require_all_classes,0.6462429080353609,,,
d2_beef_uncontrolled|R4|classification|seed01|fold04,e2_main_d2,d2_beef_uncontrolled,R4,classification,1,4,16,1.4.0,real,True,ok,6435,2145,3,1,TS4,3,1,3.3390564187429845,6.147258000000107,0.5417249417249417,0.5755509238532096,True,4.0,0.4311507936507937,require_all_classes,0.3678355801836076,,,
d2_beef_uncontrolled|R4|classification|seed02|fold00,e2_main_d2,d2_beef_uncontrolled,R4,classification,2,0,16,1.4.0,real,True,ok,6435,2145,3,1,TS3,3,1,3.2161781461909413,5.710252000000125,0.40559440559440557,0.7112031419056062,True,4.0,0.3587640901771336,require_all_classes,0.37894926963687403,,,
d2_beef_uncontrolled|R4|classification|seed02|fold01,e2_main_d2,d2_beef_uncontrolled,R4,classification,2,1,16,1.4.0,real,True,ok,6435,2145,3,1,TS5,3,1,3.1001663710922003,5.523636999999962,0.1958041958041958,0.4471494072043739,True,4.0,0.25,require_all_classes,0.08187134502923976,,,
d2_beef_uncontrolled|R4|classification|seed02|fold02,e2_main_d2,d2_beef_uncontrolled,R4,classification,2,2,16,1.4.0,real,True,ok,6435,2145,3,1,TS4,3,1,3.0645906240679324,5.819908000000019,0.6358974358974359,0.8874971254235909,True,4.0,0.524255233494364,require_all_classes,0.48381746023128835,,,
d2_beef_uncontrolled|R4|classification|seed02|fold03,e2_main_d2,d2_beef_uncontrolled,R4,classification,2,3,16,1.4.0,real,True,ok,6435,2145,3,1,TS1,3,1,3.375337803736329,5.823587,0.24522144522144523,0.5568553355481634,True,4.0,0.19924242424242425,require_all_classes,0.10158362302047122,,,
d2_beef_uncontrolled|R4|classification|seed02|fold04,e2_main_d2,d2_beef_uncontrolled,R4,classification,2,4,16,1.4.0,real,True,ok,6435,2145,3,1,TS2,3,1,3.2047792128287256,5.852970999999982,0.3967365967365967,0.5476251174540797,True,4.0,0.3876866490996926,require_all_classes,0.35531854317426936,,,
d2_beef_uncontrolled|R4|classification|seed03|fold00,e2_main_d2,d2_beef_uncontrolled,R4,classification,3,0,16,1.4.0,real,True,ok,6435,2145,3,1,TS5,3,1,3.05892695998773,6.082302000000141,0.28764568764568765,0.7447007260351429,True,4.0,0.4119047619047619,require_all_classes,0.25021253638122765,,,
d2_beef_uncontrolled|R4|classification|seed03|fold01,e2_main_d2,d2_beef_uncontrolled,R4,classification,3,1,16,1.4.0,real,True,ok,6435,2145,3,1,TS3,3,1,3.028864730615169,6.063536000000127,0.7249417249417249,0.8619659416686558,True,4.0,0.6981582125603865,require_all_classes,0.648339083226782,,,
d2_beef_uncontrolled|R4|classification|seed03|fold02,e2_main_d2,d2_beef_uncontrolled,R4,classification,3,2,16,1.4.0,real,True,ok,6435,2145,3,1,TS2,3,1,3.0661793970502913,6.079097000000004,0.2755244755244755,0.6207457886639672,True,4.0,0.27556159420289855,require_all_classes,0.16430139400400606,,,
d2_beef_uncontrolled|R4|classification|seed03|fold03,e2_main_d2,d2_beef_uncontrolled,R4,classification,3,3,16,1.4.0,real,True,ok,6435,2145,3,1,TS4,3,1,2.9804147421382368,6.038620999999878,0.7006993006993008,0.8054422534381328,True,4.0,0.6280624568668047,require_all_classes,0.6108986781345014,,,
d2_beef_uncontrolled|R4|classification|seed03|fold04,e2_main_d2,d2_beef_uncontrolled,R4,classification,3,4,16,1.4.0,real,True,ok,6435,2145,3,1,TS1,3,1,3.1509963176213205,6.1730890000003455,0.3095571095571096,0.5363665909903428,True,4.0,0.3878787878787879,require_all_classes,0.2585758207726182,,,
d2_beef_uncontrolled|R4|classification|seed04|fold00,e2_main_d2,d2_beef_uncontrolled,R4,classification,4,0,16,1.4.0,real,True,ok,6435,2145,3,1,TS3,3,1,3.0624260110780597,6.073477000000096,0.3627039627039627,0.6420745926143185,True,4.0,0.317037037037037,require_all_classes,0.31883027075565257,,,
d2_beef_uncontrolled|R4|classification|seed04|fold01,e2_main_d2,d2_beef_uncontrolled,R4,classification,4,1,16,1.4.0,real,True,ok,6435,2145,3,1,TS5,3,1,3.060902793891728,6.1065309999997694,0.1958041958041958,0.4805441652597526,True,4.0,0.25,require_all_classes,0.08187134502923976,,,
d2_beef_uncontrolled|R4|classification|seed04|fold02,e2_main_d2,d2_beef_uncontrolled,R4,classification,4,2,16,1.4.0,real,True,ok,6435,2145,3,1,TS1,3,1,3.1887367060407996,6.053750999999828,0.3076923076923077,0.3881763833420291,True,4.0,0.25,require_all_classes,0.11934900542495479,,,
d2_beef_uncontrolled|R4|classification|seed04|fold03,e2_main_d2,d2_beef_uncontrolled,R4,classification,4,3,16,1.4.0,real,True,ok,6435,2145,3,1,TS2,3,1,3.0718287248164415,6.1120280000004215,0.32773892773892777,0.6356943814576765,True,4.0,0.35579710144927534,require_all_classes,0.29425527594560913,,,
d2_beef_uncontrolled|R4|classification|seed04|fold04,e2_main_d2,d2_beef_uncontrolled,R4,classification,4,4,16,1.4.0,real,True,ok,6435,2145,3,1,TS4,3,1,3.088604070711881,6.1127799999999155,0.4484848484848485,0.44043115927201804,True,4.0,0.30648148148148147,require_all_classes,0.23668375161552885,,,
d2_beef_uncontrolled|R4|classification|seed05|fold00,e2_main_d2,d2_beef_uncontrolled,R4,classification,5,0,16,1.4.0,real,True,ok,6435,2145,3,1,TS5,3,1,3.327210184186697,6.444678,0.20932400932400932,0.5866588158845465,True,4.0,0.2710144927536232,require_all_classes,0.12542908121968369,,,
d2_beef_uncontrolled|R4|classification|seed05|fold01,e2_main_d2,d2_beef_uncontrolled,R4,classification,5,1,16,1.4.0,real,True,ok,6435,2145,3,1,TS4,3,1,3.471908550709486,6.444814000000006,0.41072261072261074,0.6896825560851083,True,4.0,0.2689814814814815,require_all_classes,0.18581710657223804,,,
d2_beef_uncontrolled|R4|classification|seed05|fold02,e2_main_d2,d2_beef_uncontrolled,R4,classification,5,2,16,1.4.0,real,True,ok,6435,2145,3,1,TS2,3,1,3.428891441784799,6.517954999999957,0.23776223776223776,0.4722876461428532,True,4.0,0.2578301127214171,require_all_classes,0.1928314987263365,,,
d2_beef_uncontrolled|R4|classification|seed05|fold03,e2_main_d2,d2_beef_uncontrolled,R4,classification,5,3,16,1.4.0,real,True,ok,6435,2145,3,1,TS3,3,1,2.9653485119342804,6.0714049999999915,0.6503496503496503,0.629279675466828,True,4.0,0.47916666666666663,require_all_classes,0.38342945874001777,,,
d2_beef_uncontrolled|R4|classification|seed05|fold04,e2_main_d2,d2_beef_uncontrolled,R4,classification,5,4,16,1.4.0,real,True,ok,6435,2145,3,1,TS1,3,1,2.996714591048658,5.885294000000055,0.14871794871794872,0.5083015560193939,True,4.0,0.09266098484848485,require_all_classes,0.11395079973842197,,,
d2_beef_uncontrolled|R4|classification|seed06|fold00,e2_main_d2,d2_beef_uncontrolled,R4,classification,6,0,16,1.4.0,real,True,ok,6435,2145,3,1,TS3,3,1,2.9515812806785107,6.066083000000038,0.3641025641025641,0.6465424204167889,True,4.0,0.31810789049919486,require_all_classes,0.33041363372057597,,,
d2_beef_uncontrolled|R4|classification|seed06|fold01,e2_main_d2,d2_beef_uncontrolled,R4,classification,6,1,16,1.4.0,real,True,ok,6435,2145,3,1,TS5,3,1,2.9985666456632316,6.055660000000003,0.19393939393939394,0.3092336145073386,True,4.0,0.12380952380952381,require_all_classes,0.10048309178743961,,,
d2_beef_uncontrolled|R4|classification|seed06|fold02,e2_main_d2,d2_beef_uncontrolled,R4,classification,6,2,16,1.4.0,real,True,ok,6435,2145,3,1,TS1,3,1,2.9802298140712082,6.057165999999977,0.5002331002331002,0.5884195479304719,True,4.0,0.2928030303030303,require_all_classes,0.2685280965664548,,,
d2_beef_uncontrolled|R4|classification|seed06|fold03,e2_main_d2,d2_beef_uncontrolled,R4,classification,6,3,16,1.4.0,real,True,ok,6435,2145,3,1,TS4,3,1,2.9080507531762123,6.019961999999985,0.45827505827505827,0.5803666675970723,True,4.0,0.3162037037037037,require_all_classes,0.24733623866859372,,,
d2_beef_uncontrolled|R4|classification|seed06|fold04,e2_main_d2,d2_beef_uncontrolled,R4,classification,6,4,16,1.4.0,real,True,ok,6435,2145,3,1,TS2,3,1,2.9802752607502043,6.089917999999869,0.2517482517482518,0.41271522299582597,True,4.0,0.25,require_all_classes,0.10625737898465171,,,
d2_beef_uncontrolled|R4|classification|seed07|fold00,e2_main_d2,d2_beef_uncontrolled,R4,classification,7,0,16,1.4.0,real,True,ok,6435,2145,3,1,TS3,3,1,3.128081277012825,5.84333299999988,0.6498834498834499,0.5873119729917591,True,4.0,0.47870370370370374,require_all_classes,0.3963328125154097,,,
d2_beef_uncontrolled|R4|classification|seed07|fold01,e2_main_d2,d2_beef_uncontrolled,R4,classification,7,1,16,1.4.0,real,True,ok,6435,2145,3,1,TS1,3,1,3.0845908387564123,6.079704000000046,0.1431235431235431,0.5127201613183905,True,4.0,0.12287878787878788,require_all_classes,0.15842624975666078,,,
d2_beef_uncontrolled|R4|classification|seed07|fold02,e2_main_d2,d2_beef_uncontrolled,R4,classification,7,2,16,1.4.0,real,True,ok,6435,2145,3,1,TS5,3,1,2.953706164844334,6.053206000000078,0.4699300699300699,0.629797582177363,True,4.0,0.3277777777777778,require_all_classes,0.25842836754897663,,,
d2_beef_uncontrolled|R4|classification|seed07|fold03,e2_main_d2,d2_beef_uncontrolled,R4,classification,7,3,16,1.4.0,real,True,ok,6435,2145,3,1,TS2,3,1,3.001756378915161,6.149092000000081,0.3095571095571096,0.6877309795412408,True,4.0,0.3398550724637681,require_all_classes,0.27650401880799863,,,
d2_beef_uncontrolled|R4|classification|seed07|fold04,e2_main_d2,d2_beef_uncontrolled,R4,classification,7,4,16,1.4.0,real,True,ok,6435,2145,3,1,TS4,3,1,2.909673359245062,5.998053999999961,0.5081585081585082,0.6330505109841855,True,4.0,0.425402576489533,require_all_classes,0.3454032377467001,,,
d2_beef_uncontrolled|R4|classification|seed08|fold00,e2_main_d2,d2_beef_uncontrolled,R4,classification,8,0,16,1.4.0,real,True,ok,6435,2145,3,1,TS4,3,1,3.043865805026144,6.0792890000000455,0.6386946386946387,0.7404991785309443,True,4.0,0.5380233494363929,require_all_classes,0.489890835136784,,,
d2_beef_uncontrolled|R4|classification|seed08|fold01,e2_main_d2,d2_beef_uncontrolled,R4,classification,8,1,16,1.4.0,real,True,ok,6435,2145,3,1,TS1,3,1,2.964001541957259,5.991725999999844,0.34778554778554777,0.35626817099713914,True,4.0,0.34555555555555556,require_all_classes,0.26035023607210284,,,
d2_beef_uncontrolled|R4|classification|seed08|fold02,e2_main_d2,d2_beef_uncontrolled,R4,classification,8,2,16,1.4.0,real,True,ok,6435,2145,3,1,TS2,3,1,2.9795869630761445,6.0940260000000634,0.29184149184149183,0.5203131451630273,True,4.0,0.3353462157809984,require_all_classes,0.23695293128719813,,,
d2_beef_uncontrolled|R4|classification|seed08|fold03,e2_main_d2,d2_beef_uncontrolled,R4,classification,8,3,16,1.4.0,real,True,ok,6435,2145,3,1,TS3,3,1,2.931266736239195,6.0454980000004,0.46107226107226107,0.6897925475631078,True,4.0,0.45816022544283413,require_all_classes,0.509301658283384,,,
d2_beef_uncontrolled|R4|classification|seed08|fold04,e2_main_d2,d2_beef_uncontrolled,R4,classification,8,4,16,1.4.0,real,True,ok,6435,2145,3,1,TS5,3,1,3.120311446953565,6.006875000000093,0.1958041958041958,0.41928508239451945,True,4.0,0.25,require_all_classes,0.1167964404894327,,,
d2_beef_uncontrolled|R4|classification|seed09|fold00,e2_main_d2,d2_beef_uncontrolled,R4,classification,9,0,16,1.4.0,real,True,ok,6435,2145,3,1,TS5,3,1,2.982184602878988,6.074552999999931,0.1958041958041958,0.4107236906753071,True,4.0,0.25,require_all_classes,0.08190327613104524,,,
d2_beef_uncontrolled|R4|classification|seed09|fold01,e2_main_d2,d2_beef_uncontrolled,R4,classification,9,1,16,1.4.0,real,True,ok,6435,2145,3,1,TS4,3,1,2.995209365617484,6.111532000000096,0.6424242424242425,0.7830998761609158,True,4.0,0.5419887278582931,require_all_classes,0.5155434259222846,,,
d2_beef_uncontrolled|R4|classification|seed09|fold02,e2_main_d2,d2_beef_uncontrolled,R4,classification,9,2,16,1.4.0,real,True,ok,6435,2145,3,1,TS1,3,1,3.012413177639246,6.052278000000172,0.6051282051282051,0.8000040650888857,True,4.0,0.37803030303030305,require_all_classes,0.3546405756606684,,,
d2_beef_uncontrolled|R4|classification|seed09|fold03,e2_main_d2,d2_beef_uncontrolled,R4,classification,9,3,16,1.4.0,real,True,ok,6435,2145,3,1,TS3,3,1,2.9659565058536828,6.0885760000000175,0.5398601398601398,0.6889303008016812,True,4.0,0.5096296296296297,require_all_classes,0.4247887235909057,,,
d2_beef_uncontrolled|R4|classification|seed09|fold04,e2_main_d2,d2_beef_uncontrolled,R4,classification,9,4,16,1.4.0,real,True,ok,6435,2145,3,1,TS2,3,1,2.930695087183267,6.018968000000243,0.3776223776223776,0.6568651175086526,True,4.0,0.39584065290587034,require_all_classes,0.3765842724310058,,,
d2_beef_uncontrolled|R4|regression|seed00|fold00,e2_main_d2,d2_beef_uncontrolled,R4,regression,0,0,16,1.4.0,real,True,ok,6435,2145,3,1,TS3,3,1,2.7026556711643934,7.735477000000003,,,,,,,,0.24079793341271494,0.8833365994809336,0.3241309026409682
d2_beef_uncontrolled|R4|regression|seed00|fold01,e2_main_d2,d2_beef_uncontrolled,R4,regression,0,1,16,1.4.0,real,True,ok,6435,2145,3,1,TS5,3,1,2.694069749675691,6.637487000000008,,,,,,,,4.288079020807455,-24.72970184235809,4.7295445302097345
d2_beef_uncontrolled|R4|regression|seed00|fold02,e2_main_d2,d2_beef_uncontrolled,R4,regression,0,2,16,1.4.0,real,True,ok,6435,2145,3,1,TS4,3,1,2.6048465012572706,8.47295999999999,,,,,,,,0.22215923321021686,0.8502305026845158,0.3639733435302829
d2_beef_uncontrolled|R4|regression|seed00|fold03,e2_main_d2,d2_beef_uncontrolled,R4,regression,0,3,16,1.4.0,real,True,ok,6435,2145,3,1,TS1,3,1,2.6193054211325943,8.445217000000001,,,,,,,,7.8670007878491655,-127.59450482862445,9.457078770806428
d2_beef_uncontrolled|R4|regression|seed00|fold04,e2_main_d2,d2_beef_uncontrolled,R4,regression,0,4,16,1.4.0,real,True,ok,6435,2145,3,1,TS2,3,1,2.580686703789979,10.108991000000016,,,,,,,,0.6742747192397995,0.08203464687714135,0.870587509650178
d2_beef_uncontrolled|R4|regression|seed01|fold00,e2_main_d2,d2_beef_uncontrolled,R4,regression,1,0,16,1.4.0,real,True,ok,6435,2145,3,1,TS5,3,1,2.5171757750213146,8.55148599999998,,,,,,,,5.4920932153762765,-35.87419979869955,5.661913684791893
d2_beef_uncontrolled|R4|regression|seed01|fold01,e2_main_d2,d2_beef_uncontrolled,R4,regression,1,1,16,1.4.0,real,True,ok,6435,2145,3,1,TS1,3,1,2.516856257803738,9.230841000000002,,,,,,,,16.823353116447276,-545.3205106304154,19.492590264958945
d2_beef_uncontrolled|R4|regression|seed01|fold02,e2_main_d2,d2_beef_uncontrolled,R4,regression,1,2,16,1.4.0,real,True,ok,6435,2145,3,1,TS2,3,1,2.4990754197351635,8.541429000000036,,,,,,,,0.7377819855228233,-0.19399429837748272,0.9928883467948748
d2_beef_uncontrolled|R4|regression|seed01|fold03,e2_main_d2,d2_beef_uncontrolled,R4,regression,1,3,16,1.4.0,real,True,ok,6435,2145,3,1,TS3,3,1,2.6954041621647775,9.891158000000015,,,,,,,,0.36059855778906924,0.5727286637991976,0.620304601015756
d2_beef_uncontrolled|R4|regression|seed01|fold04,e2_main_d2,d2_beef_uncontrolled,R4,regression,1,4,16,1.4.0,real,True,ok,6435,2145,3,1,TS4,3,1,2.5068879039026797,9.48244199999991,,,,,,,,0.3033488150605851,0.8385225578434429,0.3779321367193881
d2_beef_uncontrolled|R4|regression|seed02|fold00,e2_main_d2,d2_beef_uncontrolled,R4,regression,2,0,16,1.4.0,real,True,ok,6435,2145,3,1,TS3,3,1,2.6647059163078666,9.917716999999978,,,,,,,,0.23550393049973734,0.8603452997581823,0.3546344335729935
d2_beef_uncontrolled|R4|regression|seed02|fold01,e2_main_d2,d2_beef_uncontrolled,R4,regression,2,1,16,1.4.0,real,True,ok,6435,2145,3,1,TS5,3,1,2.5556003218516707,9.36686200000004,,,,,,,,1.384832677929169,-2.298867622999011,1.6934968232379177
d2_beef_uncontrolled|R4|regression|seed02|fold02,e2_main_d2,d2_beef_uncontrolled,R4,regression,2,2,16,1.4.0,real,True,ok,6435,2145,3,1,TS4,3,1,2.498296247795224,8.977734999999829,,,,,,,,0.25764626568508747,0.8694218287190587,0.3398546239721516
d2_beef_uncontrolled|R4|regression|seed02|fold03,e2_main_d2,d2_beef_uncontrolled,R4,regression,2,3,16,1.4.0,real,True,ok,6435,2145,3,1,TS1,3,1,2.543275461997837,9.02613800000001,,,,,,,,3.385620533228997,-20.286105431905796,3.8476353455385786
d2_beef_uncontrolled|R4|regression|seed02|fold04,e2_main_d2,d2_beef_uncontrolled,R4,regression,2,4,16,1.4.0,real,True,ok,6435,2145,3,1,TS2,3,1,2.473422844428569,7.186720999999899,,,,,,,,0.7494338868294691,0.0469500975526983,0.8870683980347894
d2_beef_uncontrolled|R4|regression|seed03|fold00,e2_main_d2,d2_beef_uncontrolled,R4,regression,3,0,16,1.4.0,real,True,ok,6435,2145,3,1,TS5,3,1,2.601472094655037,10.066195999999955,,,,,,,,2.123728394895514,-4.84945307112298,2.255067638211496
d2_beef_uncontrolled|R4|regression|seed03|fold01,e2_main_d2,d2_beef_uncontrolled,R4,regression,3,1,16,1.4.0,real,True,ok,6435,2145,3,1,TS3,3,1,2.49697337904945,8.827108000000038,,,,,,,,0.19404183382414686,0.9130047972316185,0.2798986317143254
d2_beef_uncontrolled|R4|regression|seed03|fold02,e2_main_d2,d2_beef_uncontrolled,R4,regression,3,2,16,1.4.0,real,True,ok,6435,2145,3,1,TS2,3,1,2.599529378581792,9.292798000000012,,,,,,,,1.6426746098250697,-3.0437644812782505,1.8272257788946
d2_beef_uncontrolled|R4|regression|seed03|fold03,e2_main_d2,d2_beef_uncontrolled,R4,regression,3,3,16,1.4.0,real,True,ok,6435,2145,3,1,TS4,3,1,2.5110044251196086,8.808577000000128,,,,,,,,0.22763691736710534,0.8957440173746589,0.3036745419554892
d2_beef_uncontrolled|R4|regression|seed03|fold04,e2_main_d2,d2_beef_uncontrolled,R4,regression,3,4,16,1.4.0,real,True,ok,6435,2145,3,1,TS1,3,1,2.6763706100173295,8.90224299999985,,,,,,,,1.6017670641126063,-3.8327563322691054,1.8333409980798974
d2_beef_uncontrolled|R4|regression|seed04|fold00,e2_main_d2,d2_beef_uncontrolled,R4,regression,4,0,16,1.4.0,real,True,ok,6435,2145,3,1,TS3,3,1,2.523276654072106,9.131353999999781,,,,,,,,0.34416688241145454,0.7953859588548843,0.4292604133927206
d2_beef_uncontrolled|R4|regression|seed04|fold01,e2_main_d2,d2_beef_uncontrolled,R4,regression,4,1,16,1.4.0,real,True,ok,6435,2145,3,1,TS5,3,1,2.537070698104799,8.681942999999997,,,,,,,,4.265151118420069,-23.71622719259609,4.635462065424826
d2_beef_uncontrolled|R4|regression|seed04|fold02,e2_main_d2,d2_beef_uncontrolled,R4,regression,4,2,16,1.4.0,real,True,ok,6435,2145,3,1,TS1,3,1,2.6044966829940677,9.913550000000036,,,,,,,,18.35925052154792,-638.1999702289527,21.084542123562954
d2_beef_uncontrolled|R4|regression|seed04|fold03,e2_main_d2,d2_beef_uncontrolled,R4,regression,4,3,16,1.4.0,real,True,ok,6435,2145,3,1,TS2,3,1,2.5665009347721934,9.86972099999992,,,,,,,,1.073105812958283,-0.995005289216593,1.2834274176205844
d2_beef_uncontrolled|R4|regression|seed04|fold04,e2_main_d2,d2_beef_uncontrolled,R4,regression,4,4,16,1.4.0,real,True,ok,6435,2145,3,1,TS4,3,1,2.687055126298219,9.838585000000023,,,,,,,,0.4710955160743681,0.46429310124426304,0.688369329131022
d2_beef_uncontrolled|R4|regression|seed05|fold00,e2_main_d2,d2_beef_uncontrolled,R4,regression,5,0,16,1.4.0,real,True,ok,6435,2145,3,1,TS5,3,1,2.9271695599891245,8.31938399999999,,,,,,,,1.581765549401653,-3.1561916622456465,1.900858221061766
d2_beef_uncontrolled|R4|regression|seed05|fold01,e2_main_d2,d2_beef_uncontrolled,R4,regression,5,1,16,1.4.0,real,True,ok,6435,2145,3,1,TS4,3,1,3.0173758091405034,9.970303999999992,,,,,,,,0.4070797810484873,0.6897290561575434,0.523875930881165
d2_beef_uncontrolled|R4|regression|seed05|fold02,e2_main_d2,d2_beef_uncontrolled,R4,regression,5,2,16,1.4.0,real,True,ok,6435,2145,3,1,TS2,3,1,2.5847829403355718,9.918901999999997,,,,,,,,1.2428465936164232,-1.2765852141457001,1.371011957362927
d2_beef_uncontrolled|R4|regression|seed05|fold03,e2_main_d2,d2_beef_uncontrolled,R4,regression,5,3,16,1.4.0,real,True,ok,6435,2145,3,1,TS3,3,1,2.5663481042720377,9.624295000000007,,,,,,,,0.27373876073445574,0.8335925088851791,0.387114607579762
d2_beef_uncontrolled|R4|regression|seed05|fold04,e2_main_d2,d2_beef_uncontrolled,R4,regression,5,4,16,1.4.0,real,True,ok,6435,2145,3,1,TS1,3,1,2.5749534079805017,10.197826999999943,,,,,,,,3.9599268658261755,-31.427873025559514,4.749031312555707
d2_beef_uncontrolled|R4|regression|seed06|fold00,e2_main_d2,d2_beef_uncontrolled,R4,regression,6,0,16,1.4.0,real,True,ok,6435,2145,3,1,TS3,3,1,2.5429028519429266,9.254002999999955,,,,,,,,0.21210954035736646,0.9164181612696034,0.2743526020754073
d2_beef_uncontrolled|R4|regression|seed06|fold01,e2_main_d2,d2_beef_uncontrolled,R4,regression,6,1,16,1.4.0,real,True,ok,6435,2145,3,1,TS5,3,1,2.5801870143041015,9.70910999999997,,,,,,,,2.3829679545975506,-10.763955334455325,3.198001223009318
d2_beef_uncontrolled|R4|regression|seed06|fold02,e2_main_d2,d2_beef_uncontrolled,R4,regression,6,2,16,1.4.0,real,True,ok,6435,2145,3,1,TS1,3,1,2.7057257699780166,9.87800399999998,,,,,,,,3.9113705767724136,-27.55640903920865,4.456537838142844
d2_beef_uncontrolled|R4|regression|seed06|fold03,e2_main_d2,d2_beef_uncontrolled,R4,regression,6,3,16,1.4.0,real,True,ok,6435,2145,3,1,TS4,3,1,2.596462236251682,9.836956999999966,,,,,,,,0.36685310950062006,0.7557414028603899,0.4648178755087068
d2_beef_uncontrolled|R4|regression|seed06|fold04,e2_main_d2,d2_beef_uncontrolled,R4,regression,6,4,16,1.4.0,real,True,ok,6435,2145,3,1,TS2,3,1,2.5267122271470726,8.606135000000023,,,,,,,,0.5798461562593821,0.46805130731378375,0.6627262302986442
d2_beef_uncontrolled|R4|regression|seed07|fold00,e2_main_d2,d2_beef_uncontrolled,R4,regression,7,0,16,1.4.0,real,True,ok,6435,2145,3,1,TS3,3,1,2.4816525666974485,8.656044999999914,,,,,,,,0.30498260704553776,0.686209585213966,0.5315852961623366
d2_beef_uncontrolled|R4|regression|seed07|fold01,e2_main_d2,d2_beef_uncontrolled,R4,regression,7,1,16,1.4.0,real,True,ok,6435,2145,3,1,TS1,3,1,2.637189667671919,7.729994000000026,,,,,,,,3.4702617777869476,-19.048615434897165,3.7341176229948925
d2_beef_uncontrolled|R4|regression|seed07|fold02,e2_main_d2,d2_beef_uncontrolled,R4,regression,7,2,16,1.4.0,real,True,ok,6435,2145,3,1,TS5,3,1,2.7120195096358657,9.641864000000083,,,,,,,,2.784621283899492,-8.754493284883875,2.912086688197131
d2_beef_uncontrolled|R4|regression|seed07|fold03,e2_main_d2,d2_beef_uncontrolled,R4,regression,7,3,16,1.4.0,real,True,ok,6435,2145,3,1,TS2,3,1,2.526530094910413,9.058465000000112,,,,,,,,1.0571430331037917,-1.0533233550136027,1.3020508954578003
d2_beef_uncontrolled|R4|regression|seed07|fold04,e2_main_d2,d2_beef_uncontrolled,R4,regression,7,4,16,1.4.0,real,True,ok,6435,2145,3,1,TS4,3,1,2.6055302037857473,10.363426000000075,,,,,,,,0.3471960863102674,0.7679921709707904,0.4530114846276856
d2_beef_uncontrolled|R4|regression|seed08|fold00,e2_main_d2,d2_beef_uncontrolled,R4,regression,8,0,16,1.4.0,real,True,ok,6435,2145,3,1,TS4,3,1,2.610637306701392,9.476971999999904,,,,,,,,0.3413686998970742,0.6966192189457152,0.5180264376640639
d2_beef_uncontrolled|R4|regression|seed08|fold01,e2_main_d2,d2_beef_uncontrolled,R4,regression,8,1,16,1.4.0,real,True,ok,6435,2145,3,1,TS1,3,1,2.63263771077618,8.543677999999836,,,,,,,,8.324195028557865,-108.39474854488682,8.722561462918062
d2_beef_uncontrolled|R4|regression|seed08|fold02,e2_main_d2,d2_beef_uncontrolled,R4,regression,8,2,16,1.4.0,real,True,ok,6435,2145,3,1,TS2,3,1,2.697565011680126,9.726312999999884,,,,,,,,1.3009499308381065,-1.4610612260308753,1.425477924915531
d2_beef_uncontrolled|R4|regression|seed08|fold03,e2_main_d2,d2_beef_uncontrolled,R4,regression,8,3,16,1.4.0,real,True,ok,6435,2145,3,1,TS3,3,1,2.680887777823955,10.020864999999937,,,,,,,,0.20927664174418373,0.8842434395621022,0.32286868877474173
d2_beef_uncontrolled|R4|regression|seed08|fold04,e2_main_d2,d2_beef_uncontrolled,R4,regression,8,4,16,1.4.0,real,True,ok,6435,2145,3,1,TS5,3,1,2.6995317060500383,9.195178000000134,,,,,,,,2.2550113509063276,-9.705317096668294,3.0507155094847715
d2_beef_uncontrolled|R4|regression|seed09|fold00,e2_main_d2,d2_beef_uncontrolled,R4,regression,9,0,16,1.4.0,real,True,ok,6435,2145,3,1,TS5,3,1,2.6757894759066403,9.834589999999906,,,,,,,,3.4312539882824216,-24.027790441619914,4.664586993975552
d2_beef_uncontrolled|R4|regression|seed09|fold01,e2_main_d2,d2_beef_uncontrolled,R4,regression,9,1,16,1.4.0,real,True,ok,6435,2145,3,1,TS4,3,1,2.744188056793064,9.148521000000194,,,,,,,,0.2656988587221508,0.8431276865582296,0.37250408761359766
d2_beef_uncontrolled|R4|regression|seed09|fold02,e2_main_d2,d2_beef_uncontrolled,R4,regression,9,2,16,1.4.0,real,True,ok,6435,2145,3,1,TS1,3,1,2.6267035878263414,9.814615999999823,,,,,,,,1.5119609009675317,-2.876481651564471,1.6419679188521847
d2_beef_uncontrolled|R4|regression|seed09|fold03,e2_main_d2,d2_beef_uncontrolled,R4,regression,9,3,16,1.4.0,real,True,ok,6435,2145,3,1,TS3,3,1,2.7019225149415433,6.80725200000002,,,,,,,,0.260431117192928,0.8655219873928535,0.34799961556578074
d2_beef_uncontrolled|R4|regression|seed09|fold04,e2_main_d2,d2_beef_uncontrolled,R4,regression,9,4,16,1.4.0,real,True,ok,6435,2145,3,1,TS2,3,1,2.756268529687077,8.858994000000045,,,,,,,,0.4074422099319361,0.6467449942413594,0.5400617873890695
d2_beef_uncontrolled|R5|classification|seed00|fold00,e2_main_d2,d2_beef_uncontrolled,R5,classification,0,0,16,1.4.0,real,True,ok,6435,2145,3,1,TS3,3,1,2.418537145946175,5.534736,0.5351981351981352,0.6868637779153415,True,4.0,0.5098711755233495,require_all_classes,0.5521597274121429,,,
d2_beef_uncontrolled|R5|classification|seed00|fold01,e2_main_d2,d2_beef_uncontrolled,R5,classification,0,1,16,1.4.0,real,True,ok,6435,2145,3,1,TS5,3,1,2.406442840117961,5.499920999999995,0.1958041958041958,0.4836201602012622,True,4.0,0.25,require_all_classes,0.08187134502923976,,,
d2_beef_uncontrolled|R5|classification|seed00|fold02,e2_main_d2,d2_beef_uncontrolled,R5,classification,0,2,16,1.4.0,real,True,ok,6435,2145,3,1,TS4,3,1,2.3818984096869826,5.507043000000029,0.6951048951048951,0.7153230794111918,True,4.0,0.6264895330112721,require_all_classes,0.5974227172679074,,,
d2_beef_uncontrolled|R5|classification|seed00|fold03,e2_main_d2,d2_beef_uncontrolled,R5,classification,0,3,16,1.4.0,real,True,ok,6435,2145,3,1,TS1,3,1,2.439066953957081,5.5614559999999695,0.15291375291375292,0.4364904715495114,True,4.0,0.1415151515151515,require_all_classes,0.11675834270822144,,,
d2_beef_uncontrolled|R5|classification|seed00|fold04,e2_main_d2,d2_beef_uncontrolled,R5,classification,0,4,16,1.4.0,real,True,ok,6435,2145,3,1,TS2,3,1,2.486569995060563,5.315596000000012,0.193006993006993,0.3808290124318371,True,4.0,0.19166666666666668,require_all_classes,0.09282511210762331,,,
d2_beef_uncontrolled|R5|classification|seed01|fold00,e2_main_d2,d2_beef_uncontrolled,R5,classification,1,0,16,1.4.0,real,True,ok,6435,2145,3,1,TS5,3,1,2.493085378780961,5.624312999999939,0.38135198135198134,0.45268485194429936,True,4.0,0.2603174603174603,require_all_classes,0.21827454971898924,,,
d2_beef_uncontrolled|R5|classification|seed01|fold01,e2_main_d2,d2_beef_uncontrolled,R5,classification,1,1,16,1.4.0,real,True,ok,6435,2145,3,1,TS1,3,1,2.5605150666087866,5.334820000000027,0.2806526806526807,0.44342908705621464,True,4.0,0.22803030303030303,require_all_classes,0.11671190383869717,,,
d2_beef_uncontrolled|R5|classification|seed01|fold02,e2_main_d2,d2_beef_uncontrolled,R5,classification,1,2,16,1.4.0,real,True,ok,6435,2145,3,1,TS2,3,1,2.439877197612077,5.557310999999956,0.17622377622377622,0.49821680874341107,True,4.0,0.19514895330112722,require_all_classes,0.16286478341390132,,,
d2_beef_uncontrolled|R5|classification|seed01|fold03,e2_main_d2,d2_beef_uncontrolled,R5,classification,1,3,16,1.4.0,real,True,ok,6435,2145,3,1,TS3,3,1,2.473068001680076,5.536968000000002,0.7440559440559441,0.7713823621704835,True,4.0,0.6625,require_all_classes,0.6265088741585493,,,
d2_beef_uncontrolled|R5|classification|seed01|fold04,e2_main_d2,d2_beef_uncontrolled,R5,classification,1,4,16,1.4.0,real,True,ok,6435,2145,3,1,TS4,3,1,2.563954249024391,5.674992,0.5636363636363636,0.597335095951505,True,4.0,0.44332010582010584,require_all_classes,0.3719097115237979,,,
d2_beef_uncontrolled|R5|classification|seed02|fold00,e2_main_d2,d2_beef_uncontrolled,R5,classification,2,0,16,1.4.0,real,True,ok,6435,2145,3,1,TS3,3,1,2.446266356855631,5.505820000000185,0.6023310023310023,0.7180422183804708,True,4.0,0.46727858293075686,require_all_classes,0.4386113079935755,,,
d2_beef_uncontrolled|R5|classification|seed02|fold01,e2_main_d2,d2_beef_uncontrolled,R5,classification,2,1,16,1.4.0,real,True,ok,6435,2145,3,1,TS5,3,1,2.4402453950606287,5.548329999999886,0.3850815850815851,0.5356237109588904,True,4.0,0.3711640211640212,require_all_classes,0.28168351924502066,,,
d2_beef_uncontrolled|R5|classification|seed02|fold02,e2_main_d2,d2_beef_uncontrolled,R5,classification,2,2,16,1.4.0,real,True,ok,6435,2145,3,1,TS4,3,1,2.44245153805241,5.56552100000015,0.6997668997668998,0.7965273795444165,True,4.0,0.6300983436853003,require_all_classes,0.6120026996716766,,,
d2_beef_uncontrolled|R5|classification|seed02|fold03,e2_main_d2,d2_beef_uncontrolled,R5,classification,2,3,16,1.4.0,real,True,ok,6435,2145,3,1,TS1,3,1,2.414716246072203,5.5340870000001345,0.25034965034965034,0.2922790657964677,True,4.0,0.2034090909090909,require_all_classes,0.10011185682326622,,,
d2_beef_uncontrolled|R5|classification|seed02|fold04,e2_main_d2,d2_beef_uncontrolled,R5,classification,2,4,16,1.4.0,real,True,ok,6435,2145,3,1,TS2,3,1,2.5119989393278956,5.620433999999953,0.5524475524475524,0.5440140367391,True,4.0,0.4943181818181818,require_all_classes,0.36032085347454135,,,
d2_beef_uncontrolled|R5|classification|seed03|fold00,e2_main_d2,d2_beef_uncontrolled,R5,classification,3,0,16,1.4.0,real,True,ok,6435,2145,3,1,TS5,3,1,2.6998865152709186,4.733614000000017,0.2517482517482518,0.38842173458466833,True,4.0,0.25,require_all_classes,0.1005586592178771,,,
d2_beef_uncontrolled|R5|classification|seed03|fold01,e2_main_d2,d2_beef_uncontrolled,R5,classification,3,1,16,1.4.0,real,True,ok,6435,2145,3,1,TS3,3,1,2.4189919768832624,5.5337299999999985,0.7016317016317016,0.6719753915129902,True,4.0,0.5826388888888889,require_all_classes,0.5337870239724303,,,
d2_beef_uncontrolled|R5|classification|seed03|fold02,e2_main_d2,d2_beef_uncontrolled,R5,classification,3,2,16,1.4.0,real,True,ok,6435,2145,3,1,TS2,3,1,2.492697131820023,5.514669999999988,0.27132867132867133,0.6625197108607903,True,4.0,0.2681159420289855,require_all_classes,0.1486900004187385,,,
d2_beef_uncontrolled|R5|classification|seed03|fold03,e2_main_d2,d2_beef_uncontrolled,R5,classification,3,3,16,1.4.0,real,True,ok,6435,2145,3,1,TS4,3,1,2.4439673558808863,5.546674999999965,0.7062937062937062,0.7244943983282057,True,4.0,0.6420146077754774,require_all_classes,0.6264865675498161,,,
d2_beef_uncontrolled|R5|classification|seed03|fold04,e2_main_d2,d2_beef_uncontrolled,R5,classification,3,4,16,1.4.0,real,True,ok,6435,2145,3,1,TS1,3,1,2.425490051973611,5.522199999999813,0.2773892773892774,0.6492089379369191,True,4.0,0.36174242424242425,require_all_classes,0.218652950310559,,,
d2_beef_uncontrolled|R5|classification|seed04|fold00,e2_main_d2,d2_beef_uncontrolled,R5,classification,4,0,16,1.4.0,real,True,ok,6435,2145,3,1,TS3,3,1,2.4098452390171587,5.505745000000083,0.4857808857808858,0.6768883053464445,True,4.0,0.50987922705314,require_all_classes,0.5426245990575442,,,
d2_beef_uncontrolled|R5|classification|seed04|fold01,e2_main_d2,d2_beef_uncontrolled,R5,classification,4,1,16,1.4.0,real,True,ok,6435,2145,3,1,TS5,3,1,2.408385154325515,5.516157999999926,0.1958041958041958,0.5339649901783519,True,4.0,0.25,require_all_classes,0.08187134502923976,,,
d2_beef_uncontrolled|R5|classification|seed04|fold02,e2_main_d2,d2_beef_uncontrolled,R5,classification,4,2,16,1.4.0,real,True,ok,6435,2145,3,1,TS1,3,1,2.503148960880935,5.496847999999943,0.30582750582750584,0.40800657954113895,True,4.0,0.24848484848484848,require_all_classes,0.12457273072540828,,,
d2_beef_uncontrolled|R5|classification|seed04|fold03,e2_main_d2,d2_beef_uncontrolled,R5,classification,4,3,16,1.4.0,real,True,ok,6435,2145,3,1,TS2,3,1,2.50244479207322,5.2872680000001395,0.358974358974359,0.701399269148975,True,4.0,0.3498369565217392,require_all_classes,0.24203396751886613,,,
d2_beef_uncontrolled|R5|classification|seed04|fold04,e2_main_d2,d2_beef_uncontrolled,R5,classification,4,4,16,1.4.0,real,True,ok,6435,2145,3,1,TS4,3,1,2.6504976502619684,5.063807000000018,0.475990675990676,0.5068013725484091,True,4.0,0.33405797101449275,require_all_classes,0.2606140403323404,,,
d2_beef_uncontrolled|R5|classification|seed05|fold00,e2_main_d2,d2_beef_uncontrolled,R5,classification,5,0,16,1.4.0,real,True,ok,6435,2145,3,1,TS5,3,1,2.7796096089296043,5.891990000000002,0.3958041958041958,0.6070082880418566,True,4.0,0.41041666666666665,require_all_classes,0.32113632072829357,,,
d2_beef_uncontrolled|R5|classification|seed05|fold01,e2_main_d2,d2_beef_uncontrolled,R5,classification,5,1,16,1.4.0,real,True,ok,6435,2145,3,1,TS4,3,1,2.9269919912330806,5.911491999999996,0.3939393939393939,0.5404591465949268,True,4.0,0.2523148148148148,require_all_classes,0.1460861139197843,,,
d2_beef_uncontrolled|R5|classification|seed05|fold02,e2_main_d2,d2_beef_uncontrolled,R5,classification,5,2,16,1.4.0,real,True,ok,6435,2145,3,1,TS2,3,1,3.031936485785991,5.997195999999982,0.18927738927738927,0.4323891633455384,True,4.0,0.18848631239935587,require_all_classes,0.09453338703013123,,,
d2_beef_uncontrolled|R5|classification|seed05|fold03,e2_main_d2,d2_beef_uncontrolled,R5,classification,5,3,16,1.4.0,real,True,ok,6435,2145,3,1,TS3,3,1,2.5809329631738365,5.549146,0.6918414918414918,0.714164771105083,True,4.0,0.5433977455716585,require_all_classes,0.5039318224623976,,,
d2_beef_uncontrolled|R5|classification|seed05|fold04,e2_main_d2,d2_beef_uncontrolled,R5,classification,5,4,16,1.4.0,real,True,ok,6435,2145,3,1,TS1,3,1,2.7382145109586418,5.585228000000033,0.15011655011655012,0.48712380148186407,True,4.0,0.14613636363636362,require_all_classes,0.12780678046223887,,,
d2_beef_uncontrolled|R5|classification|seed06|fold00,e2_main_d2,d2_beef_uncontrolled,R5,classification,6,0,16,1.4.0,real,True,ok,6435,2145,3,1,TS3,3,1,2.5703204912133515,5.574915999999979,0.35524475524475524,0.646421854699653,True,4.0,0.3024315619967794,require_all_classes,0.29447615317601916,,,
d2_beef_uncontrolled|R5|classification|seed06|fold01,e2_main_d2,d2_beef_uncontrolled,R5,classification,6,1,16,1.4.0,real,True,ok,6435,2145,3,1,TS5,3,1,2.5590079692192376,5.5398009999999935,0.3174825174825175,0.3961475173813479,True,4.0,0.28270502645502643,require_all_classes,0.19018742010677495,,,
d2_beef_uncontrolled|R5|classification|seed06|fold02,e2_main_d2,d2_beef_uncontrolled,R5,classification,6,2,16,1.4.0,real,True,ok,6435,2145,3,1,TS1,3,1,2.7270601373165846,5.631007999999987,0.5025641025641026,0.5716526922694312,True,4.0,0.31943655303030305,require_all_classes,0.30730995640473546,,,
d2_beef_uncontrolled|R5|classification|seed06|fold03,e2_main_d2,d2_beef_uncontrolled,R5,classification,6,3,16,1.4.0,real,True,ok,6435,2145,3,1,TS4,3,1,2.709737541154027,5.511432999999979,0.5034965034965035,0.5918631632423416,True,4.0,0.3611111111111111,require_all_classes,0.2887340890994281,,,
d2_beef_uncontrolled|R5|classification|seed06|fold04,e2_main_d2,d2_beef_uncontrolled,R5,classification,6,4,16,1.4.0,real,True,ok,6435,2145,3,1,TS2,3,1,2.6839884892106056,5.569070000000092,0.15431235431235432,0.452508140132738,True,4.0,0.15507246376811593,require_all_classes,0.0806546615213682,,,
d2_beef_uncontrolled|R5|classification|seed07|fold00,e2_main_d2,d2_beef_uncontrolled,R5,classification,7,0,16,1.4.0,real,True,ok,6435,2145,3,1,TS3,3,1,2.6540777990594506,5.57340699999985,0.6494172494172494,0.6604315442496065,True,4.0,0.47824074074074074,require_all_classes,0.4018906431000744,,,
d2_beef_uncontrolled|R5|classification|seed07|fold01,e2_main_d2,d2_beef_uncontrolled,R5,classification,7,1,16,1.4.0,real,True,ok,6435,2145,3,1,TS1,3,1,2.6379219819791615,5.031512000000056,0.2517482517482518,0.5203344603914006,True,4.0,0.26313131313131316,require_all_classes,0.21924636084631577,,,
d2_beef_uncontrolled|R5|classification|seed07|fold02,e2_main_d2,d2_beef_uncontrolled,R5,classification,7,2,16,1.4.0,real,True,ok,6435,2145,3,1,TS5,3,1,2.6297230874188244,4.881709000000097,0.3916083916083916,0.6891402981877008,True,4.0,0.25,require_all_classes,0.1407035175879397,,,
d2_beef_uncontrolled|R5|classification|seed07|fold03,e2_main_d2,d2_beef_uncontrolled,R5,classification,7,3,16,1.4.0,real,True,ok,6435,2145,3,1,TS2,3,1,2.645932831801474,5.585140000000049,0.3356643356643357,0.651670722179948,True,4.0,0.3764311594202899,require_all_classes,0.3152149638375241,,,
d2_beef_uncontrolled|R5|classification|seed07|fold04,e2_main_d2,d2_beef_uncontrolled,R5,classification,7,4,16,1.4.0,real,True,ok,6435,2145,3,1,TS4,3,1,2.5460567800328135,5.522244999999913,0.49417249417249415,0.6171951909003219,True,4.0,0.40392512077294684,require_all_classes,0.3299490626322158,,,
d2_beef_uncontrolled|R5|classification|seed08|fold00,e2_main_d2,d2_beef_uncontrolled,R5,classification,8,0,16,1.4.0,real,True,ok,6435,2145,3,1,TS4,3,1,2.659151134081185,5.579644000000144,0.7515151515151515,0.8238034218501195,True,4.0,0.7043305728088337,require_all_classes,0.6793082034573699,,,
d2_beef_uncontrolled|R5|classification|seed08|fold01,e2_main_d2,d2_beef_uncontrolled,R5,classification,8,1,16,1.4.0,real,True,ok,6435,2145,3,1,TS1,3,1,2.569010770879686,5.605236000000083,0.3076923076923077,0.5544784214877687,True,4.0,0.25,require_all_classes,0.12373453318335208,,,
d2_beef_uncontrolled|R5|classification|seed08|fold02,e2_main_d2,d2_beef_uncontrolled,R5,classification,8,2,16,1.4.0,real,True,ok,6435,2145,3,1,TS2,3,1,2.711281066760421,5.583663000000044,0.18927738927738927,0.5426554814712609,True,4.0,0.24029790660225442,require_all_classes,0.23611781747947852,,,
d2_beef_uncontrolled|R5|classification|seed08|fold03,e2_main_d2,d2_beef_uncontrolled,R5,classification,8,3,16,1.4.0,real,True,ok,6435,2145,3,1,TS3,3,1,2.5019074650481343,5.555391999999856,0.3622377622377622,0.5752330822884376,True,4.0,0.30920289855072464,require_all_classes,0.3211850381246133,,,
d2_beef_uncontrolled|R5|classification|seed08|fold04,e2_main_d2,d2_beef_uncontrolled,R5,classification,8,4,16,1.4.0,real,True,ok,6435,2145,3,1,TS5,3,1,2.554292755201459,5.517279999999921,0.1958041958041958,0.4539505834038427,True,4.0,0.25,require_all_classes,0.13513513513513514,,,
d2_beef_uncontrolled|R5|classification|seed09|fold00,e2_main_d2,d2_beef_uncontrolled,R5,classification,9,0,16,1.4.0,real,True,ok,6435,2145,3,1,TS5,3,1,2.5468751592561603,5.5514250000002505,0.1958041958041958,0.376125732299009,True,4.0,0.25,require_all_classes,0.14957264957264957,,,
d2_beef_uncontrolled|R5|classification|seed09|fold01,e2_main_d2,d2_beef_uncontrolled,R5,classification,9,1,16,1.4.0,real,True,ok,6435,2145,3,1,TS4,3,1,2.4308823491446674,5.549972000000295,0.5818181818181818,0.7067602943818108,True,4.0,0.4472624798711755,require_all_classes,0.3986391611326432,,,
d2_beef_uncontrolled|R5|classification|seed09|fold02,e2_main_d2,d2_beef_uncontrolled,R5,classification,9,2,16,1.4.0,real,True,ok,6435,2145,3,1,TS1,3,1,2.401457224972546,5.501139999999857,0.0951048951048951,0.6050594580940234,True,4.0,0.07727272727272727,require_all_classes,0.11805555555555555,,,
d2_beef_uncontrolled|R5|classification|seed09|fold03,e2_main_d2,d2_beef_uncontrolled,R5,classification,9,3,16,1.4.0,real,True,ok,6435,2145,3,1,TS3,3,1,2.403102516196668,5.51980999999995,0.5687645687645687,0.8533113113945898,True,4.0,0.5537278582930757,require_all_classes,0.5075312717175073,,,
d2_beef_uncontrolled|R5|classification|seed09|fold04,e2_main_d2,d2_beef_uncontrolled,R5,classification,9,4,16,1.4.0,real,True,ok,6435,2145,3,1,TS2,3,1,2.607316995970905,5.517274999999906,0.31655011655011656,0.634352361864708,True,4.0,0.31064046259698436,require_all_classes,0.2702463522094648,,,
d2_beef_uncontrolled|R5|regression|seed00|fold00,e2_main_d2,d2_beef_uncontrolled,R5,regression,0,0,16,1.4.0,real,True,ok,6435,2145,3,1,TS3,3,1,2.2879128232598305,8.688837000000008,,,,,,,,0.27678346686632627,0.8221604128407517,0.40019102430586473
d2_beef_uncontrolled|R5|regression|seed00|fold01,e2_main_d2,d2_beef_uncontrolled,R5,regression,0,1,16,1.4.0,real,True,ok,6435,2145,3,1,TS5,3,1,2.1472105821594596,8.090488000000002,,,,,,,,2.4006473715100256,-6.678138886939524,2.583627650877682
d2_beef_uncontrolled|R5|regression|seed00|fold02,e2_main_d2,d2_beef_uncontrolled,R5,regression,0,2,16,1.4.0,real,True,ok,6435,2145,3,1,TS4,3,1,2.1619937140494585,9.076645,,,,,,,,0.21350015369451783,0.8455403149724322,0.3696285125220603
d2_beef_uncontrolled|R5|regression|seed00|fold03,e2_main_d2,d2_beef_uncontrolled,R5,regression,0,3,16,1.4.0,real,True,ok,6435,2145,3,1,TS1,3,1,2.146109472028911,8.372253000000018,,,,,,,,4.931725070570119,-47.74363290704638,5.822436333900497
d2_beef_uncontrolled|R5|regression|seed00|fold04,e2_main_d2,d2_beef_uncontrolled,R5,regression,0,4,16,1.4.0,real,True,ok,6435,2145,3,1,TS2,3,1,2.2203473141416907,8.527209999999952,,,,,,,,0.7219717573564092,0.20302024377135997,0.8111906424519633
d2_beef_uncontrolled|R5|regression|seed01|fold00,e2_main_d2,d2_beef_uncontrolled,R5,regression,1,0,16,1.4.0,real,True,ok,6435,2145,3,1,TS5,3,1,2.1621576226316392,10.343539000000046,,,,,,,,5.624739671384809,-37.61586320921405,5.794084381881045
d2_beef_uncontrolled|R5|regression|seed01|fold01,e2_main_d2,d2_beef_uncontrolled,R5,regression,1,1,16,1.4.0,real,True,ok,6435,2145,3,1,TS1,3,1,2.0822205930016935,8.405146999999928,,,,,,,,14.649016290864955,-415.631916651643,17.022450089486167
d2_beef_uncontrolled|R5|regression|seed01|fold02,e2_main_d2,d2_beef_uncontrolled,R5,regression,1,2,16,1.4.0,real,True,ok,6435,2145,3,1,TS2,3,1,2.0884506409056485,8.535783999999996,,,,,,,,1.0816743148757766,-1.896855419240521,1.5465454842938349
d2_beef_uncontrolled|R5|regression|seed01|fold03,e2_main_d2,d2_beef_uncontrolled,R5,regression,1,3,16,1.4.0,real,True,ok,6435,2145,3,1,TS3,3,1,2.3027502009645104,9.61532899999997,,,,,,,,0.32154459311448863,0.6468491563345147,0.5639404507632554
d2_beef_uncontrolled|R5|regression|seed01|fold04,e2_main_d2,d2_beef_uncontrolled,R5,regression,1,4,16,1.4.0,real,True,ok,6435,2145,3,1,TS4,3,1,2.0811166036874056,8.109946000000111,,,,,,,,0.33337354710569356,0.8174407008768143,0.40184620570984075
d2_beef_uncontrolled|R5|regression|seed02|fold00,e2_main_d2,d2_beef_uncontrolled,R5,regression,2,0,16,1.4.0,real,True,ok,6435,2145,3,1,TS3,3,1,2.117898973170668,9.318291999999978,,,,,,,,0.15768682120437594,0.9382543553336504,0.2358067798912355
d2_beef_uncontrolled|R5|regression|seed02|fold01,e2_main_d2,d2_beef_uncontrolled,R5,regression,2,1,16,1.4.0,real,True,ok,6435,2145,3,1,TS5,3,1,2.112920901738107,8.205963000000022,,,,,,,,1.644880651826791,-3.0381469686020077,1.873669565892935
d2_beef_uncontrolled|R5|regression|seed02|fold02,e2_main_d2,d2_beef_uncontrolled,R5,regression,2,2,16,1.4.0,real,True,ok,6435,2145,3,1,TS4,3,1,2.266618804074824,9.210977999999841,,,,,,,,0.23325844424930128,0.8794205825422152,0.32658368330468673
d2_beef_uncontrolled|R5|regression|seed02|fold03,e2_main_d2,d2_beef_uncontrolled,R5,regression,2,3,16,1.4.0,real,True,ok,6435,2145,3,1,TS1,3,1,2.311995917931199,9.315715000000012,,,,,,,,7.346050035808038,-109.4408980813658,8.764169453465923
d2_beef_uncontrolled|R5|regression|seed02|fold04,e2_main_d2,d2_beef_uncontrolled,R5,regression,2,4,16,1.4.0,real,True,ok,6435,2145,3,1,TS2,3,1,2.0777276679873466,7.558840999999866,,,,,,,,0.508788754383425,0.40216537877558767,0.7025703505761917
d2_beef_uncontrolled|R5|regression|seed03|fold00,e2_main_d2,d2_beef_uncontrolled,R5,regression,3,0,16,1.4.0,real,True,ok,6435,2145,3,1,TS5,3,1,2.1836000992916524,9.430476999999833,,,,,,,,6.4049056496810115,-61.48183890989602,7.37019270763838
d2_beef_uncontrolled|R5|regression|seed03|fold01,e2_main_d2,d2_beef_uncontrolled,R5,regression,3,1,16,1.4.0,real,True,ok,6435,2145,3,1,TS3,3,1,2.0941092129796743,8.293157000000157,,,,,,,,0.4097495963581676,0.32972094444350797,0.7769283115705167
d2_beef_uncontrolled|R5|regression|seed03|fold02,e2_main_d2,d2_beef_uncontrolled,R5,regression,3,2,16,1.4.0,real,True,ok,6435,2145,3,1,TS2,3,1,2.2756071756593883,9.017647999999916,,,,,,,,1.3088101855635863,-1.6548655422214198,1.4805413881326512
d2_beef_uncontrolled|R5|regression|seed03|fold03,e2_main_d2,d2_beef_uncontrolled,R5,regression,3,3,16,1.4.0,real,True,ok,6435,2145,3,1,TS4,3,1,2.0968955969437957,7.884210999999915,,,,,,,,0.21668873834867183,0.8880037480030457,0.3147455775956176
d2_beef_uncontrolled|R5|regression|seed03|fold04,e2_main_d2,d2_beef_uncontrolled,R5,regression,3,4,16,1.4.0,real,True,ok,6435,2145,3,1,TS1,3,1,2.305321369320154,9.43912799999999,,,,,,,,1.5457326598909624,-6.439980257142097,2.274739624076252
d2_beef_uncontrolled|R5|regression|seed04|fold00,e2_main_d2,d2_beef_uncontrolled,R5,regression,4,0,16,1.4.0,real,True,ok,6435,2145,3,1,TS3,3,1,2.1174172651953995,8.22871000000012,,,,,,,,0.22168188951355502,0.8901390019526141,0.31453928347642324
d2_beef_uncontrolled|R5|regression|seed04|fold01,e2_main_d2,d2_beef_uncontrolled,R5,regression,4,1,16,1.4.0,real,True,ok,6435,2145,3,1,TS5,3,1,2.172378872986883,9.020057000000065,,,,,,,,12.37590270368992,-193.63874048377633,13.008181408466777
d2_beef_uncontrolled|R5|regression|seed04|fold02,e2_main_d2,d2_beef_uncontrolled,R5,regression,4,2,16,1.4.0,real,True,ok,6435,2145,3,1,TS1,3,1,2.201514937914908,8.718150999999871,,,,,,,,15.40116667518158,-457.5527920245699,17.858314715836332
d2_beef_uncontrolled|R5|regression|seed04|fold03,e2_main_d2,d2_beef_uncontrolled,R5,regression,4,3,16,1.4.0,real,True,ok,6435,2145,3,1,TS2,3,1,2.2805993007496,9.237282000000164,,,,,,,,0.9965028159868644,-0.6448121404414207,1.1653528390109942
d2_beef_uncontrolled|R5|regression|seed04|fold04,e2_main_d2,d2_beef_uncontrolled,R5,regression,4,4,16,1.4.0,real,True,ok,6435,2145,3,1,TS4,3,1,2.377258646301925,9.211293999999917,,,,,,,,0.5897908824615875,0.4027234808521145,0.726851369289921
d2_beef_uncontrolled|R5|regression|seed05|fold00,e2_main_d2,d2_beef_uncontrolled,R5,regression,5,0,16,1.4.0,real,True,ok,6435,2145,3,1,TS5,3,1,2.474419094156474,9.801810999999997,,,,,,,,2.2561637568439132,-6.795138690523321,2.6032379411675466
d2_beef_uncontrolled|R5|regression|seed05|fold01,e2_main_d2,d2_beef_uncontrolled,R5,regression,5,1,16,1.4.0,real,True,ok,6435,2145,3,1,TS4,3,1,2.5697462698444724,9.52009399999998,,,,,,,,0.3214986997995448,0.8249006501308367,0.39355021947603747
d2_beef_uncontrolled|R5|regression|seed05|fold02,e2_main_d2,d2_beef_uncontrolled,R5,regression,5,2,16,1.4.0,real,True,ok,6435,2145,3,1,TS2,3,1,2.1933975690044463,9.041222000000001,,,,,,,,1.081891536523141,-0.8696048738602502,1.242436503870653
d2_beef_uncontrolled|R5|regression|seed05|fold03,e2_main_d2,d2_beef_uncontrolled,R5,regression,5,3,16,1.4.0,real,True,ok,6435,2145,3,1,TS3,3,1,2.117780350148678,8.51550400000001,,,,,,,,0.37180172503405307,0.5614356039631725,0.6284486661406633
d2_beef_uncontrolled|R5|regression|seed05|fold04,e2_main_d2,d2_beef_uncontrolled,R5,regression,5,4,16,1.4.0,real,True,ok,6435,2145,3,1,TS1,3,1,2.1934567792341113,9.722303999999909,,,,,,,,5.840620927379443,-57.912076926229545,6.40100207736603
d2_beef_uncontrolled|R5|regression|seed06|fold00,e2_main_d2,d2_beef_uncontrolled,R5,regression,6,0,16,1.4.0,real,True,ok,6435,2145,3,1,TS3,3,1,2.2068603457883,9.117658000000059,,,,,,,,0.24587173367363788,0.8852567090165354,0.321452475045639
d2_beef_uncontrolled|R5|regression|seed06|fold01,e2_main_d2,d2_beef_uncontrolled,R5,regression,6,1,16,1.4.0,real,True,ok,6435,2145,3,1,TS5,3,1,2.1107055470347404,8.373576000000057,,,,,,,,10.018434448303198,-120.71446132276431,10.286627957131369
d2_beef_uncontrolled|R5|regression|seed06|fold02,e2_main_d2,d2_beef_uncontrolled,R5,regression,6,2,16,1.4.0,real,True,ok,6435,2145,3,1,TS1,3,1,2.206685186829418,9.610170999999966,,,,,,,,4.415623920883075,-35.71871668815991,5.053468329966755
d2_beef_uncontrolled|R5|regression|seed06|fold03,e2_main_d2,d2_beef_uncontrolled,R5,regression,6,3,16,1.4.0,real,True,ok,6435,2145,3,1,TS4,3,1,2.190766413230449,9.548306999999937,,,,,,,,0.3875587852451915,0.7157975630464048,0.5013855240716196
d2_beef_uncontrolled|R5|regression|seed06|fold04,e2_main_d2,d2_beef_uncontrolled,R5,regression,6,4,16,1.4.0,real,True,ok,6435,2145,3,1,TS2,3,1,2.0832813340239227,8.313941000000117,,,,,,,,0.6308959316651432,0.38695586469621635,0.7114512686533165
d2_beef_uncontrolled|R5|regression|seed07|fold00,e2_main_d2,d2_beef_uncontrolled,R5,regression,7,0,16,1.4.0,real,True,ok,6435,2145,3,1,TS3,3,1,2.261901803780347,9.54495799999992,,,,,,,,0.37971184578993405,0.26750630094976346,0.8121851969320979
d2_beef_uncontrolled|R5|regression|seed07|fold01,e2_main_d2,d2_beef_uncontrolled,R5,regression,7,1,16,1.4.0,real,True,ok,6435,2145,3,1,TS1,3,1,2.104733543936163,8.45478300000007,,,,,,,,5.729405441018071,-54.42585096870547,6.208718734634133
d2_beef_uncontrolled|R5|regression|seed07|fold02,e2_main_d2,d2_beef_uncontrolled,R5,regression,7,2,16,1.4.0,real,True,ok,6435,2145,3,1,TS5,3,1,2.1095347199589014,8.368896999999869,,,,,,,,2.475458831000584,-6.524088647499359,2.557578037476038
d2_beef_uncontrolled|R5|regression|seed07|fold03,e2_main_d2,d2_beef_uncontrolled,R5,regression,7,3,16,1.4.0,real,True,ok,6435,2145,3,1,TS2,3,1,2.095949061680585,8.182392000000164,,,,,,,,1.0679827423181936,-1.0586201193714806,1.303729202681599
d2_beef_uncontrolled|R5|regression|seed07|fold04,e2_main_d2,d2_beef_uncontrolled,R5,regression,7,4,16,1.4.0,real,True,ok,6435,2145,3,1,TS4,3,1,2.156036342959851,6.652908999999916,,,,,,,,0.38725191528895303,0.6965934252995415,0.5180484586810185
d2_beef_uncontrolled|R5|regression|seed08|fold00,e2_main_d2,d2_beef_uncontrolled,R5,regression,8,0,16,1.4.0,real,True,ok,6435,2145,3,1,TS4,3,1,2.0909750531427562,8.146507000000149,,,,,,,,0.2763847732210647,0.8155027812681039,0.40397343201352937
d2_beef_uncontrolled|R5|regression|seed08|fold01,e2_main_d2,d2_beef_uncontrolled,R5,regression,8,1,16,1.4.0,real,True,ok,6435,2145,3,1,TS1,3,1,2.098040299024433,9.04953899999996,,,,,,,,4.021870285410357,-27.707899949772777,4.468343103324062
d2_beef_uncontrolled|R5|regression|seed08|fold02,e2_main_d2,d2_beef_uncontrolled,R5,regression,8,2,16,1.4.0,real,True,ok,6435,2145,3,1,TS2,3,1,2.1063917949795723,8.334467000000053,,,,,,,,0.8297852173629667,-0.017054540564878096,0.9163711514880645
d2_beef_uncontrolled|R5|regression|seed08|fold03,e2_main_d2,d2_beef_uncontrolled,R5,regression,8,3,16,1.4.0,real,True,ok,6435,2145,3,1,TS3,3,1,2.1107455249875784,8.202437999999887,,,,,,,,0.2689441422003012,0.8236854076091464,0.3984714881978108
d2_beef_uncontrolled|R5|regression|seed08|fold04,e2_main_d2,d2_beef_uncontrolled,R5,regression,8,4,16,1.4.0,real,True,ok,6435,2145,3,1,TS5,3,1,2.251597465015948,8.783913999999854,,,,,,,,2.640005027207628,-9.485268606767809,3.019198884032338
d2_beef_uncontrolled|R5|regression|seed09|fold00,e2_main_d2,d2_beef_uncontrolled,R5,regression,9,0,16,1.4.0,real,True,ok,6435,2145,3,1,TS5,3,1,2.1854771827347577,9.487206999999792,,,,,,,,4.666916702464329,-33.40455797451566,5.4690253103958995
d2_beef_uncontrolled|R5|regression|seed09|fold01,e2_main_d2,d2_beef_uncontrolled,R5,regression,9,1,16,1.4.0,real,True,ok,6435,2145,3,1,TS4,3,1,2.2748949858359993,9.017941000000171,,,,,,,,0.22983343100376674,0.8762121386037571,0.330900118072727
d2_beef_uncontrolled|R5|regression|seed09|fold02,e2_main_d2,d2_beef_uncontrolled,R5,regression,9,2,16,1.4.0,real,True,ok,6435,2145,3,1,TS1,3,1,2.041765790898353,8.741021000000316,,,,,,,,1.4595641357361024,-2.8125806315860804,1.628378350768051
d2_beef_uncontrolled|R5|regression|seed09|fold03,e2_main_d2,d2_beef_uncontrolled,R5,regression,9,3,16,1.4.0,real,True,ok,6435,2145,3,1,TS3,3,1,2.069862279109657,7.661797999999962,,,,,,,,0.23709736044525107,0.8785146265522451,0.3307616270450318
d2_beef_uncontrolled|R5|regression|seed09|fold04,e2_main_d2,d2_beef_uncontrolled,R5,regression,9,4,16,1.4.0,real,True,ok,6435,2145,3,1,TS2,3,1,2.0583474882878363,7.480471999999956,,,,,,,,0.3578271449898298,0.7457427323405541,0.4581798385756663
d2_beef_uncontrolled|R6|classification|seed00|fold00,e2_main_d2,d2_beef_uncontrolled,R6,classification,0,0,16,1.4.0,real,True,ok,6435,2145,3,1,TS3,3,1,9.465203909669071,12.576467000000001,0.4354312354312354,0.6771553995593927,True,4.0,0.40321256038647346,require_all_classes,0.4551676502049012,,,
d2_beef_uncontrolled|R6|classification|seed00|fold01,e2_main_d2,d2_beef_uncontrolled,R6,classification,0,1,16,1.4.0,real,True,ok,6435,2145,3,1,TS5,3,1,9.787318287417293,12.615404999999974,0.1958041958041958,0.4544556463053149,True,4.0,0.25,require_all_classes,0.08187134502923976,,,
d2_beef_uncontrolled|R6|classification|seed00|fold02,e2_main_d2,d2_beef_uncontrolled,R6,classification,0,2,16,1.4.0,real,True,ok,6435,2145,3,1,TS4,3,1,9.658736360259354,12.598853000000013,0.6750582750582751,0.7472859629190004,True,4.0,0.5945450885668278,require_all_classes,0.5762633716538702,,,
d2_beef_uncontrolled|R6|classification|seed00|fold03,e2_main_d2,d2_beef_uncontrolled,R6,classification,0,3,16,1.4.0,real,True,ok,6435,2145,3,1,TS1,3,1,9.530329043976963,12.621984000000047,0.3627039627039627,0.5851210515110337,True,4.0,0.4160606060606061,require_all_classes,0.2794895231355899,,,
d2_beef_uncontrolled|R6|classification|seed00|fold04,e2_main_d2,d2_beef_uncontrolled,R6,classification,0,4,16,1.4.0,real,True,ok,6435,2145,3,1,TS2,3,1,9.4550178241916,12.543298999999971,0.1561771561771562,0.508206638448308,True,4.0,0.1550925925925926,require_all_classes,0.07845433255269321,,,
d2_beef_uncontrolled|R6|classification|seed01|fold00,e2_main_d2,d2_beef_uncontrolled,R6,classification,1,0,16,1.4.0,real,True,ok,6435,2145,3,1,TS5,3,1,9.544099038932472,12.655191000000034,0.02097902097902098,0.27660534453017765,True,4.0,0.013392857142857142,require_all_classes,0.02245508982035928,,,
d2_beef_uncontrolled|R6|classification|seed01|fold01,e2_main_d2,d2_beef_uncontrolled,R6,classification,1,1,16,1.4.0,real,True,ok,6435,2145,3,1,TS1,3,1,9.669164271093905,12.559134000000041,0.2951048951048951,0.36511241749464385,True,4.0,0.23977272727272728,require_all_classes,0.12121792416698583,,,
d2_beef_uncontrolled|R6|classification|seed01|fold02,e2_main_d2,d2_beef_uncontrolled,R6,classification,1,2,16,1.4.0,real,True,ok,6435,2145,3,1,TS2,3,1,9.55968420393765,12.65289300000002,0.2372960372960373,0.49398812506671086,True,4.0,0.25527375201288244,require_all_classes,0.18642089781301957,,,
d2_beef_uncontrolled|R6|classification|seed01|fold03,e2_main_d2,d2_beef_uncontrolled,R6,classification,1,3,16,1.4.0,real,True,ok,6435,2145,3,1,TS3,3,1,9.949623050168157,12.740744999999968,0.7543123543123543,0.8327541411840543,True,4.0,0.6726851851851852,require_all_classes,0.6412655784972515,,,
d2_beef_uncontrolled|R6|classification|seed01|fold04,e2_main_d2,d2_beef_uncontrolled,R6,classification,1,4,16,1.4.0,real,True,ok,6435,2145,3,1,TS4,3,1,9.733749778009951,12.801861999999964,0.5692307692307692,0.5100803117763177,True,4.0,0.44953703703703707,require_all_classes,0.3815239340086637,,,
d2_beef_uncontrolled|R6|classification|seed02|fold00,e2_main_d2,d2_beef_uncontrolled,R6,classification,2,0,16,1.4.0,real,True,ok,6435,2145,3,1,TS3,3,1,9.789229387883097,12.586628000000118,0.5902097902097903,0.7185273629122639,True,4.0,0.48146135265700485,require_all_classes,0.4814452753555122,,,
d2_beef_uncontrolled|R6|classification|seed02|fold01,e2_main_d2,d2_beef_uncontrolled,R6,classification,2,1,16,1.4.0,real,True,ok,6435,2145,3,1,TS5,3,1,9.775646761059761,12.486241000000035,0.3734265734265734,0.5550909053582788,True,4.0,0.2656746031746032,require_all_classes,0.3158121179751944,,,
d2_beef_uncontrolled|R6|classification|seed02|fold02,e2_main_d2,d2_beef_uncontrolled,R6,classification,2,2,16,1.4.0,real,True,ok,6435,2145,3,1,TS4,3,1,9.488046940881759,12.598477000000052,0.66993006993007,0.7674869417946419,True,4.0,0.5817747872095698,require_all_classes,0.581503033879426,,,
d2_beef_uncontrolled|R6|classification|seed02|fold03,e2_main_d2,d2_beef_uncontrolled,R6,classification,2,3,16,1.4.0,real,True,ok,6435,2145,3,1,TS1,3,1,9.641406003851444,12.33894499999995,0.627039627039627,0.6902761760683558,True,4.0,0.4172585227272727,require_all_classes,0.3668664381020229,,,
d2_beef_uncontrolled|R6|classification|seed02|fold04,e2_main_d2,d2_beef_uncontrolled,R6,classification,2,4,16,1.4.0,real,True,ok,6435,2145,3,1,TS2,3,1,9.571748062968254,12.686328999999908,0.36596736596736595,0.5696857015305896,True,4.0,0.3359460547504026,require_all_classes,0.29064165190503594,,,
d2_beef_uncontrolled|R6|classification|seed03|fold00,e2_main_d2,d2_beef_uncontrolled,R6,classification,3,0,16,1.4.0,real,True,ok,6435,2145,3,1,TS5,3,1,9.919906112831086,12.813175999999949,0.2517482517482518,0.51153248760701,True,4.0,0.25,require_all_classes,0.12272727272727273,,,
d2_beef_uncontrolled|R6|classification|seed03|fold01,e2_main_d2,d2_beef_uncontrolled,R6,classification,3,1,16,1.4.0,real,True,ok,6435,2145,3,1,TS3,3,1,9.586622308939695,12.526033999999854,0.7137529137529137,0.7311015550792102,True,4.0,0.6743055555555556,require_all_classes,0.5835447612070329,,,
d2_beef_uncontrolled|R6|classification|seed03|fold02,e2_main_d2,d2_beef_uncontrolled,R6,classification,3,2,16,1.4.0,real,True,ok,6435,2145,3,1,TS2,3,1,9.970043506007642,12.750822999999997,0.26107226107226106,0.6043246164733915,True,4.0,0.25833333333333336,require_all_classes,0.13363988782580008,,,
d2_beef_uncontrolled|R6|classification|seed03|fold03,e2_main_d2,d2_beef_uncontrolled,R6,classification,3,3,16,1.4.0,real,True,ok,6435,2145,3,1,TS4,3,1,9.656207736115903,12.643291000000062,0.6918414918414918,0.8209393483918674,True,4.0,0.6180526800092017,require_all_classes,0.5924306418909733,,,
d2_beef_uncontrolled|R6|classification|seed03|fold04,e2_main_d2,d2_beef_uncontrolled,R6,classification,3,4,16,1.4.0,real,True,ok,6435,2145,3,1,TS1,3,1,9.683759447652847,12.265023000000149,0.4512820512820513,0.6599759479734829,True,4.0,0.39894097222222225,require_all_classes,0.36471733073031143,,,
d2_beef_uncontrolled|R6|classification|seed04|fold00,e2_main_d2,d2_beef_uncontrolled,R6,classification,4,0,16,1.4.0,real,True,ok,6435,2145,3,1,TS3,3,1,9.561492452863604,12.258191000000103,0.406993006993007,0.7221324499075623,True,4.0,0.38068840579710145,require_all_classes,0.408451389033163,,,
d2_beef_uncontrolled|R6|classification|seed04|fold01,e2_main_d2,d2_beef_uncontrolled,R6,classification,4,1,16,1.4.0,real,True,ok,6435,2145,3,1,TS5,3,1,9.517339651007205,12.644205999999748,0.2055944055944056,0.5142902444960085,True,4.0,0.26521739130434785,require_all_classes,0.11162691321575635,,,
d2_beef_uncontrolled|R6|classification|seed04|fold02,e2_main_d2,d2_beef_uncontrolled,R6,classification,4,2,16,1.4.0,real,True,ok,6435,2145,3,1,TS1,3,1,9.696437533013523,12.607299999999924,0.1780885780885781,0.5628717840867431,True,4.0,0.28106060606060607,require_all_classes,0.14375163991126588,,,
d2_beef_uncontrolled|R6|classification|seed04|fold03,e2_main_d2,d2_beef_uncontrolled,R6,classification,4,3,16,1.4.0,real,True,ok,6435,2145,3,1,TS2,3,1,9.545328338164836,12.674503000000158,0.3571095571095571,0.6206791241528423,True,4.0,0.3876288244766506,require_all_classes,0.3583660958480204,,,
d2_beef_uncontrolled|R6|classification|seed04|fold04,e2_main_d2,d2_beef_uncontrolled,R6,classification,4,4,16,1.4.0,real,True,ok,6435,2145,3,1,TS4,3,1,9.965159914456308,12.601718999999989,0.4172494172494173,0.6288389255404438,True,4.0,0.27546296296296297,require_all_classes,0.20388961913735132,,,
d2_beef_uncontrolled|R6|classification|seed05|fold00,e2_main_d2,d2_beef_uncontrolled,R6,classification,5,0,16,1.4.0,real,True,ok,6435,2145,3,1,TS5,3,1,10.060827239882201,13.038321999999997,0.1958041958041958,0.5329586717977114,True,4.0,0.25,require_all_classes,0.08823529411764706,,,
d2_beef_uncontrolled|R6|classification|seed05|fold01,e2_main_d2,d2_beef_uncontrolled,R6,classification,5,1,16,1.4.0,real,True,ok,6435,2145,3,1,TS4,3,1,10.977957949973643,12.684444000000006,0.45268065268065266,0.743721773366395,True,4.0,0.34361916264090175,require_all_classes,0.2788630597869032,,,
d2_beef_uncontrolled|R6|classification|seed05|fold02,e2_main_d2,d2_beef_uncontrolled,R6,classification,5,2,16,1.4.0,real,True,ok,6435,2145,3,1,TS2,3,1,10.514186401851475,12.46689800000004,0.035897435897435895,0.3708761370492029,True,4.0,0.03669484702093398,require_all_classes,0.026683586695133543,,,
d2_beef_uncontrolled|R6|classification|seed05|fold03,e2_main_d2,d2_beef_uncontrolled,R6,classification,5,3,16,1.4.0,real,True,ok,6435,2145,3,1,TS3,3,1,10.716980644967407,12.669075999999963,0.6857808857808858,0.6870576081359843,True,4.0,0.5353180354267311,require_all_classes,0.4862996024107099,,,
d2_beef_uncontrolled|R6|classification|seed05|fold04,e2_main_d2,d2_beef_uncontrolled,R6,classification,5,4,16,1.4.0,real,True,ok,6435,2145,3,1,TS1,3,1,10.607037765905261,12.778407999999972,0.16317016317016317,0.6169526994866097,True,4.0,0.2069097222222222,require_all_classes,0.16166335822103328,,,
d2_beef_uncontrolled|R6|classification|seed06|fold00,e2_main_d2,d2_beef_uncontrolled,R6,classification,6,0,16,1.4.0,real,True,ok,6435,2145,3,1,TS3,3,1,10.415459281764925,12.272606999999963,0.3696969696969697,0.6605261175736805,True,4.0,0.3236191626409018,require_all_classes,0.33139927806544195,,,
d2_beef_uncontrolled|R6|classification|seed06|fold01,e2_main_d2,d2_beef_uncontrolled,R6,classification,6,1,16,1.4.0,real,True,ok,6435,2145,3,1,TS5,3,1,10.337793815415353,12.337562000000052,0.05174825174825175,0.30050231358384993,True,4.0,0.033035714285714286,require_all_classes,0.04120267260579064,,,
d2_beef_uncontrolled|R6|classification|seed06|fold02,e2_main_d2,d2_beef_uncontrolled,R6,classification,6,2,16,1.4.0,real,True,ok,6435,2145,3,1,TS1,3,1,10.247873941902071,12.624808999999985,0.3599067599067599,0.4961894863276658,True,4.0,0.20944602272727272,require_all_classes,0.19664217779447266,,,
d2_beef_uncontrolled|R6|classification|seed06|fold03,e2_main_d2,d2_beef_uncontrolled,R6,classification,6,3,16,1.4.0,real,True,ok,6435,2145,3,1,TS4,3,1,10.698761026840657,12.618592999999958,0.5039627039627039,0.5623699445893431,True,4.0,0.36157407407407405,require_all_classes,0.29157541151013466,,,
d2_beef_uncontrolled|R6|classification|seed06|fold04,e2_main_d2,d2_beef_uncontrolled,R6,classification,6,4,16,1.4.0,real,True,ok,6435,2145,3,1,TS2,3,1,10.275462582241744,12.72570899999992,0.17575757575757575,0.4885917599168269,True,4.0,0.18160225442834138,require_all_classes,0.11274292196902436,,,
d2_beef_uncontrolled|R6|classification|seed07|fold00,e2_main_d2,d2_beef_uncontrolled,R6,classification,7,0,16,1.4.0,real,True,ok,6435,2145,3,1,TS3,3,1,10.591668367851526,12.273107000000056,0.6377622377622377,0.5711237179033517,True,4.0,0.46685185185185185,require_all_classes,0.38900344332351144,,,
d2_beef_uncontrolled|R6|classification|seed07|fold01,e2_main_d2,d2_beef_uncontrolled,R6,classification,7,1,16,1.4.0,real,True,ok,6435,2145,3,1,TS1,3,1,10.357507190667093,12.76166599999998,0.14965034965034965,0.4502291592413874,True,4.0,0.1377020202020202,require_all_classes,0.156159218564768,,,
d2_beef_uncontrolled|R6|classification|seed07|fold02,e2_main_d2,d2_beef_uncontrolled,R6,classification,7,2,16,1.4.0,real,True,ok,6435,2145,3,1,TS5,3,1,10.511839823797345,12.712317999999808,0.4522144522144522,0.5185745380412697,True,4.0,0.3101851851851852,require_all_classes,0.23468711218400964,,,
d2_beef_uncontrolled|R6|classification|seed07|fold03,e2_main_d2,d2_beef_uncontrolled,R6,classification,7,3,16,1.4.0,real,True,ok,6435,2145,3,1,TS2,3,1,10.66251784702763,12.323402999999956,0.35524475524475524,0.5976421979235269,True,4.0,0.40625,require_all_classes,0.34768551927808417,,,
d2_beef_uncontrolled|R6|classification|seed07|fold04,e2_main_d2,d2_beef_uncontrolled,R6,classification,7,4,16,1.4.0,real,True,ok,6435,2145,3,1,TS4,3,1,10.156900266185403,12.103101999999879,0.5207459207459207,0.6174723249313384,True,4.0,0.4447061191626409,require_all_classes,0.358093434026176,,,
d2_beef_uncontrolled|R6|classification|seed08|fold00,e2_main_d2,d2_beef_uncontrolled,R6,classification,8,0,16,1.4.0,real,True,ok,6435,2145,3,1,TS4,3,1,10.463429236318916,12.688186999999928,0.6135198135198136,0.7319798385866159,True,4.0,0.48297101449275365,require_all_classes,0.4344892101098795,,,
d2_beef_uncontrolled|R6|classification|seed08|fold01,e2_main_d2,d2_beef_uncontrolled,R6,classification,8,1,16,1.4.0,real,True,ok,6435,2145,3,1,TS1,3,1,10.296911134850234,12.654536000000121,0.26666666666666666,0.4726043828315777,True,4.0,0.21666666666666667,require_all_classes,0.11220086308356218,,,
d2_beef_uncontrolled|R6|classification|seed08|fold02,e2_main_d2,d2_beef_uncontrolled,R6,classification,8,2,16,1.4.0,real,True,ok,6435,2145,3,1,TS2,3,1,10.547165556810796,12.496054000000015,0.3062937062937063,0.5486369664051032,True,4.0,0.35571658615136875,require_all_classes,0.28856199964693563,,,
d2_beef_uncontrolled|R6|classification|seed08|fold03,e2_main_d2,d2_beef_uncontrolled,R6,classification,8,3,16,1.4.0,real,True,ok,6435,2145,3,1,TS3,3,1,10.269962177146226,12.573304000000086,0.3724941724941725,0.6063840962002754,True,4.0,0.32764090177133653,require_all_classes,0.3537649717059747,,,
d2_beef_uncontrolled|R6|classification|seed08|fold04,e2_main_d2,d2_beef_uncontrolled,R6,classification,8,4,16,1.4.0,real,True,ok,6435,2145,3,1,TS5,3,1,10.703710416797549,12.786429999999882,0.1958041958041958,0.42644991662552745,True,4.0,0.25,require_all_classes,0.08193523214982443,,,
d2_beef_uncontrolled|R6|classification|seed09|fold00,e2_main_d2,d2_beef_uncontrolled,R6,classification,9,0,16,1.4.0,real,True,ok,6435,2145,3,1,TS5,3,1,10.279466107022017,12.678286999999855,0.1958041958041958,0.614925562734135,True,4.0,0.25,require_all_classes,0.0841009211053264,,,
d2_beef_uncontrolled|R6|classification|seed09|fold01,e2_main_d2,d2_beef_uncontrolled,R6,classification,9,1,16,1.4.0,real,True,ok,6435,2145,3,1,TS4,3,1,10.570967943873256,12.737657000000013,0.6382284382284382,0.8347397952670305,True,4.0,0.5150563607085346,require_all_classes,0.47030868014611804,,,
d2_beef_uncontrolled|R6|classification|seed09|fold02,e2_main_d2,d2_beef_uncontrolled,R6,classification,9,2,16,1.4.0,real,True,ok,6435,2145,3,1,TS1,3,1,10.502894625999033,12.633404000000304,0.6265734265734266,0.8170282401586688,True,4.0,0.39545454545454545,require_all_classes,0.37703978858272813,,,
d2_beef_uncontrolled|R6|classification|seed09|fold03,e2_main_d2,d2_beef_uncontrolled,R6,classification,9,3,16,1.4.0,real,True,ok,6435,2145,3,1,TS3,3,1,10.442572336178273,12.722153999999925,0.696037296037296,0.849635101399493,True,4.0,0.6643317230273752,require_all_classes,0.5707756747011968,,,
d2_beef_uncontrolled|R6|classification|seed09|fold04,e2_main_d2,d2_beef_uncontrolled,R6,classification,9,4,16,1.4.0,real,True,ok,6435,2145,3,1,TS2,3,1,10.56525261187926,11.116416999999963,0.5864801864801865,0.6761005213923036,True,4.0,0.573678817157078,require_all_classes,0.5188550499583581,,,
d2_beef_uncontrolled|R6|regression|seed00|fold00,e2_main_d2,d2_beef_uncontrolled,R6,regression,0,0,16,1.4.0,real,True,ok,6435,2145,3,1,TS3,3,1,8.21808975469321,15.023489999999995,,,,,,,,0.24516667319373248,0.8714381411606457,0.34025866571700103
d2_beef_uncontrolled|R6|regression|seed00|fold01,e2_main_d2,d2_beef_uncontrolled,R6,regression,0,1,16,1.4.0,real,True,ok,6435,2145,3,1,TS5,3,1,8.66450703702867,14.198017999999987,,,,,,,,1.1247871540413383,-1.0129903753038771,1.3228871297013434
d2_beef_uncontrolled|R6|regression|seed00|fold02,e2_main_d2,d2_beef_uncontrolled,R6,regression,0,2,16,1.4.0,real,True,ok,6435,2145,3,1,TS4,3,1,8.462410941720009,15.46377800000003,,,,,,,,0.2261042915256007,0.855662679874501,0.3573116783947912
d2_beef_uncontrolled|R6|regression|seed00|fold03,e2_main_d2,d2_beef_uncontrolled,R6,regression,0,3,16,1.4.0,real,True,ok,6435,2145,3,1,TS1,3,1,8.505743545014411,14.188813,,,,,,,,4.5560878933637605,-35.177754576950875,5.016104844006593
d2_beef_uncontrolled|R6|regression|seed00|fold04,e2_main_d2,d2_beef_uncontrolled,R6,regression,0,4,16,1.4.0,real,True,ok,6435,2145,3,1,TS2,3,1,8.408559311181307,15.164877000000013,,,,,,,,0.8032898387567745,0.05148644007441605,0.8849547385383228
d2_beef_uncontrolled|R6|regression|seed01|fold00,e2_main_d2,d2_beef_uncontrolled,R6,regression,1,0,16,1.4.0,real,True,ok,6435,2145,3,1,TS5,3,1,8.589848896022886,12.574553000000012,,,,,,,,3.9631564693996455,-18.39228978058678,4.105976771775798
d2_beef_uncontrolled|R6|regression|seed01|fold01,e2_main_d2,d2_beef_uncontrolled,R6,regression,1,1,16,1.4.0,real,True,ok,6435,2145,3,1,TS1,3,1,8.47325552534312,15.211452000000008,,,,,,,,18.10809985998659,-659.1943791969752,21.428003686906408
d2_beef_uncontrolled|R6|regression|seed01|fold02,e2_main_d2,d2_beef_uncontrolled,R6,regression,1,2,16,1.4.0,real,True,ok,6435,2145,3,1,TS2,3,1,8.359616302885115,15.031682999999994,,,,,,,,1.091875210165605,-1.8429448432468827,1.5320872698958454
d2_beef_uncontrolled|R6|regression|seed01|fold03,e2_main_d2,d2_beef_uncontrolled,R6,regression,1,3,16,1.4.0,real,True,ok,6435,2145,3,1,TS3,3,1,8.375312757212669,15.30940399999998,,,,,,,,0.34396488768136685,0.6302027631052394,0.5770785793451029
d2_beef_uncontrolled|R6|regression|seed01|fold04,e2_main_d2,d2_beef_uncontrolled,R6,regression,1,4,16,1.4.0,real,True,ok,6435,2145,3,1,TS4,3,1,8.467025733087212,15.454245000000103,,,,,,,,0.27833203862605216,0.8466264511329615,0.3683266351140904
d2_beef_uncontrolled|R6|regression|seed02|fold00,e2_main_d2,d2_beef_uncontrolled,R6,regression,2,0,16,1.4.0,real,True,ok,6435,2145,3,1,TS3,3,1,8.674725512042642,13.725348000000011,,,,,,,,0.17719320104226435,0.8891439222502449,0.3159605617898471
d2_beef_uncontrolled|R6|regression|seed02|fold01,e2_main_d2,d2_beef_uncontrolled,R6,regression,2,1,16,1.4.0,real,True,ok,6435,2145,3,1,TS5,3,1,8.541689277160913,14.244256999999894,,,,,,,,2.3774209425209034,-8.495915573027181,2.8732298151131452
d2_beef_uncontrolled|R6|regression|seed02|fold02,e2_main_d2,d2_beef_uncontrolled,R6,regression,2,2,16,1.4.0,real,True,ok,6435,2145,3,1,TS4,3,1,8.545180263929069,15.264502999999973,,,,,,,,0.24756003956830722,0.7961670108079791,0.42461480133452595
d2_beef_uncontrolled|R6|regression|seed02|fold03,e2_main_d2,d2_beef_uncontrolled,R6,regression,2,3,16,1.4.0,real,True,ok,6435,2145,3,1,TS1,3,1,8.381762607954443,13.161917000000116,,,,,,,,1.434882714317348,-3.7087153308228045,1.8096601331813218
d2_beef_uncontrolled|R6|regression|seed02|fold04,e2_main_d2,d2_beef_uncontrolled,R6,regression,2,4,16,1.4.0,real,True,ok,6435,2145,3,1,TS2,3,1,8.69415773684159,15.043422999999919,,,,,,,,1.0254972590405835,-0.4982338375780804,1.1122158703170129
d2_beef_uncontrolled|R6|regression|seed03|fold00,e2_main_d2,d2_beef_uncontrolled,R6,regression,3,0,16,1.4.0,real,True,ok,6435,2145,3,1,TS5,3,1,8.641194353811443,13.510483000000043,,,,,,,,6.226779654136468,-52.39207604854192,6.813030701372286
d2_beef_uncontrolled|R6|regression|seed03|fold01,e2_main_d2,d2_beef_uncontrolled,R6,regression,3,1,16,1.4.0,real,True,ok,6435,2145,3,1,TS3,3,1,8.405933781061321,13.998638999999955,,,,,,,,0.26693581806103517,0.7502103501293774,0.4742860408256763
d2_beef_uncontrolled|R6|regression|seed03|fold02,e2_main_d2,d2_beef_uncontrolled,R6,regression,3,2,16,1.4.0,real,True,ok,6435,2145,3,1,TS2,3,1,8.598897479940206,14.592325000000073,,,,,,,,1.4974741312423492,-2.3251225576529038,1.6569260109361814
d2_beef_uncontrolled|R6|regression|seed03|fold03,e2_main_d2,d2_beef_uncontrolled,R6,regression,3,3,16,1.4.0,real,True,ok,6435,2145,3,1,TS4,3,1,8.458986321929842,15.042350999999805,,,,,,,,0.2572001860793592,0.7554381109783104,0.4651063643384747
d2_beef_uncontrolled|R6|regression|seed03|fold04,e2_main_d2,d2_beef_uncontrolled,R6,regression,3,4,16,1.4.0,real,True,ok,6435,2145,3,1,TS1,3,1,8.676372721325606,14.690684000000005,,,,,,,,1.517535072639001,-5.2316292814091865,2.0818364389686557
d2_beef_uncontrolled|R6|regression|seed04|fold00,e2_main_d2,d2_beef_uncontrolled,R6,regression,4,0,16,1.4.0,real,True,ok,6435,2145,3,1,TS3,3,1,8.453148052096367,13.175995000000057,,,,,,,,0.2591380424228267,0.8710033012448124,0.34083361520407146
d2_beef_uncontrolled|R6|regression|seed04|fold01,e2_main_d2,d2_beef_uncontrolled,R6,regression,4,1,16,1.4.0,real,True,ok,6435,2145,3,1,TS5,3,1,8.644865354988724,12.479313999999853,,,,,,,,2.190485890349981,-7.782432656101616,2.7631811414180234
d2_beef_uncontrolled|R6|regression|seed04|fold02,e2_main_d2,d2_beef_uncontrolled,R6,regression,4,2,16,1.4.0,real,True,ok,6435,2145,3,1,TS1,3,1,8.437459076289088,13.569557999999773,,,,,,,,6.261836168263475,-67.93424882336133,6.924099895402713
d2_beef_uncontrolled|R6|regression|seed04|fold03,e2_main_d2,d2_beef_uncontrolled,R6,regression,4,3,16,1.4.0,real,True,ok,6435,2145,3,1,TS2,3,1,8.526262695901096,15.176554999999667,,,,,,,,0.9108664764985355,-0.30563797133755255,1.0382708785677692
d2_beef_uncontrolled|R6|regression|seed04|fold04,e2_main_d2,d2_beef_uncontrolled,R6,regression,4,4,16,1.4.0,real,True,ok,6435,2145,3,1,TS4,3,1,8.522257666103542,13.551846999999967,,,,,,,,0.4747292336737971,0.515493374318553,0.6546478597417638
d2_beef_uncontrolled|R6|regression|seed05|fold00,e2_main_d2,d2_beef_uncontrolled,R6,regression,5,0,16,1.4.0,real,True,ok,6435,2145,3,1,TS5,3,1,8.410224378108978,15.270410999999998,,,,,,,,1.5121972980496068,-2.335190890213716,1.7027947009180637
d2_beef_uncontrolled|R6|regression|seed05|fold01,e2_main_d2,d2_beef_uncontrolled,R6,regression,5,1,16,1.4.0,real,True,ok,6435,2145,3,1,TS4,3,1,8.104514635633677,15.001889000000002,,,,,,,,0.2782596206172071,0.8568960822015642,0.35578173937862295
d2_beef_uncontrolled|R6|regression|seed05|fold02,e2_main_d2,d2_beef_uncontrolled,R6,regression,5,2,16,1.4.0,real,True,ok,6435,2145,3,1,TS2,3,1,7.8210304491221905,14.111649000000007,,,,,,,,1.047845067506799,-1.686208423649639,1.4892552522291655
d2_beef_uncontrolled|R6|regression|seed05|fold03,e2_main_d2,d2_beef_uncontrolled,R6,regression,5,3,16,1.4.0,real,True,ok,6435,2145,3,1,TS3,3,1,8.139761087018996,14.886766999999978,,,,,,,,0.2935180245356955,0.7396755834414612,0.4841841571670377
d2_beef_uncontrolled|R6|regression|seed05|fold04,e2_main_d2,d2_beef_uncontrolled,R6,regression,5,4,16,1.4.0,real,True,ok,6435,2145,3,1,TS1,3,1,7.895598212722689,13.761855000000018,,,,,,,,5.248881174018787,-45.97010515738227,5.715530773627762
d2_beef_uncontrolled|R6|regression|seed06|fold00,e2_main_d2,d2_beef_uncontrolled,R6,regression,6,0,16,1.4.0,real,True,ok,6435,2145,3,1,TS3,3,1,7.895834828261286,13.607008000000016,,,,,,,,0.21980436650985363,0.9051190698538409,0.292309271008508
d2_beef_uncontrolled|R6|regression|seed06|fold01,e2_main_d2,d2_beef_uncontrolled,R6,regression,6,1,16,1.4.0,real,True,ok,6435,2145,3,1,TS5,3,1,7.822866820730269,14.81385700000006,,,,,,,,4.67324072500855,-27.495932086487105,4.977294929144113
d2_beef_uncontrolled|R6|regression|seed06|fold02,e2_main_d2,d2_beef_uncontrolled,R6,regression,6,2,16,1.4.0,real,True,ok,6435,2145,3,1,TS1,3,1,8.066246345639229,15.132188999999983,,,,,,,,4.193798352728399,-33.3489276224453,4.887675813815953
d2_beef_uncontrolled|R6|regression|seed06|fold03,e2_main_d2,d2_beef_uncontrolled,R6,regression,6,3,16,1.4.0,real,True,ok,6435,2145,3,1,TS4,3,1,8.04196257609874,15.416141000000021,,,,,,,,0.3710946392510003,0.7483184112327124,0.4718278974528706
d2_beef_uncontrolled|R6|regression|seed06|fold04,e2_main_d2,d2_beef_uncontrolled,R6,regression,6,4,16,1.4.0,real,True,ok,6435,2145,3,1,TS2,3,1,7.7849372061900795,14.666925000000013,,,,,,,,0.6918302712571534,0.32146201573839883,0.7484906321497888
d2_beef_uncontrolled|R6|regression|seed07|fold00,e2_main_d2,d2_beef_uncontrolled,R6,regression,7,0,16,1.4.0,real,True,ok,6435,2145,3,1,TS3,3,1,7.782981902826577,14.958726000000109,,,,,,,,0.34334737678133653,0.3838858351854355,0.7448755512954274
d2_beef_uncontrolled|R6|regression|seed07|fold01,e2_main_d2,d2_beef_uncontrolled,R6,regression,7,1,16,1.4.0,real,True,ok,6435,2145,3,1,TS1,3,1,7.771451344247907,12.325308999999901,,,,,,,,4.999295520831603,-41.95512789191486,5.465794627062258
d2_beef_uncontrolled|R6|regression|seed07|fold02,e2_main_d2,d2_beef_uncontrolled,R6,regression,7,2,16,1.4.0,real,True,ok,6435,2145,3,1,TS5,3,1,8.019711560104042,14.891450000000123,,,,,,,,4.72531967414451,-27.437333877285155,4.972174712974597
d2_beef_uncontrolled|R6|regression|seed07|fold03,e2_main_d2,d2_beef_uncontrolled,R6,regression,7,3,16,1.4.0,real,True,ok,6435,2145,3,1,TS2,3,1,7.7787359156645834,14.676192999999948,,,,,,,,1.0522778160280868,-0.9775307298718496,1.277794185449618
d2_beef_uncontrolled|R6|regression|seed07|fold04,e2_main_d2,d2_beef_uncontrolled,R6,regression,7,4,16,1.4.0,real,True,ok,6435,2145,3,1,TS4,3,1,7.967823573853821,14.227125000000129,,,,,,,,0.3879328990117748,0.7060993614318277,0.5098684708516454
d2_beef_uncontrolled|R6|regression|seed08|fold00,e2_main_d2,d2_beef_uncontrolled,R6,regression,8,0,16,1.4.0,real,True,ok,6435,2145,3,1,TS4,3,1,7.933756015729159,13.387430000000009,,,,,,,,0.31347338881371356,0.7138134074335619,0.5031326881784326
d2_beef_uncontrolled|R6|regression|seed08|fold01,e2_main_d2,d2_beef_uncontrolled,R6,regression,8,1,16,1.4.0,real,True,ok,6435,2145,3,1,TS1,3,1,7.868664982262999,14.224015999999857,,,,,,,,7.585019507619218,-108.20671375801896,8.715061786696348
d2_beef_uncontrolled|R6|regression|seed08|fold02,e2_main_d2,d2_beef_uncontrolled,R6,regression,8,2,16,1.4.0,real,True,ok,6435,2145,3,1,TS2,3,1,7.853590656071901,13.206463000000198,,,,,,,,0.9604712286526537,-0.8461326336666302,1.2346126904847348
d2_beef_uncontrolled|R6|regression|seed08|fold03,e2_main_d2,d2_beef_uncontrolled,R6,regression,8,3,16,1.4.0,real,True,ok,6435,2145,3,1,TS3,3,1,7.792212145868689,15.092581999999688,,,,,,,,0.2427781644686085,0.8708892483722154,0.34098425651748265
d2_beef_uncontrolled|R6|regression|seed08|fold04,e2_main_d2,d2_beef_uncontrolled,R6,regression,8,4,16,1.4.0,real,True,ok,6435,2145,3,1,TS5,3,1,7.924883236642927,13.0605940000002,,,,,,,,1.2491812031969487,-1.684159949112939,1.5275876478392063
d2_beef_uncontrolled|R6|regression|seed09|fold00,e2_main_d2,d2_beef_uncontrolled,R6,regression,9,0,16,1.4.0,real,True,ok,6435,2145,3,1,TS5,3,1,7.74996766122058,14.004025000000063,,,,,,,,2.1569103495295607,-8.35213730694285,2.8513949708153477
d2_beef_uncontrolled|R6|regression|seed09|fold01,e2_main_d2,d2_beef_uncontrolled,R6,regression,9,1,16,1.4.0,real,True,ok,6435,2145,3,1,TS4,3,1,8.008394876960665,14.931300999999984,,,,,,,,0.2847895780381302,0.8089779693090184,0.4110547025004377
d2_beef_uncontrolled|R6|regression|seed09|fold02,e2_main_d2,d2_beef_uncontrolled,R6,regression,9,2,16,1.4.0,real,True,ok,6435,2145,3,1,TS1,3,1,7.75322005758062,13.412431999999988,,,,,,,,6.905819771765013,-87.12159906485078,7.828651957514326
d2_beef_uncontrolled|R6|regression|seed09|fold03,e2_main_d2,d2_beef_uncontrolled,R6,regression,9,3,16,1.4.0,real,True,ok,6435,2145,3,1,TS3,3,1,8.006276339292526,13.209901000000379,,,,,,,,0.2069918112874149,0.9158884522573487,0.27522059874981303
d2_beef_uncontrolled|R6|regression|seed09|fold04,e2_main_d2,d2_beef_uncontrolled,R6,regression,9,4,16,1.4.0,real,True,ok,6435,2145,3,1,TS2,3,1,7.871661559212953,15.447896999999962,,,,,,,,0.4525618571189242,0.6274487579426474,0.5546158730801527
