run_id,experiment,dataset,model,task,seed,fold_id,window_length,protocol_version,evidence_class,protocol_compliant,status,failure_reason,timestamp_utc,duration_s,n_train_windows,n_test_windows,n_train_specimens,n_test_specimens,n_train_sessions,n_test_sessions,fold_fingerprint,test_fingerprint,config_hash,empty_class_policy,class_coverage,selection
d2_beef_uncontrolled|R0|classification|seed00|fold00,e2_main_d2,d2_beef_uncontrolled,R0,classification,0,0,16,1.4.0,real,True,ok,,2026-09-21T21:07:59Z,2.662526227068156,6435,2145,,,3,1,20a70c561f8e,fbe44838fb1ba484,07cd93e03295,require_all_classes,"{""missing_in_test"": [], ""missing_in_train"": []}",{}
d2_beef_uncontrolled|R0|classification|seed00|fold01,e2_main_d2,d2_beef_uncontrolled,R0,classification,0,1,16,1.4.0,real,True,ok,,2026-09-21T21:08:46Z,2.5488794837146997,6435,2145,,,3,1,6c9ef01abdf9,a53bad3aa75975fb,07cd93e03295,require_all_classes,"{""missing_in_test"": [], ""missing_in_train"": []}",{}
d2_beef_uncontrolled|R0|classification|seed00|fold02,e2_main_d2,d2_beef_uncontrolled,R0,classification,0,2,16,1.4.0,real,True,ok,,2026-09-21T21:09:34Z,2.7797630401328206,6435,2145,,,3,1,8f5d6031eff3,4c425fc094f772a0,07cd93e03295,require_all_classes,"{""missing_in_test"": [], ""missing_in_train"": []}",{}
d2_beef_uncontrolled|R0|classification|seed00|fold03,e2_main_d2,d2_beef_uncontrolled,R0,classification,0,3,16,1.4.0,real,True,ok,,2026-09-21T21:10:22Z,2.6941199470311403,6435,2145,,,3,1,940f76d29b89,99db4735a80325fc,07cd93e03295,require_all_classes,"{""missing_in_test"": [], ""missing_in_train"": []}",{}
d2_beef_uncontrolled|R0|classification|seed00|fold04,e2_main_d2,d2_beef_uncontrolled,R0,classification,0,4,16,1.4.0,real,True,ok,,2026-09-21T21:11:10Z,2.702989432029426,6435,2145,,,3,1,b01bbf6f9575,1d1cb7a9275111cb,07cd93e03295,require_all_classes,"{""missing_in_test"": [], ""missing_in_train"": []}",{}
d2_beef_uncontrolled|R0|classification|seed01|fold00,e2_main_d2,d2_beef_uncontrolled,R0,classification,1,0,16,1.4.0,real,True,ok,,2026-09-21T21:11:58Z,2.719903649762273,6435,2145,,,3,1,92d667f81d03,b92a3b0dd3615587,07cd93e03295,require_all_classes,"{""missing_in_test"": [], ""missing_in_train"": []}",{}
d2_beef_uncontrolled|R0|classification|seed01|fold01,e2_main_d2,d2_beef_uncontrolled,R0,classification,1,1,16,1.4.0,real,True,ok,,2026-09-21T21:12:46Z,2.8735002824105322,6435,2145,,,3,1,63eaca80ac77,50be359cbce9c051,07cd93e03295,require_all_classes,"{""missing_in_test"": [], ""missing_in_train"": []}",{}
d2_beef_uncontrolled|R0|classification|seed01|fold02,e2_main_d2,d2_beef_uncontrolled,R0,classification,1,2,16,1.4.0,real,True,ok,,2026-09-21T21:13:34Z,2.7611907441169024,6435,2145,,,3,1,14ed105fd91e,199d3418e3ba4f6b,07cd93e03295,require_all_classes,"{""missing_in_test"": [], ""missing_in_train"": []}",{}
d2_beef_uncontrolled|R0|classification|seed01|fold03,e2_main_d2,d2_beef_uncontrolled,R0,classification,1,3,16,1.4.0,real,True,ok,,2026-09-21T21:14:21Z,2.765311472117901,6435,2145,,,3,1,99c64364d832,88c6d4b2ec0f9012,07cd93e03295,require_all_classes,"{""missing_in_test"": [], ""missing_in_train"": []}",{}
d2_beef_uncontrolled|R0|classification|seed01|fold04,e2_main_d2,d2_beef_uncontrolled,R0,classification,1,4,16,1.4.0,real,True,ok,,2026-09-21T21:15:11Z,2.902046746108681,6435,2145,,,3,1,fa4200209670,3725c2bf65208d64,07cd93e03295,require_all_classes,"{""missing_in_test"": [], ""missing_in_train"": []}",{}
d2_beef_uncontrolled|R0|classification|seed02|fold00,e2_main_d2,d2_beef_uncontrolled,R0,classification,2,0,16,1.4.0,real,True,ok,,2026-09-21T21:15:59Z,2.77098874701187,6435,2145,,,3,1,38e11e05422e,2b424d5313b608ec,07cd93e03295,require_all_classes,"{""missing_in_test"": [], ""missing_in_train"": []}",{}
d2_beef_uncontrolled|R0|classification|seed02|fold01,e2_main_d2,d2_beef_uncontrolled,R0,classification,2,1,16,1.4.0,real,True,ok,,2026-09-21T21:16:47Z,2.8325723269954324,6435,2145,,,3,1,8a87c8dddc86,6af4655e780c589b,07cd93e03295,require_all_classes,"{""missing_in_test"": [], ""missing_in_train"": []}",{}
d2_beef_uncontrolled|R0|classification|seed02|fold02,e2_main_d2,d2_beef_uncontrolled,R0,classification,2,2,16,1.4.0,real,True,ok,,2026-09-21T21:17:35Z,2.7227943469770253,6435,2145,,,3,1,545d378c28a6,d92643165a58f331,07cd93e03295,require_all_classes,"{""missing_in_test"": [], ""missing_in_train"": []}",{}
d2_beef_uncontrolled|R0|classification|seed02|fold03,e2_main_d2,d2_beef_uncontrolled,R0,classification,2,3,16,1.4.0,real,True,ok,,2026-09-21T21:18:23Z,3.0412846077233553,6435,2145,,,3,1,289906332a4f,6a929986c2af0e97,07cd93e03295,require_all_classes,"{""missing_in_test"": [], ""missing_in_train"": []}",{}
d2_beef_uncontrolled|R0|classification|seed02|fold04,e2_main_d2,d2_beef_uncontrolled,R0,classification,2,4,16,1.4.0,real,True,ok,,2026-09-21T21:19:11Z,2.8072177530266345,6435,2145,,,3,1,202906f4d7e1,70bf98b670e1f4e9,07cd93e03295,require_all_classes,"{""missing_in_test"": [], ""missing_in_train"": []}",{}
d2_beef_uncontrolled|R0|classification|seed03|fold00,e2_main_d2,d2_beef_uncontrolled,R0,classification,3,0,16,1.4.0,real,True,ok,,2026-09-21T21:19:59Z,2.7265008348040283,6435,2145,,,3,1,0e087c313624,3ec530282782fb8d,07cd93e03295,require_all_classes,"{""missing_in_test"": [], ""missing_in_train"": []}",{}
d2_beef_uncontrolled|R0|classification|seed03|fold01,e2_main_d2,d2_beef_uncontrolled,R0,classification,3,1,16,1.4.0,real,True,ok,,2026-09-21T21:20:48Z,2.695344219915569,6435,2145,,,3,1,ff41306bda71,4ae0921bcdc3c304,07cd93e03295,require_all_classes,"{""missing_in_test"": [], ""missing_in_train"": []}",{}
d2_beef_uncontrolled|R0|classification|seed03|fold02,e2_main_d2,d2_beef_uncontrolled,R0,classification,3,2,16,1.4.0,real,True,ok,,2026-09-21T21:21:36Z,2.7141291750594974,6435,2145,,,3,1,31c8eaca9098,d279353e3902cece,07cd93e03295,require_all_classes,"{""missing_in_test"": [], ""missing_in_train"": []}",{}
d2_beef_uncontrolled|R0|classification|seed03|fold03,e2_main_d2,d2_beef_uncontrolled,R0,classification,3,3,16,1.4.0,real,True,ok,,2026-09-21T21:22:24Z,2.7299569151364267,6435,2145,,,3,1,73fd7314e359,27df9c816a638c13,07cd93e03295,require_all_classes,"{""missing_in_test"": [], ""missing_in_train"": []}",{}
d2_beef_uncontrolled|R0|classification|seed03|fold04,e2_main_d2,d2_beef_uncontrolled,R0,classification,3,4,16,1.4.0,real,True,ok,,2026-09-21T21:23:12Z,2.7632182179950178,6435,2145,,,3,1,a4933ae9f507,70c5a6ee29102529,07cd93e03295,require_all_classes,"{""missing_in_test"": [], ""missing_in_train"": []}",{}
d2_beef_uncontrolled|R0|classification|seed04|fold00,e2_main_d2,d2_beef_uncontrolled,R0,classification,4,0,16,1.4.0,real,True,ok,,2026-09-21T21:24:01Z,2.972994741052389,6435,2145,,,3,1,ab20f229b2e5,c114a0e5b20aa9b6,07cd93e03295,require_all_classes,"{""missing_in_test"": [], ""missing_in_train"": []}",{}
d2_beef_uncontrolled|R0|classification|seed04|fold01,e2_main_d2,d2_beef_uncontrolled,R0,classification,4,1,16,1.4.0,real,True,ok,,2026-09-21T21:24:48Z,2.8012701901607215,6435,2145,,,3,1,6b2262999c63,41e14bd91960d103,07cd93e03295,require_all_classes,"{""missing_in_test"": [], ""missing_in_train"": []}",{}
d2_beef_uncontrolled|R0|classification|seed04|fold02,e2_main_d2,d2_beef_uncontrolled,R0,classification,4,2,16,1.4.0,real,True,ok,,2026-09-21T21:25:36Z,2.8640592810697854,6435,2145,,,3,1,557db8e1a73e,92bdf711167e95c8,07cd93e03295,require_all_classes,"{""missing_in_test"": [], ""missing_in_train"": []}",{}
d2_beef_uncontrolled|R0|classification|seed04|fold03,e2_main_d2,d2_beef_uncontrolled,R0,classification,4,3,16,1.4.0,real,True,ok,,2026-09-21T21:26:25Z,2.8314458769746125,6435,2145,,,3,1,9dd348ffc2ab,63d48f5227852dd7,07cd93e03295,require_all_classes,"{""missing_in_test"": [], ""missing_in_train"": []}",{}
d2_beef_uncontrolled|R0|classification|seed04|fold04,e2_main_d2,d2_beef_uncontrolled,R0,classification,4,4,16,1.4.0,real,True,ok,,2026-09-21T21:27:13Z,2.8051851456984878,6435,2145,,,3,1,faf19bcdc9b9,5c7ff30ea2185dfd,07cd93e03295,require_all_classes,"{""missing_in_test"": [], ""missing_in_train"": []}",{}
d2_beef_uncontrolled|R0|classification|seed05|fold00,e2_main_d2,d2_beef_uncontrolled,R0,classification,5,0,16,1.4.0,real,True,ok,,2026-09-21T21:07:59Z,3.0942534347996116,6435,2145,,,3,1,413cdd715162,9674cdb816892cb9,d0f6ac5c4964,require_all_classes,"{""missing_in_test"": [], ""missing_in_train"": []}",{}
d2_beef_uncontrolled|R0|classification|seed05|fold01,e2_main_d2,d2_beef_uncontrolled,R0,classification,5,1,16,1.4.0,real,True,ok,,2026-09-21T21:08:52Z,2.9615615690127015,6435,2145,,,3,1,a8b8c30a5944,4e9674247adc5498,d0f6ac5c4964,require_all_classes,"{""missing_in_test"": [], ""missing_in_train"": []}",{}
d2_beef_uncontrolled|R0|classification|seed05|fold02,e2_main_d2,d2_beef_uncontrolled,R0,classification,5,2,16,1.4.0,real,True,ok,,2026-09-21T21:09:45Z,3.0001315879635513,6435,2145,,,3,1,9de5f792dc27,a11018850dcb5f10,d0f6ac5c4964,require_all_classes,"{""missing_in_test"": [], ""missing_in_train"": []}",{}
d2_beef_uncontrolled|R0|classification|seed05|fold03,e2_main_d2,d2_beef_uncontrolled,R0,classification,5,3,16,1.4.0,real,True,ok,,2026-09-21T21:10:35Z,2.5792143433354795,6435,2145,,,3,1,a5838cf9641b,b17b9199daff7a96,d0f6ac5c4964,require_all_classes,"{""missing_in_test"": [], ""missing_in_train"": []}",{}
d2_beef_uncontrolled|R0|classification|seed05|fold04,e2_main_d2,d2_beef_uncontrolled,R0,classification,5,4,16,1.4.0,real,True,ok,,2026-09-21T21:11:24Z,2.546519635245204,6435,2145,,,3,1,6eee1b95b6aa,64aeffd60d8514ba,d0f6ac5c4964,require_all_classes,"{""missing_in_test"": [], ""missing_in_train"": []}",{}
d2_beef_uncontrolled|R0|classification|seed06|fold00,e2_main_d2,d2_beef_uncontrolled,R0,classification,6,0,16,1.4.0,real,True,ok,,2026-09-21T21:12:12Z,2.525734221097082,6435,2145,,,3,1,477c37a8ab73,dc5b9aee72c4ab6c,d0f6ac5c4964,require_all_classes,"{""missing_in_test"": [], ""missing_in_train"": []}",{}
d2_beef_uncontrolled|R0|classification|seed06|fold01,e2_main_d2,d2_beef_uncontrolled,R0,classification,6,1,16,1.4.0,real,True,ok,,2026-09-21T21:13:00Z,2.6023993771523237,6435,2145,,,3,1,1c2e3ba58278,5109878f078c935a,d0f6ac5c4964,require_all_classes,"{""missing_in_test"": [], ""missing_in_train"": []}",{}
d2_beef_uncontrolled|R0|classification|seed06|fold02,e2_main_d2,d2_beef_uncontrolled,R0,classification,6,2,16,1.4.0,real,True,ok,,2026-09-21T21:13:48Z,2.6288942960090935,6435,2145,,,3,1,54ff457155dd,598d95c4bf969e13,d0f6ac5c4964,require_all_classes,"{""missing_in_test"": [], ""missing_in_train"": []}",{}
d2_beef_uncontrolled|R0|classification|seed06|fold03,e2_main_d2,d2_beef_uncontrolled,R0,classification,6,3,16,1.4.0,real,True,ok,,2026-09-21T21:14:36Z,2.5610591028817,6435,2145,,,3,1,a877630b86ff,6f8b797969d59c35,d0f6ac5c4964,require_all_classes,"{""missing_in_test"": [], ""missing_in_train"": []}",{}
d2_beef_uncontrolled|R0|classification|seed06|fold04,e2_main_d2,d2_beef_uncontrolled,R0,classification,6,4,16,1.4.0,real,True,ok,,2026-09-21T21:15:24Z,2.567423416301608,6435,2145,,,3,1,308afc6cb592,996c41236573097a,d0f6ac5c4964,require_all_classes,"{""missing_in_test"": [], ""missing_in_train"": []}",{}
d2_beef_uncontrolled|R0|classification|seed07|fold00,e2_main_d2,d2_beef_uncontrolled,R0,classification,7,0,16,1.4.0,real,True,ok,,2026-09-21T21:16:12Z,2.514686263166368,6435,2145,,,3,1,7b279b72dfb8,cce5b144e7ce4706,d0f6ac5c4964,require_all_classes,"{""missing_in_test"": [], ""missing_in_train"": []}",{}
d2_beef_uncontrolled|R0|classification|seed07|fold01,e2_main_d2,d2_beef_uncontrolled,R0,classification,7,1,16,1.4.0,real,True,ok,,2026-09-21T21:17:00Z,2.6162181249819696,6435,2145,,,3,1,bb1e5578b9e3,8db20afed4b12367,d0f6ac5c4964,require_all_classes,"{""missing_in_test"": [], ""missing_in_train"": []}",{}
d2_beef_uncontrolled|R0|classification|seed07|fold02,e2_main_d2,d2_beef_uncontrolled,R0,classification,7,2,16,1.4.0,real,True,ok,,2026-09-21T21:17:48Z,2.5058623738586903,6435,2145,,,3,1,ba39acccb154,29f3de641eb4bac3,d0f6ac5c4964,require_all_classes,"{""missing_in_test"": [], ""missing_in_train"": []}",{}
d2_beef_uncontrolled|R0|classification|seed07|fold03,e2_main_d2,d2_beef_uncontrolled,R0,classification,7,3,16,1.4.0,real,True,ok,,2026-09-21T21:18:36Z,2.6405716449953616,6435,2145,,,3,1,4726b95fa672,72d1cce5e1753699,d0f6ac5c4964,require_all_classes,"{""missing_in_test"": [], ""missing_in_train"": []}",{}
d2_beef_uncontrolled|R0|classification|seed07|fold04,e2_main_d2,d2_beef_uncontrolled,R0,classification,7,4,16,1.4.0,real,True,ok,,2026-09-21T21:19:24Z,2.514529754873365,6435,2145,,,3,1,2e34c9f360a4,b37715600c447b03,d0f6ac5c4964,require_all_classes,"{""missing_in_test"": [], ""missing_in_train"": []}",{}
d2_beef_uncontrolled|R0|classification|seed08|fold00,e2_main_d2,d2_beef_uncontrolled,R0,classification,8,0,16,1.4.0,real,True,ok,,2026-09-21T21:20:11Z,2.6977271302603185,6435,2145,,,3,1,760fd382be4c,8e1295e0b3d88739,d0f6ac5c4964,require_all_classes,"{""missing_in_test"": [], ""missing_in_train"": []}",{}
d2_beef_uncontrolled|R0|classification|seed08|fold01,e2_main_d2,d2_beef_uncontrolled,R0,classification,8,1,16,1.4.0,real,True,ok,,2026-09-21T21:21:00Z,2.5094305821694434,6435,2145,,,3,1,f60758215a07,e0d6b19c4ea2ebf8,d0f6ac5c4964,require_all_classes,"{""missing_in_test"": [], ""missing_in_train"": []}",{}
d2_beef_uncontrolled|R0|classification|seed08|fold02,e2_main_d2,d2_beef_uncontrolled,R0,classification,8,2,16,1.4.0,real,True,ok,,2026-09-21T21:21:47Z,2.5213179062120616,6435,2145,,,3,1,b12aea5b360e,4c70c9fce87aa220,d0f6ac5c4964,require_all_classes,"{""missing_in_test"": [], ""missing_in_train"": []}",{}
d2_beef_uncontrolled|R0|classification|seed08|fold03,e2_main_d2,d2_beef_uncontrolled,R0,classification,8,3,16,1.4.0,real,True,ok,,2026-09-21T21:22:36Z,2.521619350183755,6435,2145,,,3,1,d24ce02cae99,995bce4068e02bc9,d0f6ac5c4964,require_all_classes,"{""missing_in_test"": [], ""missing_in_train"": []}",{}
d2_beef_uncontrolled|R0|classification|seed08|fold04,e2_main_d2,d2_beef_uncontrolled,R0,classification,8,4,16,1.4.0,real,True,ok,,2026-09-21T21:23:23Z,2.51320186490193,6435,2145,,,3,1,02ddc5401296,2a5094b97e587764,d0f6ac5c4964,require_all_classes,"{""missing_in_test"": [], ""missing_in_train"": []}",{}
d2_beef_uncontrolled|R0|classification|seed09|fold00,e2_main_d2,d2_beef_uncontrolled,R0,classification,9,0,16,1.4.0,real,True,ok,,2026-09-21T21:24:12Z,2.547940666321665,6435,2145,,,3,1,523607d0ddee,51e2f48b59bdd433,d0f6ac5c4964,require_all_classes,"{""missing_in_test"": [], ""missing_in_train"": []}",{}
d2_beef_uncontrolled|R0|classification|seed09|fold01,e2_main_d2,d2_beef_uncontrolled,R0,classification,9,1,16,1.4.0,real,True,ok,,2026-09-21T21:25:00Z,2.5655481070280075,6435,2145,,,3,1,de265fd108a1,62782ff28f480e57,d0f6ac5c4964,require_all_classes,"{""missing_in_test"": [], ""missing_in_train"": []}",{}
d2_beef_uncontrolled|R0|classification|seed09|fold02,e2_main_d2,d2_beef_uncontrolled,R0,classification,9,2,16,1.4.0,real,True,ok,,2026-09-21T21:25:48Z,2.6205653911456466,6435,2145,,,3,1,9a76beab3005,e8b10f3bca64a2bd,d0f6ac5c4964,require_all_classes,"{""missing_in_test"": [], ""missing_in_train"": []}",{}
d2_beef_uncontrolled|R0|classification|seed09|fold03,e2_main_d2,d2_beef_uncontrolled,R0,classification,9,3,16,1.4.0,real,True,ok,,2026-09-21T21:26:35Z,2.506169374100864,6435,2145,,,3,1,bcc42ac9806b,c47f1134993fc9bc,d0f6ac5c4964,require_all_classes,"{""missing_in_test"": [], ""missing_in_train"": []}",{}
d2_beef_uncontrolled|R0|classification|seed09|fold04,e2_main_d2,d2_beef_uncontrolled,R0,classification,9,4,16,1.4.0,real,True,ok,,2026-09-21T21:27:23Z,2.5402259528636932,6435,2145,,,3,1,3b4893542c85,bc9ed9e18b209a78,d0f6ac5c4964,require_all_classes,"{""missing_in_test"": [], ""missing_in_train"": []}",{}
d2_beef_uncontrolled|R0|regression|seed00|fold00,e2_main_d2,d2_beef_uncontrolled,R0,regression,0,0,16,1.4.0,real,True,ok,,2026-09-21T21:08:23Z,2.113833028357476,6435,2145,,,3,1,20a70c561f8e,54c73a04dd5a590f,07cd93e03295,require_all_classes,"{""missing_in_test"": [], ""missing_in_train"": []}",{}
d2_beef_uncontrolled|R0|regression|seed00|fold01,e2_main_d2,d2_beef_uncontrolled,R0,regression,0,1,16,1.4.0,real,True,ok,,2026-09-21T21:09:11Z,2.125389941036701,6435,2145,,,3,1,6c9ef01abdf9,be35057fa7331feb,07cd93e03295,require_all_classes,"{""missing_in_test"": [], ""missing_in_train"": []}",{}
d2_beef_uncontrolled|R0|regression|seed00|fold02,e2_main_d2,d2_beef_uncontrolled,R0,regression,0,2,16,1.4.0,real,True,ok,,2026-09-21T21:09:59Z,2.0657878541387618,6435,2145,,,3,1,8f5d6031eff3,c543ed0b359319b2,07cd93e03295,require_all_classes,"{""missing_in_test"": [], ""missing_in_train"": []}",{}
d2_beef_uncontrolled|R0|regression|seed00|fold03,e2_main_d2,d2_beef_uncontrolled,R0,regression,0,3,16,1.4.0,real,True,ok,,2026-09-21T21:10:47Z,2.0972352870739996,6435,2145,,,3,1,940f76d29b89,ee7dad8eb3379e84,07cd93e03295,require_all_classes,"{""missing_in_test"": [], ""missing_in_train"": []}",{}
d2_beef_uncontrolled|R0|regression|seed00|fold04,e2_main_d2,d2_beef_uncontrolled,R0,regression,0,4,16,1.4.0,real,True,ok,,2026-09-21T21:11:35Z,2.1331058656796813,6435,2145,,,3,1,b01bbf6f9575,8ed49ea38519ae67,07cd93e03295,require_all_classes,"{""missing_in_test"": [], ""missing_in_train"": []}",{}
d2_beef_uncontrolled|R0|regression|seed01|fold00,e2_main_d2,d2_beef_uncontrolled,R0,regression,1,0,16,1.4.0,real,True,ok,,2026-09-21T21:12:23Z,2.099363928195089,6435,2145,,,3,1,92d667f81d03,801d79a4cbe83d87,07cd93e03295,require_all_classes,"{""missing_in_test"": [], ""missing_in_train"": []}",{}
d2_beef_uncontrolled|R0|regression|seed01|fold01,e2_main_d2,d2_beef_uncontrolled,R0,regression,1,1,16,1.4.0,real,True,ok,,2026-09-21T21:13:11Z,2.170173388440162,6435,2145,,,3,1,63eaca80ac77,997cad74f288d85c,07cd93e03295,require_all_classes,"{""missing_in_test"": [], ""missing_in_train"": []}",{}
d2_beef_uncontrolled|R0|regression|seed01|fold02,e2_main_d2,d2_beef_uncontrolled,R0,regression,1,2,16,1.4.0,real,True,ok,,2026-09-21T21:13:59Z,2.1080392259173095,6435,2145,,,3,1,14ed105fd91e,277b1b0260b5cab9,07cd93e03295,require_all_classes,"{""missing_in_test"": [], ""missing_in_train"": []}",{}
d2_beef_uncontrolled|R0|regression|seed01|fold03,e2_main_d2,d2_beef_uncontrolled,R0,regression,1,3,16,1.4.0,real,True,ok,,2026-09-21T21:14:47Z,2.2926360950805247,6435,2145,,,3,1,99c64364d832,b26f253a7c8e82a3,07cd93e03295,require_all_classes,"{""missing_in_test"": [], ""missing_in_train"": []}",{}
d2_beef_uncontrolled|R0|regression|seed01|fold04,e2_main_d2,d2_beef_uncontrolled,R0,regression,1,4,16,1.4.0,real,True,ok,,2026-09-21T21:15:36Z,2.1810624096542597,6435,2145,,,3,1,fa4200209670,8b6b45d6807743b0,07cd93e03295,require_all_classes,"{""missing_in_test"": [], ""missing_in_train"": []}",{}
d2_beef_uncontrolled|R0|regression|seed02|fold00,e2_main_d2,d2_beef_uncontrolled,R0,regression,2,0,16,1.4.0,real,True,ok,,2026-09-21T21:16:24Z,2.0893379719927907,6435,2145,,,3,1,38e11e05422e,8e271784201c1abb,07cd93e03295,require_all_classes,"{""missing_in_test"": [], ""missing_in_train"": []}",{}
d2_beef_uncontrolled|R0|regression|seed02|fold01,e2_main_d2,d2_beef_uncontrolled,R0,regression,2,1,16,1.4.0,real,True,ok,,2026-09-21T21:17:13Z,2.192153205629438,6435,2145,,,3,1,8a87c8dddc86,297ba63289de3e0d,07cd93e03295,require_all_classes,"{""missing_in_test"": [], ""missing_in_train"": []}",{}
d2_beef_uncontrolled|R0|regression|seed02|fold02,e2_main_d2,d2_beef_uncontrolled,R0,regression,2,2,16,1.4.0,real,True,ok,,2026-09-21T21:18:00Z,2.09488618792966,6435,2145,,,3,1,545d378c28a6,aff3e37f83cba32c,07cd93e03295,require_all_classes,"{""missing_in_test"": [], ""missing_in_train"": []}",{}
d2_beef_uncontrolled|R0|regression|seed02|fold03,e2_main_d2,d2_beef_uncontrolled,R0,regression,2,3,16,1.4.0,real,True,ok,,2026-09-21T21:18:48Z,2.1476631639525294,6435,2145,,,3,1,289906332a4f,ed7e2bb5226ea794,07cd93e03295,require_all_classes,"{""missing_in_test"": [], ""missing_in_train"": []}",{}
d2_beef_uncontrolled|R0|regression|seed02|fold04,e2_main_d2,d2_beef_uncontrolled,R0,regression,2,4,16,1.4.0,real,True,ok,,2026-09-21T21:19:36Z,2.084509859792888,6435,2145,,,3,1,202906f4d7e1,e07de98322460fae,07cd93e03295,require_all_classes,"{""missing_in_test"": [], ""missing_in_train"": []}",{}
d2_beef_uncontrolled|R0|regression|seed03|fold00,e2_main_d2,d2_beef_uncontrolled,R0,regression,3,0,16,1.4.0,real,True,ok,,2026-09-21T21:20:25Z,2.2908058343455195,6435,2145,,,3,1,0e087c313624,56c215623f1c725d,07cd93e03295,require_all_classes,"{""missing_in_test"": [], ""missing_in_train"": []}",{}
d2_beef_uncontrolled|R0|regression|seed03|fold01,e2_main_d2,d2_beef_uncontrolled,R0,regression,3,1,16,1.4.0,real,True,ok,,2026-09-21T21:21:13Z,2.143060860224068,6435,2145,,,3,1,ff41306bda71,05f26dbef096a42e,07cd93e03295,require_all_classes,"{""missing_in_test"": [], ""missing_in_train"": []}",{}
d2_beef_uncontrolled|R0|regression|seed03|fold02,e2_main_d2,d2_beef_uncontrolled,R0,regression,3,2,16,1.4.0,real,True,ok,,2026-09-21T21:22:01Z,2.224297464825213,6435,2145,,,3,1,31c8eaca9098,9b03652f18e3034b,07cd93e03295,require_all_classes,"{""missing_in_test"": [], ""missing_in_train"": []}",{}
d2_beef_uncontrolled|R0|regression|seed03|fold03,e2_main_d2,d2_beef_uncontrolled,R0,regression,3,3,16,1.4.0,real,True,ok,,2026-09-21T21:22:49Z,2.155231579206884,6435,2145,,,3,1,73fd7314e359,b8b205ad3a9a568b,07cd93e03295,require_all_classes,"{""missing_in_test"": [], ""missing_in_train"": []}",{}
d2_beef_uncontrolled|R0|regression|seed03|fold04,e2_main_d2,d2_beef_uncontrolled,R0,regression,3,4,16,1.4.0,real,True,ok,,2026-09-21T21:23:37Z,2.2015872560441494,6435,2145,,,3,1,a4933ae9f507,322200fd28653d1f,07cd93e03295,require_all_classes,"{""missing_in_test"": [], ""missing_in_train"": []}",{}
d2_beef_uncontrolled|R0|regression|seed04|fold00,e2_main_d2,d2_beef_uncontrolled,R0,regression,4,0,16,1.4.0,real,True,ok,,2026-09-21T21:24:26Z,2.1881823097355664,6435,2145,,,3,1,ab20f229b2e5,493af2cc148c422c,07cd93e03295,require_all_classes,"{""missing_in_test"": [], ""missing_in_train"": []}",{}
d2_beef_uncontrolled|R0|regression|seed04|fold01,e2_main_d2,d2_beef_uncontrolled,R0,regression,4,1,16,1.4.0,real,True,ok,,2026-09-21T21:25:13Z,2.13886900478974,6435,2145,,,3,1,6b2262999c63,b4a52f29c49b013b,07cd93e03295,require_all_classes,"{""missing_in_test"": [], ""missing_in_train"": []}",{}
d2_beef_uncontrolled|R0|regression|seed04|fold02,e2_main_d2,d2_beef_uncontrolled,R0,regression,4,2,16,1.4.0,real,True,ok,,2026-09-21T21:26:02Z,2.1401367029175162,6435,2145,,,3,1,557db8e1a73e,2e02c9746fb7c234,07cd93e03295,require_all_classes,"{""missing_in_test"": [], ""missing_in_train"": []}",{}
d2_beef_uncontrolled|R0|regression|seed04|fold03,e2_main_d2,d2_beef_uncontrolled,R0,regression,4,3,16,1.4.0,real,True,ok,,2026-09-21T21:26:50Z,2.221037330571562,6435,2145,,,3,1,9dd348ffc2ab,5e73ed2f3dce1d95,07cd93e03295,require_all_classes,"{""missing_in_test"": [], ""missing_in_train"": []}",{}
d2_beef_uncontrolled|R0|regression|seed04|fold04,e2_main_d2,d2_beef_uncontrolled,R0,regression,4,4,16,1.4.0,real,True,ok,,2026-09-21T21:27:38Z,2.1162227536551654,6435,2145,,,3,1,faf19bcdc9b9,ff7ee12efaec8bdf,07cd93e03295,require_all_classes,"{""missing_in_test"": [], ""missing_in_train"": []}",{}
d2_beef_uncontrolled|R0|regression|seed05|fold00,e2_main_d2,d2_beef_uncontrolled,R0,regression,5,0,16,1.4.0,real,True,ok,,2026-09-21T21:08:27Z,2.675836115144193,6435,2145,,,3,1,413cdd715162,124a362e01227018,d0f6ac5c4964,require_all_classes,"{""missing_in_test"": [], ""missing_in_train"": []}",{}
d2_beef_uncontrolled|R0|regression|seed05|fold01,e2_main_d2,d2_beef_uncontrolled,R0,regression,5,1,16,1.4.0,real,True,ok,,2026-09-21T21:09:20Z,2.5920825200155377,6435,2145,,,3,1,a8b8c30a5944,a7cc75ab13d69ba2,d0f6ac5c4964,require_all_classes,"{""missing_in_test"": [], ""missing_in_train"": []}",{}
d2_beef_uncontrolled|R0|regression|seed05|fold02,e2_main_d2,d2_beef_uncontrolled,R0,regression,5,2,16,1.4.0,real,True,ok,,2026-09-21T21:10:13Z,2.1069891899824142,6435,2145,,,3,1,9de5f792dc27,39a862977e860918,d0f6ac5c4964,require_all_classes,"{""missing_in_test"": [], ""missing_in_train"": []}",{}
d2_beef_uncontrolled|R0|regression|seed05|fold03,e2_main_d2,d2_beef_uncontrolled,R0,regression,5,3,16,1.4.0,real,True,ok,,2026-09-21T21:11:01Z,2.1413244297727942,6435,2145,,,3,1,a5838cf9641b,5478392e5ce33d48,d0f6ac5c4964,require_all_classes,"{""missing_in_test"": [], ""missing_in_train"": []}",{}
d2_beef_uncontrolled|R0|regression|seed05|fold04,e2_main_d2,d2_beef_uncontrolled,R0,regression,5,4,16,1.4.0,real,True,ok,,2026-09-21T21:11:49Z,2.105349446646869,6435,2145,,,3,1,6eee1b95b6aa,d8613052c2c389cc,d0f6ac5c4964,require_all_classes,"{""missing_in_test"": [], ""missing_in_train"": []}",{}
d2_beef_uncontrolled|R0|regression|seed06|fold00,e2_main_d2,d2_beef_uncontrolled,R0,regression,6,0,16,1.4.0,real,True,ok,,2026-09-21T21:12:37Z,2.176306216046214,6435,2145,,,3,1,477c37a8ab73,999f2fb47876dea2,d0f6ac5c4964,require_all_classes,"{""missing_in_test"": [], ""missing_in_train"": []}",{}
d2_beef_uncontrolled|R0|regression|seed06|fold01,e2_main_d2,d2_beef_uncontrolled,R0,regression,6,1,16,1.4.0,real,True,ok,,2026-09-21T21:13:26Z,2.1674561626277864,6435,2145,,,3,1,1c2e3ba58278,19ec3bbed7d5b2eb,d0f6ac5c4964,require_all_classes,"{""missing_in_test"": [], ""missing_in_train"": []}",{}
d2_beef_uncontrolled|R0|regression|seed06|fold02,e2_main_d2,d2_beef_uncontrolled,R0,regression,6,2,16,1.4.0,real,True,ok,,2026-09-21T21:14:13Z,2.077305354177952,6435,2145,,,3,1,54ff457155dd,c1acc48e206f747d,d0f6ac5c4964,require_all_classes,"{""missing_in_test"": [], ""missing_in_train"": []}",{}
d2_beef_uncontrolled|R0|regression|seed06|fold03,e2_main_d2,d2_beef_uncontrolled,R0,regression,6,3,16,1.4.0,real,True,ok,,2026-09-21T21:15:02Z,2.088332393206656,6435,2145,,,3,1,a877630b86ff,74692320438fa53a,d0f6ac5c4964,require_all_classes,"{""missing_in_test"": [], ""missing_in_train"": []}",{}
d2_beef_uncontrolled|R0|regression|seed06|fold04,e2_main_d2,d2_beef_uncontrolled,R0,regression,6,4,16,1.4.0,real,True,ok,,2026-09-21T21:15:50Z,2.18289164500311,6435,2145,,,3,1,308afc6cb592,4f764ccf8e1a7abc,d0f6ac5c4964,require_all_classes,"{""missing_in_test"": [], ""missing_in_train"": []}",{}
d2_beef_uncontrolled|R0|regression|seed07|fold00,e2_main_d2,d2_beef_uncontrolled,R0,regression,7,0,16,1.4.0,real,True,ok,,2026-09-21T21:16:38Z,2.2501090932637453,6435,2145,,,3,1,7b279b72dfb8,5d9903c2721160eb,d0f6ac5c4964,require_all_classes,"{""missing_in_test"": [], ""missing_in_train"": []}",{}
d2_beef_uncontrolled|R0|regression|seed07|fold01,e2_main_d2,d2_beef_uncontrolled,R0,regression,7,1,16,1.4.0,real,True,ok,,2026-09-21T21:17:26Z,2.247801355086267,6435,2145,,,3,1,bb1e5578b9e3,57469a48c08c05f6,d0f6ac5c4964,require_all_classes,"{""missing_in_test"": [], ""missing_in_train"": []}",{}
d2_beef_uncontrolled|R0|regression|seed07|fold02,e2_main_d2,d2_beef_uncontrolled,R0,regression,7,2,16,1.4.0,real,True,ok,,2026-09-21T21:18:13Z,2.2331513059325516,6435,2145,,,3,1,ba39acccb154,c2d5e07bb56e5a94,d0f6ac5c4964,require_all_classes,"{""missing_in_test"": [], ""missing_in_train"": []}",{}
d2_beef_uncontrolled|R0|regression|seed07|fold03,e2_main_d2,d2_beef_uncontrolled,R0,regression,7,3,16,1.4.0,real,True,ok,,2026-09-21T21:19:02Z,2.2248926730826497,6435,2145,,,3,1,4726b95fa672,d6416987863cfa6f,d0f6ac5c4964,require_all_classes,"{""missing_in_test"": [], ""missing_in_train"": []}",{}
d2_beef_uncontrolled|R0|regression|seed07|fold04,e2_main_d2,d2_beef_uncontrolled,R0,regression,7,4,16,1.4.0,real,True,ok,,2026-09-21T21:19:49Z,2.2723303521052003,6435,2145,,,3,1,2e34c9f360a4,0c053049a1d7dd01,d0f6ac5c4964,require_all_classes,"{""missing_in_test"": [], ""missing_in_train"": []}",{}
d2_beef_uncontrolled|R0|regression|seed08|fold00,e2_main_d2,d2_beef_uncontrolled,R0,regression,8,0,16,1.4.0,real,True,ok,,2026-09-21T21:20:38Z,2.451145169790834,6435,2145,,,3,1,760fd382be4c,01ece3ff9c62030a,d0f6ac5c4964,require_all_classes,"{""missing_in_test"": [], ""missing_in_train"": []}",{}
d2_beef_uncontrolled|R0|regression|seed08|fold01,e2_main_d2,d2_beef_uncontrolled,R0,regression,8,1,16,1.4.0,real,True,ok,,2026-09-21T21:21:26Z,2.297999519854784,6435,2145,,,3,1,f60758215a07,30990f89bd5a6752,d0f6ac5c4964,require_all_classes,"{""missing_in_test"": [], ""missing_in_train"": []}",{}
d2_beef_uncontrolled|R0|regression|seed08|fold02,e2_main_d2,d2_beef_uncontrolled,R0,regression,8,2,16,1.4.0,real,True,ok,,2026-09-21T21:22:14Z,2.494039561599493,6435,2145,,,3,1,b12aea5b360e,6eda4d0d1faad6d2,d0f6ac5c4964,require_all_classes,"{""missing_in_test"": [], ""missing_in_train"": []}",{}
d2_beef_uncontrolled|R0|regression|seed08|fold03,e2_main_d2,d2_beef_uncontrolled,R0,regression,8,3,16,1.4.0,real,True,ok,,2026-09-21T21:23:01Z,2.283405683003366,6435,2145,,,3,1,d24ce02cae99,7e8fa58649b770de,d0f6ac5c4964,require_all_classes,"{""missing_in_test"": [], ""missing_in_train"": []}",{}
d2_beef_uncontrolled|R0|regression|seed08|fold04,e2_main_d2,d2_beef_uncontrolled,R0,regression,8,4,16,1.4.0,real,True,ok,,2026-09-21T21:23:49Z,2.445261628832668,6435,2145,,,3,1,02ddc5401296,1d2c9a33763ea025,d0f6ac5c4964,require_all_classes,"{""missing_in_test"": [], ""missing_in_train"": []}",{}
d2_beef_uncontrolled|R0|regression|seed09|fold00,e2_main_d2,d2_beef_uncontrolled,R0,regression,9,0,16,1.4.0,real,True,ok,,2026-09-21T21:24:38Z,2.2450852398760617,6435,2145,,,3,1,523607d0ddee,2bee235fabf36459,d0f6ac5c4964,require_all_classes,"{""missing_in_test"": [], ""missing_in_train"": []}",{}
d2_beef_uncontrolled|R0|regression|seed09|fold01,e2_main_d2,d2_beef_uncontrolled,R0,regression,9,1,16,1.4.0,real,True,ok,,2026-09-21T21:25:25Z,2.344287530053407,6435,2145,,,3,1,de265fd108a1,1ca639db415fae66,d0f6ac5c4964,require_all_classes,"{""missing_in_test"": [], ""missing_in_train"": []}",{}
d2_beef_uncontrolled|R0|regression|seed09|fold02,e2_main_d2,d2_beef_uncontrolled,R0,regression,9,2,16,1.4.0,real,True,ok,,2026-09-21T21:26:14Z,2.240282707847655,6435,2145,,,3,1,9a76beab3005,c7c5151f924d3eb7,d0f6ac5c4964,require_all_classes,"{""missing_in_test"": [], ""missing_in_train"": []}",{}
d2_beef_uncontrolled|R0|regression|seed09|fold03,e2_main_d2,d2_beef_uncontrolled,R0,regression,9,3,16,1.4.0,real,True,ok,,2026-09-21T21:27:01Z,2.3277562148869038,6435,2145,,,3,1,bcc42ac9806b,6579ae138048190a,d0f6ac5c4964,require_all_classes,"{""missing_in_test"": [], ""missing_in_train"": []}",{}
d2_beef_uncontrolled|R0|regression|seed09|fold04,e2_main_d2,d2_beef_uncontrolled,R0,regression,9,4,16,1.4.0,real,True,ok,,2026-09-21T21:27:49Z,2.3685047761537135,6435,2145,,,3,1,3b4893542c85,2e948efde325e65b,d0f6ac5c4964,require_all_classes,"{""missing_in_test"": [], ""missing_in_train"": []}",{}
d2_beef_uncontrolled|R1|classification|seed00|fold00,e2_main_d2,d2_beef_uncontrolled,R1,classification,0,0,16,1.4.0,real,True,ok,,2026-09-21T21:08:01Z,2.550153241958469,6435,2145,,,3,1,20a70c561f8e,45c87a4ad9a71818,07cd93e03295,require_all_classes,"{""missing_in_test"": [], ""missing_in_train"": []}",{}
d2_beef_uncontrolled|R1|classification|seed00|fold01,e2_main_d2,d2_beef_uncontrolled,R1,classification,0,1,16,1.4.0,real,True,ok,,2026-09-21T21:08:49Z,2.7422055727802217,6435,2145,,,3,1,6c9ef01abdf9,8b0c8893f3c4d82e,07cd93e03295,require_all_classes,"{""missing_in_test"": [], ""missing_in_train"": []}",{}
d2_beef_uncontrolled|R1|classification|seed00|fold02,e2_main_d2,d2_beef_uncontrolled,R1,classification,0,2,16,1.4.0,real,True,ok,,2026-09-21T21:09:37Z,2.5153514058329165,6435,2145,,,3,1,8f5d6031eff3,0012c537bfc44231,07cd93e03295,require_all_classes,"{""missing_in_test"": [], ""missing_in_train"": []}",{}
d2_beef_uncontrolled|R1|classification|seed00|fold03,e2_main_d2,d2_beef_uncontrolled,R1,classification,0,3,16,1.4.0,real,True,ok,,2026-09-21T21:10:25Z,2.91539662797004,6435,2145,,,3,1,940f76d29b89,cb4c3c6f1d1f8ae6,07cd93e03295,require_all_classes,"{""missing_in_test"": [], ""missing_in_train"": []}",{}
d2_beef_uncontrolled|R1|classification|seed00|fold04,e2_main_d2,d2_beef_uncontrolled,R1,classification,0,4,16,1.4.0,real,True,ok,,2026-09-21T21:11:13Z,2.8515566387213767,6435,2145,,,3,1,b01bbf6f9575,fcad8c796a9ac221,07cd93e03295,require_all_classes,"{""missing_in_test"": [], ""missing_in_train"": []}",{}
d2_beef_uncontrolled|R1|classification|seed01|fold00,e2_main_d2,d2_beef_uncontrolled,R1,classification,1,0,16,1.4.0,real,True,ok,,2026-09-21T21:12:01Z,2.8826254210434854,6435,2145,,,3,1,92d667f81d03,dd9b9e0fcb5e6afe,07cd93e03295,require_all_classes,"{""missing_in_test"": [], ""missing_in_train"": []}",{}
d2_beef_uncontrolled|R1|classification|seed01|fold01,e2_main_d2,d2_beef_uncontrolled,R1,classification,1,1,16,1.4.0,real,True,ok,,2026-09-21T21:12:49Z,2.862692982889712,6435,2145,,,3,1,63eaca80ac77,5dfbe95161cdd4f4,07cd93e03295,require_all_classes,"{""missing_in_test"": [], ""missing_in_train"": []}",{}
d2_beef_uncontrolled|R1|classification|seed01|fold02,e2_main_d2,d2_beef_uncontrolled,R1,classification,1,2,16,1.4.0,real,True,ok,,2026-09-21T21:13:37Z,2.9093512250110507,6435,2145,,,3,1,14ed105fd91e,b55b99c5345148ce,07cd93e03295,require_all_classes,"{""missing_in_test"": [], ""missing_in_train"": []}",{}
d2_beef_uncontrolled|R1|classification|seed01|fold03,e2_main_d2,d2_beef_uncontrolled,R1,classification,1,3,16,1.4.0,real,True,ok,,2026-09-21T21:14:24Z,2.940356587059796,6435,2145,,,3,1,99c64364d832,035fc3b748c0b2b4,07cd93e03295,require_all_classes,"{""missing_in_test"": [], ""missing_in_train"": []}",{}
d2_beef_uncontrolled|R1|classification|seed01|fold04,e2_main_d2,d2_beef_uncontrolled,R1,classification,1,4,16,1.4.0,real,True,ok,,2026-09-21T21:15:14Z,2.986028145067394,6435,2145,,,3,1,fa4200209670,774b555b5a7e28aa,07cd93e03295,require_all_classes,"{""missing_in_test"": [], ""missing_in_train"": []}",{}
d2_beef_uncontrolled|R1|classification|seed02|fold00,e2_main_d2,d2_beef_uncontrolled,R1,classification,2,0,16,1.4.0,real,True,ok,,2026-09-21T21:16:02Z,2.733345746062696,6435,2145,,,3,1,38e11e05422e,9f6db00c71491cef,07cd93e03295,require_all_classes,"{""missing_in_test"": [], ""missing_in_train"": []}",{}
d2_beef_uncontrolled|R1|classification|seed02|fold01,e2_main_d2,d2_beef_uncontrolled,R1,classification,2,1,16,1.4.0,real,True,ok,,2026-09-21T21:16:50Z,2.905776338186115,6435,2145,,,3,1,8a87c8dddc86,3af151af4c58b185,07cd93e03295,require_all_classes,"{""missing_in_test"": [], ""missing_in_train"": []}",{}
d2_beef_uncontrolled|R1|classification|seed02|fold02,e2_main_d2,d2_beef_uncontrolled,R1,classification,2,2,16,1.4.0,real,True,ok,,2026-09-21T21:17:38Z,2.6905299620702863,6435,2145,,,3,1,545d378c28a6,b063841971df2267,07cd93e03295,require_all_classes,"{""missing_in_test"": [], ""missing_in_train"": []}",{}
d2_beef_uncontrolled|R1|classification|seed02|fold03,e2_main_d2,d2_beef_uncontrolled,R1,classification,2,3,16,1.4.0,real,True,ok,,2026-09-21T21:18:26Z,2.7295205551199615,6435,2145,,,3,1,289906332a4f,f70e09b81d00027d,07cd93e03295,require_all_classes,"{""missing_in_test"": [], ""missing_in_train"": []}",{}
d2_beef_uncontrolled|R1|classification|seed02|fold04,e2_main_d2,d2_beef_uncontrolled,R1,classification,2,4,16,1.4.0,real,True,ok,,2026-09-21T21:19:14Z,2.7173845660872757,6435,2145,,,3,1,202906f4d7e1,f89d4403bf262bc6,07cd93e03295,require_all_classes,"{""missing_in_test"": [], ""missing_in_train"": []}",{}
d2_beef_uncontrolled|R1|classification|seed03|fold00,e2_main_d2,d2_beef_uncontrolled,R1,classification,3,0,16,1.4.0,real,True,ok,,2026-09-21T21:20:02Z,2.936251139268279,6435,2145,,,3,1,0e087c313624,f40a22cda0c31aeb,07cd93e03295,require_all_classes,"{""missing_in_test"": [], ""missing_in_train"": []}",{}
d2_beef_uncontrolled|R1|classification|seed03|fold01,e2_main_d2,d2_beef_uncontrolled,R1,classification,3,1,16,1.4.0,real,True,ok,,2026-09-21T21:20:51Z,2.8127954630181193,6435,2145,,,3,1,ff41306bda71,87d6884146b7d172,07cd93e03295,require_all_classes,"{""missing_in_test"": [], ""missing_in_train"": []}",{}
d2_beef_uncontrolled|R1|classification|seed03|fold02,e2_main_d2,d2_beef_uncontrolled,R1,classification,3,2,16,1.4.0,real,True,ok,,2026-09-21T21:21:38Z,2.740422608796507,6435,2145,,,3,1,31c8eaca9098,850d8c4a3963b127,07cd93e03295,require_all_classes,"{""missing_in_test"": [], ""missing_in_train"": []}",{}
d2_beef_uncontrolled|R1|classification|seed03|fold03,e2_main_d2,d2_beef_uncontrolled,R1,classification,3,3,16,1.4.0,real,True,ok,,2026-09-21T21:22:27Z,2.6957359691150486,6435,2145,,,3,1,73fd7314e359,5204defbea445fef,07cd93e03295,require_all_classes,"{""missing_in_test"": [], ""missing_in_train"": []}",{}
d2_beef_uncontrolled|R1|classification|seed03|fold04,e2_main_d2,d2_beef_uncontrolled,R1,classification,3,4,16,1.4.0,real,True,ok,,2026-09-21T21:23:14Z,2.735379143152386,6435,2145,,,3,1,a4933ae9f507,0e24f523a771dd5d,07cd93e03295,require_all_classes,"{""missing_in_test"": [], ""missing_in_train"": []}",{}
d2_beef_uncontrolled|R1|classification|seed04|fold00,e2_main_d2,d2_beef_uncontrolled,R1,classification,4,0,16,1.4.0,real,True,ok,,2026-09-21T21:24:03Z,2.790481463074684,6435,2145,,,3,1,ab20f229b2e5,4b2c44e0b4291599,07cd93e03295,require_all_classes,"{""missing_in_test"": [], ""missing_in_train"": []}",{}
d2_beef_uncontrolled|R1|classification|seed04|fold01,e2_main_d2,d2_beef_uncontrolled,R1,classification,4,1,16,1.4.0,real,True,ok,,2026-09-21T21:24:51Z,2.7967186090536416,6435,2145,,,3,1,6b2262999c63,0afb7bc338f17350,07cd93e03295,require_all_classes,"{""missing_in_test"": [], ""missing_in_train"": []}",{}
d2_beef_uncontrolled|R1|classification|seed04|fold02,e2_main_d2,d2_beef_uncontrolled,R1,classification,4,2,16,1.4.0,real,True,ok,,2026-09-21T21:25:39Z,2.902367538306862,6435,2145,,,3,1,557db8e1a73e,a224ed5de88a69d7,07cd93e03295,require_all_classes,"{""missing_in_test"": [], ""missing_in_train"": []}",{}
d2_beef_uncontrolled|R1|classification|seed04|fold03,e2_main_d2,d2_beef_uncontrolled,R1,classification,4,3,16,1.4.0,real,True,ok,,2026-09-21T21:26:27Z,2.6699274559505284,6435,2145,,,3,1,9dd348ffc2ab,000cd2537d89a208,07cd93e03295,require_all_classes,"{""missing_in_test"": [], ""missing_in_train"": []}",{}
d2_beef_uncontrolled|R1|classification|seed04|fold04,e2_main_d2,d2_beef_uncontrolled,R1,classification,4,4,16,1.4.0,real,True,ok,,2026-09-21T21:27:15Z,2.6622038590721786,6435,2145,,,3,1,faf19bcdc9b9,c9fb0221d3aff4bd,07cd93e03295,require_all_classes,"{""missing_in_test"": [], ""missing_in_train"": []}",{}
d2_beef_uncontrolled|R1|classification|seed05|fold00,e2_main_d2,d2_beef_uncontrolled,R1,classification,5,0,16,1.4.0,real,True,ok,,2026-09-21T21:08:02Z,2.9427528576925397,6435,2145,,,3,1,413cdd715162,60be45799d4c762b,d0f6ac5c4964,require_all_classes,"{""missing_in_test"": [], ""missing_in_train"": []}",{}
d2_beef_uncontrolled|R1|classification|seed05|fold01,e2_main_d2,d2_beef_uncontrolled,R1,classification,5,1,16,1.4.0,real,True,ok,,2026-09-21T21:08:55Z,2.9190347492694855,6435,2145,,,3,1,a8b8c30a5944,0b4d8f7b0bb4f729,d0f6ac5c4964,require_all_classes,"{""missing_in_test"": [], ""missing_in_train"": []}",{}
d2_beef_uncontrolled|R1|classification|seed05|fold02,e2_main_d2,d2_beef_uncontrolled,R1,classification,5,2,16,1.4.0,real,True,ok,,2026-09-21T21:09:48Z,3.0060873152688146,6435,2145,,,3,1,9de5f792dc27,128cd4a590ef0e3b,d0f6ac5c4964,require_all_classes,"{""missing_in_test"": [], ""missing_in_train"": []}",{}
d2_beef_uncontrolled|R1|classification|seed05|fold03,e2_main_d2,d2_beef_uncontrolled,R1,classification,5,3,16,1.4.0,real,True,ok,,2026-09-21T21:10:38Z,2.574279546737671,6435,2145,,,3,1,a5838cf9641b,550d32245214c108,d0f6ac5c4964,require_all_classes,"{""missing_in_test"": [], ""missing_in_train"": []}",{}
d2_beef_uncontrolled|R1|classification|seed05|fold04,e2_main_d2,d2_beef_uncontrolled,R1,classification,5,4,16,1.4.0,real,True,ok,,2026-09-21T21:11:26Z,2.51609479309991,6435,2145,,,3,1,6eee1b95b6aa,e36177eeed55fb99,d0f6ac5c4964,require_all_classes,"{""missing_in_test"": [], ""missing_in_train"": []}",{}
d2_beef_uncontrolled|R1|classification|seed06|fold00,e2_main_d2,d2_beef_uncontrolled,R1,classification,6,0,16,1.4.0,real,True,ok,,2026-09-21T21:12:14Z,2.5414195666089654,6435,2145,,,3,1,477c37a8ab73,f3ad60a8919aed0c,d0f6ac5c4964,require_all_classes,"{""missing_in_test"": [], ""missing_in_train"": []}",{}
d2_beef_uncontrolled|R1|classification|seed06|fold01,e2_main_d2,d2_beef_uncontrolled,R1,classification,6,1,16,1.4.0,real,True,ok,,2026-09-21T21:13:02Z,2.596218964084983,6435,2145,,,3,1,1c2e3ba58278,d2edcf38d957be78,d0f6ac5c4964,require_all_classes,"{""missing_in_test"": [], ""missing_in_train"": []}",{}
d2_beef_uncontrolled|R1|classification|seed06|fold02,e2_main_d2,d2_beef_uncontrolled,R1,classification,6,2,16,1.4.0,real,True,ok,,2026-09-21T21:13:50Z,2.5759526011534035,6435,2145,,,3,1,54ff457155dd,7ff094eb339d49df,d0f6ac5c4964,require_all_classes,"{""missing_in_test"": [], ""missing_in_train"": []}",{}
d2_beef_uncontrolled|R1|classification|seed06|fold03,e2_main_d2,d2_beef_uncontrolled,R1,classification,6,3,16,1.4.0,real,True,ok,,2026-09-21T21:14:38Z,2.68980884924531,6435,2145,,,3,1,a877630b86ff,075758ba71308e79,d0f6ac5c4964,require_all_classes,"{""missing_in_test"": [], ""missing_in_train"": []}",{}
d2_beef_uncontrolled|R1|classification|seed06|fold04,e2_main_d2,d2_beef_uncontrolled,R1,classification,6,4,16,1.4.0,real,True,ok,,2026-09-21T21:15:27Z,2.6352761648595333,6435,2145,,,3,1,308afc6cb592,7291fd08cbcf4d3d,d0f6ac5c4964,require_all_classes,"{""missing_in_test"": [], ""missing_in_train"": []}",{}
d2_beef_uncontrolled|R1|classification|seed07|fold00,e2_main_d2,d2_beef_uncontrolled,R1,classification,7,0,16,1.4.0,real,True,ok,,2026-09-21T21:16:14Z,2.5390648213215172,6435,2145,,,3,1,7b279b72dfb8,734000523c11db11,d0f6ac5c4964,require_all_classes,"{""missing_in_test"": [], ""missing_in_train"": []}",{}
d2_beef_uncontrolled|R1|classification|seed07|fold01,e2_main_d2,d2_beef_uncontrolled,R1,classification,7,1,16,1.4.0,real,True,ok,,2026-09-21T21:17:02Z,2.56779194297269,6435,2145,,,3,1,bb1e5578b9e3,3cbdf5c6f322ddf6,d0f6ac5c4964,require_all_classes,"{""missing_in_test"": [], ""missing_in_train"": []}",{}
d2_beef_uncontrolled|R1|classification|seed07|fold02,e2_main_d2,d2_beef_uncontrolled,R1,classification,7,2,16,1.4.0,real,True,ok,,2026-09-21T21:17:50Z,2.507229029200971,6435,2145,,,3,1,ba39acccb154,fb3b164c0673bbc9,d0f6ac5c4964,require_all_classes,"{""missing_in_test"": [], ""missing_in_train"": []}",{}
d2_beef_uncontrolled|R1|classification|seed07|fold03,e2_main_d2,d2_beef_uncontrolled,R1,classification,7,3,16,1.4.0,real,True,ok,,2026-09-21T21:18:39Z,2.7038872921839356,6435,2145,,,3,1,4726b95fa672,edce8d18c69b9978,d0f6ac5c4964,require_all_classes,"{""missing_in_test"": [], ""missing_in_train"": []}",{}
d2_beef_uncontrolled|R1|classification|seed07|fold04,e2_main_d2,d2_beef_uncontrolled,R1,classification,7,4,16,1.4.0,real,True,ok,,2026-09-21T21:19:26Z,2.545886824838817,6435,2145,,,3,1,2e34c9f360a4,dd4d56f0bd37437b,d0f6ac5c4964,require_all_classes,"{""missing_in_test"": [], ""missing_in_train"": []}",{}
d2_beef_uncontrolled|R1|classification|seed08|fold00,e2_main_d2,d2_beef_uncontrolled,R1,classification,8,0,16,1.4.0,real,True,ok,,2026-09-21T21:20:14Z,2.669389402028173,6435,2145,,,3,1,760fd382be4c,1338394f4f0f3ce8,d0f6ac5c4964,require_all_classes,"{""missing_in_test"": [], ""missing_in_train"": []}",{}
d2_beef_uncontrolled|R1|classification|seed08|fold01,e2_main_d2,d2_beef_uncontrolled,R1,classification,8,1,16,1.4.0,real,True,ok,,2026-09-21T21:21:03Z,2.5687382840551436,6435,2145,,,3,1,f60758215a07,a186fe49650579e6,d0f6ac5c4964,require_all_classes,"{""missing_in_test"": [], ""missing_in_train"": []}",{}
d2_beef_uncontrolled|R1|classification|seed08|fold02,e2_main_d2,d2_beef_uncontrolled,R1,classification,8,2,16,1.4.0,real,True,ok,,2026-09-21T21:21:50Z,2.7445649337023497,6435,2145,,,3,1,b12aea5b360e,d5a0c5b27b440259,d0f6ac5c4964,require_all_classes,"{""missing_in_test"": [], ""missing_in_train"": []}",{}
d2_beef_uncontrolled|R1|classification|seed08|fold03,e2_main_d2,d2_beef_uncontrolled,R1,classification,8,3,16,1.4.0,real,True,ok,,2026-09-21T21:22:39Z,2.6668379767797887,6435,2145,,,3,1,d24ce02cae99,ba83294bdefb2670,d0f6ac5c4964,require_all_classes,"{""missing_in_test"": [], ""missing_in_train"": []}",{}
d2_beef_uncontrolled|R1|classification|seed08|fold04,e2_main_d2,d2_beef_uncontrolled,R1,classification,8,4,16,1.4.0,real,True,ok,,2026-09-21T21:23:26Z,2.5117108789272606,6435,2145,,,3,1,02ddc5401296,a72e408e2130ab15,d0f6ac5c4964,require_all_classes,"{""missing_in_test"": [], ""missing_in_train"": []}",{}
d2_beef_uncontrolled|R1|classification|seed09|fold00,e2_main_d2,d2_beef_uncontrolled,R1,classification,9,0,16,1.4.0,real,True,ok,,2026-09-21T21:24:15Z,2.5408341689035296,6435,2145,,,3,1,523607d0ddee,01d0815b6056f293,d0f6ac5c4964,require_all_classes,"{""missing_in_test"": [], ""missing_in_train"": []}",{}
d2_beef_uncontrolled|R1|classification|seed09|fold01,e2_main_d2,d2_beef_uncontrolled,R1,classification,9,1,16,1.4.0,real,True,ok,,2026-09-21T21:25:02Z,2.5743675781413913,6435,2145,,,3,1,de265fd108a1,b07cd2967853cb38,d0f6ac5c4964,require_all_classes,"{""missing_in_test"": [], ""missing_in_train"": []}",{}
d2_beef_uncontrolled|R1|classification|seed09|fold02,e2_main_d2,d2_beef_uncontrolled,R1,classification,9,2,16,1.4.0,real,True,ok,,2026-09-21T21:25:50Z,2.6002367860637605,6435,2145,,,3,1,9a76beab3005,451356b3115e1abd,d0f6ac5c4964,require_all_classes,"{""missing_in_test"": [], ""missing_in_train"": []}",{}
d2_beef_uncontrolled|R1|classification|seed09|fold03,e2_main_d2,d2_beef_uncontrolled,R1,classification,9,3,16,1.4.0,real,True,ok,,2026-09-21T21:26:38Z,2.5826077801175416,6435,2145,,,3,1,bcc42ac9806b,d73c6b95f96b43c5,d0f6ac5c4964,require_all_classes,"{""missing_in_test"": [], ""missing_in_train"": []}",{}
d2_beef_uncontrolled|R1|classification|seed09|fold04,e2_main_d2,d2_beef_uncontrolled,R1,classification,9,4,16,1.4.0,real,True,ok,,2026-09-21T21:27:26Z,2.712704954203218,6435,2145,,,3,1,3b4893542c85,a663700237d4dbd7,d0f6ac5c4964,require_all_classes,"{""missing_in_test"": [], ""missing_in_train"": []}",{}
d2_beef_uncontrolled|R1|regression|seed00|fold00,e2_main_d2,d2_beef_uncontrolled,R1,regression,0,0,16,1.4.0,real,True,ok,,2026-09-21T21:08:25Z,2.172628545667976,6435,2145,,,3,1,20a70c561f8e,2a9ff4bc0276fc2b,07cd93e03295,require_all_classes,"{""missing_in_test"": [], ""missing_in_train"": []}",{}
d2_beef_uncontrolled|R1|regression|seed00|fold01,e2_main_d2,d2_beef_uncontrolled,R1,regression,0,1,16,1.4.0,real,True,ok,,2026-09-21T21:09:14Z,2.4167910991236567,6435,2145,,,3,1,6c9ef01abdf9,839701f260f4879d,07cd93e03295,require_all_classes,"{""missing_in_test"": [], ""missing_in_train"": []}",{}
d2_beef_uncontrolled|R1|regression|seed00|fold02,e2_main_d2,d2_beef_uncontrolled,R1,regression,0,2,16,1.4.0,real,True,ok,,2026-09-21T21:10:01Z,2.2306675612926483,6435,2145,,,3,1,8f5d6031eff3,7dd627dfae5e18fe,07cd93e03295,require_all_classes,"{""missing_in_test"": [], ""missing_in_train"": []}",{}
d2_beef_uncontrolled|R1|regression|seed00|fold03,e2_main_d2,d2_beef_uncontrolled,R1,regression,0,3,16,1.4.0,real,True,ok,,2026-09-21T21:10:49Z,2.192346094176173,6435,2145,,,3,1,940f76d29b89,964404b0aa395fed,07cd93e03295,require_all_classes,"{""missing_in_test"": [], ""missing_in_train"": []}",{}
d2_beef_uncontrolled|R1|regression|seed00|fold04,e2_main_d2,d2_beef_uncontrolled,R1,regression,0,4,16,1.4.0,real,True,ok,,2026-09-21T21:11:37Z,2.198404514696449,6435,2145,,,3,1,b01bbf6f9575,097d44bf87f777ec,07cd93e03295,require_all_classes,"{""missing_in_test"": [], ""missing_in_train"": []}",{}
d2_beef_uncontrolled|R1|regression|seed01|fold00,e2_main_d2,d2_beef_uncontrolled,R1,regression,1,0,16,1.4.0,real,True,ok,,2026-09-21T21:12:25Z,2.1692819288000464,6435,2145,,,3,1,92d667f81d03,bb77ad8ca3dd791a,07cd93e03295,require_all_classes,"{""missing_in_test"": [], ""missing_in_train"": []}",{}
d2_beef_uncontrolled|R1|regression|seed01|fold01,e2_main_d2,d2_beef_uncontrolled,R1,regression,1,1,16,1.4.0,real,True,ok,,2026-09-21T21:13:14Z,2.183844483923167,6435,2145,,,3,1,63eaca80ac77,212e520f1a66c78a,07cd93e03295,require_all_classes,"{""missing_in_test"": [], ""missing_in_train"": []}",{}
d2_beef_uncontrolled|R1|regression|seed01|fold02,e2_main_d2,d2_beef_uncontrolled,R1,regression,1,2,16,1.4.0,real,True,ok,,2026-09-21T21:14:01Z,2.193092856090516,6435,2145,,,3,1,14ed105fd91e,cbbb379cb2a5fb4b,07cd93e03295,require_all_classes,"{""missing_in_test"": [], ""missing_in_train"": []}",{}
d2_beef_uncontrolled|R1|regression|seed01|fold03,e2_main_d2,d2_beef_uncontrolled,R1,regression,1,3,16,1.4.0,real,True,ok,,2026-09-21T21:14:50Z,2.378313752822578,6435,2145,,,3,1,99c64364d832,adac73963e2077db,07cd93e03295,require_all_classes,"{""missing_in_test"": [], ""missing_in_train"": []}",{}
d2_beef_uncontrolled|R1|regression|seed01|fold04,e2_main_d2,d2_beef_uncontrolled,R1,regression,1,4,16,1.4.0,real,True,ok,,2026-09-21T21:15:39Z,2.196734277997166,6435,2145,,,3,1,fa4200209670,a2d722e3a4857a44,07cd93e03295,require_all_classes,"{""missing_in_test"": [], ""missing_in_train"": []}",{}
d2_beef_uncontrolled|R1|regression|seed02|fold00,e2_main_d2,d2_beef_uncontrolled,R1,regression,2,0,16,1.4.0,real,True,ok,,2026-09-21T21:16:27Z,2.291883072350174,6435,2145,,,3,1,38e11e05422e,9ac42ce8f319d0a7,07cd93e03295,require_all_classes,"{""missing_in_test"": [], ""missing_in_train"": []}",{}
d2_beef_uncontrolled|R1|regression|seed02|fold01,e2_main_d2,d2_beef_uncontrolled,R1,regression,2,1,16,1.4.0,real,True,ok,,2026-09-21T21:17:15Z,2.252315117046237,6435,2145,,,3,1,8a87c8dddc86,1e3725a091cdf2d4,07cd93e03295,require_all_classes,"{""missing_in_test"": [], ""missing_in_train"": []}",{}
d2_beef_uncontrolled|R1|regression|seed02|fold02,e2_main_d2,d2_beef_uncontrolled,R1,regression,2,2,16,1.4.0,real,True,ok,,2026-09-21T21:18:02Z,2.1806531250476837,6435,2145,,,3,1,545d378c28a6,97a0a933c8289657,07cd93e03295,require_all_classes,"{""missing_in_test"": [], ""missing_in_train"": []}",{}
d2_beef_uncontrolled|R1|regression|seed02|fold03,e2_main_d2,d2_beef_uncontrolled,R1,regression,2,3,16,1.4.0,real,True,ok,,2026-09-21T21:18:51Z,2.210388799663633,6435,2145,,,3,1,289906332a4f,210ec6bdd51cbb8b,07cd93e03295,require_all_classes,"{""missing_in_test"": [], ""missing_in_train"": []}",{}
d2_beef_uncontrolled|R1|regression|seed02|fold04,e2_main_d2,d2_beef_uncontrolled,R1,regression,2,4,16,1.4.0,real,True,ok,,2026-09-21T21:19:39Z,2.1861169091425836,6435,2145,,,3,1,202906f4d7e1,fae0ea7890c4c9ed,07cd93e03295,require_all_classes,"{""missing_in_test"": [], ""missing_in_train"": []}",{}
d2_beef_uncontrolled|R1|regression|seed03|fold00,e2_main_d2,d2_beef_uncontrolled,R1,regression,3,0,16,1.4.0,real,True,ok,,2026-09-21T21:20:27Z,2.211174697149545,6435,2145,,,3,1,0e087c313624,8f5f114bd11e8293,07cd93e03295,require_all_classes,"{""missing_in_test"": [], ""missing_in_train"": []}",{}
d2_beef_uncontrolled|R1|regression|seed03|fold01,e2_main_d2,d2_beef_uncontrolled,R1,regression,3,1,16,1.4.0,real,True,ok,,2026-09-21T21:21:15Z,2.2012635841965675,6435,2145,,,3,1,ff41306bda71,a4ccaefb44e2c619,07cd93e03295,require_all_classes,"{""missing_in_test"": [], ""missing_in_train"": []}",{}
d2_beef_uncontrolled|R1|regression|seed03|fold02,e2_main_d2,d2_beef_uncontrolled,R1,regression,3,2,16,1.4.0,real,True,ok,,2026-09-21T21:22:03Z,2.2059996612370014,6435,2145,,,3,1,31c8eaca9098,69260faeee99501e,07cd93e03295,require_all_classes,"{""missing_in_test"": [], ""missing_in_train"": []}",{}
d2_beef_uncontrolled|R1|regression|seed03|fold03,e2_main_d2,d2_beef_uncontrolled,R1,regression,3,3,16,1.4.0,real,True,ok,,2026-09-21T21:22:51Z,2.168129000812769,6435,2145,,,3,1,73fd7314e359,0c1ec2e88475d79a,07cd93e03295,require_all_classes,"{""missing_in_test"": [], ""missing_in_train"": []}",{}
d2_beef_uncontrolled|R1|regression|seed03|fold04,e2_main_d2,d2_beef_uncontrolled,R1,regression,3,4,16,1.4.0,real,True,ok,,2026-09-21T21:23:39Z,2.320176310837269,6435,2145,,,3,1,a4933ae9f507,a1bcb5e289f5c772,07cd93e03295,require_all_classes,"{""missing_in_test"": [], ""missing_in_train"": []}",{}
d2_beef_uncontrolled|R1|regression|seed04|fold00,e2_main_d2,d2_beef_uncontrolled,R1,regression,4,0,16,1.4.0,real,True,ok,,2026-09-21T21:24:28Z,2.165013234131038,6435,2145,,,3,1,ab20f229b2e5,f26a66e6c9fd7a8a,07cd93e03295,require_all_classes,"{""missing_in_test"": [], ""missing_in_train"": []}",{}
d2_beef_uncontrolled|R1|regression|seed04|fold01,e2_main_d2,d2_beef_uncontrolled,R1,regression,4,1,16,1.4.0,real,True,ok,,2026-09-21T21:25:15Z,2.290651876013726,6435,2145,,,3,1,6b2262999c63,cf2597c81c240deb,07cd93e03295,require_all_classes,"{""missing_in_test"": [], ""missing_in_train"": []}",{}
d2_beef_uncontrolled|R1|regression|seed04|fold02,e2_main_d2,d2_beef_uncontrolled,R1,regression,4,2,16,1.4.0,real,True,ok,,2026-09-21T21:26:04Z,2.1883178646676242,6435,2145,,,3,1,557db8e1a73e,35415a705b38eabe,07cd93e03295,require_all_classes,"{""missing_in_test"": [], ""missing_in_train"": []}",{}
d2_beef_uncontrolled|R1|regression|seed04|fold03,e2_main_d2,d2_beef_uncontrolled,R1,regression,4,3,16,1.4.0,real,True,ok,,2026-09-21T21:26:52Z,2.2655570870265365,6435,2145,,,3,1,9dd348ffc2ab,07c2101933432d9a,07cd93e03295,require_all_classes,"{""missing_in_test"": [], ""missing_in_train"": []}",{}
d2_beef_uncontrolled|R1|regression|seed04|fold04,e2_main_d2,d2_beef_uncontrolled,R1,regression,4,4,16,1.4.0,real,True,ok,,2026-09-21T21:27:40Z,2.200187328737229,6435,2145,,,3,1,faf19bcdc9b9,93609e2897995fdb,07cd93e03295,require_all_classes,"{""missing_in_test"": [], ""missing_in_train"": []}",{}
d2_beef_uncontrolled|R1|regression|seed05|fold00,e2_main_d2,d2_beef_uncontrolled,R1,regression,5,0,16,1.4.0,real,True,ok,,2026-09-21T21:08:30Z,2.9290037471801043,6435,2145,,,3,1,413cdd715162,fca8379564eefa6e,d0f6ac5c4964,require_all_classes,"{""missing_in_test"": [], ""missing_in_train"": []}",{}
d2_beef_uncontrolled|R1|regression|seed05|fold01,e2_main_d2,d2_beef_uncontrolled,R1,regression,5,1,16,1.4.0,real,True,ok,,2026-09-21T21:09:23Z,2.7328463648445904,6435,2145,,,3,1,a8b8c30a5944,be1afbadb3a698d7,d0f6ac5c4964,require_all_classes,"{""missing_in_test"": [], ""missing_in_train"": []}",{}
d2_beef_uncontrolled|R1|regression|seed05|fold02,e2_main_d2,d2_beef_uncontrolled,R1,regression,5,2,16,1.4.0,real,True,ok,,2026-09-21T21:10:15Z,2.172486873343587,6435,2145,,,3,1,9de5f792dc27,86e46bc7b85bbeae,d0f6ac5c4964,require_all_classes,"{""missing_in_test"": [], ""missing_in_train"": []}",{}
d2_beef_uncontrolled|R1|regression|seed05|fold03,e2_main_d2,d2_beef_uncontrolled,R1,regression,5,3,16,1.4.0,real,True,ok,,2026-09-21T21:11:04Z,2.3067487562075257,6435,2145,,,3,1,a5838cf9641b,881b13d2b4869464,d0f6ac5c4964,require_all_classes,"{""missing_in_test"": [], ""missing_in_train"": []}",{}
d2_beef_uncontrolled|R1|regression|seed05|fold04,e2_main_d2,d2_beef_uncontrolled,R1,regression,5,4,16,1.4.0,real,True,ok,,2026-09-21T21:11:52Z,2.291561926715076,6435,2145,,,3,1,6eee1b95b6aa,a7823e55647e0aff,d0f6ac5c4964,require_all_classes,"{""missing_in_test"": [], ""missing_in_train"": []}",{}
d2_beef_uncontrolled|R1|regression|seed06|fold00,e2_main_d2,d2_beef_uncontrolled,R1,regression,6,0,16,1.4.0,real,True,ok,,2026-09-21T21:12:40Z,2.2723605441860855,6435,2145,,,3,1,477c37a8ab73,cafa93ed1e62e510,d0f6ac5c4964,require_all_classes,"{""missing_in_test"": [], ""missing_in_train"": []}",{}
d2_beef_uncontrolled|R1|regression|seed06|fold01,e2_main_d2,d2_beef_uncontrolled,R1,regression,6,1,16,1.4.0,real,True,ok,,2026-09-21T21:13:28Z,2.1813248149119318,6435,2145,,,3,1,1c2e3ba58278,e6ed6aeb923ccce5,d0f6ac5c4964,require_all_classes,"{""missing_in_test"": [], ""missing_in_train"": []}",{}
d2_beef_uncontrolled|R1|regression|seed06|fold02,e2_main_d2,d2_beef_uncontrolled,R1,regression,6,2,16,1.4.0,real,True,ok,,2026-09-21T21:14:15Z,2.175006392877549,6435,2145,,,3,1,54ff457155dd,20c406a120132964,d0f6ac5c4964,require_all_classes,"{""missing_in_test"": [], ""missing_in_train"": []}",{}
d2_beef_uncontrolled|R1|regression|seed06|fold03,e2_main_d2,d2_beef_uncontrolled,R1,regression,6,3,16,1.4.0,real,True,ok,,2026-09-21T21:15:04Z,2.2010023570619524,6435,2145,,,3,1,a877630b86ff,2780f93b195b5932,d0f6ac5c4964,require_all_classes,"{""missing_in_test"": [], ""missing_in_train"": []}",{}
d2_beef_uncontrolled|R1|regression|seed06|fold04,e2_main_d2,d2_beef_uncontrolled,R1,regression,6,4,16,1.4.0,real,True,ok,,2026-09-21T21:15:52Z,2.230294201988727,6435,2145,,,3,1,308afc6cb592,e60a982eec05c142,d0f6ac5c4964,require_all_classes,"{""missing_in_test"": [], ""missing_in_train"": []}",{}
d2_beef_uncontrolled|R1|regression|seed07|fold00,e2_main_d2,d2_beef_uncontrolled,R1,regression,7,0,16,1.4.0,real,True,ok,,2026-09-21T21:16:40Z,2.190391071140766,6435,2145,,,3,1,7b279b72dfb8,32de4617153c9069,d0f6ac5c4964,require_all_classes,"{""missing_in_test"": [], ""missing_in_train"": []}",{}
d2_beef_uncontrolled|R1|regression|seed07|fold01,e2_main_d2,d2_beef_uncontrolled,R1,regression,7,1,16,1.4.0,real,True,ok,,2026-09-21T21:17:28Z,2.253074600826949,6435,2145,,,3,1,bb1e5578b9e3,2a9f9317fd5903f9,d0f6ac5c4964,require_all_classes,"{""missing_in_test"": [], ""missing_in_train"": []}",{}
d2_beef_uncontrolled|R1|regression|seed07|fold02,e2_main_d2,d2_beef_uncontrolled,R1,regression,7,2,16,1.4.0,real,True,ok,,2026-09-21T21:18:15Z,2.271916465833783,6435,2145,,,3,1,ba39acccb154,24133736a25f63db,d0f6ac5c4964,require_all_classes,"{""missing_in_test"": [], ""missing_in_train"": []}",{}
d2_beef_uncontrolled|R1|regression|seed07|fold03,e2_main_d2,d2_beef_uncontrolled,R1,regression,7,3,16,1.4.0,real,True,ok,,2026-09-21T21:19:04Z,2.174881102051586,6435,2145,,,3,1,4726b95fa672,dc88ff206129dd8a,d0f6ac5c4964,require_all_classes,"{""missing_in_test"": [], ""missing_in_train"": []}",{}
d2_beef_uncontrolled|R1|regression|seed07|fold04,e2_main_d2,d2_beef_uncontrolled,R1,regression,7,4,16,1.4.0,real,True,ok,,2026-09-21T21:19:51Z,2.1838114261627197,6435,2145,,,3,1,2e34c9f360a4,79a86d3a07eae55e,d0f6ac5c4964,require_all_classes,"{""missing_in_test"": [], ""missing_in_train"": []}",{}
d2_beef_uncontrolled|R1|regression|seed08|fold00,e2_main_d2,d2_beef_uncontrolled,R1,regression,8,0,16,1.4.0,real,True,ok,,2026-09-21T21:20:40Z,2.211865697056055,6435,2145,,,3,1,760fd382be4c,2fe6238a64c7302b,d0f6ac5c4964,require_all_classes,"{""missing_in_test"": [], ""missing_in_train"": []}",{}
d2_beef_uncontrolled|R1|regression|seed08|fold01,e2_main_d2,d2_beef_uncontrolled,R1,regression,8,1,16,1.4.0,real,True,ok,,2026-09-21T21:21:28Z,2.193848629016429,6435,2145,,,3,1,f60758215a07,9e02eeb36ea39e58,d0f6ac5c4964,require_all_classes,"{""missing_in_test"": [], ""missing_in_train"": []}",{}
d2_beef_uncontrolled|R1|regression|seed08|fold02,e2_main_d2,d2_beef_uncontrolled,R1,regression,8,2,16,1.4.0,real,True,ok,,2026-09-21T21:22:16Z,2.1924522309564054,6435,2145,,,3,1,b12aea5b360e,5f129cce917eecb7,d0f6ac5c4964,require_all_classes,"{""missing_in_test"": [], ""missing_in_train"": []}",{}
d2_beef_uncontrolled|R1|regression|seed08|fold03,e2_main_d2,d2_beef_uncontrolled,R1,regression,8,3,16,1.4.0,real,True,ok,,2026-09-21T21:23:04Z,2.186517693568021,6435,2145,,,3,1,d24ce02cae99,96ef2794f3849152,d0f6ac5c4964,require_all_classes,"{""missing_in_test"": [], ""missing_in_train"": []}",{}
d2_beef_uncontrolled|R1|regression|seed08|fold04,e2_main_d2,d2_beef_uncontrolled,R1,regression,8,4,16,1.4.0,real,True,ok,,2026-09-21T21:23:52Z,2.2682262542657554,6435,2145,,,3,1,02ddc5401296,932f18fdafc51260,d0f6ac5c4964,require_all_classes,"{""missing_in_test"": [], ""missing_in_train"": []}",{}
d2_beef_uncontrolled|R1|regression|seed09|fold00,e2_main_d2,d2_beef_uncontrolled,R1,regression,9,0,16,1.4.0,real,True,ok,,2026-09-21T21:24:40Z,2.1962889372371137,6435,2145,,,3,1,523607d0ddee,2c11e52792f87302,d0f6ac5c4964,require_all_classes,"{""missing_in_test"": [], ""missing_in_train"": []}",{}
d2_beef_uncontrolled|R1|regression|seed09|fold01,e2_main_d2,d2_beef_uncontrolled,R1,regression,9,1,16,1.4.0,real,True,ok,,2026-09-21T21:25:28Z,2.290102251805365,6435,2145,,,3,1,de265fd108a1,2c4cc16e6cd37cab,d0f6ac5c4964,require_all_classes,"{""missing_in_test"": [], ""missing_in_train"": []}",{}
d2_beef_uncontrolled|R1|regression|seed09|fold02,e2_main_d2,d2_beef_uncontrolled,R1,regression,9,2,16,1.4.0,real,True,ok,,2026-09-21T21:26:16Z,2.203437061049044,6435,2145,,,3,1,9a76beab3005,cb33fe748c9ed0cb,d0f6ac5c4964,require_all_classes,"{""missing_in_test"": [], ""missing_in_train"": []}",{}
d2_beef_uncontrolled|R1|regression|seed09|fold03,e2_main_d2,d2_beef_uncontrolled,R1,regression,9,3,16,1.4.0,real,True,ok,,2026-09-21T21:27:03Z,2.3986999499611557,6435,2145,,,3,1,bcc42ac9806b,5469c275b33cc3f8,d0f6ac5c4964,require_all_classes,"{""missing_in_test"": [], ""missing_in_train"": []}",{}
d2_beef_uncontrolled|R1|regression|seed09|fold04,e2_main_d2,d2_beef_uncontrolled,R1,regression,9,4,16,1.4.0,real,True,ok,,2026-09-21T21:27:52Z,2.2596225449815392,6435,2145,,,3,1,3b4893542c85,171fb5843ddf8da5,d0f6ac5c4964,require_all_classes,"{""missing_in_test"": [], ""missing_in_train"": []}",{}
d2_beef_uncontrolled|R2|classification|seed00|fold00,e2_main_d2,d2_beef_uncontrolled,R2,classification,0,0,16,1.4.0,real,True,ok,,2026-09-21T21:08:04Z,2.4395538889802992,6435,2145,,,3,1,20a70c561f8e,9512e25a71e2bbf4,07cd93e03295,require_all_classes,"{""missing_in_test"": [], ""missing_in_train"": []}",{}
d2_beef_uncontrolled|R2|classification|seed00|fold01,e2_main_d2,d2_beef_uncontrolled,R2,classification,0,1,16,1.4.0,real,True,ok,,2026-09-21T21:08:51Z,2.4520857064053416,6435,2145,,,3,1,6c9ef01abdf9,071df0094d414bd8,07cd93e03295,require_all_classes,"{""missing_in_test"": [], ""missing_in_train"": []}",{}
d2_beef_uncontrolled|R2|classification|seed00|fold02,e2_main_d2,d2_beef_uncontrolled,R2,classification,0,2,16,1.4.0,real,True,ok,,2026-09-21T21:09:39Z,2.3926275609992445,6435,2145,,,3,1,8f5d6031eff3,af7dd817f59b478c,07cd93e03295,require_all_classes,"{""missing_in_test"": [], ""missing_in_train"": []}",{}
d2_beef_uncontrolled|R2|classification|seed00|fold03,e2_main_d2,d2_beef_uncontrolled,R2,classification,0,3,16,1.4.0,real,True,ok,,2026-09-21T21:10:27Z,2.5673192352987826,6435,2145,,,3,1,940f76d29b89,19abfd52932e166e,07cd93e03295,require_all_classes,"{""missing_in_test"": [], ""missing_in_train"": []}",{}
d2_beef_uncontrolled|R2|classification|seed00|fold04,e2_main_d2,d2_beef_uncontrolled,R2,classification,0,4,16,1.4.0,real,True,ok,,2026-09-21T21:11:15Z,2.665686860214919,6435,2145,,,3,1,b01bbf6f9575,1c8551094286f303,07cd93e03295,require_all_classes,"{""missing_in_test"": [], ""missing_in_train"": []}",{}
d2_beef_uncontrolled|R2|classification|seed01|fold00,e2_main_d2,d2_beef_uncontrolled,R2,classification,1,0,16,1.4.0,real,True,ok,,2026-09-21T21:12:03Z,2.5711840810254216,6435,2145,,,3,1,92d667f81d03,11af9825a8cca71f,07cd93e03295,require_all_classes,"{""missing_in_test"": [], ""missing_in_train"": []}",{}
d2_beef_uncontrolled|R2|classification|seed01|fold01,e2_main_d2,d2_beef_uncontrolled,R2,classification,1,1,16,1.4.0,real,True,ok,,2026-09-21T21:12:51Z,2.5897872778587043,6435,2145,,,3,1,63eaca80ac77,bff3d88bed942ac7,07cd93e03295,require_all_classes,"{""missing_in_test"": [], ""missing_in_train"": []}",{}
d2_beef_uncontrolled|R2|classification|seed01|fold02,e2_main_d2,d2_beef_uncontrolled,R2,classification,1,2,16,1.4.0,real,True,ok,,2026-09-21T21:13:39Z,2.5549526726827025,6435,2145,,,3,1,14ed105fd91e,c282845974ed7198,07cd93e03295,require_all_classes,"{""missing_in_test"": [], ""missing_in_train"": []}",{}
d2_beef_uncontrolled|R2|classification|seed01|fold03,e2_main_d2,d2_beef_uncontrolled,R2,classification,1,3,16,1.4.0,real,True,ok,,2026-09-21T21:14:27Z,2.654525567777455,6435,2145,,,3,1,99c64364d832,ecc4f57ba242bdd3,07cd93e03295,require_all_classes,"{""missing_in_test"": [], ""missing_in_train"": []}",{}
d2_beef_uncontrolled|R2|classification|seed01|fold04,e2_main_d2,d2_beef_uncontrolled,R2,classification,1,4,16,1.4.0,real,True,ok,,2026-09-21T21:15:16Z,2.5548136830329895,6435,2145,,,3,1,fa4200209670,130f6d29d193e4d7,07cd93e03295,require_all_classes,"{""missing_in_test"": [], ""missing_in_train"": []}",{}
d2_beef_uncontrolled|R2|classification|seed02|fold00,e2_main_d2,d2_beef_uncontrolled,R2,classification,2,0,16,1.4.0,real,True,ok,,2026-09-21T21:16:04Z,2.4750156360678375,6435,2145,,,3,1,38e11e05422e,7d80d5ff26b50e45,07cd93e03295,require_all_classes,"{""missing_in_test"": [], ""missing_in_train"": []}",{}
d2_beef_uncontrolled|R2|classification|seed02|fold01,e2_main_d2,d2_beef_uncontrolled,R2,classification,2,1,16,1.4.0,real,True,ok,,2026-09-21T21:16:53Z,2.429925295058638,6435,2145,,,3,1,8a87c8dddc86,a6fe7a91145ca82d,07cd93e03295,require_all_classes,"{""missing_in_test"": [], ""missing_in_train"": []}",{}
d2_beef_uncontrolled|R2|classification|seed02|fold02,e2_main_d2,d2_beef_uncontrolled,R2,classification,2,2,16,1.4.0,real,True,ok,,2026-09-21T21:17:40Z,2.407028893008828,6435,2145,,,3,1,545d378c28a6,ad8f749ebf923a1b,07cd93e03295,require_all_classes,"{""missing_in_test"": [], ""missing_in_train"": []}",{}
d2_beef_uncontrolled|R2|classification|seed02|fold03,e2_main_d2,d2_beef_uncontrolled,R2,classification,2,3,16,1.4.0,real,True,ok,,2026-09-21T21:18:28Z,2.6698377802968025,6435,2145,,,3,1,289906332a4f,3863da59a2ff57d8,07cd93e03295,require_all_classes,"{""missing_in_test"": [], ""missing_in_train"": []}",{}
d2_beef_uncontrolled|R2|classification|seed02|fold04,e2_main_d2,d2_beef_uncontrolled,R2,classification,2,4,16,1.4.0,real,True,ok,,2026-09-21T21:19:16Z,2.489243909716606,6435,2145,,,3,1,202906f4d7e1,c9746986287f1c4f,07cd93e03295,require_all_classes,"{""missing_in_test"": [], ""missing_in_train"": []}",{}
d2_beef_uncontrolled|R2|classification|seed03|fold00,e2_main_d2,d2_beef_uncontrolled,R2,classification,3,0,16,1.4.0,real,True,ok,,2026-09-21T21:20:05Z,2.3997262148186564,6435,2145,,,3,1,0e087c313624,f08b304361262e72,07cd93e03295,require_all_classes,"{""missing_in_test"": [], ""missing_in_train"": []}",{}
d2_beef_uncontrolled|R2|classification|seed03|fold01,e2_main_d2,d2_beef_uncontrolled,R2,classification,3,1,16,1.4.0,real,True,ok,,2026-09-21T21:20:53Z,2.394420332275331,6435,2145,,,3,1,ff41306bda71,4bc3ed6725c5308d,07cd93e03295,require_all_classes,"{""missing_in_test"": [], ""missing_in_train"": []}",{}
d2_beef_uncontrolled|R2|classification|seed03|fold02,e2_main_d2,d2_beef_uncontrolled,R2,classification,3,2,16,1.4.0,real,True,ok,,2026-09-21T21:21:41Z,2.4065779550001025,6435,2145,,,3,1,31c8eaca9098,a6580d77b84291c9,07cd93e03295,require_all_classes,"{""missing_in_test"": [], ""missing_in_train"": []}",{}
d2_beef_uncontrolled|R2|classification|seed03|fold03,e2_main_d2,d2_beef_uncontrolled,R2,classification,3,3,16,1.4.0,real,True,ok,,2026-09-21T21:22:29Z,2.3749144272878766,6435,2145,,,3,1,73fd7314e359,26f872c29951272c,07cd93e03295,require_all_classes,"{""missing_in_test"": [], ""missing_in_train"": []}",{}
d2_beef_uncontrolled|R2|classification|seed03|fold04,e2_main_d2,d2_beef_uncontrolled,R2,classification,3,4,16,1.4.0,real,True,ok,,2026-09-21T21:23:17Z,2.4501236341893673,6435,2145,,,3,1,a4933ae9f507,a8db5852c7bb0905,07cd93e03295,require_all_classes,"{""missing_in_test"": [], ""missing_in_train"": []}",{}
d2_beef_uncontrolled|R2|classification|seed04|fold00,e2_main_d2,d2_beef_uncontrolled,R2,classification,4,0,16,1.4.0,real,True,ok,,2026-09-21T21:24:06Z,2.4015942779369652,6435,2145,,,3,1,ab20f229b2e5,6d1c7d95d92cb9fa,07cd93e03295,require_all_classes,"{""missing_in_test"": [], ""missing_in_train"": []}",{}
d2_beef_uncontrolled|R2|classification|seed04|fold01,e2_main_d2,d2_beef_uncontrolled,R2,classification,4,1,16,1.4.0,real,True,ok,,2026-09-21T21:24:53Z,2.435289880260825,6435,2145,,,3,1,6b2262999c63,01ec6fe532f43952,07cd93e03295,require_all_classes,"{""missing_in_test"": [], ""missing_in_train"": []}",{}
d2_beef_uncontrolled|R2|classification|seed04|fold02,e2_main_d2,d2_beef_uncontrolled,R2,classification,4,2,16,1.4.0,real,True,ok,,2026-09-21T21:25:42Z,2.563225723337382,6435,2145,,,3,1,557db8e1a73e,db4ef6e0a7745770,07cd93e03295,require_all_classes,"{""missing_in_test"": [], ""missing_in_train"": []}",{}
d2_beef_uncontrolled|R2|classification|seed04|fold03,e2_main_d2,d2_beef_uncontrolled,R2,classification,4,3,16,1.4.0,real,True,ok,,2026-09-21T21:26:30Z,2.4120256109163165,6435,2145,,,3,1,9dd348ffc2ab,498f4855936529ce,07cd93e03295,require_all_classes,"{""missing_in_test"": [], ""missing_in_train"": []}",{}
d2_beef_uncontrolled|R2|classification|seed04|fold04,e2_main_d2,d2_beef_uncontrolled,R2,classification,4,4,16,1.4.0,real,True,ok,,2026-09-21T21:27:18Z,2.395560051780194,6435,2145,,,3,1,faf19bcdc9b9,71853060103f158b,07cd93e03295,require_all_classes,"{""missing_in_test"": [], ""missing_in_train"": []}",{}
d2_beef_uncontrolled|R2|classification|seed05|fold00,e2_main_d2,d2_beef_uncontrolled,R2,classification,5,0,16,1.4.0,real,True,ok,,2026-09-21T21:08:05Z,2.8026123731397092,6435,2145,,,3,1,413cdd715162,dd6239f0a37bd481,d0f6ac5c4964,require_all_classes,"{""missing_in_test"": [], ""missing_in_train"": []}",{}
d2_beef_uncontrolled|R2|classification|seed05|fold01,e2_main_d2,d2_beef_uncontrolled,R2,classification,5,1,16,1.4.0,real,True,ok,,2026-09-21T21:08:58Z,2.839857599232346,6435,2145,,,3,1,a8b8c30a5944,66df2260397b73d5,d0f6ac5c4964,require_all_classes,"{""missing_in_test"": [], ""missing_in_train"": []}",{}
d2_beef_uncontrolled|R2|classification|seed05|fold02,e2_main_d2,d2_beef_uncontrolled,R2,classification,5,2,16,1.4.0,real,True,ok,,2026-09-21T21:09:51Z,3.069517693016678,6435,2145,,,3,1,9de5f792dc27,260759085d5690f7,d0f6ac5c4964,require_all_classes,"{""missing_in_test"": [], ""missing_in_train"": []}",{}
d2_beef_uncontrolled|R2|classification|seed05|fold03,e2_main_d2,d2_beef_uncontrolled,R2,classification,5,3,16,1.4.0,real,True,ok,,2026-09-21T21:10:40Z,2.4576694518327713,6435,2145,,,3,1,a5838cf9641b,389aa302da20459d,d0f6ac5c4964,require_all_classes,"{""missing_in_test"": [], ""missing_in_train"": []}",{}
d2_beef_uncontrolled|R2|classification|seed05|fold04,e2_main_d2,d2_beef_uncontrolled,R2,classification,5,4,16,1.4.0,real,True,ok,,2026-09-21T21:11:29Z,2.4115805933251977,6435,2145,,,3,1,6eee1b95b6aa,030730e4b4ee3d83,d0f6ac5c4964,require_all_classes,"{""missing_in_test"": [], ""missing_in_train"": []}",{}
d2_beef_uncontrolled|R2|classification|seed06|fold00,e2_main_d2,d2_beef_uncontrolled,R2,classification,6,0,16,1.4.0,real,True,ok,,2026-09-21T21:12:17Z,2.4312951238825917,6435,2145,,,3,1,477c37a8ab73,4c3e71c9e026ecfa,d0f6ac5c4964,require_all_classes,"{""missing_in_test"": [], ""missing_in_train"": []}",{}
d2_beef_uncontrolled|R2|classification|seed06|fold01,e2_main_d2,d2_beef_uncontrolled,R2,classification,6,1,16,1.4.0,real,True,ok,,2026-09-21T21:13:05Z,2.57774097006768,6435,2145,,,3,1,1c2e3ba58278,be2d54da5acf0834,d0f6ac5c4964,require_all_classes,"{""missing_in_test"": [], ""missing_in_train"": []}",{}
d2_beef_uncontrolled|R2|classification|seed06|fold02,e2_main_d2,d2_beef_uncontrolled,R2,classification,6,2,16,1.4.0,real,True,ok,,2026-09-21T21:13:53Z,2.4136163350194693,6435,2145,,,3,1,54ff457155dd,01db64a085b5df55,d0f6ac5c4964,require_all_classes,"{""missing_in_test"": [], ""missing_in_train"": []}",{}
d2_beef_uncontrolled|R2|classification|seed06|fold03,e2_main_d2,d2_beef_uncontrolled,R2,classification,6,3,16,1.4.0,real,True,ok,,2026-09-21T21:14:41Z,2.4000775259919465,6435,2145,,,3,1,a877630b86ff,e6b53bc1d60874ce,d0f6ac5c4964,require_all_classes,"{""missing_in_test"": [], ""missing_in_train"": []}",{}
d2_beef_uncontrolled|R2|classification|seed06|fold04,e2_main_d2,d2_beef_uncontrolled,R2,classification,6,4,16,1.4.0,real,True,ok,,2026-09-21T21:15:29Z,2.458166901022196,6435,2145,,,3,1,308afc6cb592,c4684614bd81d4af,d0f6ac5c4964,require_all_classes,"{""missing_in_test"": [], ""missing_in_train"": []}",{}
d2_beef_uncontrolled|R2|classification|seed07|fold00,e2_main_d2,d2_beef_uncontrolled,R2,classification,7,0,16,1.4.0,real,True,ok,,2026-09-21T21:16:17Z,2.511627695057541,6435,2145,,,3,1,7b279b72dfb8,20197fd391c6de37,d0f6ac5c4964,require_all_classes,"{""missing_in_test"": [], ""missing_in_train"": []}",{}
d2_beef_uncontrolled|R2|classification|seed07|fold01,e2_main_d2,d2_beef_uncontrolled,R2,classification,7,1,16,1.4.0,real,True,ok,,2026-09-21T21:17:05Z,2.5420512538403273,6435,2145,,,3,1,bb1e5578b9e3,8d7eedf1bf091177,d0f6ac5c4964,require_all_classes,"{""missing_in_test"": [], ""missing_in_train"": []}",{}
d2_beef_uncontrolled|R2|classification|seed07|fold02,e2_main_d2,d2_beef_uncontrolled,R2,classification,7,2,16,1.4.0,real,True,ok,,2026-09-21T21:17:52Z,2.388212278019637,6435,2145,,,3,1,ba39acccb154,94fd46bcf66b7509,d0f6ac5c4964,require_all_classes,"{""missing_in_test"": [], ""missing_in_train"": []}",{}
d2_beef_uncontrolled|R2|classification|seed07|fold03,e2_main_d2,d2_beef_uncontrolled,R2,classification,7,3,16,1.4.0,real,True,ok,,2026-09-21T21:18:41Z,2.454384747892618,6435,2145,,,3,1,4726b95fa672,70e2288d3d3f83a8,d0f6ac5c4964,require_all_classes,"{""missing_in_test"": [], ""missing_in_train"": []}",{}
d2_beef_uncontrolled|R2|classification|seed07|fold04,e2_main_d2,d2_beef_uncontrolled,R2,classification,7,4,16,1.4.0,real,True,ok,,2026-09-21T21:19:29Z,2.381503250915557,6435,2145,,,3,1,2e34c9f360a4,72e4c530523dca69,d0f6ac5c4964,require_all_classes,"{""missing_in_test"": [], ""missing_in_train"": []}",{}
d2_beef_uncontrolled|R2|classification|seed08|fold00,e2_main_d2,d2_beef_uncontrolled,R2,classification,8,0,16,1.4.0,real,True,ok,,2026-09-21T21:20:17Z,2.4391656639054418,6435,2145,,,3,1,760fd382be4c,5ebf16da8647eaac,d0f6ac5c4964,require_all_classes,"{""missing_in_test"": [], ""missing_in_train"": []}",{}
d2_beef_uncontrolled|R2|classification|seed08|fold01,e2_main_d2,d2_beef_uncontrolled,R2,classification,8,1,16,1.4.0,real,True,ok,,2026-09-21T21:21:05Z,2.402996044140309,6435,2145,,,3,1,f60758215a07,9ce595db8c19cb4d,d0f6ac5c4964,require_all_classes,"{""missing_in_test"": [], ""missing_in_train"": []}",{}
d2_beef_uncontrolled|R2|classification|seed08|fold02,e2_main_d2,d2_beef_uncontrolled,R2,classification,8,2,16,1.4.0,real,True,ok,,2026-09-21T21:21:53Z,2.4257668079808354,6435,2145,,,3,1,b12aea5b360e,3983d4b2c7e90b1b,d0f6ac5c4964,require_all_classes,"{""missing_in_test"": [], ""missing_in_train"": []}",{}
d2_beef_uncontrolled|R2|classification|seed08|fold03,e2_main_d2,d2_beef_uncontrolled,R2,classification,8,3,16,1.4.0,real,True,ok,,2026-09-21T21:22:41Z,2.410119878128171,6435,2145,,,3,1,d24ce02cae99,628e4c2fa52ac39d,d0f6ac5c4964,require_all_classes,"{""missing_in_test"": [], ""missing_in_train"": []}",{}
d2_beef_uncontrolled|R2|classification|seed08|fold04,e2_main_d2,d2_beef_uncontrolled,R2,classification,8,4,16,1.4.0,real,True,ok,,2026-09-21T21:23:28Z,2.398278693202883,6435,2145,,,3,1,02ddc5401296,7e72b2aae2f8be2c,d0f6ac5c4964,require_all_classes,"{""missing_in_test"": [], ""missing_in_train"": []}",{}
d2_beef_uncontrolled|R2|classification|seed09|fold00,e2_main_d2,d2_beef_uncontrolled,R2,classification,9,0,16,1.4.0,real,True,ok,,2026-09-21T21:24:17Z,2.4520442988723516,6435,2145,,,3,1,523607d0ddee,611d9bad3698caad,d0f6ac5c4964,require_all_classes,"{""missing_in_test"": [], ""missing_in_train"": []}",{}
d2_beef_uncontrolled|R2|classification|seed09|fold01,e2_main_d2,d2_beef_uncontrolled,R2,classification,9,1,16,1.4.0,real,True,ok,,2026-09-21T21:25:05Z,2.4123292681761086,6435,2145,,,3,1,de265fd108a1,8c3bad3515970fcd,d0f6ac5c4964,require_all_classes,"{""missing_in_test"": [], ""missing_in_train"": []}",{}
d2_beef_uncontrolled|R2|classification|seed09|fold02,e2_main_d2,d2_beef_uncontrolled,R2,classification,9,2,16,1.4.0,real,True,ok,,2026-09-21T21:25:53Z,2.539631442166865,6435,2145,,,3,1,9a76beab3005,905b206c607c2187,d0f6ac5c4964,require_all_classes,"{""missing_in_test"": [], ""missing_in_train"": []}",{}
d2_beef_uncontrolled|R2|classification|seed09|fold03,e2_main_d2,d2_beef_uncontrolled,R2,classification,9,3,16,1.4.0,real,True,ok,,2026-09-21T21:26:40Z,2.4040519171394408,6435,2145,,,3,1,bcc42ac9806b,910a10790208a912,d0f6ac5c4964,require_all_classes,"{""missing_in_test"": [], ""missing_in_train"": []}",{}
d2_beef_uncontrolled|R2|classification|seed09|fold04,e2_main_d2,d2_beef_uncontrolled,R2,classification,9,4,16,1.4.0,real,True,ok,,2026-09-21T21:27:28Z,2.3909629550762475,6435,2145,,,3,1,3b4893542c85,cc86f4fe3e2fb0ae,d0f6ac5c4964,require_all_classes,"{""missing_in_test"": [], ""missing_in_train"": []}",{}
d2_beef_uncontrolled|R2|regression|seed00|fold00,e2_main_d2,d2_beef_uncontrolled,R2,regression,0,0,16,1.4.0,real,True,ok,,2026-09-21T21:08:28Z,2.3717991188168526,6435,2145,,,3,1,20a70c561f8e,95e7d2883265defa,07cd93e03295,require_all_classes,"{""missing_in_test"": [], ""missing_in_train"": []}",{}
d2_beef_uncontrolled|R2|regression|seed00|fold01,e2_main_d2,d2_beef_uncontrolled,R2,regression,0,1,16,1.4.0,real,True,ok,,2026-09-21T21:09:16Z,2.097156141884625,6435,2145,,,3,1,6c9ef01abdf9,95303ac624dc9fbd,07cd93e03295,require_all_classes,"{""missing_in_test"": [], ""missing_in_train"": []}",{}
d2_beef_uncontrolled|R2|regression|seed00|fold02,e2_main_d2,d2_beef_uncontrolled,R2,regression,0,2,16,1.4.0,real,True,ok,,2026-09-21T21:10:03Z,2.1290897210128605,6435,2145,,,3,1,8f5d6031eff3,caf54b92b3c16c65,07cd93e03295,require_all_classes,"{""missing_in_test"": [], ""missing_in_train"": []}",{}
d2_beef_uncontrolled|R2|regression|seed00|fold03,e2_main_d2,d2_beef_uncontrolled,R2,regression,0,3,16,1.4.0,real,True,ok,,2026-09-21T21:10:51Z,2.2634863411076367,6435,2145,,,3,1,940f76d29b89,8861a0ce125d0c15,07cd93e03295,require_all_classes,"{""missing_in_test"": [], ""missing_in_train"": []}",{}
d2_beef_uncontrolled|R2|regression|seed00|fold04,e2_main_d2,d2_beef_uncontrolled,R2,regression,0,4,16,1.4.0,real,True,ok,,2026-09-21T21:11:39Z,2.277842092793435,6435,2145,,,3,1,b01bbf6f9575,7b1306e2996f4a8e,07cd93e03295,require_all_classes,"{""missing_in_test"": [], ""missing_in_train"": []}",{}
d2_beef_uncontrolled|R2|regression|seed01|fold00,e2_main_d2,d2_beef_uncontrolled,R2,regression,1,0,16,1.4.0,real,True,ok,,2026-09-21T21:12:28Z,2.0933062569238245,6435,2145,,,3,1,92d667f81d03,d65802ffd2530944,07cd93e03295,require_all_classes,"{""missing_in_test"": [], ""missing_in_train"": []}",{}
d2_beef_uncontrolled|R2|regression|seed01|fold01,e2_main_d2,d2_beef_uncontrolled,R2,regression,1,1,16,1.4.0,real,True,ok,,2026-09-21T21:13:16Z,2.071097285952419,6435,2145,,,3,1,63eaca80ac77,82bbd79e389ef2da,07cd93e03295,require_all_classes,"{""missing_in_test"": [], ""missing_in_train"": []}",{}
d2_beef_uncontrolled|R2|regression|seed01|fold02,e2_main_d2,d2_beef_uncontrolled,R2,regression,1,2,16,1.4.0,real,True,ok,,2026-09-21T21:14:03Z,2.081517329905182,6435,2145,,,3,1,14ed105fd91e,6c04b7909bf1a79d,07cd93e03295,require_all_classes,"{""missing_in_test"": [], ""missing_in_train"": []}",{}
d2_beef_uncontrolled|R2|regression|seed01|fold03,e2_main_d2,d2_beef_uncontrolled,R2,regression,1,3,16,1.4.0,real,True,ok,,2026-09-21T21:14:52Z,2.0824221950024366,6435,2145,,,3,1,99c64364d832,98110cc03b6c2be0,07cd93e03295,require_all_classes,"{""missing_in_test"": [], ""missing_in_train"": []}",{}
d2_beef_uncontrolled|R2|regression|seed01|fold04,e2_main_d2,d2_beef_uncontrolled,R2,regression,1,4,16,1.4.0,real,True,ok,,2026-09-21T21:15:41Z,2.0862326147034764,6435,2145,,,3,1,fa4200209670,c7f018044d79d7ec,07cd93e03295,require_all_classes,"{""missing_in_test"": [], ""missing_in_train"": []}",{}
d2_beef_uncontrolled|R2|regression|seed02|fold00,e2_main_d2,d2_beef_uncontrolled,R2,regression,2,0,16,1.4.0,real,True,ok,,2026-09-21T21:16:29Z,2.0455401139333844,6435,2145,,,3,1,38e11e05422e,f8aadaebdb1ae254,07cd93e03295,require_all_classes,"{""missing_in_test"": [], ""missing_in_train"": []}",{}
d2_beef_uncontrolled|R2|regression|seed02|fold01,e2_main_d2,d2_beef_uncontrolled,R2,regression,2,1,16,1.4.0,real,True,ok,,2026-09-21T21:17:17Z,2.1348419641144574,6435,2145,,,3,1,8a87c8dddc86,420e5212c8f83fcd,07cd93e03295,require_all_classes,"{""missing_in_test"": [], ""missing_in_train"": []}",{}
d2_beef_uncontrolled|R2|regression|seed02|fold02,e2_main_d2,d2_beef_uncontrolled,R2,regression,2,2,16,1.4.0,real,True,ok,,2026-09-21T21:18:04Z,2.0929055088199675,6435,2145,,,3,1,545d378c28a6,10ead14aaebca7ff,07cd93e03295,require_all_classes,"{""missing_in_test"": [], ""missing_in_train"": []}",{}
d2_beef_uncontrolled|R2|regression|seed02|fold03,e2_main_d2,d2_beef_uncontrolled,R2,regression,2,3,16,1.4.0,real,True,ok,,2026-09-21T21:18:53Z,2.080552280880511,6435,2145,,,3,1,289906332a4f,d77ea6b30a953b1c,07cd93e03295,require_all_classes,"{""missing_in_test"": [], ""missing_in_train"": []}",{}
d2_beef_uncontrolled|R2|regression|seed02|fold04,e2_main_d2,d2_beef_uncontrolled,R2,regression,2,4,16,1.4.0,real,True,ok,,2026-09-21T21:19:41Z,2.0691078398376703,6435,2145,,,3,1,202906f4d7e1,dc022de6c8d69305,07cd93e03295,require_all_classes,"{""missing_in_test"": [], ""missing_in_train"": []}",{}
d2_beef_uncontrolled|R2|regression|seed03|fold00,e2_main_d2,d2_beef_uncontrolled,R2,regression,3,0,16,1.4.0,real,True,ok,,2026-09-21T21:20:30Z,2.1777061130851507,6435,2145,,,3,1,0e087c313624,ed7483ef85c2a389,07cd93e03295,require_all_classes,"{""missing_in_test"": [], ""missing_in_train"": []}",{}
d2_beef_uncontrolled|R2|regression|seed03|fold01,e2_main_d2,d2_beef_uncontrolled,R2,regression,3,1,16,1.4.0,real,True,ok,,2026-09-21T21:21:18Z,2.0738328248262405,6435,2145,,,3,1,ff41306bda71,7f3db46ac232f305,07cd93e03295,require_all_classes,"{""missing_in_test"": [], ""missing_in_train"": []}",{}
d2_beef_uncontrolled|R2|regression|seed03|fold02,e2_main_d2,d2_beef_uncontrolled,R2,regression,3,2,16,1.4.0,real,True,ok,,2026-09-21T21:22:06Z,2.186056934762746,6435,2145,,,3,1,31c8eaca9098,14a7b2a306d3fa20,07cd93e03295,require_all_classes,"{""missing_in_test"": [], ""missing_in_train"": []}",{}
d2_beef_uncontrolled|R2|regression|seed03|fold03,e2_main_d2,d2_beef_uncontrolled,R2,regression,3,3,16,1.4.0,real,True,ok,,2026-09-21T21:22:53Z,2.083564344327897,6435,2145,,,3,1,73fd7314e359,d5b5d61b4f150034,07cd93e03295,require_all_classes,"{""missing_in_test"": [], ""missing_in_train"": []}",{}
d2_beef_uncontrolled|R2|regression|seed03|fold04,e2_main_d2,d2_beef_uncontrolled,R2,regression,3,4,16,1.4.0,real,True,ok,,2026-09-21T21:23:41Z,2.0620027189143,6435,2145,,,3,1,a4933ae9f507,daf228ac0d1703fc,07cd93e03295,require_all_classes,"{""missing_in_test"": [], ""missing_in_train"": []}",{}
d2_beef_uncontrolled|R2|regression|seed04|fold00,e2_main_d2,d2_beef_uncontrolled,R2,regression,4,0,16,1.4.0,real,True,ok,,2026-09-21T21:24:30Z,2.0988428122363985,6435,2145,,,3,1,ab20f229b2e5,e254ee4777f0d204,07cd93e03295,require_all_classes,"{""missing_in_test"": [], ""missing_in_train"": []}",{}
d2_beef_uncontrolled|R2|regression|seed04|fold01,e2_main_d2,d2_beef_uncontrolled,R2,regression,4,1,16,1.4.0,real,True,ok,,2026-09-21T21:25:18Z,2.106312266085297,6435,2145,,,3,1,6b2262999c63,ea54607fb3caaaf7,07cd93e03295,require_all_classes,"{""missing_in_test"": [], ""missing_in_train"": []}",{}
d2_beef_uncontrolled|R2|regression|seed04|fold02,e2_main_d2,d2_beef_uncontrolled,R2,regression,4,2,16,1.4.0,real,True,ok,,2026-09-21T21:26:06Z,2.0770609551109374,6435,2145,,,3,1,557db8e1a73e,c7b0e59f4258d564,07cd93e03295,require_all_classes,"{""missing_in_test"": [], ""missing_in_train"": []}",{}
d2_beef_uncontrolled|R2|regression|seed04|fold03,e2_main_d2,d2_beef_uncontrolled,R2,regression,4,3,16,1.4.0,real,True,ok,,2026-09-21T21:26:54Z,2.1949900262989104,6435,2145,,,3,1,9dd348ffc2ab,e8ec818e9dedb960,07cd93e03295,require_all_classes,"{""missing_in_test"": [], ""missing_in_train"": []}",{}
d2_beef_uncontrolled|R2|regression|seed04|fold04,e2_main_d2,d2_beef_uncontrolled,R2,regression,4,4,16,1.4.0,real,True,ok,,2026-09-21T21:27:43Z,2.2700034556910396,6435,2145,,,3,1,faf19bcdc9b9,0ec413282bd7af86,07cd93e03295,require_all_classes,"{""missing_in_test"": [], ""missing_in_train"": []}",{}
d2_beef_uncontrolled|R2|regression|seed05|fold00,e2_main_d2,d2_beef_uncontrolled,R2,regression,5,0,16,1.4.0,real,True,ok,,2026-09-21T21:08:32Z,2.6268493961542845,6435,2145,,,3,1,413cdd715162,ce10b53a24d74f38,d0f6ac5c4964,require_all_classes,"{""missing_in_test"": [], ""missing_in_train"": []}",{}
d2_beef_uncontrolled|R2|regression|seed05|fold01,e2_main_d2,d2_beef_uncontrolled,R2,regression,5,1,16,1.4.0,real,True,ok,,2026-09-21T21:09:26Z,2.585379844997078,6435,2145,,,3,1,a8b8c30a5944,48634e8cd51d3321,d0f6ac5c4964,require_all_classes,"{""missing_in_test"": [], ""missing_in_train"": []}",{}
d2_beef_uncontrolled|R2|regression|seed05|fold02,e2_main_d2,d2_beef_uncontrolled,R2,regression,5,2,16,1.4.0,real,True,ok,,2026-09-21T21:10:18Z,2.2880371920764446,6435,2145,,,3,1,9de5f792dc27,f987f2c2318bce83,d0f6ac5c4964,require_all_classes,"{""missing_in_test"": [], ""missing_in_train"": []}",{}
d2_beef_uncontrolled|R2|regression|seed05|fold03,e2_main_d2,d2_beef_uncontrolled,R2,regression,5,3,16,1.4.0,real,True,ok,,2026-09-21T21:11:06Z,2.1609072466380894,6435,2145,,,3,1,a5838cf9641b,ca85a660f79208d7,d0f6ac5c4964,require_all_classes,"{""missing_in_test"": [], ""missing_in_train"": []}",{}
d2_beef_uncontrolled|R2|regression|seed05|fold04,e2_main_d2,d2_beef_uncontrolled,R2,regression,5,4,16,1.4.0,real,True,ok,,2026-09-21T21:11:54Z,2.2614186159335077,6435,2145,,,3,1,6eee1b95b6aa,d5e52218239bd27f,d0f6ac5c4964,require_all_classes,"{""missing_in_test"": [], ""missing_in_train"": []}",{}
d2_beef_uncontrolled|R2|regression|seed06|fold00,e2_main_d2,d2_beef_uncontrolled,R2,regression,6,0,16,1.4.0,real,True,ok,,2026-09-21T21:12:42Z,2.3693642201833427,6435,2145,,,3,1,477c37a8ab73,b589b32ccfb7ce3d,d0f6ac5c4964,require_all_classes,"{""missing_in_test"": [], ""missing_in_train"": []}",{}
d2_beef_uncontrolled|R2|regression|seed06|fold01,e2_main_d2,d2_beef_uncontrolled,R2,regression,6,1,16,1.4.0,real,True,ok,,2026-09-21T21:13:30Z,2.2484113350510597,6435,2145,,,3,1,1c2e3ba58278,accab695f75d46cb,d0f6ac5c4964,require_all_classes,"{""missing_in_test"": [], ""missing_in_train"": []}",{}
d2_beef_uncontrolled|R2|regression|seed06|fold02,e2_main_d2,d2_beef_uncontrolled,R2,regression,6,2,16,1.4.0,real,True,ok,,2026-09-21T21:14:18Z,2.168166669085622,6435,2145,,,3,1,54ff457155dd,5f2545633f32a05b,d0f6ac5c4964,require_all_classes,"{""missing_in_test"": [], ""missing_in_train"": []}",{}
d2_beef_uncontrolled|R2|regression|seed06|fold03,e2_main_d2,d2_beef_uncontrolled,R2,regression,6,3,16,1.4.0,real,True,ok,,2026-09-21T21:15:06Z,2.191168370191008,6435,2145,,,3,1,a877630b86ff,28fb134e197a6251,d0f6ac5c4964,require_all_classes,"{""missing_in_test"": [], ""missing_in_train"": []}",{}
d2_beef_uncontrolled|R2|regression|seed06|fold04,e2_main_d2,d2_beef_uncontrolled,R2,regression,6,4,16,1.4.0,real,True,ok,,2026-09-21T21:15:54Z,2.3338640560396016,6435,2145,,,3,1,308afc6cb592,18733cfc3189fa6a,d0f6ac5c4964,require_all_classes,"{""missing_in_test"": [], ""missing_in_train"": []}",{}
d2_beef_uncontrolled|R2|regression|seed07|fold00,e2_main_d2,d2_beef_uncontrolled,R2,regression,7,0,16,1.4.0,real,True,ok,,2026-09-21T21:16:42Z,2.1136263851076365,6435,2145,,,3,1,7b279b72dfb8,e633048c33c6eae5,d0f6ac5c4964,require_all_classes,"{""missing_in_test"": [], ""missing_in_train"": []}",{}
d2_beef_uncontrolled|R2|regression|seed07|fold01,e2_main_d2,d2_beef_uncontrolled,R2,regression,7,1,16,1.4.0,real,True,ok,,2026-09-21T21:17:30Z,2.0257859830744565,6435,2145,,,3,1,bb1e5578b9e3,eb8c0bc94ccd4c31,d0f6ac5c4964,require_all_classes,"{""missing_in_test"": [], ""missing_in_train"": []}",{}
d2_beef_uncontrolled|R2|regression|seed07|fold02,e2_main_d2,d2_beef_uncontrolled,R2,regression,7,2,16,1.4.0,real,True,ok,,2026-09-21T21:18:18Z,2.33471981016919,6435,2145,,,3,1,ba39acccb154,6098343b1485dd3b,d0f6ac5c4964,require_all_classes,"{""missing_in_test"": [], ""missing_in_train"": []}",{}
d2_beef_uncontrolled|R2|regression|seed07|fold03,e2_main_d2,d2_beef_uncontrolled,R2,regression,7,3,16,1.4.0,real,True,ok,,2026-09-21T21:19:06Z,2.1651555728167295,6435,2145,,,3,1,4726b95fa672,7227e2aa2d3f2dae,d0f6ac5c4964,require_all_classes,"{""missing_in_test"": [], ""missing_in_train"": []}",{}
d2_beef_uncontrolled|R2|regression|seed07|fold04,e2_main_d2,d2_beef_uncontrolled,R2,regression,7,4,16,1.4.0,real,True,ok,,2026-09-21T21:19:53Z,2.073468786664307,6435,2145,,,3,1,2e34c9f360a4,19406e9fbc6d2a22,d0f6ac5c4964,require_all_classes,"{""missing_in_test"": [], ""missing_in_train"": []}",{}
d2_beef_uncontrolled|R2|regression|seed08|fold00,e2_main_d2,d2_beef_uncontrolled,R2,regression,8,0,16,1.4.0,real,True,ok,,2026-09-21T21:20:42Z,2.158274450339377,6435,2145,,,3,1,760fd382be4c,ec216d11b9ac6db2,d0f6ac5c4964,require_all_classes,"{""missing_in_test"": [], ""missing_in_train"": []}",{}
d2_beef_uncontrolled|R2|regression|seed08|fold01,e2_main_d2,d2_beef_uncontrolled,R2,regression,8,1,16,1.4.0,real,True,ok,,2026-09-21T21:21:30Z,2.0826841862872243,6435,2145,,,3,1,f60758215a07,118fee800a11e5d9,d0f6ac5c4964,require_all_classes,"{""missing_in_test"": [], ""missing_in_train"": []}",{}
d2_beef_uncontrolled|R2|regression|seed08|fold02,e2_main_d2,d2_beef_uncontrolled,R2,regression,8,2,16,1.4.0,real,True,ok,,2026-09-21T21:22:18Z,2.1851996490731835,6435,2145,,,3,1,b12aea5b360e,b39bb3346ee68485,d0f6ac5c4964,require_all_classes,"{""missing_in_test"": [], ""missing_in_train"": []}",{}
d2_beef_uncontrolled|R2|regression|seed08|fold03,e2_main_d2,d2_beef_uncontrolled,R2,regression,8,3,16,1.4.0,real,True,ok,,2026-09-21T21:23:06Z,2.0902942027896643,6435,2145,,,3,1,d24ce02cae99,a278be39a7c5b7a6,d0f6ac5c4964,require_all_classes,"{""missing_in_test"": [], ""missing_in_train"": []}",{}
d2_beef_uncontrolled|R2|regression|seed08|fold04,e2_main_d2,d2_beef_uncontrolled,R2,regression,8,4,16,1.4.0,real,True,ok,,2026-09-21T21:23:54Z,2.078386135865003,6435,2145,,,3,1,02ddc5401296,1c113b713869a069,d0f6ac5c4964,require_all_classes,"{""missing_in_test"": [], ""missing_in_train"": []}",{}
d2_beef_uncontrolled|R2|regression|seed09|fold00,e2_main_d2,d2_beef_uncontrolled,R2,regression,9,0,16,1.4.0,real,True,ok,,2026-09-21T21:24:42Z,2.126780982129276,6435,2145,,,3,1,523607d0ddee,4ad99e5138d40387,d0f6ac5c4964,require_all_classes,"{""missing_in_test"": [], ""missing_in_train"": []}",{}
d2_beef_uncontrolled|R2|regression|seed09|fold01,e2_main_d2,d2_beef_uncontrolled,R2,regression,9,1,16,1.4.0,real,True,ok,,2026-09-21T21:25:30Z,2.1648668120615184,6435,2145,,,3,1,de265fd108a1,ee3e1307a2e18bd9,d0f6ac5c4964,require_all_classes,"{""missing_in_test"": [], ""missing_in_train"": []}",{}
d2_beef_uncontrolled|R2|regression|seed09|fold02,e2_main_d2,d2_beef_uncontrolled,R2,regression,9,2,16,1.4.0,real,True,ok,,2026-09-21T21:26:18Z,2.096176079940051,6435,2145,,,3,1,9a76beab3005,0824827809cd9045,d0f6ac5c4964,require_all_classes,"{""missing_in_test"": [], ""missing_in_train"": []}",{}
d2_beef_uncontrolled|R2|regression|seed09|fold03,e2_main_d2,d2_beef_uncontrolled,R2,regression,9,3,16,1.4.0,real,True,ok,,2026-09-21T21:27:05Z,2.1817497978918254,6435,2145,,,3,1,bcc42ac9806b,dfa3ef42213a0b6b,d0f6ac5c4964,require_all_classes,"{""missing_in_test"": [], ""missing_in_train"": []}",{}
d2_beef_uncontrolled|R2|regression|seed09|fold04,e2_main_d2,d2_beef_uncontrolled,R2,regression,9,4,16,1.4.0,real,True,ok,,2026-09-21T21:27:54Z,2.066068720072508,6435,2145,,,3,1,3b4893542c85,fa9cc5daa240930d,d0f6ac5c4964,require_all_classes,"{""missing_in_test"": [], ""missing_in_train"": []}",{}
d2_beef_uncontrolled|R3|classification|seed00|fold00,e2_main_d2,d2_beef_uncontrolled,R3,classification,0,0,16,1.4.0,real,True,ok,,2026-09-21T21:08:06Z,2.4234561803750694,6435,2145,,,3,1,20a70c561f8e,dc8c3b9dbc9310a5,07cd93e03295,require_all_classes,"{""missing_in_test"": [], ""missing_in_train"": []}",{}
d2_beef_uncontrolled|R3|classification|seed00|fold01,e2_main_d2,d2_beef_uncontrolled,R3,classification,0,1,16,1.4.0,real,True,ok,,2026-09-21T21:08:54Z,2.4303121608681977,6435,2145,,,3,1,6c9ef01abdf9,bb273375e97e9f32,07cd93e03295,require_all_classes,"{""missing_in_test"": [], ""missing_in_train"": []}",{}
d2_beef_uncontrolled|R3|classification|seed00|fold02,e2_main_d2,d2_beef_uncontrolled,R3,classification,0,2,16,1.4.0,real,True,ok,,2026-09-21T21:09:42Z,2.486722389701754,6435,2145,,,3,1,8f5d6031eff3,0af9b1b82119ed64,07cd93e03295,require_all_classes,"{""missing_in_test"": [], ""missing_in_train"": []}",{}
d2_beef_uncontrolled|R3|classification|seed00|fold03,e2_main_d2,d2_beef_uncontrolled,R3,classification,0,3,16,1.4.0,real,True,ok,,2026-09-21T21:10:30Z,2.441561576910317,6435,2145,,,3,1,940f76d29b89,39c828f5cc31a9f7,07cd93e03295,require_all_classes,"{""missing_in_test"": [], ""missing_in_train"": []}",{}
d2_beef_uncontrolled|R3|classification|seed00|fold04,e2_main_d2,d2_beef_uncontrolled,R3,classification,0,4,16,1.4.0,real,True,ok,,2026-09-21T21:11:18Z,2.405150021892041,6435,2145,,,3,1,b01bbf6f9575,d7298b9f86e00911,07cd93e03295,require_all_classes,"{""missing_in_test"": [], ""missing_in_train"": []}",{}
d2_beef_uncontrolled|R3|classification|seed01|fold00,e2_main_d2,d2_beef_uncontrolled,R3,classification,1,0,16,1.4.0,real,True,ok,,2026-09-21T21:12:06Z,2.4628709102980793,6435,2145,,,3,1,92d667f81d03,f0bc058bf43c3ab2,07cd93e03295,require_all_classes,"{""missing_in_test"": [], ""missing_in_train"": []}",{}
d2_beef_uncontrolled|R3|classification|seed01|fold01,e2_main_d2,d2_beef_uncontrolled,R3,classification,1,1,16,1.4.0,real,True,ok,,2026-09-21T21:12:54Z,2.5057846568524837,6435,2145,,,3,1,63eaca80ac77,eca8642ac3c13eb7,07cd93e03295,require_all_classes,"{""missing_in_test"": [], ""missing_in_train"": []}",{}
d2_beef_uncontrolled|R3|classification|seed01|fold02,e2_main_d2,d2_beef_uncontrolled,R3,classification,1,2,16,1.4.0,real,True,ok,,2026-09-21T21:13:42Z,2.4315074579790235,6435,2145,,,3,1,14ed105fd91e,f5f425cefe5f033b,07cd93e03295,require_all_classes,"{""missing_in_test"": [], ""missing_in_train"": []}",{}
d2_beef_uncontrolled|R3|classification|seed01|fold03,e2_main_d2,d2_beef_uncontrolled,R3,classification,1,3,16,1.4.0,real,True,ok,,2026-09-21T21:14:29Z,2.4102119272574782,6435,2145,,,3,1,99c64364d832,acb6f9c2f7ef649f,07cd93e03295,require_all_classes,"{""missing_in_test"": [], ""missing_in_train"": []}",{}
d2_beef_uncontrolled|R3|classification|seed01|fold04,e2_main_d2,d2_beef_uncontrolled,R3,classification,1,4,16,1.4.0,real,True,ok,,2026-09-21T21:15:19Z,2.4533326639793813,6435,2145,,,3,1,fa4200209670,3f4e5f92dea1a53d,07cd93e03295,require_all_classes,"{""missing_in_test"": [], ""missing_in_train"": []}",{}
d2_beef_uncontrolled|R3|classification|seed02|fold00,e2_main_d2,d2_beef_uncontrolled,R3,classification,2,0,16,1.4.0,real,True,ok,,2026-09-21T21:16:07Z,2.4834151682443917,6435,2145,,,3,1,38e11e05422e,5e5be83fe748f303,07cd93e03295,require_all_classes,"{""missing_in_test"": [], ""missing_in_train"": []}",{}
d2_beef_uncontrolled|R3|classification|seed02|fold01,e2_main_d2,d2_beef_uncontrolled,R3,classification,2,1,16,1.4.0,real,True,ok,,2026-09-21T21:16:55Z,2.5280693187378347,6435,2145,,,3,1,8a87c8dddc86,06ce4acf8bac13d0,07cd93e03295,require_all_classes,"{""missing_in_test"": [], ""missing_in_train"": []}",{}
d2_beef_uncontrolled|R3|classification|seed02|fold02,e2_main_d2,d2_beef_uncontrolled,R3,classification,2,2,16,1.4.0,real,True,ok,,2026-09-21T21:17:43Z,2.379925332032144,6435,2145,,,3,1,545d378c28a6,cb086caeea313413,07cd93e03295,require_all_classes,"{""missing_in_test"": [], ""missing_in_train"": []}",{}
d2_beef_uncontrolled|R3|classification|seed02|fold03,e2_main_d2,d2_beef_uncontrolled,R3,classification,2,3,16,1.4.0,real,True,ok,,2026-09-21T21:18:31Z,2.4269535997882485,6435,2145,,,3,1,289906332a4f,fb3aa4aeb47b2b0a,07cd93e03295,require_all_classes,"{""missing_in_test"": [], ""missing_in_train"": []}",{}
d2_beef_uncontrolled|R3|classification|seed02|fold04,e2_main_d2,d2_beef_uncontrolled,R3,classification,2,4,16,1.4.0,real,True,ok,,2026-09-21T21:19:19Z,2.457291804254055,6435,2145,,,3,1,202906f4d7e1,239a51fb4850a969,07cd93e03295,require_all_classes,"{""missing_in_test"": [], ""missing_in_train"": []}",{}
d2_beef_uncontrolled|R3|classification|seed03|fold00,e2_main_d2,d2_beef_uncontrolled,R3,classification,3,0,16,1.4.0,real,True,ok,,2026-09-21T21:20:07Z,2.69058577157557,6435,2145,,,3,1,0e087c313624,f702f171866095e7,07cd93e03295,require_all_classes,"{""missing_in_test"": [], ""missing_in_train"": []}",{}
d2_beef_uncontrolled|R3|classification|seed03|fold01,e2_main_d2,d2_beef_uncontrolled,R3,classification,3,1,16,1.4.0,real,True,ok,,2026-09-21T21:20:56Z,2.565675381105393,6435,2145,,,3,1,ff41306bda71,c2a6d4d6e859d6aa,07cd93e03295,require_all_classes,"{""missing_in_test"": [], ""missing_in_train"": []}",{}
d2_beef_uncontrolled|R3|classification|seed03|fold02,e2_main_d2,d2_beef_uncontrolled,R3,classification,3,2,16,1.4.0,real,True,ok,,2026-09-21T21:21:43Z,2.6268774569034576,6435,2145,,,3,1,31c8eaca9098,677475c4ec4aa103,07cd93e03295,require_all_classes,"{""missing_in_test"": [], ""missing_in_train"": []}",{}
d2_beef_uncontrolled|R3|classification|seed03|fold03,e2_main_d2,d2_beef_uncontrolled,R3,classification,3,3,16,1.4.0,real,True,ok,,2026-09-21T21:22:32Z,2.534448341000825,6435,2145,,,3,1,73fd7314e359,eb5b28f14a5f2478,07cd93e03295,require_all_classes,"{""missing_in_test"": [], ""missing_in_train"": []}",{}
d2_beef_uncontrolled|R3|classification|seed03|fold04,e2_main_d2,d2_beef_uncontrolled,R3,classification,3,4,16,1.4.0,real,True,ok,,2026-09-21T21:23:19Z,2.5531170424073935,6435,2145,,,3,1,a4933ae9f507,ffde8836540762e3,07cd93e03295,require_all_classes,"{""missing_in_test"": [], ""missing_in_train"": []}",{}
d2_beef_uncontrolled|R3|classification|seed04|fold00,e2_main_d2,d2_beef_uncontrolled,R3,classification,4,0,16,1.4.0,real,True,ok,,2026-09-21T21:24:08Z,2.563205983955413,6435,2145,,,3,1,ab20f229b2e5,372aca2f7f07a6bf,07cd93e03295,require_all_classes,"{""missing_in_test"": [], ""missing_in_train"": []}",{}
d2_beef_uncontrolled|R3|classification|seed04|fold01,e2_main_d2,d2_beef_uncontrolled,R3,classification,4,1,16,1.4.0,real,True,ok,,2026-09-21T21:24:56Z,2.5865080640651286,6435,2145,,,3,1,6b2262999c63,47e56b9ebb15fb6e,07cd93e03295,require_all_classes,"{""missing_in_test"": [], ""missing_in_train"": []}",{}
d2_beef_uncontrolled|R3|classification|seed04|fold02,e2_main_d2,d2_beef_uncontrolled,R3,classification,4,2,16,1.4.0,real,True,ok,,2026-09-21T21:25:44Z,2.591630189679563,6435,2145,,,3,1,557db8e1a73e,5d95c58cbcd6a735,07cd93e03295,require_all_classes,"{""missing_in_test"": [], ""missing_in_train"": []}",{}
d2_beef_uncontrolled|R3|classification|seed04|fold03,e2_main_d2,d2_beef_uncontrolled,R3,classification,4,3,16,1.4.0,real,True,ok,,2026-09-21T21:26:32Z,2.5909845740534365,6435,2145,,,3,1,9dd348ffc2ab,004023b857775cd6,07cd93e03295,require_all_classes,"{""missing_in_test"": [], ""missing_in_train"": []}",{}
d2_beef_uncontrolled|R3|classification|seed04|fold04,e2_main_d2,d2_beef_uncontrolled,R3,classification,4,4,16,1.4.0,real,True,ok,,2026-09-21T21:27:20Z,2.6348354551009834,6435,2145,,,3,1,faf19bcdc9b9,60f5e91fc74dd511,07cd93e03295,require_all_classes,"{""missing_in_test"": [], ""missing_in_train"": []}",{}
d2_beef_uncontrolled|R3|classification|seed05|fold00,e2_main_d2,d2_beef_uncontrolled,R3,classification,5,0,16,1.4.0,real,True,ok,,2026-09-21T21:08:08Z,2.7982655740343034,6435,2145,,,3,1,413cdd715162,9027b729d2364750,d0f6ac5c4964,require_all_classes,"{""missing_in_test"": [], ""missing_in_train"": []}",{}
d2_beef_uncontrolled|R3|classification|seed05|fold01,e2_main_d2,d2_beef_uncontrolled,R3,classification,5,1,16,1.4.0,real,True,ok,,2026-09-21T21:09:00Z,2.776078391354531,6435,2145,,,3,1,a8b8c30a5944,e198ae77b438a8c4,d0f6ac5c4964,require_all_classes,"{""missing_in_test"": [], ""missing_in_train"": []}",{}
d2_beef_uncontrolled|R3|classification|seed05|fold02,e2_main_d2,d2_beef_uncontrolled,R3,classification,5,2,16,1.4.0,real,True,ok,,2026-09-21T21:09:54Z,2.8787025306373835,6435,2145,,,3,1,9de5f792dc27,0ad18b8e8858d0cb,d0f6ac5c4964,require_all_classes,"{""missing_in_test"": [], ""missing_in_train"": []}",{}
d2_beef_uncontrolled|R3|classification|seed05|fold03,e2_main_d2,d2_beef_uncontrolled,R3,classification,5,3,16,1.4.0,real,True,ok,,2026-09-21T21:10:43Z,2.419920173007995,6435,2145,,,3,1,a5838cf9641b,34be938d402e8340,d0f6ac5c4964,require_all_classes,"{""missing_in_test"": [], ""missing_in_train"": []}",{}
d2_beef_uncontrolled|R3|classification|seed05|fold04,e2_main_d2,d2_beef_uncontrolled,R3,classification,5,4,16,1.4.0,real,True,ok,,2026-09-21T21:11:31Z,2.4204315710812807,6435,2145,,,3,1,6eee1b95b6aa,ab7e3211e966ea00,d0f6ac5c4964,require_all_classes,"{""missing_in_test"": [], ""missing_in_train"": []}",{}
d2_beef_uncontrolled|R3|classification|seed06|fold00,e2_main_d2,d2_beef_uncontrolled,R3,classification,6,0,16,1.4.0,real,True,ok,,2026-09-21T21:12:19Z,2.430080555845052,6435,2145,,,3,1,477c37a8ab73,2450e2239345aea0,d0f6ac5c4964,require_all_classes,"{""missing_in_test"": [], ""missing_in_train"": []}",{}
d2_beef_uncontrolled|R3|classification|seed06|fold01,e2_main_d2,d2_beef_uncontrolled,R3,classification,6,1,16,1.4.0,real,True,ok,,2026-09-21T21:13:07Z,2.3983291783370078,6435,2145,,,3,1,1c2e3ba58278,176a92bbd89f503a,d0f6ac5c4964,require_all_classes,"{""missing_in_test"": [], ""missing_in_train"": []}",{}
d2_beef_uncontrolled|R3|classification|seed06|fold02,e2_main_d2,d2_beef_uncontrolled,R3,classification,6,2,16,1.4.0,real,True,ok,,2026-09-21T21:13:55Z,2.4775039544329047,6435,2145,,,3,1,54ff457155dd,c6d0a20785dc51b1,d0f6ac5c4964,require_all_classes,"{""missing_in_test"": [], ""missing_in_train"": []}",{}
d2_beef_uncontrolled|R3|classification|seed06|fold03,e2_main_d2,d2_beef_uncontrolled,R3,classification,6,3,16,1.4.0,real,True,ok,,2026-09-21T21:14:43Z,2.6326086441986263,6435,2145,,,3,1,a877630b86ff,cf27f275a5a183d8,d0f6ac5c4964,require_all_classes,"{""missing_in_test"": [], ""missing_in_train"": []}",{}
d2_beef_uncontrolled|R3|classification|seed06|fold04,e2_main_d2,d2_beef_uncontrolled,R3,classification,6,4,16,1.4.0,real,True,ok,,2026-09-21T21:15:32Z,2.496586261782795,6435,2145,,,3,1,308afc6cb592,06e260a30df05d0e,d0f6ac5c4964,require_all_classes,"{""missing_in_test"": [], ""missing_in_train"": []}",{}
d2_beef_uncontrolled|R3|classification|seed07|fold00,e2_main_d2,d2_beef_uncontrolled,R3,classification,7,0,16,1.4.0,real,True,ok,,2026-09-21T21:16:19Z,2.4063654290512204,6435,2145,,,3,1,7b279b72dfb8,75cf0703bdb40410,d0f6ac5c4964,require_all_classes,"{""missing_in_test"": [], ""missing_in_train"": []}",{}
d2_beef_uncontrolled|R3|classification|seed07|fold01,e2_main_d2,d2_beef_uncontrolled,R3,classification,7,1,16,1.4.0,real,True,ok,,2026-09-21T21:17:07Z,2.4505369402468204,6435,2145,,,3,1,bb1e5578b9e3,ba40a53d60a0176b,d0f6ac5c4964,require_all_classes,"{""missing_in_test"": [], ""missing_in_train"": []}",{}
d2_beef_uncontrolled|R3|classification|seed07|fold02,e2_main_d2,d2_beef_uncontrolled,R3,classification,7,2,16,1.4.0,real,True,ok,,2026-09-21T21:17:55Z,2.407415511086583,6435,2145,,,3,1,ba39acccb154,bd980d1ac1a3c388,d0f6ac5c4964,require_all_classes,"{""missing_in_test"": [], ""missing_in_train"": []}",{}
d2_beef_uncontrolled|R3|classification|seed07|fold03,e2_main_d2,d2_beef_uncontrolled,R3,classification,7,3,16,1.4.0,real,True,ok,,2026-09-21T21:18:43Z,2.469201502390206,6435,2145,,,3,1,4726b95fa672,fe38ce9da3de1337,d0f6ac5c4964,require_all_classes,"{""missing_in_test"": [], ""missing_in_train"": []}",{}
d2_beef_uncontrolled|R3|classification|seed07|fold04,e2_main_d2,d2_beef_uncontrolled,R3,classification,7,4,16,1.4.0,real,True,ok,,2026-09-21T21:19:31Z,2.4172557392157614,6435,2145,,,3,1,2e34c9f360a4,ff080f169f87baa5,d0f6ac5c4964,require_all_classes,"{""missing_in_test"": [], ""missing_in_train"": []}",{}
d2_beef_uncontrolled|R3|classification|seed08|fold00,e2_main_d2,d2_beef_uncontrolled,R3,classification,8,0,16,1.4.0,real,True,ok,,2026-09-21T21:20:19Z,2.607421431224793,6435,2145,,,3,1,760fd382be4c,9cd5cc0705b6851c,d0f6ac5c4964,require_all_classes,"{""missing_in_test"": [], ""missing_in_train"": []}",{}
d2_beef_uncontrolled|R3|classification|seed08|fold01,e2_main_d2,d2_beef_uncontrolled,R3,classification,8,1,16,1.4.0,real,True,ok,,2026-09-21T21:21:07Z,2.4598053679801524,6435,2145,,,3,1,f60758215a07,ef29b8031d0e0719,d0f6ac5c4964,require_all_classes,"{""missing_in_test"": [], ""missing_in_train"": []}",{}
d2_beef_uncontrolled|R3|classification|seed08|fold02,e2_main_d2,d2_beef_uncontrolled,R3,classification,8,2,16,1.4.0,real,True,ok,,2026-09-21T21:21:55Z,2.6466022888198495,6435,2145,,,3,1,b12aea5b360e,65f83e8df4e52205,d0f6ac5c4964,require_all_classes,"{""missing_in_test"": [], ""missing_in_train"": []}",{}
d2_beef_uncontrolled|R3|classification|seed08|fold03,e2_main_d2,d2_beef_uncontrolled,R3,classification,8,3,16,1.4.0,real,True,ok,,2026-09-21T21:22:43Z,2.4372383248992264,6435,2145,,,3,1,d24ce02cae99,29da8fd9f5e7c6c0,d0f6ac5c4964,require_all_classes,"{""missing_in_test"": [], ""missing_in_train"": []}",{}
d2_beef_uncontrolled|R3|classification|seed08|fold04,e2_main_d2,d2_beef_uncontrolled,R3,classification,8,4,16,1.4.0,real,True,ok,,2026-09-21T21:23:31Z,2.426788100041449,6435,2145,,,3,1,02ddc5401296,75c19406928c3308,d0f6ac5c4964,require_all_classes,"{""missing_in_test"": [], ""missing_in_train"": []}",{}
d2_beef_uncontrolled|R3|classification|seed09|fold00,e2_main_d2,d2_beef_uncontrolled,R3,classification,9,0,16,1.4.0,real,True,ok,,2026-09-21T21:24:20Z,2.509426848962903,6435,2145,,,3,1,523607d0ddee,b268d7c10f6946d0,d0f6ac5c4964,require_all_classes,"{""missing_in_test"": [], ""missing_in_train"": []}",{}
d2_beef_uncontrolled|R3|classification|seed09|fold01,e2_main_d2,d2_beef_uncontrolled,R3,classification,9,1,16,1.4.0,real,True,ok,,2026-09-21T21:25:07Z,2.399011136032641,6435,2145,,,3,1,de265fd108a1,7dc131407ec1c9bb,d0f6ac5c4964,require_all_classes,"{""missing_in_test"": [], ""missing_in_train"": []}",{}
d2_beef_uncontrolled|R3|classification|seed09|fold02,e2_main_d2,d2_beef_uncontrolled,R3,classification,9,2,16,1.4.0,real,True,ok,,2026-09-21T21:25:55Z,2.4297242551110685,6435,2145,,,3,1,9a76beab3005,ff00546fe4bb6100,d0f6ac5c4964,require_all_classes,"{""missing_in_test"": [], ""missing_in_train"": []}",{}
d2_beef_uncontrolled|R3|classification|seed09|fold03,e2_main_d2,d2_beef_uncontrolled,R3,classification,9,3,16,1.4.0,real,True,ok,,2026-09-21T21:26:43Z,2.4078804589807987,6435,2145,,,3,1,bcc42ac9806b,e3bb1623fb967547,d0f6ac5c4964,require_all_classes,"{""missing_in_test"": [], ""missing_in_train"": []}",{}
d2_beef_uncontrolled|R3|classification|seed09|fold04,e2_main_d2,d2_beef_uncontrolled,R3,classification,9,4,16,1.4.0,real,True,ok,,2026-09-21T21:27:31Z,2.568339585326612,6435,2145,,,3,1,3b4893542c85,b22f525eb43f2849,d0f6ac5c4964,require_all_classes,"{""missing_in_test"": [], ""missing_in_train"": []}",{}
d2_beef_uncontrolled|R3|regression|seed00|fold00,e2_main_d2,d2_beef_uncontrolled,R3,regression,0,0,16,1.4.0,real,True,ok,,2026-09-21T21:08:30Z,2.3906239438802004,6435,2145,,,3,1,20a70c561f8e,eaabcaaf95153ee4,07cd93e03295,require_all_classes,"{""missing_in_test"": [], ""missing_in_train"": []}",{}
d2_beef_uncontrolled|R3|regression|seed00|fold01,e2_main_d2,d2_beef_uncontrolled,R3,regression,0,1,16,1.4.0,real,True,ok,,2026-09-21T21:09:18Z,2.2587053263559937,6435,2145,,,3,1,6c9ef01abdf9,f651b28faeba8e54,07cd93e03295,require_all_classes,"{""missing_in_test"": [], ""missing_in_train"": []}",{}
d2_beef_uncontrolled|R3|regression|seed00|fold02,e2_main_d2,d2_beef_uncontrolled,R3,regression,0,2,16,1.4.0,real,True,ok,,2026-09-21T21:10:06Z,2.116922728251666,6435,2145,,,3,1,8f5d6031eff3,d2c488b897bbd298,07cd93e03295,require_all_classes,"{""missing_in_test"": [], ""missing_in_train"": []}",{}
d2_beef_uncontrolled|R3|regression|seed00|fold03,e2_main_d2,d2_beef_uncontrolled,R3,regression,0,3,16,1.4.0,real,True,ok,,2026-09-21T21:10:53Z,2.124846283812076,6435,2145,,,3,1,940f76d29b89,7fc849edd2cd35ec,07cd93e03295,require_all_classes,"{""missing_in_test"": [], ""missing_in_train"": []}",{}
d2_beef_uncontrolled|R3|regression|seed00|fold04,e2_main_d2,d2_beef_uncontrolled,R3,regression,0,4,16,1.4.0,real,True,ok,,2026-09-21T21:11:42Z,2.116491968743503,6435,2145,,,3,1,b01bbf6f9575,d8d96b8ad1e1f458,07cd93e03295,require_all_classes,"{""missing_in_test"": [], ""missing_in_train"": []}",{}
d2_beef_uncontrolled|R3|regression|seed01|fold00,e2_main_d2,d2_beef_uncontrolled,R3,regression,1,0,16,1.4.0,real,True,ok,,2026-09-21T21:12:30Z,2.088040303904563,6435,2145,,,3,1,92d667f81d03,f578f75cc35ba3c2,07cd93e03295,require_all_classes,"{""missing_in_test"": [], ""missing_in_train"": []}",{}
d2_beef_uncontrolled|R3|regression|seed01|fold01,e2_main_d2,d2_beef_uncontrolled,R3,regression,1,1,16,1.4.0,real,True,ok,,2026-09-21T21:13:18Z,2.100470073055476,6435,2145,,,3,1,63eaca80ac77,6715bf1fe8b927b7,07cd93e03295,require_all_classes,"{""missing_in_test"": [], ""missing_in_train"": []}",{}
d2_beef_uncontrolled|R3|regression|seed01|fold02,e2_main_d2,d2_beef_uncontrolled,R3,regression,1,2,16,1.4.0,real,True,ok,,2026-09-21T21:14:06Z,2.0914553473703563,6435,2145,,,3,1,14ed105fd91e,dd2af027c9bc95bb,07cd93e03295,require_all_classes,"{""missing_in_test"": [], ""missing_in_train"": []}",{}
d2_beef_uncontrolled|R3|regression|seed01|fold03,e2_main_d2,d2_beef_uncontrolled,R3,regression,1,3,16,1.4.0,real,True,ok,,2026-09-21T21:14:54Z,2.193338197655976,6435,2145,,,3,1,99c64364d832,19efb00252ff313f,07cd93e03295,require_all_classes,"{""missing_in_test"": [], ""missing_in_train"": []}",{}
d2_beef_uncontrolled|R3|regression|seed01|fold04,e2_main_d2,d2_beef_uncontrolled,R3,regression,1,4,16,1.4.0,real,True,ok,,2026-09-21T21:15:43Z,2.0858258600346744,6435,2145,,,3,1,fa4200209670,4a0035e45c15b574,07cd93e03295,require_all_classes,"{""missing_in_test"": [], ""missing_in_train"": []}",{}
d2_beef_uncontrolled|R3|regression|seed02|fold00,e2_main_d2,d2_beef_uncontrolled,R3,regression,2,0,16,1.4.0,real,True,ok,,2026-09-21T21:16:31Z,2.133458917029202,6435,2145,,,3,1,38e11e05422e,0c711399d87221df,07cd93e03295,require_all_classes,"{""missing_in_test"": [], ""missing_in_train"": []}",{}
d2_beef_uncontrolled|R3|regression|seed02|fold01,e2_main_d2,d2_beef_uncontrolled,R3,regression,2,1,16,1.4.0,real,True,ok,,2026-09-21T21:17:19Z,2.1376328519545496,6435,2145,,,3,1,8a87c8dddc86,ad9afa71bb515ef4,07cd93e03295,require_all_classes,"{""missing_in_test"": [], ""missing_in_train"": []}",{}
d2_beef_uncontrolled|R3|regression|seed02|fold02,e2_main_d2,d2_beef_uncontrolled,R3,regression,2,2,16,1.4.0,real,True,ok,,2026-09-21T21:18:06Z,2.1980518270283937,6435,2145,,,3,1,545d378c28a6,82464873311b0340,07cd93e03295,require_all_classes,"{""missing_in_test"": [], ""missing_in_train"": []}",{}
d2_beef_uncontrolled|R3|regression|seed02|fold03,e2_main_d2,d2_beef_uncontrolled,R3,regression,2,3,16,1.4.0,real,True,ok,,2026-09-21T21:18:55Z,2.2551283831708133,6435,2145,,,3,1,289906332a4f,9ca6c32e5c7ca2f7,07cd93e03295,require_all_classes,"{""missing_in_test"": [], ""missing_in_train"": []}",{}
d2_beef_uncontrolled|R3|regression|seed02|fold04,e2_main_d2,d2_beef_uncontrolled,R3,regression,2,4,16,1.4.0,real,True,ok,,2026-09-21T21:19:43Z,2.168308085296303,6435,2145,,,3,1,202906f4d7e1,27f095cd2a71ece3,07cd93e03295,require_all_classes,"{""missing_in_test"": [], ""missing_in_train"": []}",{}
d2_beef_uncontrolled|R3|regression|seed03|fold00,e2_main_d2,d2_beef_uncontrolled,R3,regression,3,0,16,1.4.0,real,True,ok,,2026-09-21T21:20:32Z,2.18250371189788,6435,2145,,,3,1,0e087c313624,07c2a5f3a8eeb54c,07cd93e03295,require_all_classes,"{""missing_in_test"": [], ""missing_in_train"": []}",{}
d2_beef_uncontrolled|R3|regression|seed03|fold01,e2_main_d2,d2_beef_uncontrolled,R3,regression,3,1,16,1.4.0,real,True,ok,,2026-09-21T21:21:20Z,2.1181422993540764,6435,2145,,,3,1,ff41306bda71,095e21a3527a64c8,07cd93e03295,require_all_classes,"{""missing_in_test"": [], ""missing_in_train"": []}",{}
d2_beef_uncontrolled|R3|regression|seed03|fold02,e2_main_d2,d2_beef_uncontrolled,R3,regression,3,2,16,1.4.0,real,True,ok,,2026-09-21T21:22:08Z,2.1817167177796364,6435,2145,,,3,1,31c8eaca9098,a24ea71073012d61,07cd93e03295,require_all_classes,"{""missing_in_test"": [], ""missing_in_train"": []}",{}
d2_beef_uncontrolled|R3|regression|seed03|fold03,e2_main_d2,d2_beef_uncontrolled,R3,regression,3,3,16,1.4.0,real,True,ok,,2026-09-21T21:22:55Z,2.098145677242428,6435,2145,,,3,1,73fd7314e359,75e9f19125297c8b,07cd93e03295,require_all_classes,"{""missing_in_test"": [], ""missing_in_train"": []}",{}
d2_beef_uncontrolled|R3|regression|seed03|fold04,e2_main_d2,d2_beef_uncontrolled,R3,regression,3,4,16,1.4.0,real,True,ok,,2026-09-21T21:23:43Z,2.3019780847243965,6435,2145,,,3,1,a4933ae9f507,e0c4b811975d3763,07cd93e03295,require_all_classes,"{""missing_in_test"": [], ""missing_in_train"": []}",{}
d2_beef_uncontrolled|R3|regression|seed04|fold00,e2_main_d2,d2_beef_uncontrolled,R3,regression,4,0,16,1.4.0,real,True,ok,,2026-09-21T21:24:32Z,2.168672279920429,6435,2145,,,3,1,ab20f229b2e5,c8c6e1670d1026e4,07cd93e03295,require_all_classes,"{""missing_in_test"": [], ""missing_in_train"": []}",{}
d2_beef_uncontrolled|R3|regression|seed04|fold01,e2_main_d2,d2_beef_uncontrolled,R3,regression,4,1,16,1.4.0,real,True,ok,,2026-09-21T21:25:20Z,2.227315957657993,6435,2145,,,3,1,6b2262999c63,339f587117505e1d,07cd93e03295,require_all_classes,"{""missing_in_test"": [], ""missing_in_train"": []}",{}
d2_beef_uncontrolled|R3|regression|seed04|fold02,e2_main_d2,d2_beef_uncontrolled,R3,regression,4,2,16,1.4.0,real,True,ok,,2026-09-21T21:26:08Z,2.1810732018202543,6435,2145,,,3,1,557db8e1a73e,5377a4f653004139,07cd93e03295,require_all_classes,"{""missing_in_test"": [], ""missing_in_train"": []}",{}
d2_beef_uncontrolled|R3|regression|seed04|fold03,e2_main_d2,d2_beef_uncontrolled,R3,regression,4,3,16,1.4.0,real,True,ok,,2026-09-21T21:26:56Z,2.1266927239485085,6435,2145,,,3,1,9dd348ffc2ab,855bffe8be2ffb56,07cd93e03295,require_all_classes,"{""missing_in_test"": [], ""missing_in_train"": []}",{}
d2_beef_uncontrolled|R3|regression|seed04|fold04,e2_main_d2,d2_beef_uncontrolled,R3,regression,4,4,16,1.4.0,real,True,ok,,2026-09-21T21:27:45Z,2.120007613673806,6435,2145,,,3,1,faf19bcdc9b9,7a13c562f549d8c6,07cd93e03295,require_all_classes,"{""missing_in_test"": [], ""missing_in_train"": []}",{}
d2_beef_uncontrolled|R3|regression|seed05|fold00,e2_main_d2,d2_beef_uncontrolled,R3,regression,5,0,16,1.4.0,real,True,ok,,2026-09-21T21:08:35Z,2.6026019169948995,6435,2145,,,3,1,413cdd715162,c4aafd72197091a4,d0f6ac5c4964,require_all_classes,"{""missing_in_test"": [], ""missing_in_train"": []}",{}
d2_beef_uncontrolled|R3|regression|seed05|fold01,e2_main_d2,d2_beef_uncontrolled,R3,regression,5,1,16,1.4.0,real,True,ok,,2026-09-21T21:09:28Z,2.392880709376186,6435,2145,,,3,1,a8b8c30a5944,d062a82b9f90f40e,d0f6ac5c4964,require_all_classes,"{""missing_in_test"": [], ""missing_in_train"": []}",{}
d2_beef_uncontrolled|R3|regression|seed05|fold02,e2_main_d2,d2_beef_uncontrolled,R3,regression,5,2,16,1.4.0,real,True,ok,,2026-09-21T21:10:20Z,2.2034145803190768,6435,2145,,,3,1,9de5f792dc27,6a0a6143572edced,d0f6ac5c4964,require_all_classes,"{""missing_in_test"": [], ""missing_in_train"": []}",{}
d2_beef_uncontrolled|R3|regression|seed05|fold03,e2_main_d2,d2_beef_uncontrolled,R3,regression,5,3,16,1.4.0,real,True,ok,,2026-09-21T21:11:08Z,2.3227151348255575,6435,2145,,,3,1,a5838cf9641b,bc485638e649caff,d0f6ac5c4964,require_all_classes,"{""missing_in_test"": [], ""missing_in_train"": []}",{}
d2_beef_uncontrolled|R3|regression|seed05|fold04,e2_main_d2,d2_beef_uncontrolled,R3,regression,5,4,16,1.4.0,real,True,ok,,2026-09-21T21:11:56Z,2.229454593267292,6435,2145,,,3,1,6eee1b95b6aa,69e56cc640386ff8,d0f6ac5c4964,require_all_classes,"{""missing_in_test"": [], ""missing_in_train"": []}",{}
d2_beef_uncontrolled|R3|regression|seed06|fold00,e2_main_d2,d2_beef_uncontrolled,R3,regression,6,0,16,1.4.0,real,True,ok,,2026-09-21T21:12:44Z,2.298875129316002,6435,2145,,,3,1,477c37a8ab73,43608519349f74a2,d0f6ac5c4964,require_all_classes,"{""missing_in_test"": [], ""missing_in_train"": []}",{}
d2_beef_uncontrolled|R3|regression|seed06|fold01,e2_main_d2,d2_beef_uncontrolled,R3,regression,6,1,16,1.4.0,real,True,ok,,2026-09-21T21:13:32Z,2.3373721302486956,6435,2145,,,3,1,1c2e3ba58278,c1f3bd898e6c12df,d0f6ac5c4964,require_all_classes,"{""missing_in_test"": [], ""missing_in_train"": []}",{}
d2_beef_uncontrolled|R3|regression|seed06|fold02,e2_main_d2,d2_beef_uncontrolled,R3,regression,6,2,16,1.4.0,real,True,ok,,2026-09-21T21:14:20Z,2.1875058389268816,6435,2145,,,3,1,54ff457155dd,78410604b2ffcde5,d0f6ac5c4964,require_all_classes,"{""missing_in_test"": [], ""missing_in_train"": []}",{}
d2_beef_uncontrolled|R3|regression|seed06|fold03,e2_main_d2,d2_beef_uncontrolled,R3,regression,6,3,16,1.4.0,real,True,ok,,2026-09-21T21:15:08Z,2.1777064348571002,6435,2145,,,3,1,a877630b86ff,01f092b586b5b621,d0f6ac5c4964,require_all_classes,"{""missing_in_test"": [], ""missing_in_train"": []}",{}
d2_beef_uncontrolled|R3|regression|seed06|fold04,e2_main_d2,d2_beef_uncontrolled,R3,regression,6,4,16,1.4.0,real,True,ok,,2026-09-21T21:15:56Z,2.153747972100973,6435,2145,,,3,1,308afc6cb592,945d3c88ce1fc6bf,d0f6ac5c4964,require_all_classes,"{""missing_in_test"": [], ""missing_in_train"": []}",{}
d2_beef_uncontrolled|R3|regression|seed07|fold00,e2_main_d2,d2_beef_uncontrolled,R3,regression,7,0,16,1.4.0,real,True,ok,,2026-09-21T21:16:45Z,2.281855036970228,6435,2145,,,3,1,7b279b72dfb8,4da4b748c9a28f26,d0f6ac5c4964,require_all_classes,"{""missing_in_test"": [], ""missing_in_train"": []}",{}
d2_beef_uncontrolled|R3|regression|seed07|fold01,e2_main_d2,d2_beef_uncontrolled,R3,regression,7,1,16,1.4.0,real,True,ok,,2026-09-21T21:17:32Z,2.2130404370836914,6435,2145,,,3,1,bb1e5578b9e3,68704122a7176efa,d0f6ac5c4964,require_all_classes,"{""missing_in_test"": [], ""missing_in_train"": []}",{}
d2_beef_uncontrolled|R3|regression|seed07|fold02,e2_main_d2,d2_beef_uncontrolled,R3,regression,7,2,16,1.4.0,real,True,ok,,2026-09-21T21:18:20Z,2.1434104219079018,6435,2145,,,3,1,ba39acccb154,219c13ed0586b5c3,d0f6ac5c4964,require_all_classes,"{""missing_in_test"": [], ""missing_in_train"": []}",{}
d2_beef_uncontrolled|R3|regression|seed07|fold03,e2_main_d2,d2_beef_uncontrolled,R3,regression,7,3,16,1.4.0,real,True,ok,,2026-09-21T21:19:09Z,2.1933520422317088,6435,2145,,,3,1,4726b95fa672,c29fe15c1619df20,d0f6ac5c4964,require_all_classes,"{""missing_in_test"": [], ""missing_in_train"": []}",{}
d2_beef_uncontrolled|R3|regression|seed07|fold04,e2_main_d2,d2_beef_uncontrolled,R3,regression,7,4,16,1.4.0,real,True,ok,,2026-09-21T21:19:56Z,2.3098626816645265,6435,2145,,,3,1,2e34c9f360a4,5b517591ab8918c6,d0f6ac5c4964,require_all_classes,"{""missing_in_test"": [], ""missing_in_train"": []}",{}
d2_beef_uncontrolled|R3|regression|seed08|fold00,e2_main_d2,d2_beef_uncontrolled,R3,regression,8,0,16,1.4.0,real,True,ok,,2026-09-21T21:20:44Z,2.2146994308568537,6435,2145,,,3,1,760fd382be4c,ab1f046c029bc650,d0f6ac5c4964,require_all_classes,"{""missing_in_test"": [], ""missing_in_train"": []}",{}
d2_beef_uncontrolled|R3|regression|seed08|fold01,e2_main_d2,d2_beef_uncontrolled,R3,regression,8,1,16,1.4.0,real,True,ok,,2026-09-21T21:21:32Z,2.158572059124708,6435,2145,,,3,1,f60758215a07,a8bc7e4b7f407931,d0f6ac5c4964,require_all_classes,"{""missing_in_test"": [], ""missing_in_train"": []}",{}
d2_beef_uncontrolled|R3|regression|seed08|fold02,e2_main_d2,d2_beef_uncontrolled,R3,regression,8,2,16,1.4.0,real,True,ok,,2026-09-21T21:22:21Z,2.1762559581547976,6435,2145,,,3,1,b12aea5b360e,68b8571ce22203b5,d0f6ac5c4964,require_all_classes,"{""missing_in_test"": [], ""missing_in_train"": []}",{}
d2_beef_uncontrolled|R3|regression|seed08|fold03,e2_main_d2,d2_beef_uncontrolled,R3,regression,8,3,16,1.4.0,real,True,ok,,2026-09-21T21:23:08Z,2.216704310849309,6435,2145,,,3,1,d24ce02cae99,eb0eaca2068b0b70,d0f6ac5c4964,require_all_classes,"{""missing_in_test"": [], ""missing_in_train"": []}",{}
d2_beef_uncontrolled|R3|regression|seed08|fold04,e2_main_d2,d2_beef_uncontrolled,R3,regression,8,4,16,1.4.0,real,True,ok,,2026-09-21T21:23:56Z,2.2824226580560207,6435,2145,,,3,1,02ddc5401296,4e76638217302070,d0f6ac5c4964,require_all_classes,"{""missing_in_test"": [], ""missing_in_train"": []}",{}
d2_beef_uncontrolled|R3|regression|seed09|fold00,e2_main_d2,d2_beef_uncontrolled,R3,regression,9,0,16,1.4.0,real,True,ok,,2026-09-21T21:24:44Z,2.1609035450965166,6435,2145,,,3,1,523607d0ddee,1443565b214aa969,d0f6ac5c4964,require_all_classes,"{""missing_in_test"": [], ""missing_in_train"": []}",{}
d2_beef_uncontrolled|R3|regression|seed09|fold01,e2_main_d2,d2_beef_uncontrolled,R3,regression,9,1,16,1.4.0,real,True,ok,,2026-09-21T21:25:32Z,2.248587434180081,6435,2145,,,3,1,de265fd108a1,47e32e8afcf86c9e,d0f6ac5c4964,require_all_classes,"{""missing_in_test"": [], ""missing_in_train"": []}",{}
d2_beef_uncontrolled|R3|regression|seed09|fold02,e2_main_d2,d2_beef_uncontrolled,R3,regression,9,2,16,1.4.0,real,True,ok,,2026-09-21T21:26:20Z,2.1670061899349093,6435,2145,,,3,1,9a76beab3005,e6e9f5e57fe7a359,d0f6ac5c4964,require_all_classes,"{""missing_in_test"": [], ""missing_in_train"": []}",{}
d2_beef_uncontrolled|R3|regression|seed09|fold03,e2_main_d2,d2_beef_uncontrolled,R3,regression,9,3,16,1.4.0,real,True,ok,,2026-09-21T21:27:08Z,2.2404373823665082,6435,2145,,,3,1,bcc42ac9806b,e40c508ad37e2d56,d0f6ac5c4964,require_all_classes,"{""missing_in_test"": [], ""missing_in_train"": []}",{}
d2_beef_uncontrolled|R3|regression|seed09|fold04,e2_main_d2,d2_beef_uncontrolled,R3,regression,9,4,16,1.4.0,real,True,ok,,2026-09-21T21:27:56Z,2.295323716942221,6435,2145,,,3,1,3b4893542c85,2ee044cd6a44fa3e,d0f6ac5c4964,require_all_classes,"{""missing_in_test"": [], ""missing_in_train"": []}",{}
d2_beef_uncontrolled|R4|classification|seed00|fold00,e2_main_d2,d2_beef_uncontrolled,R4,classification,0,0,16,1.4.0,real,True,ok,,2026-09-21T21:08:09Z,2.95920955715701,6435,2145,,,3,1,20a70c561f8e,bf2f611cc30469be,07cd93e03295,require_all_classes,"{""missing_in_test"": [], ""missing_in_train"": []}",{}
d2_beef_uncontrolled|R4|classification|seed00|fold01,e2_main_d2,d2_beef_uncontrolled,R4,classification,0,1,16,1.4.0,real,True,ok,,2026-09-21T21:08:57Z,3.0029085888527334,6435,2145,,,3,1,6c9ef01abdf9,9b0cf7d39966d5ca,07cd93e03295,require_all_classes,"{""missing_in_test"": [], ""missing_in_train"": []}",{}
d2_beef_uncontrolled|R4|classification|seed00|fold02,e2_main_d2,d2_beef_uncontrolled,R4,classification,0,2,16,1.4.0,real,True,ok,,2026-09-21T21:09:45Z,3.055992743000388,6435,2145,,,3,1,8f5d6031eff3,7b50fe666f9967dd,07cd93e03295,require_all_classes,"{""missing_in_test"": [], ""missing_in_train"": []}",{}
d2_beef_uncontrolled|R4|classification|seed00|fold03,e2_main_d2,d2_beef_uncontrolled,R4,classification,0,3,16,1.4.0,real,True,ok,,2026-09-21T21:10:33Z,3.1466289358213544,6435,2145,,,3,1,940f76d29b89,f508742cfdf18a55,07cd93e03295,require_all_classes,"{""missing_in_test"": [], ""missing_in_train"": []}",{}
d2_beef_uncontrolled|R4|classification|seed00|fold04,e2_main_d2,d2_beef_uncontrolled,R4,classification,0,4,16,1.4.0,real,True,ok,,2026-09-21T21:11:21Z,3.22274555824697,6435,2145,,,3,1,b01bbf6f9575,ff26c3b24c121196,07cd93e03295,require_all_classes,"{""missing_in_test"": [], ""missing_in_train"": []}",{}
d2_beef_uncontrolled|R4|classification|seed01|fold00,e2_main_d2,d2_beef_uncontrolled,R4,classification,1,0,16,1.4.0,real,True,ok,,2026-09-21T21:12:09Z,3.2704648920334876,6435,2145,,,3,1,92d667f81d03,7359f3156a0e205b,07cd93e03295,require_all_classes,"{""missing_in_test"": [], ""missing_in_train"": []}",{}
d2_beef_uncontrolled|R4|classification|seed01|fold01,e2_main_d2,d2_beef_uncontrolled,R4,classification,1,1,16,1.4.0,real,True,ok,,2026-09-21T21:12:57Z,3.0950910807587206,6435,2145,,,3,1,63eaca80ac77,bb6a9e6a3ac97ff3,07cd93e03295,require_all_classes,"{""missing_in_test"": [], ""missing_in_train"": []}",{}
d2_beef_uncontrolled|R4|classification|seed01|fold02,e2_main_d2,d2_beef_uncontrolled,R4,classification,1,2,16,1.4.0,real,True,ok,,2026-09-21T21:13:45Z,3.190291655715555,6435,2145,,,3,1,14ed105fd91e,10eac4eae1bbc6b8,07cd93e03295,require_all_classes,"{""missing_in_test"": [], ""missing_in_train"": []}",{}
d2_beef_uncontrolled|R4|classification|seed01|fold03,e2_main_d2,d2_beef_uncontrolled,R4,classification,1,3,16,1.4.0,real,True,ok,,2026-09-21T21:14:33Z,3.2417370048351586,6435,2145,,,3,1,99c64364d832,1c90bec871705d1b,07cd93e03295,require_all_classes,"{""missing_in_test"": [], ""missing_in_train"": []}",{}
d2_beef_uncontrolled|R4|classification|seed01|fold04,e2_main_d2,d2_beef_uncontrolled,R4,classification,1,4,16,1.4.0,real,True,ok,,2026-09-21T21:15:22Z,3.3390564187429845,6435,2145,,,3,1,fa4200209670,f76bfb0c91e5be44,07cd93e03295,require_all_classes,"{""missing_in_test"": [], ""missing_in_train"": []}",{}
d2_beef_uncontrolled|R4|classification|seed02|fold00,e2_main_d2,d2_beef_uncontrolled,R4,classification,2,0,16,1.4.0,real,True,ok,,2026-09-21T21:16:10Z,3.2161781461909413,6435,2145,,,3,1,38e11e05422e,3305a856c0569b2e,07cd93e03295,require_all_classes,"{""missing_in_test"": [], ""missing_in_train"": []}",{}
d2_beef_uncontrolled|R4|classification|seed02|fold01,e2_main_d2,d2_beef_uncontrolled,R4,classification,2,1,16,1.4.0,real,True,ok,,2026-09-21T21:16:58Z,3.1001663710922003,6435,2145,,,3,1,8a87c8dddc86,a74fb7ca2cff9c04,07cd93e03295,require_all_classes,"{""missing_in_test"": [], ""missing_in_train"": []}",{}
d2_beef_uncontrolled|R4|classification|seed02|fold02,e2_main_d2,d2_beef_uncontrolled,R4,classification,2,2,16,1.4.0,real,True,ok,,2026-09-21T21:17:46Z,3.0645906240679324,6435,2145,,,3,1,545d378c28a6,20d3410044f8b3f9,07cd93e03295,require_all_classes,"{""missing_in_test"": [], ""missing_in_train"": []}",{}
d2_beef_uncontrolled|R4|classification|seed02|fold03,e2_main_d2,d2_beef_uncontrolled,R4,classification,2,3,16,1.4.0,real,True,ok,,2026-09-21T21:18:34Z,3.375337803736329,6435,2145,,,3,1,289906332a4f,0651178ded73ac96,07cd93e03295,require_all_classes,"{""missing_in_test"": [], ""missing_in_train"": []}",{}
d2_beef_uncontrolled|R4|classification|seed02|fold04,e2_main_d2,d2_beef_uncontrolled,R4,classification,2,4,16,1.4.0,real,True,ok,,2026-09-21T21:19:22Z,3.2047792128287256,6435,2145,,,3,1,202906f4d7e1,5da434dee67a17fa,07cd93e03295,require_all_classes,"{""missing_in_test"": [], ""missing_in_train"": []}",{}
d2_beef_uncontrolled|R4|classification|seed03|fold00,e2_main_d2,d2_beef_uncontrolled,R4,classification,3,0,16,1.4.0,real,True,ok,,2026-09-21T21:20:10Z,3.05892695998773,6435,2145,,,3,1,0e087c313624,2fb6d3d876328eff,07cd93e03295,require_all_classes,"{""missing_in_test"": [], ""missing_in_train"": []}",{}
d2_beef_uncontrolled|R4|classification|seed03|fold01,e2_main_d2,d2_beef_uncontrolled,R4,classification,3,1,16,1.4.0,real,True,ok,,2026-09-21T21:20:59Z,3.028864730615169,6435,2145,,,3,1,ff41306bda71,a3ebcd4730f6f440,07cd93e03295,require_all_classes,"{""missing_in_test"": [], ""missing_in_train"": []}",{}
d2_beef_uncontrolled|R4|classification|seed03|fold02,e2_main_d2,d2_beef_uncontrolled,R4,classification,3,2,16,1.4.0,real,True,ok,,2026-09-21T21:21:46Z,3.0661793970502913,6435,2145,,,3,1,31c8eaca9098,89e399a1842086b9,07cd93e03295,require_all_classes,"{""missing_in_test"": [], ""missing_in_train"": []}",{}
d2_beef_uncontrolled|R4|classification|seed03|fold03,e2_main_d2,d2_beef_uncontrolled,R4,classification,3,3,16,1.4.0,real,True,ok,,2026-09-21T21:22:35Z,2.9804147421382368,6435,2145,,,3,1,73fd7314e359,37c3c0026426a675,07cd93e03295,require_all_classes,"{""missing_in_test"": [], ""missing_in_train"": []}",{}
d2_beef_uncontrolled|R4|classification|seed03|fold04,e2_main_d2,d2_beef_uncontrolled,R4,classification,3,4,16,1.4.0,real,True,ok,,2026-09-21T21:23:22Z,3.1509963176213205,6435,2145,,,3,1,a4933ae9f507,75ffac28f988c6b8,07cd93e03295,require_all_classes,"{""missing_in_test"": [], ""missing_in_train"": []}",{}
d2_beef_uncontrolled|R4|classification|seed04|fold00,e2_main_d2,d2_beef_uncontrolled,R4,classification,4,0,16,1.4.0,real,True,ok,,2026-09-21T21:24:11Z,3.0624260110780597,6435,2145,,,3,1,ab20f229b2e5,81a2c0e07efd66dc,07cd93e03295,require_all_classes,"{""missing_in_test"": [], ""missing_in_train"": []}",{}
d2_beef_uncontrolled|R4|classification|seed04|fold01,e2_main_d2,d2_beef_uncontrolled,R4,classification,4,1,16,1.4.0,real,True,ok,,2026-09-21T21:24:59Z,3.060902793891728,6435,2145,,,3,1,6b2262999c63,5bdbdad6f5ddc471,07cd93e03295,require_all_classes,"{""missing_in_test"": [], ""missing_in_train"": []}",{}
d2_beef_uncontrolled|R4|classification|seed04|fold02,e2_main_d2,d2_beef_uncontrolled,R4,classification,4,2,16,1.4.0,real,True,ok,,2026-09-21T21:25:47Z,3.1887367060407996,6435,2145,,,3,1,557db8e1a73e,a61ad3ce67f4a61a,07cd93e03295,require_all_classes,"{""missing_in_test"": [], ""missing_in_train"": []}",{}
d2_beef_uncontrolled|R4|classification|seed04|fold03,e2_main_d2,d2_beef_uncontrolled,R4,classification,4,3,16,1.4.0,real,True,ok,,2026-09-21T21:26:35Z,3.0718287248164415,6435,2145,,,3,1,9dd348ffc2ab,57eb63698e5e0e18,07cd93e03295,require_all_classes,"{""missing_in_test"": [], ""missing_in_train"": []}",{}
d2_beef_uncontrolled|R4|classification|seed04|fold04,e2_main_d2,d2_beef_uncontrolled,R4,classification,4,4,16,1.4.0,real,True,ok,,2026-09-21T21:27:23Z,3.088604070711881,6435,2145,,,3,1,faf19bcdc9b9,b25b05fa58fc4986,07cd93e03295,require_all_classes,"{""missing_in_test"": [], ""missing_in_train"": []}",{}
d2_beef_uncontrolled|R4|classification|seed05|fold00,e2_main_d2,d2_beef_uncontrolled,R4,classification,5,0,16,1.4.0,real,True,ok,,2026-09-21T21:08:11Z,3.327210184186697,6435,2145,,,3,1,413cdd715162,473292cbb501bb8a,d0f6ac5c4964,require_all_classes,"{""missing_in_test"": [], ""missing_in_train"": []}",{}
d2_beef_uncontrolled|R4|classification|seed05|fold01,e2_main_d2,d2_beef_uncontrolled,R4,classification,5,1,16,1.4.0,real,True,ok,,2026-09-21T21:09:04Z,3.471908550709486,6435,2145,,,3,1,a8b8c30a5944,aa3591fc091edc00,d0f6ac5c4964,require_all_classes,"{""missing_in_test"": [], ""missing_in_train"": []}",{}
d2_beef_uncontrolled|R4|classification|seed05|fold02,e2_main_d2,d2_beef_uncontrolled,R4,classification,5,2,16,1.4.0,real,True,ok,,2026-09-21T21:09:58Z,3.428891441784799,6435,2145,,,3,1,9de5f792dc27,aacb49f66c38cc90,d0f6ac5c4964,require_all_classes,"{""missing_in_test"": [], ""missing_in_train"": []}",{}
d2_beef_uncontrolled|R4|classification|seed05|fold03,e2_main_d2,d2_beef_uncontrolled,R4,classification,5,3,16,1.4.0,real,True,ok,,2026-09-21T21:10:46Z,2.9653485119342804,6435,2145,,,3,1,a5838cf9641b,73a5335c6aaeb80c,d0f6ac5c4964,require_all_classes,"{""missing_in_test"": [], ""missing_in_train"": []}",{}
d2_beef_uncontrolled|R4|classification|seed05|fold04,e2_main_d2,d2_beef_uncontrolled,R4,classification,5,4,16,1.4.0,real,True,ok,,2026-09-21T21:11:34Z,2.996714591048658,6435,2145,,,3,1,6eee1b95b6aa,e6a7c80687a7a624,d0f6ac5c4964,require_all_classes,"{""missing_in_test"": [], ""missing_in_train"": []}",{}
d2_beef_uncontrolled|R4|classification|seed06|fold00,e2_main_d2,d2_beef_uncontrolled,R4,classification,6,0,16,1.4.0,real,True,ok,,2026-09-21T21:12:22Z,2.9515812806785107,6435,2145,,,3,1,477c37a8ab73,6eed9177b07e2652,d0f6ac5c4964,require_all_classes,"{""missing_in_test"": [], ""missing_in_train"": []}",{}
d2_beef_uncontrolled|R4|classification|seed06|fold01,e2_main_d2,d2_beef_uncontrolled,R4,classification,6,1,16,1.4.0,real,True,ok,,2026-09-21T21:13:10Z,2.9985666456632316,6435,2145,,,3,1,1c2e3ba58278,94d9b3c92970654e,d0f6ac5c4964,require_all_classes,"{""missing_in_test"": [], ""missing_in_train"": []}",{}
d2_beef_uncontrolled|R4|classification|seed06|fold02,e2_main_d2,d2_beef_uncontrolled,R4,classification,6,2,16,1.4.0,real,True,ok,,2026-09-21T21:13:58Z,2.9802298140712082,6435,2145,,,3,1,54ff457155dd,885ed8dfbdc28a64,d0f6ac5c4964,require_all_classes,"{""missing_in_test"": [], ""missing_in_train"": []}",{}
d2_beef_uncontrolled|R4|classification|seed06|fold03,e2_main_d2,d2_beef_uncontrolled,R4,classification,6,3,16,1.4.0,real,True,ok,,2026-09-21T21:14:46Z,2.9080507531762123,6435,2145,,,3,1,a877630b86ff,78381932a636e25a,d0f6ac5c4964,require_all_classes,"{""missing_in_test"": [], ""missing_in_train"": []}",{}
d2_beef_uncontrolled|R4|classification|seed06|fold04,e2_main_d2,d2_beef_uncontrolled,R4,classification,6,4,16,1.4.0,real,True,ok,,2026-09-21T21:15:35Z,2.9802752607502043,6435,2145,,,3,1,308afc6cb592,6c5056bd1ba405e1,d0f6ac5c4964,require_all_classes,"{""missing_in_test"": [], ""missing_in_train"": []}",{}
d2_beef_uncontrolled|R4|classification|seed07|fold00,e2_main_d2,d2_beef_uncontrolled,R4,classification,7,0,16,1.4.0,real,True,ok,,2026-09-21T21:16:22Z,3.128081277012825,6435,2145,,,3,1,7b279b72dfb8,3aa31e0364ce97e6,d0f6ac5c4964,require_all_classes,"{""missing_in_test"": [], ""missing_in_train"": []}",{}
d2_beef_uncontrolled|R4|classification|seed07|fold01,e2_main_d2,d2_beef_uncontrolled,R4,classification,7,1,16,1.4.0,real,True,ok,,2026-09-21T21:17:11Z,3.0845908387564123,6435,2145,,,3,1,bb1e5578b9e3,e4167cae4174d149,d0f6ac5c4964,require_all_classes,"{""missing_in_test"": [], ""missing_in_train"": []}",{}
d2_beef_uncontrolled|R4|classification|seed07|fold02,e2_main_d2,d2_beef_uncontrolled,R4,classification,7,2,16,1.4.0,real,True,ok,,2026-09-21T21:17:58Z,2.953706164844334,6435,2145,,,3,1,ba39acccb154,3e653772bccc8265,d0f6ac5c4964,require_all_classes,"{""missing_in_test"": [], ""missing_in_train"": []}",{}
d2_beef_uncontrolled|R4|classification|seed07|fold03,e2_main_d2,d2_beef_uncontrolled,R4,classification,7,3,16,1.4.0,real,True,ok,,2026-09-21T21:18:46Z,3.001756378915161,6435,2145,,,3,1,4726b95fa672,3c4fbc3d2b9223aa,d0f6ac5c4964,require_all_classes,"{""missing_in_test"": [], ""missing_in_train"": []}",{}
d2_beef_uncontrolled|R4|classification|seed07|fold04,e2_main_d2,d2_beef_uncontrolled,R4,classification,7,4,16,1.4.0,real,True,ok,,2026-09-21T21:19:34Z,2.909673359245062,6435,2145,,,3,1,2e34c9f360a4,411bacd5794cb140,d0f6ac5c4964,require_all_classes,"{""missing_in_test"": [], ""missing_in_train"": []}",{}
d2_beef_uncontrolled|R4|classification|seed08|fold00,e2_main_d2,d2_beef_uncontrolled,R4,classification,8,0,16,1.4.0,real,True,ok,,2026-09-21T21:20:22Z,3.043865805026144,6435,2145,,,3,1,760fd382be4c,0a0f18564904a90b,d0f6ac5c4964,require_all_classes,"{""missing_in_test"": [], ""missing_in_train"": []}",{}
d2_beef_uncontrolled|R4|classification|seed08|fold01,e2_main_d2,d2_beef_uncontrolled,R4,classification,8,1,16,1.4.0,real,True,ok,,2026-09-21T21:21:10Z,2.964001541957259,6435,2145,,,3,1,f60758215a07,2451bb5245c74a89,d0f6ac5c4964,require_all_classes,"{""missing_in_test"": [], ""missing_in_train"": []}",{}
d2_beef_uncontrolled|R4|classification|seed08|fold02,e2_main_d2,d2_beef_uncontrolled,R4,classification,8,2,16,1.4.0,real,True,ok,,2026-09-21T21:21:58Z,2.9795869630761445,6435,2145,,,3,1,b12aea5b360e,b1b76610cadf2857,d0f6ac5c4964,require_all_classes,"{""missing_in_test"": [], ""missing_in_train"": []}",{}
d2_beef_uncontrolled|R4|classification|seed08|fold03,e2_main_d2,d2_beef_uncontrolled,R4,classification,8,3,16,1.4.0,real,True,ok,,2026-09-21T21:22:46Z,2.931266736239195,6435,2145,,,3,1,d24ce02cae99,a054a98c22f13337,d0f6ac5c4964,require_all_classes,"{""missing_in_test"": [], ""missing_in_train"": []}",{}
d2_beef_uncontrolled|R4|classification|seed08|fold04,e2_main_d2,d2_beef_uncontrolled,R4,classification,8,4,16,1.4.0,real,True,ok,,2026-09-21T21:23:34Z,3.120311446953565,6435,2145,,,3,1,02ddc5401296,eb6e7bf7aa8dc961,d0f6ac5c4964,require_all_classes,"{""missing_in_test"": [], ""missing_in_train"": []}",{}
d2_beef_uncontrolled|R4|classification|seed09|fold00,e2_main_d2,d2_beef_uncontrolled,R4,classification,9,0,16,1.4.0,real,True,ok,,2026-09-21T21:24:23Z,2.982184602878988,6435,2145,,,3,1,523607d0ddee,08a1f886470d3930,d0f6ac5c4964,require_all_classes,"{""missing_in_test"": [], ""missing_in_train"": []}",{}
d2_beef_uncontrolled|R4|classification|seed09|fold01,e2_main_d2,d2_beef_uncontrolled,R4,classification,9,1,16,1.4.0,real,True,ok,,2026-09-21T21:25:10Z,2.995209365617484,6435,2145,,,3,1,de265fd108a1,95b06b7ffed6c2b1,d0f6ac5c4964,require_all_classes,"{""missing_in_test"": [], ""missing_in_train"": []}",{}
d2_beef_uncontrolled|R4|classification|seed09|fold02,e2_main_d2,d2_beef_uncontrolled,R4,classification,9,2,16,1.4.0,real,True,ok,,2026-09-21T21:25:58Z,3.012413177639246,6435,2145,,,3,1,9a76beab3005,36e149a68549c698,d0f6ac5c4964,require_all_classes,"{""missing_in_test"": [], ""missing_in_train"": []}",{}
d2_beef_uncontrolled|R4|classification|seed09|fold03,e2_main_d2,d2_beef_uncontrolled,R4,classification,9,3,16,1.4.0,real,True,ok,,2026-09-21T21:26:46Z,2.9659565058536828,6435,2145,,,3,1,bcc42ac9806b,f88147c8a895f612,d0f6ac5c4964,require_all_classes,"{""missing_in_test"": [], ""missing_in_train"": []}",{}
d2_beef_uncontrolled|R4|classification|seed09|fold04,e2_main_d2,d2_beef_uncontrolled,R4,classification,9,4,16,1.4.0,real,True,ok,,2026-09-21T21:27:34Z,2.930695087183267,6435,2145,,,3,1,3b4893542c85,db3b7672dda0bdd3,d0f6ac5c4964,require_all_classes,"{""missing_in_test"": [], ""missing_in_train"": []}",{}
d2_beef_uncontrolled|R4|regression|seed00|fold00,e2_main_d2,d2_beef_uncontrolled,R4,regression,0,0,16,1.4.0,real,True,ok,,2026-09-21T21:08:33Z,2.7026556711643934,6435,2145,,,3,1,20a70c561f8e,1c7dc51c66e97970,07cd93e03295,require_all_classes,"{""missing_in_test"": [], ""missing_in_train"": []}",{}
d2_beef_uncontrolled|R4|regression|seed00|fold01,e2_main_d2,d2_beef_uncontrolled,R4,regression,0,1,16,1.4.0,real,True,ok,,2026-09-21T21:09:21Z,2.694069749675691,6435,2145,,,3,1,6c9ef01abdf9,5761d003c47321d8,07cd93e03295,require_all_classes,"{""missing_in_test"": [], ""missing_in_train"": []}",{}
d2_beef_uncontrolled|R4|regression|seed00|fold02,e2_main_d2,d2_beef_uncontrolled,R4,regression,0,2,16,1.4.0,real,True,ok,,2026-09-21T21:10:08Z,2.6048465012572706,6435,2145,,,3,1,8f5d6031eff3,d3671598e3ccc986,07cd93e03295,require_all_classes,"{""missing_in_test"": [], ""missing_in_train"": []}",{}
d2_beef_uncontrolled|R4|regression|seed00|fold03,e2_main_d2,d2_beef_uncontrolled,R4,regression,0,3,16,1.4.0,real,True,ok,,2026-09-21T21:10:56Z,2.6193054211325943,6435,2145,,,3,1,940f76d29b89,73f2790f1cc6ebbc,07cd93e03295,require_all_classes,"{""missing_in_test"": [], ""missing_in_train"": []}",{}
d2_beef_uncontrolled|R4|regression|seed00|fold04,e2_main_d2,d2_beef_uncontrolled,R4,regression,0,4,16,1.4.0,real,True,ok,,2026-09-21T21:11:44Z,2.580686703789979,6435,2145,,,3,1,b01bbf6f9575,d5d87dd5ba906cc1,07cd93e03295,require_all_classes,"{""missing_in_test"": [], ""missing_in_train"": []}",{}
d2_beef_uncontrolled|R4|regression|seed01|fold00,e2_main_d2,d2_beef_uncontrolled,R4,regression,1,0,16,1.4.0,real,True,ok,,2026-09-21T21:12:32Z,2.5171757750213146,6435,2145,,,3,1,92d667f81d03,778e1f417a9b7e92,07cd93e03295,require_all_classes,"{""missing_in_test"": [], ""missing_in_train"": []}",{}
d2_beef_uncontrolled|R4|regression|seed01|fold01,e2_main_d2,d2_beef_uncontrolled,R4,regression,1,1,16,1.4.0,real,True,ok,,2026-09-21T21:13:20Z,2.516856257803738,6435,2145,,,3,1,63eaca80ac77,d8fab3a84abbba0b,07cd93e03295,require_all_classes,"{""missing_in_test"": [], ""missing_in_train"": []}",{}
d2_beef_uncontrolled|R4|regression|seed01|fold02,e2_main_d2,d2_beef_uncontrolled,R4,regression,1,2,16,1.4.0,real,True,ok,,2026-09-21T21:14:08Z,2.4990754197351635,6435,2145,,,3,1,14ed105fd91e,2251d73bf22296ce,07cd93e03295,require_all_classes,"{""missing_in_test"": [], ""missing_in_train"": []}",{}
d2_beef_uncontrolled|R4|regression|seed01|fold03,e2_main_d2,d2_beef_uncontrolled,R4,regression,1,3,16,1.4.0,real,True,ok,,2026-09-21T21:14:57Z,2.6954041621647775,6435,2145,,,3,1,99c64364d832,d8d06109808b2ada,07cd93e03295,require_all_classes,"{""missing_in_test"": [], ""missing_in_train"": []}",{}
d2_beef_uncontrolled|R4|regression|seed01|fold04,e2_main_d2,d2_beef_uncontrolled,R4,regression,1,4,16,1.4.0,real,True,ok,,2026-09-21T21:15:45Z,2.5068879039026797,6435,2145,,,3,1,fa4200209670,837cdc49248c3f67,07cd93e03295,require_all_classes,"{""missing_in_test"": [], ""missing_in_train"": []}",{}
d2_beef_uncontrolled|R4|regression|seed02|fold00,e2_main_d2,d2_beef_uncontrolled,R4,regression,2,0,16,1.4.0,real,True,ok,,2026-09-21T21:16:33Z,2.6647059163078666,6435,2145,,,3,1,38e11e05422e,9e9e0f4d580d2269,07cd93e03295,require_all_classes,"{""missing_in_test"": [], ""missing_in_train"": []}",{}
d2_beef_uncontrolled|R4|regression|seed02|fold01,e2_main_d2,d2_beef_uncontrolled,R4,regression,2,1,16,1.4.0,real,True,ok,,2026-09-21T21:17:22Z,2.5556003218516707,6435,2145,,,3,1,8a87c8dddc86,1bc52248100a5926,07cd93e03295,require_all_classes,"{""missing_in_test"": [], ""missing_in_train"": []}",{}
d2_beef_uncontrolled|R4|regression|seed02|fold02,e2_main_d2,d2_beef_uncontrolled,R4,regression,2,2,16,1.4.0,real,True,ok,,2026-09-21T21:18:09Z,2.498296247795224,6435,2145,,,3,1,545d378c28a6,3d0ae3bb69bf2b40,07cd93e03295,require_all_classes,"{""missing_in_test"": [], ""missing_in_train"": []}",{}
d2_beef_uncontrolled|R4|regression|seed02|fold03,e2_main_d2,d2_beef_uncontrolled,R4,regression,2,3,16,1.4.0,real,True,ok,,2026-09-21T21:18:58Z,2.543275461997837,6435,2145,,,3,1,289906332a4f,ed17779e02f877a5,07cd93e03295,require_all_classes,"{""missing_in_test"": [], ""missing_in_train"": []}",{}
d2_beef_uncontrolled|R4|regression|seed02|fold04,e2_main_d2,d2_beef_uncontrolled,R4,regression,2,4,16,1.4.0,real,True,ok,,2026-09-21T21:19:45Z,2.473422844428569,6435,2145,,,3,1,202906f4d7e1,085ff9be8e022ccc,07cd93e03295,require_all_classes,"{""missing_in_test"": [], ""missing_in_train"": []}",{}
d2_beef_uncontrolled|R4|regression|seed03|fold00,e2_main_d2,d2_beef_uncontrolled,R4,regression,3,0,16,1.4.0,real,True,ok,,2026-09-21T21:20:34Z,2.601472094655037,6435,2145,,,3,1,0e087c313624,840a04f4920af065,07cd93e03295,require_all_classes,"{""missing_in_test"": [], ""missing_in_train"": []}",{}
d2_beef_uncontrolled|R4|regression|seed03|fold01,e2_main_d2,d2_beef_uncontrolled,R4,regression,3,1,16,1.4.0,real,True,ok,,2026-09-21T21:21:22Z,2.49697337904945,6435,2145,,,3,1,ff41306bda71,a7be11e574d570ef,07cd93e03295,require_all_classes,"{""missing_in_test"": [], ""missing_in_train"": []}",{}
d2_beef_uncontrolled|R4|regression|seed03|fold02,e2_main_d2,d2_beef_uncontrolled,R4,regression,3,2,16,1.4.0,real,True,ok,,2026-09-21T21:22:10Z,2.599529378581792,6435,2145,,,3,1,31c8eaca9098,3607f0c421b3c9ca,07cd93e03295,require_all_classes,"{""missing_in_test"": [], ""missing_in_train"": []}",{}
d2_beef_uncontrolled|R4|regression|seed03|fold03,e2_main_d2,d2_beef_uncontrolled,R4,regression,3,3,16,1.4.0,real,True,ok,,2026-09-21T21:22:58Z,2.5110044251196086,6435,2145,,,3,1,73fd7314e359,6eca1a039d7995c3,07cd93e03295,require_all_classes,"{""missing_in_test"": [], ""missing_in_train"": []}",{}
d2_beef_uncontrolled|R4|regression|seed03|fold04,e2_main_d2,d2_beef_uncontrolled,R4,regression,3,4,16,1.4.0,real,True,ok,,2026-09-21T21:23:46Z,2.6763706100173295,6435,2145,,,3,1,a4933ae9f507,94b31ef5774e6850,07cd93e03295,require_all_classes,"{""missing_in_test"": [], ""missing_in_train"": []}",{}
d2_beef_uncontrolled|R4|regression|seed04|fold00,e2_main_d2,d2_beef_uncontrolled,R4,regression,4,0,16,1.4.0,real,True,ok,,2026-09-21T21:24:35Z,2.523276654072106,6435,2145,,,3,1,ab20f229b2e5,360d2ec10cc6c2b2,07cd93e03295,require_all_classes,"{""missing_in_test"": [], ""missing_in_train"": []}",{}
d2_beef_uncontrolled|R4|regression|seed04|fold01,e2_main_d2,d2_beef_uncontrolled,R4,regression,4,1,16,1.4.0,real,True,ok,,2026-09-21T21:25:22Z,2.537070698104799,6435,2145,,,3,1,6b2262999c63,216c566d0ae18fa0,07cd93e03295,require_all_classes,"{""missing_in_test"": [], ""missing_in_train"": []}",{}
d2_beef_uncontrolled|R4|regression|seed04|fold02,e2_main_d2,d2_beef_uncontrolled,R4,regression,4,2,16,1.4.0,real,True,ok,,2026-09-21T21:26:11Z,2.6044966829940677,6435,2145,,,3,1,557db8e1a73e,debb66deef731fcf,07cd93e03295,require_all_classes,"{""missing_in_test"": [], ""missing_in_train"": []}",{}
d2_beef_uncontrolled|R4|regression|seed04|fold03,e2_main_d2,d2_beef_uncontrolled,R4,regression,4,3,16,1.4.0,real,True,ok,,2026-09-21T21:26:59Z,2.5665009347721934,6435,2145,,,3,1,9dd348ffc2ab,74d4aad156f73d5f,07cd93e03295,require_all_classes,"{""missing_in_test"": [], ""missing_in_train"": []}",{}
d2_beef_uncontrolled|R4|regression|seed04|fold04,e2_main_d2,d2_beef_uncontrolled,R4,regression,4,4,16,1.4.0,real,True,ok,,2026-09-21T21:27:47Z,2.687055126298219,6435,2145,,,3,1,faf19bcdc9b9,739adc0de9d3b613,07cd93e03295,require_all_classes,"{""missing_in_test"": [], ""missing_in_train"": []}",{}
d2_beef_uncontrolled|R4|regression|seed05|fold00,e2_main_d2,d2_beef_uncontrolled,R4,regression,5,0,16,1.4.0,real,True,ok,,2026-09-21T21:08:38Z,2.9271695599891245,6435,2145,,,3,1,413cdd715162,bf8447c40e233f21,d0f6ac5c4964,require_all_classes,"{""missing_in_test"": [], ""missing_in_train"": []}",{}
d2_beef_uncontrolled|R4|regression|seed05|fold01,e2_main_d2,d2_beef_uncontrolled,R4,regression,5,1,16,1.4.0,real,True,ok,,2026-09-21T21:09:31Z,3.0173758091405034,6435,2145,,,3,1,a8b8c30a5944,4d3aadd4727e8a68,d0f6ac5c4964,require_all_classes,"{""missing_in_test"": [], ""missing_in_train"": []}",{}
d2_beef_uncontrolled|R4|regression|seed05|fold02,e2_main_d2,d2_beef_uncontrolled,R4,regression,5,2,16,1.4.0,real,True,ok,,2026-09-21T21:10:23Z,2.5847829403355718,6435,2145,,,3,1,9de5f792dc27,4659ecddbcf2cd92,d0f6ac5c4964,require_all_classes,"{""missing_in_test"": [], ""missing_in_train"": []}",{}
d2_beef_uncontrolled|R4|regression|seed05|fold03,e2_main_d2,d2_beef_uncontrolled,R4,regression,5,3,16,1.4.0,real,True,ok,,2026-09-21T21:11:11Z,2.5663481042720377,6435,2145,,,3,1,a5838cf9641b,c0854fcd5c9840a8,d0f6ac5c4964,require_all_classes,"{""missing_in_test"": [], ""missing_in_train"": []}",{}
d2_beef_uncontrolled|R4|regression|seed05|fold04,e2_main_d2,d2_beef_uncontrolled,R4,regression,5,4,16,1.4.0,real,True,ok,,2026-09-21T21:11:59Z,2.5749534079805017,6435,2145,,,3,1,6eee1b95b6aa,bb62487335bf0917,d0f6ac5c4964,require_all_classes,"{""missing_in_test"": [], ""missing_in_train"": []}",{}
d2_beef_uncontrolled|R4|regression|seed06|fold00,e2_main_d2,d2_beef_uncontrolled,R4,regression,6,0,16,1.4.0,real,True,ok,,2026-09-21T21:12:47Z,2.5429028519429266,6435,2145,,,3,1,477c37a8ab73,3d8c42d92532bc86,d0f6ac5c4964,require_all_classes,"{""missing_in_test"": [], ""missing_in_train"": []}",{}
d2_beef_uncontrolled|R4|regression|seed06|fold01,e2_main_d2,d2_beef_uncontrolled,R4,regression,6,1,16,1.4.0,real,True,ok,,2026-09-21T21:13:35Z,2.5801870143041015,6435,2145,,,3,1,1c2e3ba58278,3ae4167be506f149,d0f6ac5c4964,require_all_classes,"{""missing_in_test"": [], ""missing_in_train"": []}",{}
d2_beef_uncontrolled|R4|regression|seed06|fold02,e2_main_d2,d2_beef_uncontrolled,R4,regression,6,2,16,1.4.0,real,True,ok,,2026-09-21T21:14:23Z,2.7057257699780166,6435,2145,,,3,1,54ff457155dd,99d0922af48aec50,d0f6ac5c4964,require_all_classes,"{""missing_in_test"": [], ""missing_in_train"": []}",{}
d2_beef_uncontrolled|R4|regression|seed06|fold03,e2_main_d2,d2_beef_uncontrolled,R4,regression,6,3,16,1.4.0,real,True,ok,,2026-09-21T21:15:11Z,2.596462236251682,6435,2145,,,3,1,a877630b86ff,120f2a9470fb3634,d0f6ac5c4964,require_all_classes,"{""missing_in_test"": [], ""missing_in_train"": []}",{}
d2_beef_uncontrolled|R4|regression|seed06|fold04,e2_main_d2,d2_beef_uncontrolled,R4,regression,6,4,16,1.4.0,real,True,ok,,2026-09-21T21:15:59Z,2.5267122271470726,6435,2145,,,3,1,308afc6cb592,f76fdc3d6f9c056a,d0f6ac5c4964,require_all_classes,"{""missing_in_test"": [], ""missing_in_train"": []}",{}
d2_beef_uncontrolled|R4|regression|seed07|fold00,e2_main_d2,d2_beef_uncontrolled,R4,regression,7,0,16,1.4.0,real,True,ok,,2026-09-21T21:16:47Z,2.4816525666974485,6435,2145,,,3,1,7b279b72dfb8,5c9d78d61e4bfe70,d0f6ac5c4964,require_all_classes,"{""missing_in_test"": [], ""missing_in_train"": []}",{}
d2_beef_uncontrolled|R4|regression|seed07|fold01,e2_main_d2,d2_beef_uncontrolled,R4,regression,7,1,16,1.4.0,real,True,ok,,2026-09-21T21:17:35Z,2.637189667671919,6435,2145,,,3,1,bb1e5578b9e3,00025014d3090c5f,d0f6ac5c4964,require_all_classes,"{""missing_in_test"": [], ""missing_in_train"": []}",{}
d2_beef_uncontrolled|R4|regression|seed07|fold02,e2_main_d2,d2_beef_uncontrolled,R4,regression,7,2,16,1.4.0,real,True,ok,,2026-09-21T21:18:23Z,2.7120195096358657,6435,2145,,,3,1,ba39acccb154,0a35a314210a19ee,d0f6ac5c4964,require_all_classes,"{""missing_in_test"": [], ""missing_in_train"": []}",{}
d2_beef_uncontrolled|R4|regression|seed07|fold03,e2_main_d2,d2_beef_uncontrolled,R4,regression,7,3,16,1.4.0,real,True,ok,,2026-09-21T21:19:11Z,2.526530094910413,6435,2145,,,3,1,4726b95fa672,31c9159c44073f49,d0f6ac5c4964,require_all_classes,"{""missing_in_test"": [], ""missing_in_train"": []}",{}
d2_beef_uncontrolled|R4|regression|seed07|fold04,e2_main_d2,d2_beef_uncontrolled,R4,regression,7,4,16,1.4.0,real,True,ok,,2026-09-21T21:19:58Z,2.6055302037857473,6435,2145,,,3,1,2e34c9f360a4,3b81aa754044d329,d0f6ac5c4964,require_all_classes,"{""missing_in_test"": [], ""missing_in_train"": []}",{}
d2_beef_uncontrolled|R4|regression|seed08|fold00,e2_main_d2,d2_beef_uncontrolled,R4,regression,8,0,16,1.4.0,real,True,ok,,2026-09-21T21:20:47Z,2.610637306701392,6435,2145,,,3,1,760fd382be4c,f8cf6872d5ec28e5,d0f6ac5c4964,require_all_classes,"{""missing_in_test"": [], ""missing_in_train"": []}",{}
d2_beef_uncontrolled|R4|regression|seed08|fold01,e2_main_d2,d2_beef_uncontrolled,R4,regression,8,1,16,1.4.0,real,True,ok,,2026-09-21T21:21:35Z,2.63263771077618,6435,2145,,,3,1,f60758215a07,17aa6d90b04c4cd4,d0f6ac5c4964,require_all_classes,"{""missing_in_test"": [], ""missing_in_train"": []}",{}
d2_beef_uncontrolled|R4|regression|seed08|fold02,e2_main_d2,d2_beef_uncontrolled,R4,regression,8,2,16,1.4.0,real,True,ok,,2026-09-21T21:22:23Z,2.697565011680126,6435,2145,,,3,1,b12aea5b360e,ac309ac71b08fac2,d0f6ac5c4964,require_all_classes,"{""missing_in_test"": [], ""missing_in_train"": []}",{}
d2_beef_uncontrolled|R4|regression|seed08|fold03,e2_main_d2,d2_beef_uncontrolled,R4,regression,8,3,16,1.4.0,real,True,ok,,2026-09-21T21:23:11Z,2.680887777823955,6435,2145,,,3,1,d24ce02cae99,089980f675cd7dd6,d0f6ac5c4964,require_all_classes,"{""missing_in_test"": [], ""missing_in_train"": []}",{}
d2_beef_uncontrolled|R4|regression|seed08|fold04,e2_main_d2,d2_beef_uncontrolled,R4,regression,8,4,16,1.4.0,real,True,ok,,2026-09-21T21:23:59Z,2.6995317060500383,6435,2145,,,3,1,02ddc5401296,3355c9aa3c943361,d0f6ac5c4964,require_all_classes,"{""missing_in_test"": [], ""missing_in_train"": []}",{}
d2_beef_uncontrolled|R4|regression|seed09|fold00,e2_main_d2,d2_beef_uncontrolled,R4,regression,9,0,16,1.4.0,real,True,ok,,2026-09-21T21:24:47Z,2.6757894759066403,6435,2145,,,3,1,523607d0ddee,42ff041010322f42,d0f6ac5c4964,require_all_classes,"{""missing_in_test"": [], ""missing_in_train"": []}",{}
d2_beef_uncontrolled|R4|regression|seed09|fold01,e2_main_d2,d2_beef_uncontrolled,R4,regression,9,1,16,1.4.0,real,True,ok,,2026-09-21T21:25:35Z,2.744188056793064,6435,2145,,,3,1,de265fd108a1,28f94976de65b891,d0f6ac5c4964,require_all_classes,"{""missing_in_test"": [], ""missing_in_train"": []}",{}
d2_beef_uncontrolled|R4|regression|seed09|fold02,e2_main_d2,d2_beef_uncontrolled,R4,regression,9,2,16,1.4.0,real,True,ok,,2026-09-21T21:26:23Z,2.6267035878263414,6435,2145,,,3,1,9a76beab3005,77d3c2c8462d6e2b,d0f6ac5c4964,require_all_classes,"{""missing_in_test"": [], ""missing_in_train"": []}",{}
d2_beef_uncontrolled|R4|regression|seed09|fold03,e2_main_d2,d2_beef_uncontrolled,R4,regression,9,3,16,1.4.0,real,True,ok,,2026-09-21T21:27:10Z,2.7019225149415433,6435,2145,,,3,1,bcc42ac9806b,213c0fe1e2d4479d,d0f6ac5c4964,require_all_classes,"{""missing_in_test"": [], ""missing_in_train"": []}",{}
d2_beef_uncontrolled|R4|regression|seed09|fold04,e2_main_d2,d2_beef_uncontrolled,R4,regression,9,4,16,1.4.0,real,True,ok,,2026-09-21T21:27:59Z,2.756268529687077,6435,2145,,,3,1,3b4893542c85,e7628dd1e8bde637,d0f6ac5c4964,require_all_classes,"{""missing_in_test"": [], ""missing_in_train"": []}",{}
d2_beef_uncontrolled|R5|classification|seed00|fold00,e2_main_d2,d2_beef_uncontrolled,R5,classification,0,0,16,1.4.0,real,True,ok,,2026-09-21T21:08:12Z,2.418537145946175,6435,2145,,,3,1,20a70c561f8e,f4390733d22604d4,07cd93e03295,require_all_classes,"{""missing_in_test"": [], ""missing_in_train"": []}",{}
d2_beef_uncontrolled|R5|classification|seed00|fold01,e2_main_d2,d2_beef_uncontrolled,R5,classification,0,1,16,1.4.0,real,True,ok,,2026-09-21T21:08:59Z,2.406442840117961,6435,2145,,,3,1,6c9ef01abdf9,3340acac07933d83,07cd93e03295,require_all_classes,"{""missing_in_test"": [], ""missing_in_train"": []}",{}
d2_beef_uncontrolled|R5|classification|seed00|fold02,e2_main_d2,d2_beef_uncontrolled,R5,classification,0,2,16,1.4.0,real,True,ok,,2026-09-21T21:09:47Z,2.3818984096869826,6435,2145,,,3,1,8f5d6031eff3,e44c7170e52c790e,07cd93e03295,require_all_classes,"{""missing_in_test"": [], ""missing_in_train"": []}",{}
d2_beef_uncontrolled|R5|classification|seed00|fold03,e2_main_d2,d2_beef_uncontrolled,R5,classification,0,3,16,1.4.0,real,True,ok,,2026-09-21T21:10:35Z,2.439066953957081,6435,2145,,,3,1,940f76d29b89,5faddcd1dd636ea8,07cd93e03295,require_all_classes,"{""missing_in_test"": [], ""missing_in_train"": []}",{}
d2_beef_uncontrolled|R5|classification|seed00|fold04,e2_main_d2,d2_beef_uncontrolled,R5,classification,0,4,16,1.4.0,real,True,ok,,2026-09-21T21:11:23Z,2.486569995060563,6435,2145,,,3,1,b01bbf6f9575,259715482670d881,07cd93e03295,require_all_classes,"{""missing_in_test"": [], ""missing_in_train"": []}",{}
d2_beef_uncontrolled|R5|classification|seed01|fold00,e2_main_d2,d2_beef_uncontrolled,R5,classification,1,0,16,1.4.0,real,True,ok,,2026-09-21T21:12:12Z,2.493085378780961,6435,2145,,,3,1,92d667f81d03,bf76248638fc53f9,07cd93e03295,require_all_classes,"{""missing_in_test"": [], ""missing_in_train"": []}",{}
d2_beef_uncontrolled|R5|classification|seed01|fold01,e2_main_d2,d2_beef_uncontrolled,R5,classification,1,1,16,1.4.0,real,True,ok,,2026-09-21T21:13:00Z,2.5605150666087866,6435,2145,,,3,1,63eaca80ac77,de70e10cd70453da,07cd93e03295,require_all_classes,"{""missing_in_test"": [], ""missing_in_train"": []}",{}
d2_beef_uncontrolled|R5|classification|seed01|fold02,e2_main_d2,d2_beef_uncontrolled,R5,classification,1,2,16,1.4.0,real,True,ok,,2026-09-21T21:13:47Z,2.439877197612077,6435,2145,,,3,1,14ed105fd91e,f9306171b6f94595,07cd93e03295,require_all_classes,"{""missing_in_test"": [], ""missing_in_train"": []}",{}
d2_beef_uncontrolled|R5|classification|seed01|fold03,e2_main_d2,d2_beef_uncontrolled,R5,classification,1,3,16,1.4.0,real,True,ok,,2026-09-21T21:14:35Z,2.473068001680076,6435,2145,,,3,1,99c64364d832,2ec69950bd4e761b,07cd93e03295,require_all_classes,"{""missing_in_test"": [], ""missing_in_train"": []}",{}
d2_beef_uncontrolled|R5|classification|seed01|fold04,e2_main_d2,d2_beef_uncontrolled,R5,classification,1,4,16,1.4.0,real,True,ok,,2026-09-21T21:15:25Z,2.563954249024391,6435,2145,,,3,1,fa4200209670,70582841ad5b7dd3,07cd93e03295,require_all_classes,"{""missing_in_test"": [], ""missing_in_train"": []}",{}
d2_beef_uncontrolled|R5|classification|seed02|fold00,e2_main_d2,d2_beef_uncontrolled,R5,classification,2,0,16,1.4.0,real,True,ok,,2026-09-21T21:16:12Z,2.446266356855631,6435,2145,,,3,1,38e11e05422e,17b8d8e9528de350,07cd93e03295,require_all_classes,"{""missing_in_test"": [], ""missing_in_train"": []}",{}
d2_beef_uncontrolled|R5|classification|seed02|fold01,e2_main_d2,d2_beef_uncontrolled,R5,classification,2,1,16,1.4.0,real,True,ok,,2026-09-21T21:17:01Z,2.4402453950606287,6435,2145,,,3,1,8a87c8dddc86,8a1e5514a4a9e3e5,07cd93e03295,require_all_classes,"{""missing_in_test"": [], ""missing_in_train"": []}",{}
d2_beef_uncontrolled|R5|classification|seed02|fold02,e2_main_d2,d2_beef_uncontrolled,R5,classification,2,2,16,1.4.0,real,True,ok,,2026-09-21T21:17:48Z,2.44245153805241,6435,2145,,,3,1,545d378c28a6,81d1d57d3806a0fa,07cd93e03295,require_all_classes,"{""missing_in_test"": [], ""missing_in_train"": []}",{}
d2_beef_uncontrolled|R5|classification|seed02|fold03,e2_main_d2,d2_beef_uncontrolled,R5,classification,2,3,16,1.4.0,real,True,ok,,2026-09-21T21:18:37Z,2.414716246072203,6435,2145,,,3,1,289906332a4f,a285e95ac8bc4ddc,07cd93e03295,require_all_classes,"{""missing_in_test"": [], ""missing_in_train"": []}",{}
d2_beef_uncontrolled|R5|classification|seed02|fold04,e2_main_d2,d2_beef_uncontrolled,R5,classification,2,4,16,1.4.0,real,True,ok,,2026-09-21T21:19:25Z,2.5119989393278956,6435,2145,,,3,1,202906f4d7e1,0af261fc6b460cb7,07cd93e03295,require_all_classes,"{""missing_in_test"": [], ""missing_in_train"": []}",{}
d2_beef_uncontrolled|R5|classification|seed03|fold00,e2_main_d2,d2_beef_uncontrolled,R5,classification,3,0,16,1.4.0,real,True,ok,,2026-09-21T21:20:13Z,2.6998865152709186,6435,2145,,,3,1,0e087c313624,92445774d2758029,07cd93e03295,require_all_classes,"{""missing_in_test"": [], ""missing_in_train"": []}",{}
d2_beef_uncontrolled|R5|classification|seed03|fold01,e2_main_d2,d2_beef_uncontrolled,R5,classification,3,1,16,1.4.0,real,True,ok,,2026-09-21T21:21:01Z,2.4189919768832624,6435,2145,,,3,1,ff41306bda71,0c5b13e27dbd5ca0,07cd93e03295,require_all_classes,"{""missing_in_test"": [], ""missing_in_train"": []}",{}
d2_beef_uncontrolled|R5|classification|seed03|fold02,e2_main_d2,d2_beef_uncontrolled,R5,classification,3,2,16,1.4.0,real,True,ok,,2026-09-21T21:21:49Z,2.492697131820023,6435,2145,,,3,1,31c8eaca9098,116013c5146a75a7,07cd93e03295,require_all_classes,"{""missing_in_test"": [], ""missing_in_train"": []}",{}
d2_beef_uncontrolled|R5|classification|seed03|fold03,e2_main_d2,d2_beef_uncontrolled,R5,classification,3,3,16,1.4.0,real,True,ok,,2026-09-21T21:22:37Z,2.4439673558808863,6435,2145,,,3,1,73fd7314e359,1ab8bef5fa3ab350,07cd93e03295,require_all_classes,"{""missing_in_test"": [], ""missing_in_train"": []}",{}
d2_beef_uncontrolled|R5|classification|seed03|fold04,e2_main_d2,d2_beef_uncontrolled,R5,classification,3,4,16,1.4.0,real,True,ok,,2026-09-21T21:23:25Z,2.425490051973611,6435,2145,,,3,1,a4933ae9f507,a049228a754ababb,07cd93e03295,require_all_classes,"{""missing_in_test"": [], ""missing_in_train"": []}",{}
d2_beef_uncontrolled|R5|classification|seed04|fold00,e2_main_d2,d2_beef_uncontrolled,R5,classification,4,0,16,1.4.0,real,True,ok,,2026-09-21T21:24:14Z,2.4098452390171587,6435,2145,,,3,1,ab20f229b2e5,0b3eb40fd32a0fb7,07cd93e03295,require_all_classes,"{""missing_in_test"": [], ""missing_in_train"": []}",{}
d2_beef_uncontrolled|R5|classification|seed04|fold01,e2_main_d2,d2_beef_uncontrolled,R5,classification,4,1,16,1.4.0,real,True,ok,,2026-09-21T21:25:01Z,2.408385154325515,6435,2145,,,3,1,6b2262999c63,b0937b2cad725e29,07cd93e03295,require_all_classes,"{""missing_in_test"": [], ""missing_in_train"": []}",{}
d2_beef_uncontrolled|R5|classification|seed04|fold02,e2_main_d2,d2_beef_uncontrolled,R5,classification,4,2,16,1.4.0,real,True,ok,,2026-09-21T21:25:50Z,2.503148960880935,6435,2145,,,3,1,557db8e1a73e,5a0c3c97390ecc41,07cd93e03295,require_all_classes,"{""missing_in_test"": [], ""missing_in_train"": []}",{}
d2_beef_uncontrolled|R5|classification|seed04|fold03,e2_main_d2,d2_beef_uncontrolled,R5,classification,4,3,16,1.4.0,real,True,ok,,2026-09-21T21:26:38Z,2.50244479207322,6435,2145,,,3,1,9dd348ffc2ab,c2b8db7774bf1013,07cd93e03295,require_all_classes,"{""missing_in_test"": [], ""missing_in_train"": []}",{}
d2_beef_uncontrolled|R5|classification|seed04|fold04,e2_main_d2,d2_beef_uncontrolled,R5,classification,4,4,16,1.4.0,real,True,ok,,2026-09-21T21:27:26Z,2.6504976502619684,6435,2145,,,3,1,faf19bcdc9b9,76b3cd717395b5d5,07cd93e03295,require_all_classes,"{""missing_in_test"": [], ""missing_in_train"": []}",{}
d2_beef_uncontrolled|R5|classification|seed05|fold00,e2_main_d2,d2_beef_uncontrolled,R5,classification,5,0,16,1.4.0,real,True,ok,,2026-09-21T21:08:14Z,2.7796096089296043,6435,2145,,,3,1,413cdd715162,6bf5ce603b66da85,d0f6ac5c4964,require_all_classes,"{""missing_in_test"": [], ""missing_in_train"": []}",{}
d2_beef_uncontrolled|R5|classification|seed05|fold01,e2_main_d2,d2_beef_uncontrolled,R5,classification,5,1,16,1.4.0,real,True,ok,,2026-09-21T21:09:07Z,2.9269919912330806,6435,2145,,,3,1,a8b8c30a5944,7b36549fa4828534,d0f6ac5c4964,require_all_classes,"{""missing_in_test"": [], ""missing_in_train"": []}",{}
d2_beef_uncontrolled|R5|classification|seed05|fold02,e2_main_d2,d2_beef_uncontrolled,R5,classification,5,2,16,1.4.0,real,True,ok,,2026-09-21T21:10:01Z,3.031936485785991,6435,2145,,,3,1,9de5f792dc27,93bc2e8e99c05176,d0f6ac5c4964,require_all_classes,"{""missing_in_test"": [], ""missing_in_train"": []}",{}
d2_beef_uncontrolled|R5|classification|seed05|fold03,e2_main_d2,d2_beef_uncontrolled,R5,classification,5,3,16,1.4.0,real,True,ok,,2026-09-21T21:10:48Z,2.5809329631738365,6435,2145,,,3,1,a5838cf9641b,537abaed26d13613,d0f6ac5c4964,require_all_classes,"{""missing_in_test"": [], ""missing_in_train"": []}",{}
d2_beef_uncontrolled|R5|classification|seed05|fold04,e2_main_d2,d2_beef_uncontrolled,R5,classification,5,4,16,1.4.0,real,True,ok,,2026-09-21T21:11:37Z,2.7382145109586418,6435,2145,,,3,1,6eee1b95b6aa,184592d51f908667,d0f6ac5c4964,require_all_classes,"{""missing_in_test"": [], ""missing_in_train"": []}",{}
d2_beef_uncontrolled|R5|classification|seed06|fold00,e2_main_d2,d2_beef_uncontrolled,R5,classification,6,0,16,1.4.0,real,True,ok,,2026-09-21T21:12:25Z,2.5703204912133515,6435,2145,,,3,1,477c37a8ab73,73f7d24f381df6f3,d0f6ac5c4964,require_all_classes,"{""missing_in_test"": [], ""missing_in_train"": []}",{}
d2_beef_uncontrolled|R5|classification|seed06|fold01,e2_main_d2,d2_beef_uncontrolled,R5,classification,6,1,16,1.4.0,real,True,ok,,2026-09-21T21:13:13Z,2.5590079692192376,6435,2145,,,3,1,1c2e3ba58278,7a35fa0058b82233,d0f6ac5c4964,require_all_classes,"{""missing_in_test"": [], ""missing_in_train"": []}",{}
d2_beef_uncontrolled|R5|classification|seed06|fold02,e2_main_d2,d2_beef_uncontrolled,R5,classification,6,2,16,1.4.0,real,True,ok,,2026-09-21T21:14:01Z,2.7270601373165846,6435,2145,,,3,1,54ff457155dd,a357e71d6607764d,d0f6ac5c4964,require_all_classes,"{""missing_in_test"": [], ""missing_in_train"": []}",{}
d2_beef_uncontrolled|R5|classification|seed06|fold03,e2_main_d2,d2_beef_uncontrolled,R5,classification,6,3,16,1.4.0,real,True,ok,,2026-09-21T21:14:49Z,2.709737541154027,6435,2145,,,3,1,a877630b86ff,871177814df549f7,d0f6ac5c4964,require_all_classes,"{""missing_in_test"": [], ""missing_in_train"": []}",{}
d2_beef_uncontrolled|R5|classification|seed06|fold04,e2_main_d2,d2_beef_uncontrolled,R5,classification,6,4,16,1.4.0,real,True,ok,,2026-09-21T21:15:37Z,2.6839884892106056,6435,2145,,,3,1,308afc6cb592,4b7c9adf5bb1a574,d0f6ac5c4964,require_all_classes,"{""missing_in_test"": [], ""missing_in_train"": []}",{}
d2_beef_uncontrolled|R5|classification|seed07|fold00,e2_main_d2,d2_beef_uncontrolled,R5,classification,7,0,16,1.4.0,real,True,ok,,2026-09-21T21:16:25Z,2.6540777990594506,6435,2145,,,3,1,7b279b72dfb8,de037e45f4a522ac,d0f6ac5c4964,require_all_classes,"{""missing_in_test"": [], ""missing_in_train"": []}",{}
d2_beef_uncontrolled|R5|classification|seed07|fold01,e2_main_d2,d2_beef_uncontrolled,R5,classification,7,1,16,1.4.0,real,True,ok,,2026-09-21T21:17:13Z,2.6379219819791615,6435,2145,,,3,1,bb1e5578b9e3,849731ec79a7143a,d0f6ac5c4964,require_all_classes,"{""missing_in_test"": [], ""missing_in_train"": []}",{}
d2_beef_uncontrolled|R5|classification|seed07|fold02,e2_main_d2,d2_beef_uncontrolled,R5,classification,7,2,16,1.4.0,real,True,ok,,2026-09-21T21:18:00Z,2.6297230874188244,6435,2145,,,3,1,ba39acccb154,9645c5e8337546bf,d0f6ac5c4964,require_all_classes,"{""missing_in_test"": [], ""missing_in_train"": []}",{}
d2_beef_uncontrolled|R5|classification|seed07|fold03,e2_main_d2,d2_beef_uncontrolled,R5,classification,7,3,16,1.4.0,real,True,ok,,2026-09-21T21:18:49Z,2.645932831801474,6435,2145,,,3,1,4726b95fa672,4dde3e3dfbf7fe14,d0f6ac5c4964,require_all_classes,"{""missing_in_test"": [], ""missing_in_train"": []}",{}
d2_beef_uncontrolled|R5|classification|seed07|fold04,e2_main_d2,d2_beef_uncontrolled,R5,classification,7,4,16,1.4.0,real,True,ok,,2026-09-21T21:19:37Z,2.5460567800328135,6435,2145,,,3,1,2e34c9f360a4,e34de5ebbb8fa3df,d0f6ac5c4964,require_all_classes,"{""missing_in_test"": [], ""missing_in_train"": []}",{}
d2_beef_uncontrolled|R5|classification|seed08|fold00,e2_main_d2,d2_beef_uncontrolled,R5,classification,8,0,16,1.4.0,real,True,ok,,2026-09-21T21:20:25Z,2.659151134081185,6435,2145,,,3,1,760fd382be4c,54cda3a9f8fd484d,d0f6ac5c4964,require_all_classes,"{""missing_in_test"": [], ""missing_in_train"": []}",{}
d2_beef_uncontrolled|R5|classification|seed08|fold01,e2_main_d2,d2_beef_uncontrolled,R5,classification,8,1,16,1.4.0,real,True,ok,,2026-09-21T21:21:13Z,2.569010770879686,6435,2145,,,3,1,f60758215a07,5b1cda3817d56d97,d0f6ac5c4964,require_all_classes,"{""missing_in_test"": [], ""missing_in_train"": []}",{}
d2_beef_uncontrolled|R5|classification|seed08|fold02,e2_main_d2,d2_beef_uncontrolled,R5,classification,8,2,16,1.4.0,real,True,ok,,2026-09-21T21:22:01Z,2.711281066760421,6435,2145,,,3,1,b12aea5b360e,cacd348db42fbdf5,d0f6ac5c4964,require_all_classes,"{""missing_in_test"": [], ""missing_in_train"": []}",{}
d2_beef_uncontrolled|R5|classification|seed08|fold03,e2_main_d2,d2_beef_uncontrolled,R5,classification,8,3,16,1.4.0,real,True,ok,,2026-09-21T21:22:49Z,2.5019074650481343,6435,2145,,,3,1,d24ce02cae99,3103a4b968cb5c8d,d0f6ac5c4964,require_all_classes,"{""missing_in_test"": [], ""missing_in_train"": []}",{}
d2_beef_uncontrolled|R5|classification|seed08|fold04,e2_main_d2,d2_beef_uncontrolled,R5,classification,8,4,16,1.4.0,real,True,ok,,2026-09-21T21:23:36Z,2.554292755201459,6435,2145,,,3,1,02ddc5401296,c8cdf8b68f2a5b00,d0f6ac5c4964,require_all_classes,"{""missing_in_test"": [], ""missing_in_train"": []}",{}
d2_beef_uncontrolled|R5|classification|seed09|fold00,e2_main_d2,d2_beef_uncontrolled,R5,classification,9,0,16,1.4.0,real,True,ok,,2026-09-21T21:24:25Z,2.5468751592561603,6435,2145,,,3,1,523607d0ddee,f9be89bf69105988,d0f6ac5c4964,require_all_classes,"{""missing_in_test"": [], ""missing_in_train"": []}",{}
d2_beef_uncontrolled|R5|classification|seed09|fold01,e2_main_d2,d2_beef_uncontrolled,R5,classification,9,1,16,1.4.0,real,True,ok,,2026-09-21T21:25:12Z,2.4308823491446674,6435,2145,,,3,1,de265fd108a1,60327250c0fd04ee,d0f6ac5c4964,require_all_classes,"{""missing_in_test"": [], ""missing_in_train"": []}",{}
d2_beef_uncontrolled|R5|classification|seed09|fold02,e2_main_d2,d2_beef_uncontrolled,R5,classification,9,2,16,1.4.0,real,True,ok,,2026-09-21T21:26:01Z,2.401457224972546,6435,2145,,,3,1,9a76beab3005,42f15a78cb892e8f,d0f6ac5c4964,require_all_classes,"{""missing_in_test"": [], ""missing_in_train"": []}",{}
d2_beef_uncontrolled|R5|classification|seed09|fold03,e2_main_d2,d2_beef_uncontrolled,R5,classification,9,3,16,1.4.0,real,True,ok,,2026-09-21T21:26:48Z,2.403102516196668,6435,2145,,,3,1,bcc42ac9806b,a27171a11145e017,d0f6ac5c4964,require_all_classes,"{""missing_in_test"": [], ""missing_in_train"": []}",{}
d2_beef_uncontrolled|R5|classification|seed09|fold04,e2_main_d2,d2_beef_uncontrolled,R5,classification,9,4,16,1.4.0,real,True,ok,,2026-09-21T21:27:36Z,2.607316995970905,6435,2145,,,3,1,3b4893542c85,95de832a1843bfe0,d0f6ac5c4964,require_all_classes,"{""missing_in_test"": [], ""missing_in_train"": []}",{}
d2_beef_uncontrolled|R5|regression|seed00|fold00,e2_main_d2,d2_beef_uncontrolled,R5,regression,0,0,16,1.4.0,real,True,ok,,2026-09-21T21:08:35Z,2.2879128232598305,6435,2145,,,3,1,20a70c561f8e,5c4bfe30d0640e38,07cd93e03295,require_all_classes,"{""missing_in_test"": [], ""missing_in_train"": []}",{}
d2_beef_uncontrolled|R5|regression|seed00|fold01,e2_main_d2,d2_beef_uncontrolled,R5,regression,0,1,16,1.4.0,real,True,ok,,2026-09-21T21:09:23Z,2.1472105821594596,6435,2145,,,3,1,6c9ef01abdf9,c984e5f5de319a4b,07cd93e03295,require_all_classes,"{""missing_in_test"": [], ""missing_in_train"": []}",{}
d2_beef_uncontrolled|R5|regression|seed00|fold02,e2_main_d2,d2_beef_uncontrolled,R5,regression,0,2,16,1.4.0,real,True,ok,,2026-09-21T21:10:10Z,2.1619937140494585,6435,2145,,,3,1,8f5d6031eff3,9bc0e0f7aefc3a5c,07cd93e03295,require_all_classes,"{""missing_in_test"": [], ""missing_in_train"": []}",{}
d2_beef_uncontrolled|R5|regression|seed00|fold03,e2_main_d2,d2_beef_uncontrolled,R5,regression,0,3,16,1.4.0,real,True,ok,,2026-09-21T21:10:58Z,2.146109472028911,6435,2145,,,3,1,940f76d29b89,5ba0d94a9b099471,07cd93e03295,require_all_classes,"{""missing_in_test"": [], ""missing_in_train"": []}",{}
d2_beef_uncontrolled|R5|regression|seed00|fold04,e2_main_d2,d2_beef_uncontrolled,R5,regression,0,4,16,1.4.0,real,True,ok,,2026-09-21T21:11:46Z,2.2203473141416907,6435,2145,,,3,1,b01bbf6f9575,a2e30f1d2be6bf54,07cd93e03295,require_all_classes,"{""missing_in_test"": [], ""missing_in_train"": []}",{}
d2_beef_uncontrolled|R5|regression|seed01|fold00,e2_main_d2,d2_beef_uncontrolled,R5,regression,1,0,16,1.4.0,real,True,ok,,2026-09-21T21:12:34Z,2.1621576226316392,6435,2145,,,3,1,92d667f81d03,9615f63828a82301,07cd93e03295,require_all_classes,"{""missing_in_test"": [], ""missing_in_train"": []}",{}
d2_beef_uncontrolled|R5|regression|seed01|fold01,e2_main_d2,d2_beef_uncontrolled,R5,regression,1,1,16,1.4.0,real,True,ok,,2026-09-21T21:13:22Z,2.0822205930016935,6435,2145,,,3,1,63eaca80ac77,5c8315740866fbdb,07cd93e03295,require_all_classes,"{""missing_in_test"": [], ""missing_in_train"": []}",{}
d2_beef_uncontrolled|R5|regression|seed01|fold02,e2_main_d2,d2_beef_uncontrolled,R5,regression,1,2,16,1.4.0,real,True,ok,,2026-09-21T21:14:10Z,2.0884506409056485,6435,2145,,,3,1,14ed105fd91e,2a5992074351d3ec,07cd93e03295,require_all_classes,"{""missing_in_test"": [], ""missing_in_train"": []}",{}
d2_beef_uncontrolled|R5|regression|seed01|fold03,e2_main_d2,d2_beef_uncontrolled,R5,regression,1,3,16,1.4.0,real,True,ok,,2026-09-21T21:14:59Z,2.3027502009645104,6435,2145,,,3,1,99c64364d832,afc7ca3641ac4044,07cd93e03295,require_all_classes,"{""missing_in_test"": [], ""missing_in_train"": []}",{}
d2_beef_uncontrolled|R5|regression|seed01|fold04,e2_main_d2,d2_beef_uncontrolled,R5,regression,1,4,16,1.4.0,real,True,ok,,2026-09-21T21:15:47Z,2.0811166036874056,6435,2145,,,3,1,fa4200209670,153773294cd799ba,07cd93e03295,require_all_classes,"{""missing_in_test"": [], ""missing_in_train"": []}",{}
d2_beef_uncontrolled|R5|regression|seed02|fold00,e2_main_d2,d2_beef_uncontrolled,R5,regression,2,0,16,1.4.0,real,True,ok,,2026-09-21T21:16:36Z,2.117898973170668,6435,2145,,,3,1,38e11e05422e,7eedfe1e5fc42c80,07cd93e03295,require_all_classes,"{""missing_in_test"": [], ""missing_in_train"": []}",{}
d2_beef_uncontrolled|R5|regression|seed02|fold01,e2_main_d2,d2_beef_uncontrolled,R5,regression,2,1,16,1.4.0,real,True,ok,,2026-09-21T21:17:24Z,2.112920901738107,6435,2145,,,3,1,8a87c8dddc86,db9d96033c3d4f05,07cd93e03295,require_all_classes,"{""missing_in_test"": [], ""missing_in_train"": []}",{}
d2_beef_uncontrolled|R5|regression|seed02|fold02,e2_main_d2,d2_beef_uncontrolled,R5,regression,2,2,16,1.4.0,real,True,ok,,2026-09-21T21:18:11Z,2.266618804074824,6435,2145,,,3,1,545d378c28a6,5f2609f77b83e14a,07cd93e03295,require_all_classes,"{""missing_in_test"": [], ""missing_in_train"": []}",{}
d2_beef_uncontrolled|R5|regression|seed02|fold03,e2_main_d2,d2_beef_uncontrolled,R5,regression,2,3,16,1.4.0,real,True,ok,,2026-09-21T21:19:00Z,2.311995917931199,6435,2145,,,3,1,289906332a4f,9b2b5ee3bc1f11f8,07cd93e03295,require_all_classes,"{""missing_in_test"": [], ""missing_in_train"": []}",{}
d2_beef_uncontrolled|R5|regression|seed02|fold04,e2_main_d2,d2_beef_uncontrolled,R5,regression,2,4,16,1.4.0,real,True,ok,,2026-09-21T21:19:47Z,2.0777276679873466,6435,2145,,,3,1,202906f4d7e1,81ca1ff819d73913,07cd93e03295,require_all_classes,"{""missing_in_test"": [], ""missing_in_train"": []}",{}
d2_beef_uncontrolled|R5|regression|seed03|fold00,e2_main_d2,d2_beef_uncontrolled,R5,regression,3,0,16,1.4.0,real,True,ok,,2026-09-21T21:20:37Z,2.1836000992916524,6435,2145,,,3,1,0e087c313624,b2b8501fd7e0adae,07cd93e03295,require_all_classes,"{""missing_in_test"": [], ""missing_in_train"": []}",{}
d2_beef_uncontrolled|R5|regression|seed03|fold01,e2_main_d2,d2_beef_uncontrolled,R5,regression,3,1,16,1.4.0,real,True,ok,,2026-09-21T21:21:24Z,2.0941092129796743,6435,2145,,,3,1,ff41306bda71,a983508ab4b81de5,07cd93e03295,require_all_classes,"{""missing_in_test"": [], ""missing_in_train"": []}",{}
d2_beef_uncontrolled|R5|regression|seed03|fold02,e2_main_d2,d2_beef_uncontrolled,R5,regression,3,2,16,1.4.0,real,True,ok,,2026-09-21T21:22:13Z,2.2756071756593883,6435,2145,,,3,1,31c8eaca9098,7ca4063c6af79ae1,07cd93e03295,require_all_classes,"{""missing_in_test"": [], ""missing_in_train"": []}",{}
d2_beef_uncontrolled|R5|regression|seed03|fold03,e2_main_d2,d2_beef_uncontrolled,R5,regression,3,3,16,1.4.0,real,True,ok,,2026-09-21T21:23:00Z,2.0968955969437957,6435,2145,,,3,1,73fd7314e359,38cb0b8ae7a44105,07cd93e03295,require_all_classes,"{""missing_in_test"": [], ""missing_in_train"": []}",{}
d2_beef_uncontrolled|R5|regression|seed03|fold04,e2_main_d2,d2_beef_uncontrolled,R5,regression,3,4,16,1.4.0,real,True,ok,,2026-09-21T21:23:48Z,2.305321369320154,6435,2145,,,3,1,a4933ae9f507,251c83dc6aae10c7,07cd93e03295,require_all_classes,"{""missing_in_test"": [], ""missing_in_train"": []}",{}
d2_beef_uncontrolled|R5|regression|seed04|fold00,e2_main_d2,d2_beef_uncontrolled,R5,regression,4,0,16,1.4.0,real,True,ok,,2026-09-21T21:24:37Z,2.1174172651953995,6435,2145,,,3,1,ab20f229b2e5,8a958c93e5095fcf,07cd93e03295,require_all_classes,"{""missing_in_test"": [], ""missing_in_train"": []}",{}
d2_beef_uncontrolled|R5|regression|seed04|fold01,e2_main_d2,d2_beef_uncontrolled,R5,regression,4,1,16,1.4.0,real,True,ok,,2026-09-21T21:25:24Z,2.172378872986883,6435,2145,,,3,1,6b2262999c63,9145a2ffd4c8130f,07cd93e03295,require_all_classes,"{""missing_in_test"": [], ""missing_in_train"": []}",{}
d2_beef_uncontrolled|R5|regression|seed04|fold02,e2_main_d2,d2_beef_uncontrolled,R5,regression,4,2,16,1.4.0,real,True,ok,,2026-09-21T21:26:13Z,2.201514937914908,6435,2145,,,3,1,557db8e1a73e,8566d1131be4c932,07cd93e03295,require_all_classes,"{""missing_in_test"": [], ""missing_in_train"": []}",{}
d2_beef_uncontrolled|R5|regression|seed04|fold03,e2_main_d2,d2_beef_uncontrolled,R5,regression,4,3,16,1.4.0,real,True,ok,,2026-09-21T21:27:01Z,2.2805993007496,6435,2145,,,3,1,9dd348ffc2ab,b7a0156ff0f86028,07cd93e03295,require_all_classes,"{""missing_in_test"": [], ""missing_in_train"": []}",{}
d2_beef_uncontrolled|R5|regression|seed04|fold04,e2_main_d2,d2_beef_uncontrolled,R5,regression,4,4,16,1.4.0,real,True,ok,,2026-09-21T21:27:50Z,2.377258646301925,6435,2145,,,3,1,faf19bcdc9b9,29f6a9313a127f64,07cd93e03295,require_all_classes,"{""missing_in_test"": [], ""missing_in_train"": []}",{}
d2_beef_uncontrolled|R5|regression|seed05|fold00,e2_main_d2,d2_beef_uncontrolled,R5,regression,5,0,16,1.4.0,real,True,ok,,2026-09-21T21:08:40Z,2.474419094156474,6435,2145,,,3,1,413cdd715162,dd00c33518fc30dd,d0f6ac5c4964,require_all_classes,"{""missing_in_test"": [], ""missing_in_train"": []}",{}
d2_beef_uncontrolled|R5|regression|seed05|fold01,e2_main_d2,d2_beef_uncontrolled,R5,regression,5,1,16,1.4.0,real,True,ok,,2026-09-21T21:09:34Z,2.5697462698444724,6435,2145,,,3,1,a8b8c30a5944,82077599aa254491,d0f6ac5c4964,require_all_classes,"{""missing_in_test"": [], ""missing_in_train"": []}",{}
d2_beef_uncontrolled|R5|regression|seed05|fold02,e2_main_d2,d2_beef_uncontrolled,R5,regression,5,2,16,1.4.0,real,True,ok,,2026-09-21T21:10:25Z,2.1933975690044463,6435,2145,,,3,1,9de5f792dc27,e80f012447e2492d,d0f6ac5c4964,require_all_classes,"{""missing_in_test"": [], ""missing_in_train"": []}",{}
d2_beef_uncontrolled|R5|regression|seed05|fold03,e2_main_d2,d2_beef_uncontrolled,R5,regression,5,3,16,1.4.0,real,True,ok,,2026-09-21T21:11:13Z,2.117780350148678,6435,2145,,,3,1,a5838cf9641b,b8073c787eef4431,d0f6ac5c4964,require_all_classes,"{""missing_in_test"": [], ""missing_in_train"": []}",{}
d2_beef_uncontrolled|R5|regression|seed05|fold04,e2_main_d2,d2_beef_uncontrolled,R5,regression,5,4,16,1.4.0,real,True,ok,,2026-09-21T21:12:01Z,2.1934567792341113,6435,2145,,,3,1,6eee1b95b6aa,9c37c83311fa0c8d,d0f6ac5c4964,require_all_classes,"{""missing_in_test"": [], ""missing_in_train"": []}",{}
d2_beef_uncontrolled|R5|regression|seed06|fold00,e2_main_d2,d2_beef_uncontrolled,R5,regression,6,0,16,1.4.0,real,True,ok,,2026-09-21T21:12:49Z,2.2068603457883,6435,2145,,,3,1,477c37a8ab73,6f34d77f69f0fdb0,d0f6ac5c4964,require_all_classes,"{""missing_in_test"": [], ""missing_in_train"": []}",{}
d2_beef_uncontrolled|R5|regression|seed06|fold01,e2_main_d2,d2_beef_uncontrolled,R5,regression,6,1,16,1.4.0,real,True,ok,,2026-09-21T21:13:37Z,2.1107055470347404,6435,2145,,,3,1,1c2e3ba58278,bd3b27b716190ac5,d0f6ac5c4964,require_all_classes,"{""missing_in_test"": [], ""missing_in_train"": []}",{}
d2_beef_uncontrolled|R5|regression|seed06|fold02,e2_main_d2,d2_beef_uncontrolled,R5,regression,6,2,16,1.4.0,real,True,ok,,2026-09-21T21:14:25Z,2.206685186829418,6435,2145,,,3,1,54ff457155dd,5db386126c162fe7,d0f6ac5c4964,require_all_classes,"{""missing_in_test"": [], ""missing_in_train"": []}",{}
d2_beef_uncontrolled|R5|regression|seed06|fold03,e2_main_d2,d2_beef_uncontrolled,R5,regression,6,3,16,1.4.0,real,True,ok,,2026-09-21T21:15:13Z,2.190766413230449,6435,2145,,,3,1,a877630b86ff,c6755412fe7104ba,d0f6ac5c4964,require_all_classes,"{""missing_in_test"": [], ""missing_in_train"": []}",{}
d2_beef_uncontrolled|R5|regression|seed06|fold04,e2_main_d2,d2_beef_uncontrolled,R5,regression,6,4,16,1.4.0,real,True,ok,,2026-09-21T21:16:01Z,2.0832813340239227,6435,2145,,,3,1,308afc6cb592,04471da3d3a7c8cb,d0f6ac5c4964,require_all_classes,"{""missing_in_test"": [], ""missing_in_train"": []}",{}
d2_beef_uncontrolled|R5|regression|seed07|fold00,e2_main_d2,d2_beef_uncontrolled,R5,regression,7,0,16,1.4.0,real,True,ok,,2026-09-21T21:16:49Z,2.261901803780347,6435,2145,,,3,1,7b279b72dfb8,807f260a1d6e0971,d0f6ac5c4964,require_all_classes,"{""missing_in_test"": [], ""missing_in_train"": []}",{}
d2_beef_uncontrolled|R5|regression|seed07|fold01,e2_main_d2,d2_beef_uncontrolled,R5,regression,7,1,16,1.4.0,real,True,ok,,2026-09-21T21:17:37Z,2.104733543936163,6435,2145,,,3,1,bb1e5578b9e3,1bcde7ae40afc9f3,d0f6ac5c4964,require_all_classes,"{""missing_in_test"": [], ""missing_in_train"": []}",{}
d2_beef_uncontrolled|R5|regression|seed07|fold02,e2_main_d2,d2_beef_uncontrolled,R5,regression,7,2,16,1.4.0,real,True,ok,,2026-09-21T21:18:25Z,2.1095347199589014,6435,2145,,,3,1,ba39acccb154,bd8c08d178b9ca38,d0f6ac5c4964,require_all_classes,"{""missing_in_test"": [], ""missing_in_train"": []}",{}
d2_beef_uncontrolled|R5|regression|seed07|fold03,e2_main_d2,d2_beef_uncontrolled,R5,regression,7,3,16,1.4.0,real,True,ok,,2026-09-21T21:19:13Z,2.095949061680585,6435,2145,,,3,1,4726b95fa672,9c81d3e4d28add4d,d0f6ac5c4964,require_all_classes,"{""missing_in_test"": [], ""missing_in_train"": []}",{}
d2_beef_uncontrolled|R5|regression|seed07|fold04,e2_main_d2,d2_beef_uncontrolled,R5,regression,7,4,16,1.4.0,real,True,ok,,2026-09-21T21:20:00Z,2.156036342959851,6435,2145,,,3,1,2e34c9f360a4,5241f7b78d50e52c,d0f6ac5c4964,require_all_classes,"{""missing_in_test"": [], ""missing_in_train"": []}",{}
d2_beef_uncontrolled|R5|regression|seed08|fold00,e2_main_d2,d2_beef_uncontrolled,R5,regression,8,0,16,1.4.0,real,True,ok,,2026-09-21T21:20:49Z,2.0909750531427562,6435,2145,,,3,1,760fd382be4c,cdb4f0c36316fbff,d0f6ac5c4964,require_all_classes,"{""missing_in_test"": [], ""missing_in_train"": []}",{}
d2_beef_uncontrolled|R5|regression|seed08|fold01,e2_main_d2,d2_beef_uncontrolled,R5,regression,8,1,16,1.4.0,real,True,ok,,2026-09-21T21:21:37Z,2.098040299024433,6435,2145,,,3,1,f60758215a07,c45c150b8af3937b,d0f6ac5c4964,require_all_classes,"{""missing_in_test"": [], ""missing_in_train"": []}",{}
d2_beef_uncontrolled|R5|regression|seed08|fold02,e2_main_d2,d2_beef_uncontrolled,R5,regression,8,2,16,1.4.0,real,True,ok,,2026-09-21T21:22:25Z,2.1063917949795723,6435,2145,,,3,1,b12aea5b360e,a9dff1789ee816cf,d0f6ac5c4964,require_all_classes,"{""missing_in_test"": [], ""missing_in_train"": []}",{}
d2_beef_uncontrolled|R5|regression|seed08|fold03,e2_main_d2,d2_beef_uncontrolled,R5,regression,8,3,16,1.4.0,real,True,ok,,2026-09-21T21:23:13Z,2.1107455249875784,6435,2145,,,3,1,d24ce02cae99,24c048cb12630da7,d0f6ac5c4964,require_all_classes,"{""missing_in_test"": [], ""missing_in_train"": []}",{}
d2_beef_uncontrolled|R5|regression|seed08|fold04,e2_main_d2,d2_beef_uncontrolled,R5,regression,8,4,16,1.4.0,real,True,ok,,2026-09-21T21:24:01Z,2.251597465015948,6435,2145,,,3,1,02ddc5401296,cefc24ed418377c5,d0f6ac5c4964,require_all_classes,"{""missing_in_test"": [], ""missing_in_train"": []}",{}
d2_beef_uncontrolled|R5|regression|seed09|fold00,e2_main_d2,d2_beef_uncontrolled,R5,regression,9,0,16,1.4.0,real,True,ok,,2026-09-21T21:24:49Z,2.1854771827347577,6435,2145,,,3,1,523607d0ddee,4b2176a7a9a2c353,d0f6ac5c4964,require_all_classes,"{""missing_in_test"": [], ""missing_in_train"": []}",{}
d2_beef_uncontrolled|R5|regression|seed09|fold01,e2_main_d2,d2_beef_uncontrolled,R5,regression,9,1,16,1.4.0,real,True,ok,,2026-09-21T21:25:37Z,2.2748949858359993,6435,2145,,,3,1,de265fd108a1,ff1a1c42e4ff29b6,d0f6ac5c4964,require_all_classes,"{""missing_in_test"": [], ""missing_in_train"": []}",{}
d2_beef_uncontrolled|R5|regression|seed09|fold02,e2_main_d2,d2_beef_uncontrolled,R5,regression,9,2,16,1.4.0,real,True,ok,,2026-09-21T21:26:25Z,2.041765790898353,6435,2145,,,3,1,9a76beab3005,1b37d438aa76014a,d0f6ac5c4964,require_all_classes,"{""missing_in_test"": [], ""missing_in_train"": []}",{}
d2_beef_uncontrolled|R5|regression|seed09|fold03,e2_main_d2,d2_beef_uncontrolled,R5,regression,9,3,16,1.4.0,real,True,ok,,2026-09-21T21:27:12Z,2.069862279109657,6435,2145,,,3,1,bcc42ac9806b,4ad703773b8dfdba,d0f6ac5c4964,require_all_classes,"{""missing_in_test"": [], ""missing_in_train"": []}",{}
d2_beef_uncontrolled|R5|regression|seed09|fold04,e2_main_d2,d2_beef_uncontrolled,R5,regression,9,4,16,1.4.0,real,True,ok,,2026-09-21T21:28:01Z,2.0583474882878363,6435,2145,,,3,1,3b4893542c85,5c4743ee24af3043,d0f6ac5c4964,require_all_classes,"{""missing_in_test"": [], ""missing_in_train"": []}",{}
d2_beef_uncontrolled|R6|classification|seed00|fold00,e2_main_d2,d2_beef_uncontrolled,R6,classification,0,0,16,1.4.0,real,True,ok,,2026-09-21T21:08:21Z,9.465203909669071,6435,2145,,,3,1,20a70c561f8e,0c0ae5b7443fe870,07cd93e03295,require_all_classes,"{""missing_in_test"": [], ""missing_in_train"": []}",{}
d2_beef_uncontrolled|R6|classification|seed00|fold01,e2_main_d2,d2_beef_uncontrolled,R6,classification,0,1,16,1.4.0,real,True,ok,,2026-09-21T21:09:09Z,9.787318287417293,6435,2145,,,3,1,6c9ef01abdf9,7d4203b7844a7048,07cd93e03295,require_all_classes,"{""missing_in_test"": [], ""missing_in_train"": []}",{}
d2_beef_uncontrolled|R6|classification|seed00|fold02,e2_main_d2,d2_beef_uncontrolled,R6,classification,0,2,16,1.4.0,real,True,ok,,2026-09-21T21:09:57Z,9.658736360259354,6435,2145,,,3,1,8f5d6031eff3,4ab8b44746c45615,07cd93e03295,require_all_classes,"{""missing_in_test"": [], ""missing_in_train"": []}",{}
d2_beef_uncontrolled|R6|classification|seed00|fold03,e2_main_d2,d2_beef_uncontrolled,R6,classification,0,3,16,1.4.0,real,True,ok,,2026-09-21T21:10:45Z,9.530329043976963,6435,2145,,,3,1,940f76d29b89,7578aae9f6414d68,07cd93e03295,require_all_classes,"{""missing_in_test"": [], ""missing_in_train"": []}",{}
d2_beef_uncontrolled|R6|classification|seed00|fold04,e2_main_d2,d2_beef_uncontrolled,R6,classification,0,4,16,1.4.0,real,True,ok,,2026-09-21T21:11:33Z,9.4550178241916,6435,2145,,,3,1,b01bbf6f9575,ab401501e5a8470a,07cd93e03295,require_all_classes,"{""missing_in_test"": [], ""missing_in_train"": []}",{}
d2_beef_uncontrolled|R6|classification|seed01|fold00,e2_main_d2,d2_beef_uncontrolled,R6,classification,1,0,16,1.4.0,real,True,ok,,2026-09-21T21:12:21Z,9.544099038932472,6435,2145,,,3,1,92d667f81d03,d0d5e5255f2cbf38,07cd93e03295,require_all_classes,"{""missing_in_test"": [], ""missing_in_train"": []}",{}
d2_beef_uncontrolled|R6|classification|seed01|fold01,e2_main_d2,d2_beef_uncontrolled,R6,classification,1,1,16,1.4.0,real,True,ok,,2026-09-21T21:13:09Z,9.669164271093905,6435,2145,,,3,1,63eaca80ac77,14f336d19faf3ad5,07cd93e03295,require_all_classes,"{""missing_in_test"": [], ""missing_in_train"": []}",{}
d2_beef_uncontrolled|R6|classification|seed01|fold02,e2_main_d2,d2_beef_uncontrolled,R6,classification,1,2,16,1.4.0,real,True,ok,,2026-09-21T21:13:57Z,9.55968420393765,6435,2145,,,3,1,14ed105fd91e,89541b0b5a402518,07cd93e03295,require_all_classes,"{""missing_in_test"": [], ""missing_in_train"": []}",{}
d2_beef_uncontrolled|R6|classification|seed01|fold03,e2_main_d2,d2_beef_uncontrolled,R6,classification,1,3,16,1.4.0,real,True,ok,,2026-09-21T21:14:45Z,9.949623050168157,6435,2145,,,3,1,99c64364d832,ac5a2496445915b1,07cd93e03295,require_all_classes,"{""missing_in_test"": [], ""missing_in_train"": []}",{}
d2_beef_uncontrolled|R6|classification|seed01|fold04,e2_main_d2,d2_beef_uncontrolled,R6,classification,1,4,16,1.4.0,real,True,ok,,2026-09-21T21:15:34Z,9.733749778009951,6435,2145,,,3,1,fa4200209670,523902d1bbe92ecd,07cd93e03295,require_all_classes,"{""missing_in_test"": [], ""missing_in_train"": []}",{}
d2_beef_uncontrolled|R6|classification|seed02|fold00,e2_main_d2,d2_beef_uncontrolled,R6,classification,2,0,16,1.4.0,real,True,ok,,2026-09-21T21:16:22Z,9.789229387883097,6435,2145,,,3,1,38e11e05422e,4a04274f1c118cb4,07cd93e03295,require_all_classes,"{""missing_in_test"": [], ""missing_in_train"": []}",{}
d2_beef_uncontrolled|R6|classification|seed02|fold01,e2_main_d2,d2_beef_uncontrolled,R6,classification,2,1,16,1.4.0,real,True,ok,,2026-09-21T21:17:11Z,9.775646761059761,6435,2145,,,3,1,8a87c8dddc86,4b8364d4b4da4ccb,07cd93e03295,require_all_classes,"{""missing_in_test"": [], ""missing_in_train"": []}",{}
d2_beef_uncontrolled|R6|classification|seed02|fold02,e2_main_d2,d2_beef_uncontrolled,R6,classification,2,2,16,1.4.0,real,True,ok,,2026-09-21T21:17:58Z,9.488046940881759,6435,2145,,,3,1,545d378c28a6,5719455cd60e53ad,07cd93e03295,require_all_classes,"{""missing_in_test"": [], ""missing_in_train"": []}",{}
d2_beef_uncontrolled|R6|classification|seed02|fold03,e2_main_d2,d2_beef_uncontrolled,R6,classification,2,3,16,1.4.0,real,True,ok,,2026-09-21T21:18:46Z,9.641406003851444,6435,2145,,,3,1,289906332a4f,1926ded76ddb0232,07cd93e03295,require_all_classes,"{""missing_in_test"": [], ""missing_in_train"": []}",{}
d2_beef_uncontrolled|R6|classification|seed02|fold04,e2_main_d2,d2_beef_uncontrolled,R6,classification,2,4,16,1.4.0,real,True,ok,,2026-09-21T21:19:34Z,9.571748062968254,6435,2145,,,3,1,202906f4d7e1,3cfb52715522bc74,07cd93e03295,require_all_classes,"{""missing_in_test"": [], ""missing_in_train"": []}",{}
d2_beef_uncontrolled|R6|classification|seed03|fold00,e2_main_d2,d2_beef_uncontrolled,R6,classification,3,0,16,1.4.0,real,True,ok,,2026-09-21T21:20:23Z,9.919906112831086,6435,2145,,,3,1,0e087c313624,f0b2edf2c98d02e8,07cd93e03295,require_all_classes,"{""missing_in_test"": [], ""missing_in_train"": []}",{}
d2_beef_uncontrolled|R6|classification|seed03|fold01,e2_main_d2,d2_beef_uncontrolled,R6,classification,3,1,16,1.4.0,real,True,ok,,2026-09-21T21:21:11Z,9.586622308939695,6435,2145,,,3,1,ff41306bda71,afb0094ad7637669,07cd93e03295,require_all_classes,"{""missing_in_test"": [], ""missing_in_train"": []}",{}
d2_beef_uncontrolled|R6|classification|seed03|fold02,e2_main_d2,d2_beef_uncontrolled,R6,classification,3,2,16,1.4.0,real,True,ok,,2026-09-21T21:21:59Z,9.970043506007642,6435,2145,,,3,1,31c8eaca9098,be4a28a823078350,07cd93e03295,require_all_classes,"{""missing_in_test"": [], ""missing_in_train"": []}",{}
d2_beef_uncontrolled|R6|classification|seed03|fold03,e2_main_d2,d2_beef_uncontrolled,R6,classification,3,3,16,1.4.0,real,True,ok,,2026-09-21T21:22:47Z,9.656207736115903,6435,2145,,,3,1,73fd7314e359,f0caf62ce8a36540,07cd93e03295,require_all_classes,"{""missing_in_test"": [], ""missing_in_train"": []}",{}
d2_beef_uncontrolled|R6|classification|seed03|fold04,e2_main_d2,d2_beef_uncontrolled,R6,classification,3,4,16,1.4.0,real,True,ok,,2026-09-21T21:23:35Z,9.683759447652847,6435,2145,,,3,1,a4933ae9f507,2c141936bcb6125e,07cd93e03295,require_all_classes,"{""missing_in_test"": [], ""missing_in_train"": []}",{}
d2_beef_uncontrolled|R6|classification|seed04|fold00,e2_main_d2,d2_beef_uncontrolled,R6,classification,4,0,16,1.4.0,real,True,ok,,2026-09-21T21:24:23Z,9.561492452863604,6435,2145,,,3,1,ab20f229b2e5,d57f794811d05bc7,07cd93e03295,require_all_classes,"{""missing_in_test"": [], ""missing_in_train"": []}",{}
d2_beef_uncontrolled|R6|classification|seed04|fold01,e2_main_d2,d2_beef_uncontrolled,R6,classification,4,1,16,1.4.0,real,True,ok,,2026-09-21T21:25:11Z,9.517339651007205,6435,2145,,,3,1,6b2262999c63,f4037a927383b49d,07cd93e03295,require_all_classes,"{""missing_in_test"": [], ""missing_in_train"": []}",{}
d2_beef_uncontrolled|R6|classification|seed04|fold02,e2_main_d2,d2_beef_uncontrolled,R6,classification,4,2,16,1.4.0,real,True,ok,,2026-09-21T21:26:00Z,9.696437533013523,6435,2145,,,3,1,557db8e1a73e,0091aa8629ecdaf1,07cd93e03295,require_all_classes,"{""missing_in_test"": [], ""missing_in_train"": []}",{}
d2_beef_uncontrolled|R6|classification|seed04|fold03,e2_main_d2,d2_beef_uncontrolled,R6,classification,4,3,16,1.4.0,real,True,ok,,2026-09-21T21:26:47Z,9.545328338164836,6435,2145,,,3,1,9dd348ffc2ab,2ca345200f98541e,07cd93e03295,require_all_classes,"{""missing_in_test"": [], ""missing_in_train"": []}",{}
d2_beef_uncontrolled|R6|classification|seed04|fold04,e2_main_d2,d2_beef_uncontrolled,R6,classification,4,4,16,1.4.0,real,True,ok,,2026-09-21T21:27:36Z,9.965159914456308,6435,2145,,,3,1,faf19bcdc9b9,06d70ddd4d619b66,07cd93e03295,require_all_classes,"{""missing_in_test"": [], ""missing_in_train"": []}",{}
d2_beef_uncontrolled|R6|classification|seed05|fold00,e2_main_d2,d2_beef_uncontrolled,R6,classification,5,0,16,1.4.0,real,True,ok,,2026-09-21T21:08:24Z,10.060827239882201,6435,2145,,,3,1,413cdd715162,c5c40a38b323e080,d0f6ac5c4964,require_all_classes,"{""missing_in_test"": [], ""missing_in_train"": []}",{}
d2_beef_uncontrolled|R6|classification|seed05|fold01,e2_main_d2,d2_beef_uncontrolled,R6,classification,5,1,16,1.4.0,real,True,ok,,2026-09-21T21:09:18Z,10.977957949973643,6435,2145,,,3,1,a8b8c30a5944,1c1a0c5a33d97d52,d0f6ac5c4964,require_all_classes,"{""missing_in_test"": [], ""missing_in_train"": []}",{}
d2_beef_uncontrolled|R6|classification|seed05|fold02,e2_main_d2,d2_beef_uncontrolled,R6,classification,5,2,16,1.4.0,real,True,ok,,2026-09-21T21:10:11Z,10.514186401851475,6435,2145,,,3,1,9de5f792dc27,a81e656af5d0ae53,d0f6ac5c4964,require_all_classes,"{""missing_in_test"": [], ""missing_in_train"": []}",{}
d2_beef_uncontrolled|R6|classification|seed05|fold03,e2_main_d2,d2_beef_uncontrolled,R6,classification,5,3,16,1.4.0,real,True,ok,,2026-09-21T21:10:59Z,10.716980644967407,6435,2145,,,3,1,a5838cf9641b,9f78060efeedbc1d,d0f6ac5c4964,require_all_classes,"{""missing_in_test"": [], ""missing_in_train"": []}",{}
d2_beef_uncontrolled|R6|classification|seed05|fold04,e2_main_d2,d2_beef_uncontrolled,R6,classification,5,4,16,1.4.0,real,True,ok,,2026-09-21T21:11:47Z,10.607037765905261,6435,2145,,,3,1,6eee1b95b6aa,6a53084fb4968619,d0f6ac5c4964,require_all_classes,"{""missing_in_test"": [], ""missing_in_train"": []}",{}
d2_beef_uncontrolled|R6|classification|seed06|fold00,e2_main_d2,d2_beef_uncontrolled,R6,classification,6,0,16,1.4.0,real,True,ok,,2026-09-21T21:12:35Z,10.415459281764925,6435,2145,,,3,1,477c37a8ab73,918fed77b81831a4,d0f6ac5c4964,require_all_classes,"{""missing_in_test"": [], ""missing_in_train"": []}",{}
d2_beef_uncontrolled|R6|classification|seed06|fold01,e2_main_d2,d2_beef_uncontrolled,R6,classification,6,1,16,1.4.0,real,True,ok,,2026-09-21T21:13:23Z,10.337793815415353,6435,2145,,,3,1,1c2e3ba58278,e7ec947c581b42b3,d0f6ac5c4964,require_all_classes,"{""missing_in_test"": [], ""missing_in_train"": []}",{}
d2_beef_uncontrolled|R6|classification|seed06|fold02,e2_main_d2,d2_beef_uncontrolled,R6,classification,6,2,16,1.4.0,real,True,ok,,2026-09-21T21:14:11Z,10.247873941902071,6435,2145,,,3,1,54ff457155dd,90b685099067789a,d0f6ac5c4964,require_all_classes,"{""missing_in_test"": [], ""missing_in_train"": []}",{}
d2_beef_uncontrolled|R6|classification|seed06|fold03,e2_main_d2,d2_beef_uncontrolled,R6,classification,6,3,16,1.4.0,real,True,ok,,2026-09-21T21:15:00Z,10.698761026840657,6435,2145,,,3,1,a877630b86ff,2802a3438e28f2cb,d0f6ac5c4964,require_all_classes,"{""missing_in_test"": [], ""missing_in_train"": []}",{}
d2_beef_uncontrolled|R6|classification|seed06|fold04,e2_main_d2,d2_beef_uncontrolled,R6,classification,6,4,16,1.4.0,real,True,ok,,2026-09-21T21:15:47Z,10.275462582241744,6435,2145,,,3,1,308afc6cb592,ede57cef901e7258,d0f6ac5c4964,require_all_classes,"{""missing_in_test"": [], ""missing_in_train"": []}",{}
d2_beef_uncontrolled|R6|classification|seed07|fold00,e2_main_d2,d2_beef_uncontrolled,R6,classification,7,0,16,1.4.0,real,True,ok,,2026-09-21T21:16:36Z,10.591668367851526,6435,2145,,,3,1,7b279b72dfb8,89bcb752a15f4681,d0f6ac5c4964,require_all_classes,"{""missing_in_test"": [], ""missing_in_train"": []}",{}
d2_beef_uncontrolled|R6|classification|seed07|fold01,e2_main_d2,d2_beef_uncontrolled,R6,classification,7,1,16,1.4.0,real,True,ok,,2026-09-21T21:17:24Z,10.357507190667093,6435,2145,,,3,1,bb1e5578b9e3,a01611e9fc18e852,d0f6ac5c4964,require_all_classes,"{""missing_in_test"": [], ""missing_in_train"": []}",{}
d2_beef_uncontrolled|R6|classification|seed07|fold02,e2_main_d2,d2_beef_uncontrolled,R6,classification,7,2,16,1.4.0,real,True,ok,,2026-09-21T21:18:11Z,10.511839823797345,6435,2145,,,3,1,ba39acccb154,8880c3b58abd1a5a,d0f6ac5c4964,require_all_classes,"{""missing_in_test"": [], ""missing_in_train"": []}",{}
d2_beef_uncontrolled|R6|classification|seed07|fold03,e2_main_d2,d2_beef_uncontrolled,R6,classification,7,3,16,1.4.0,real,True,ok,,2026-09-21T21:19:00Z,10.66251784702763,6435,2145,,,3,1,4726b95fa672,89e47cc06ce1cb2b,d0f6ac5c4964,require_all_classes,"{""missing_in_test"": [], ""missing_in_train"": []}",{}
d2_beef_uncontrolled|R6|classification|seed07|fold04,e2_main_d2,d2_beef_uncontrolled,R6,classification,7,4,16,1.4.0,real,True,ok,,2026-09-21T21:19:47Z,10.156900266185403,6435,2145,,,3,1,2e34c9f360a4,0d43c936a5732acd,d0f6ac5c4964,require_all_classes,"{""missing_in_test"": [], ""missing_in_train"": []}",{}
d2_beef_uncontrolled|R6|classification|seed08|fold00,e2_main_d2,d2_beef_uncontrolled,R6,classification,8,0,16,1.4.0,real,True,ok,,2026-09-21T21:20:35Z,10.463429236318916,6435,2145,,,3,1,760fd382be4c,bfe71dc8045023c7,d0f6ac5c4964,require_all_classes,"{""missing_in_test"": [], ""missing_in_train"": []}",{}
d2_beef_uncontrolled|R6|classification|seed08|fold01,e2_main_d2,d2_beef_uncontrolled,R6,classification,8,1,16,1.4.0,real,True,ok,,2026-09-21T21:21:23Z,10.296911134850234,6435,2145,,,3,1,f60758215a07,79fa313359e92e1d,d0f6ac5c4964,require_all_classes,"{""missing_in_test"": [], ""missing_in_train"": []}",{}
d2_beef_uncontrolled|R6|classification|seed08|fold02,e2_main_d2,d2_beef_uncontrolled,R6,classification,8,2,16,1.4.0,real,True,ok,,2026-09-21T21:22:11Z,10.547165556810796,6435,2145,,,3,1,b12aea5b360e,cb6f2e1339208b39,d0f6ac5c4964,require_all_classes,"{""missing_in_test"": [], ""missing_in_train"": []}",{}
d2_beef_uncontrolled|R6|classification|seed08|fold03,e2_main_d2,d2_beef_uncontrolled,R6,classification,8,3,16,1.4.0,real,True,ok,,2026-09-21T21:22:59Z,10.269962177146226,6435,2145,,,3,1,d24ce02cae99,054140b6794c20e8,d0f6ac5c4964,require_all_classes,"{""missing_in_test"": [], ""missing_in_train"": []}",{}
d2_beef_uncontrolled|R6|classification|seed08|fold04,e2_main_d2,d2_beef_uncontrolled,R6,classification,8,4,16,1.4.0,real,True,ok,,2026-09-21T21:23:47Z,10.703710416797549,6435,2145,,,3,1,02ddc5401296,9e2a52e6d94f3cad,d0f6ac5c4964,require_all_classes,"{""missing_in_test"": [], ""missing_in_train"": []}",{}
d2_beef_uncontrolled|R6|classification|seed09|fold00,e2_main_d2,d2_beef_uncontrolled,R6,classification,9,0,16,1.4.0,real,True,ok,,2026-09-21T21:24:35Z,10.279466107022017,6435,2145,,,3,1,523607d0ddee,f2b37e461ea0a9a7,d0f6ac5c4964,require_all_classes,"{""missing_in_test"": [], ""missing_in_train"": []}",{}
d2_beef_uncontrolled|R6|classification|seed09|fold01,e2_main_d2,d2_beef_uncontrolled,R6,classification,9,1,16,1.4.0,real,True,ok,,2026-09-21T21:25:23Z,10.570967943873256,6435,2145,,,3,1,de265fd108a1,3a700f3ef5c4692b,d0f6ac5c4964,require_all_classes,"{""missing_in_test"": [], ""missing_in_train"": []}",{}
d2_beef_uncontrolled|R6|classification|seed09|fold02,e2_main_d2,d2_beef_uncontrolled,R6,classification,9,2,16,1.4.0,real,True,ok,,2026-09-21T21:26:11Z,10.502894625999033,6435,2145,,,3,1,9a76beab3005,b575c06af71f6da4,d0f6ac5c4964,require_all_classes,"{""missing_in_test"": [], ""missing_in_train"": []}",{}
d2_beef_uncontrolled|R6|classification|seed09|fold03,e2_main_d2,d2_beef_uncontrolled,R6,classification,9,3,16,1.4.0,real,True,ok,,2026-09-21T21:26:58Z,10.442572336178273,6435,2145,,,3,1,bcc42ac9806b,b331f5ed617cec2e,d0f6ac5c4964,require_all_classes,"{""missing_in_test"": [], ""missing_in_train"": []}",{}
d2_beef_uncontrolled|R6|classification|seed09|fold04,e2_main_d2,d2_beef_uncontrolled,R6,classification,9,4,16,1.4.0,real,True,ok,,2026-09-21T21:27:47Z,10.56525261187926,6435,2145,,,3,1,3b4893542c85,d37467f84287cfc2,d0f6ac5c4964,require_all_classes,"{""missing_in_test"": [], ""missing_in_train"": []}",{}
d2_beef_uncontrolled|R6|regression|seed00|fold00,e2_main_d2,d2_beef_uncontrolled,R6,regression,0,0,16,1.4.0,real,True,ok,,2026-09-21T21:08:43Z,8.21808975469321,6435,2145,,,3,1,20a70c561f8e,5c46e09b207c8bb6,07cd93e03295,require_all_classes,"{""missing_in_test"": [], ""missing_in_train"": []}",{}
d2_beef_uncontrolled|R6|regression|seed00|fold01,e2_main_d2,d2_beef_uncontrolled,R6,regression,0,1,16,1.4.0,real,True,ok,,2026-09-21T21:09:31Z,8.66450703702867,6435,2145,,,3,1,6c9ef01abdf9,ca4f1d01d5b6481d,07cd93e03295,require_all_classes,"{""missing_in_test"": [], ""missing_in_train"": []}",{}
d2_beef_uncontrolled|R6|regression|seed00|fold02,e2_main_d2,d2_beef_uncontrolled,R6,regression,0,2,16,1.4.0,real,True,ok,,2026-09-21T21:10:19Z,8.462410941720009,6435,2145,,,3,1,8f5d6031eff3,a74fa4d235ff72bd,07cd93e03295,require_all_classes,"{""missing_in_test"": [], ""missing_in_train"": []}",{}
d2_beef_uncontrolled|R6|regression|seed00|fold03,e2_main_d2,d2_beef_uncontrolled,R6,regression,0,3,16,1.4.0,real,True,ok,,2026-09-21T21:11:07Z,8.505743545014411,6435,2145,,,3,1,940f76d29b89,c2661301901658f9,07cd93e03295,require_all_classes,"{""missing_in_test"": [], ""missing_in_train"": []}",{}
d2_beef_uncontrolled|R6|regression|seed00|fold04,e2_main_d2,d2_beef_uncontrolled,R6,regression,0,4,16,1.4.0,real,True,ok,,2026-09-21T21:11:55Z,8.408559311181307,6435,2145,,,3,1,b01bbf6f9575,6ebb4ec62fad6f95,07cd93e03295,require_all_classes,"{""missing_in_test"": [], ""missing_in_train"": []}",{}
d2_beef_uncontrolled|R6|regression|seed01|fold00,e2_main_d2,d2_beef_uncontrolled,R6,regression,1,0,16,1.4.0,real,True,ok,,2026-09-21T21:12:43Z,8.589848896022886,6435,2145,,,3,1,92d667f81d03,dec57a0a4a9b370c,07cd93e03295,require_all_classes,"{""missing_in_test"": [], ""missing_in_train"": []}",{}
d2_beef_uncontrolled|R6|regression|seed01|fold01,e2_main_d2,d2_beef_uncontrolled,R6,regression,1,1,16,1.4.0,real,True,ok,,2026-09-21T21:13:31Z,8.47325552534312,6435,2145,,,3,1,63eaca80ac77,fde1202f9f103b01,07cd93e03295,require_all_classes,"{""missing_in_test"": [], ""missing_in_train"": []}",{}
d2_beef_uncontrolled|R6|regression|seed01|fold02,e2_main_d2,d2_beef_uncontrolled,R6,regression,1,2,16,1.4.0,real,True,ok,,2026-09-21T21:14:18Z,8.359616302885115,6435,2145,,,3,1,14ed105fd91e,1fd9cf66cfc9c2cc,07cd93e03295,require_all_classes,"{""missing_in_test"": [], ""missing_in_train"": []}",{}
d2_beef_uncontrolled|R6|regression|seed01|fold03,e2_main_d2,d2_beef_uncontrolled,R6,regression,1,3,16,1.4.0,real,True,ok,,2026-09-21T21:15:07Z,8.375312757212669,6435,2145,,,3,1,99c64364d832,19e2960421903113,07cd93e03295,require_all_classes,"{""missing_in_test"": [], ""missing_in_train"": []}",{}
d2_beef_uncontrolled|R6|regression|seed01|fold04,e2_main_d2,d2_beef_uncontrolled,R6,regression,1,4,16,1.4.0,real,True,ok,,2026-09-21T21:15:56Z,8.467025733087212,6435,2145,,,3,1,fa4200209670,5647a37d9456c43e,07cd93e03295,require_all_classes,"{""missing_in_test"": [], ""missing_in_train"": []}",{}
d2_beef_uncontrolled|R6|regression|seed02|fold00,e2_main_d2,d2_beef_uncontrolled,R6,regression,2,0,16,1.4.0,real,True,ok,,2026-09-21T21:16:44Z,8.674725512042642,6435,2145,,,3,1,38e11e05422e,a720081d5d5b4ccb,07cd93e03295,require_all_classes,"{""missing_in_test"": [], ""missing_in_train"": []}",{}
d2_beef_uncontrolled|R6|regression|seed02|fold01,e2_main_d2,d2_beef_uncontrolled,R6,regression,2,1,16,1.4.0,real,True,ok,,2026-09-21T21:17:32Z,8.541689277160913,6435,2145,,,3,1,8a87c8dddc86,4acffb6203a7eb0b,07cd93e03295,require_all_classes,"{""missing_in_test"": [], ""missing_in_train"": []}",{}
d2_beef_uncontrolled|R6|regression|seed02|fold02,e2_main_d2,d2_beef_uncontrolled,R6,regression,2,2,16,1.4.0,real,True,ok,,2026-09-21T21:18:20Z,8.545180263929069,6435,2145,,,3,1,545d378c28a6,437cadfbb2564471,07cd93e03295,require_all_classes,"{""missing_in_test"": [], ""missing_in_train"": []}",{}
d2_beef_uncontrolled|R6|regression|seed02|fold03,e2_main_d2,d2_beef_uncontrolled,R6,regression,2,3,16,1.4.0,real,True,ok,,2026-09-21T21:19:08Z,8.381762607954443,6435,2145,,,3,1,289906332a4f,e6005a8614046dc5,07cd93e03295,require_all_classes,"{""missing_in_test"": [], ""missing_in_train"": []}",{}
d2_beef_uncontrolled|R6|regression|seed02|fold04,e2_main_d2,d2_beef_uncontrolled,R6,regression,2,4,16,1.4.0,real,True,ok,,2026-09-21T21:19:56Z,8.69415773684159,6435,2145,,,3,1,202906f4d7e1,7e04cc5aa0a9db24,07cd93e03295,require_all_classes,"{""missing_in_test"": [], ""missing_in_train"": []}",{}
d2_beef_uncontrolled|R6|regression|seed03|fold00,e2_main_d2,d2_beef_uncontrolled,R6,regression,3,0,16,1.4.0,real,True,ok,,2026-09-21T21:20:45Z,8.641194353811443,6435,2145,,,3,1,0e087c313624,f1b6b0f47895050b,07cd93e03295,require_all_classes,"{""missing_in_test"": [], ""missing_in_train"": []}",{}
d2_beef_uncontrolled|R6|regression|seed03|fold01,e2_main_d2,d2_beef_uncontrolled,R6,regression,3,1,16,1.4.0,real,True,ok,,2026-09-21T21:21:33Z,8.405933781061321,6435,2145,,,3,1,ff41306bda71,e396ecc07f23f41e,07cd93e03295,require_all_classes,"{""missing_in_test"": [], ""missing_in_train"": []}",{}
d2_beef_uncontrolled|R6|regression|seed03|fold02,e2_main_d2,d2_beef_uncontrolled,R6,regression,3,2,16,1.4.0,real,True,ok,,2026-09-21T21:22:21Z,8.598897479940206,6435,2145,,,3,1,31c8eaca9098,e789f12d9b789a40,07cd93e03295,require_all_classes,"{""missing_in_test"": [], ""missing_in_train"": []}",{}
d2_beef_uncontrolled|R6|regression|seed03|fold03,e2_main_d2,d2_beef_uncontrolled,R6,regression,3,3,16,1.4.0,real,True,ok,,2026-09-21T21:23:08Z,8.458986321929842,6435,2145,,,3,1,73fd7314e359,405ec5bd3ca99bad,07cd93e03295,require_all_classes,"{""missing_in_test"": [], ""missing_in_train"": []}",{}
d2_beef_uncontrolled|R6|regression|seed03|fold04,e2_main_d2,d2_beef_uncontrolled,R6,regression,3,4,16,1.4.0,real,True,ok,,2026-09-21T21:23:57Z,8.676372721325606,6435,2145,,,3,1,a4933ae9f507,e648c5d57021d30c,07cd93e03295,require_all_classes,"{""missing_in_test"": [], ""missing_in_train"": []}",{}
d2_beef_uncontrolled|R6|regression|seed04|fold00,e2_main_d2,d2_beef_uncontrolled,R6,regression,4,0,16,1.4.0,real,True,ok,,2026-09-21T21:24:45Z,8.453148052096367,6435,2145,,,3,1,ab20f229b2e5,eabdd263df339d07,07cd93e03295,require_all_classes,"{""missing_in_test"": [], ""missing_in_train"": []}",{}
d2_beef_uncontrolled|R6|regression|seed04|fold01,e2_main_d2,d2_beef_uncontrolled,R6,regression,4,1,16,1.4.0,real,True,ok,,2026-09-21T21:25:33Z,8.644865354988724,6435,2145,,,3,1,6b2262999c63,a1d17102139dd31b,07cd93e03295,require_all_classes,"{""missing_in_test"": [], ""missing_in_train"": []}",{}
d2_beef_uncontrolled|R6|regression|seed04|fold02,e2_main_d2,d2_beef_uncontrolled,R6,regression,4,2,16,1.4.0,real,True,ok,,2026-09-21T21:26:22Z,8.437459076289088,6435,2145,,,3,1,557db8e1a73e,bbbe9e3b16d75fe0,07cd93e03295,require_all_classes,"{""missing_in_test"": [], ""missing_in_train"": []}",{}
d2_beef_uncontrolled|R6|regression|seed04|fold03,e2_main_d2,d2_beef_uncontrolled,R6,regression,4,3,16,1.4.0,real,True,ok,,2026-09-21T21:27:10Z,8.526262695901096,6435,2145,,,3,1,9dd348ffc2ab,07ac6ab7e0a6b1da,07cd93e03295,require_all_classes,"{""missing_in_test"": [], ""missing_in_train"": []}",{}
d2_beef_uncontrolled|R6|regression|seed04|fold04,e2_main_d2,d2_beef_uncontrolled,R6,regression,4,4,16,1.4.0,real,True,ok,,2026-09-21T21:27:58Z,8.522257666103542,6435,2145,,,3,1,faf19bcdc9b9,b43c0f8464c5afba,07cd93e03295,require_all_classes,"{""missing_in_test"": [], ""missing_in_train"": []}",{}
d2_beef_uncontrolled|R6|regression|seed05|fold00,e2_main_d2,d2_beef_uncontrolled,R6,regression,5,0,16,1.4.0,real,True,ok,,2026-09-21T21:08:49Z,8.410224378108978,6435,2145,,,3,1,413cdd715162,f9d252c41bb52eb7,d0f6ac5c4964,require_all_classes,"{""missing_in_test"": [], ""missing_in_train"": []}",{}
d2_beef_uncontrolled|R6|regression|seed05|fold01,e2_main_d2,d2_beef_uncontrolled,R6,regression,5,1,16,1.4.0,real,True,ok,,2026-09-21T21:09:42Z,8.104514635633677,6435,2145,,,3,1,a8b8c30a5944,c21cc60178d0866a,d0f6ac5c4964,require_all_classes,"{""missing_in_test"": [], ""missing_in_train"": []}",{}
d2_beef_uncontrolled|R6|regression|seed05|fold02,e2_main_d2,d2_beef_uncontrolled,R6,regression,5,2,16,1.4.0,real,True,ok,,2026-09-21T21:10:33Z,7.8210304491221905,6435,2145,,,3,1,9de5f792dc27,1a27332e5316dddf,d0f6ac5c4964,require_all_classes,"{""missing_in_test"": [], ""missing_in_train"": []}",{}
d2_beef_uncontrolled|R6|regression|seed05|fold03,e2_main_d2,d2_beef_uncontrolled,R6,regression,5,3,16,1.4.0,real,True,ok,,2026-09-21T21:11:21Z,8.139761087018996,6435,2145,,,3,1,a5838cf9641b,f54004b56f0430e2,d0f6ac5c4964,require_all_classes,"{""missing_in_test"": [], ""missing_in_train"": []}",{}
d2_beef_uncontrolled|R6|regression|seed05|fold04,e2_main_d2,d2_beef_uncontrolled,R6,regression,5,4,16,1.4.0,real,True,ok,,2026-09-21T21:12:09Z,7.895598212722689,6435,2145,,,3,1,6eee1b95b6aa,d5da236af042d530,d0f6ac5c4964,require_all_classes,"{""missing_in_test"": [], ""missing_in_train"": []}",{}
d2_beef_uncontrolled|R6|regression|seed06|fold00,e2_main_d2,d2_beef_uncontrolled,R6,regression,6,0,16,1.4.0,real,True,ok,,2026-09-21T21:12:57Z,7.895834828261286,6435,2145,,,3,1,477c37a8ab73,533f8dd97e02c331,d0f6ac5c4964,require_all_classes,"{""missing_in_test"": [], ""missing_in_train"": []}",{}
d2_beef_uncontrolled|R6|regression|seed06|fold01,e2_main_d2,d2_beef_uncontrolled,R6,regression,6,1,16,1.4.0,real,True,ok,,2026-09-21T21:13:45Z,7.822866820730269,6435,2145,,,3,1,1c2e3ba58278,09ae22de173c5fbe,d0f6ac5c4964,require_all_classes,"{""missing_in_test"": [], ""missing_in_train"": []}",{}
d2_beef_uncontrolled|R6|regression|seed06|fold02,e2_main_d2,d2_beef_uncontrolled,R6,regression,6,2,16,1.4.0,real,True,ok,,2026-09-21T21:14:33Z,8.066246345639229,6435,2145,,,3,1,54ff457155dd,d2e7969ad4feaf98,d0f6ac5c4964,require_all_classes,"{""missing_in_test"": [], ""missing_in_train"": []}",{}
d2_beef_uncontrolled|R6|regression|seed06|fold03,e2_main_d2,d2_beef_uncontrolled,R6,regression,6,3,16,1.4.0,real,True,ok,,2026-09-21T21:15:21Z,8.04196257609874,6435,2145,,,3,1,a877630b86ff,736d54945a2f57b0,d0f6ac5c4964,require_all_classes,"{""missing_in_test"": [], ""missing_in_train"": []}",{}
d2_beef_uncontrolled|R6|regression|seed06|fold04,e2_main_d2,d2_beef_uncontrolled,R6,regression,6,4,16,1.4.0,real,True,ok,,2026-09-21T21:16:09Z,7.7849372061900795,6435,2145,,,3,1,308afc6cb592,d015ba4e494bfb16,d0f6ac5c4964,require_all_classes,"{""missing_in_test"": [], ""missing_in_train"": []}",{}
d2_beef_uncontrolled|R6|regression|seed07|fold00,e2_main_d2,d2_beef_uncontrolled,R6,regression,7,0,16,1.4.0,real,True,ok,,2026-09-21T21:16:57Z,7.782981902826577,6435,2145,,,3,1,7b279b72dfb8,01064bfee3e6e7ca,d0f6ac5c4964,require_all_classes,"{""missing_in_test"": [], ""missing_in_train"": []}",{}
d2_beef_uncontrolled|R6|regression|seed07|fold01,e2_main_d2,d2_beef_uncontrolled,R6,regression,7,1,16,1.4.0,real,True,ok,,2026-09-21T21:17:45Z,7.771451344247907,6435,2145,,,3,1,bb1e5578b9e3,928f11886799e27a,d0f6ac5c4964,require_all_classes,"{""missing_in_test"": [], ""missing_in_train"": []}",{}
d2_beef_uncontrolled|R6|regression|seed07|fold02,e2_main_d2,d2_beef_uncontrolled,R6,regression,7,2,16,1.4.0,real,True,ok,,2026-09-21T21:18:33Z,8.019711560104042,6435,2145,,,3,1,ba39acccb154,fdb029597a3b59ab,d0f6ac5c4964,require_all_classes,"{""missing_in_test"": [], ""missing_in_train"": []}",{}
d2_beef_uncontrolled|R6|regression|seed07|fold03,e2_main_d2,d2_beef_uncontrolled,R6,regression,7,3,16,1.4.0,real,True,ok,,2026-09-21T21:19:21Z,7.7787359156645834,6435,2145,,,3,1,4726b95fa672,d0bb1bc219499374,d0f6ac5c4964,require_all_classes,"{""missing_in_test"": [], ""missing_in_train"": []}",{}
d2_beef_uncontrolled|R6|regression|seed07|fold04,e2_main_d2,d2_beef_uncontrolled,R6,regression,7,4,16,1.4.0,real,True,ok,,2026-09-21T21:20:08Z,7.967823573853821,6435,2145,,,3,1,2e34c9f360a4,9bcbbc5fb69bb86f,d0f6ac5c4964,require_all_classes,"{""missing_in_test"": [], ""missing_in_train"": []}",{}
d2_beef_uncontrolled|R6|regression|seed08|fold00,e2_main_d2,d2_beef_uncontrolled,R6,regression,8,0,16,1.4.0,real,True,ok,,2026-09-21T21:20:57Z,7.933756015729159,6435,2145,,,3,1,760fd382be4c,c73c93ae13369f55,d0f6ac5c4964,require_all_classes,"{""missing_in_test"": [], ""missing_in_train"": []}",{}
d2_beef_uncontrolled|R6|regression|seed08|fold01,e2_main_d2,d2_beef_uncontrolled,R6,regression,8,1,16,1.4.0,real,True,ok,,2026-09-21T21:21:45Z,7.868664982262999,6435,2145,,,3,1,f60758215a07,fd819bae45f4983e,d0f6ac5c4964,require_all_classes,"{""missing_in_test"": [], ""missing_in_train"": []}",{}
d2_beef_uncontrolled|R6|regression|seed08|fold02,e2_main_d2,d2_beef_uncontrolled,R6,regression,8,2,16,1.4.0,real,True,ok,,2026-09-21T21:22:33Z,7.853590656071901,6435,2145,,,3,1,b12aea5b360e,0420fcf0fd40bad2,d0f6ac5c4964,require_all_classes,"{""missing_in_test"": [], ""missing_in_train"": []}",{}
d2_beef_uncontrolled|R6|regression|seed08|fold03,e2_main_d2,d2_beef_uncontrolled,R6,regression,8,3,16,1.4.0,real,True,ok,,2026-09-21T21:23:21Z,7.792212145868689,6435,2145,,,3,1,d24ce02cae99,d74378cc6e00c96b,d0f6ac5c4964,require_all_classes,"{""missing_in_test"": [], ""missing_in_train"": []}",{}
d2_beef_uncontrolled|R6|regression|seed08|fold04,e2_main_d2,d2_beef_uncontrolled,R6,regression,8,4,16,1.4.0,real,True,ok,,2026-09-21T21:24:09Z,7.924883236642927,6435,2145,,,3,1,02ddc5401296,4a02f596d7a6de0b,d0f6ac5c4964,require_all_classes,"{""missing_in_test"": [], ""missing_in_train"": []}",{}
d2_beef_uncontrolled|R6|regression|seed09|fold00,e2_main_d2,d2_beef_uncontrolled,R6,regression,9,0,16,1.4.0,real,True,ok,,2026-09-21T21:24:57Z,7.74996766122058,6435,2145,,,3,1,523607d0ddee,162b7e3e0bd573fd,d0f6ac5c4964,require_all_classes,"{""missing_in_test"": [], ""missing_in_train"": []}",{}
d2_beef_uncontrolled|R6|regression|seed09|fold01,e2_main_d2,d2_beef_uncontrolled,R6,regression,9,1,16,1.4.0,real,True,ok,,2026-09-21T21:25:45Z,8.008394876960665,6435,2145,,,3,1,de265fd108a1,c1a2e98d70b35257,d0f6ac5c4964,require_all_classes,"{""missing_in_test"": [], ""missing_in_train"": []}",{}
d2_beef_uncontrolled|R6|regression|seed09|fold02,e2_main_d2,d2_beef_uncontrolled,R6,regression,9,2,16,1.4.0,real,True,ok,,2026-09-21T21:26:33Z,7.75322005758062,6435,2145,,,3,1,9a76beab3005,afd61385c9caf55c,d0f6ac5c4964,require_all_classes,"{""missing_in_test"": [], ""missing_in_train"": []}",{}
d2_beef_uncontrolled|R6|regression|seed09|fold03,e2_main_d2,d2_beef_uncontrolled,R6,regression,9,3,16,1.4.0,real,True,ok,,2026-09-21T21:27:20Z,8.006276339292526,6435,2145,,,3,1,bcc42ac9806b,360264b350ce2532,d0f6ac5c4964,require_all_classes,"{""missing_in_test"": [], ""missing_in_train"": []}",{}
d2_beef_uncontrolled|R6|regression|seed09|fold04,e2_main_d2,d2_beef_uncontrolled,R6,regression,9,4,16,1.4.0,real,True,ok,,2026-09-21T21:28:09Z,7.871661559212953,6435,2145,,,3,1,3b4893542c85,1b4d2252395c9933,d0f6ac5c4964,require_all_classes,"{""missing_in_test"": [], ""missing_in_train"": []}",{}
