run_id,experiment,dataset,model,task,seed,fold_id,window_length,protocol_version,evidence_class,protocol_compliant,status,failure_reason,timestamp_utc,duration_s,n_train_windows,n_test_windows,n_train_specimens,n_test_specimens,n_train_sessions,n_test_sessions,fold_fingerprint,test_fingerprint,config_hash,empty_class_policy,class_coverage
d2_beef_uncontrolled|cnn1d|classification|seed00|fold00,m1_benchmark,d2_beef_uncontrolled,cnn1d,classification,0,0,16,1.1.0,real,True,ok,,2026-09-20T07:25:23Z,2.2570442501455545,6435,2145,,,3,1,20a70c561f8e,5dfa448e086081ae,59a133a794a8,require_all_classes,"{""missing_in_test"": [], ""missing_in_train"": []}"
d2_beef_uncontrolled|cnn1d|classification|seed00|fold01,m1_benchmark,d2_beef_uncontrolled,cnn1d,classification,0,1,16,1.1.0,real,True,ok,,2026-09-20T07:26:02Z,2.263914457987994,6435,2145,,,3,1,6c9ef01abdf9,0ce75a27548236b5,59a133a794a8,require_all_classes,"{""missing_in_test"": [], ""missing_in_train"": []}"
d2_beef_uncontrolled|cnn1d|classification|seed00|fold02,m1_benchmark,d2_beef_uncontrolled,cnn1d,classification,0,2,16,1.1.0,real,True,ok,,2026-09-20T07:26:41Z,2.351611000020057,6435,2145,,,3,1,8f5d6031eff3,3aef80c1422eb0fb,59a133a794a8,require_all_classes,"{""missing_in_test"": [], ""missing_in_train"": []}"
d2_beef_uncontrolled|cnn1d|classification|seed00|fold03,m1_benchmark,d2_beef_uncontrolled,cnn1d,classification,0,3,16,1.1.0,real,True,ok,,2026-09-20T07:27:21Z,2.198055791668594,6435,2145,,,3,1,940f76d29b89,61d857bf6b311366,59a133a794a8,require_all_classes,"{""missing_in_test"": [], ""missing_in_train"": []}"
d2_beef_uncontrolled|cnn1d|classification|seed00|fold04,m1_benchmark,d2_beef_uncontrolled,cnn1d,classification,0,4,16,1.1.0,real,True,ok,,2026-09-20T07:28:01Z,2.1831227079965174,6435,2145,,,3,1,b01bbf6f9575,e75046b727fb33b5,59a133a794a8,require_all_classes,"{""missing_in_test"": [], ""missing_in_train"": []}"
d2_beef_uncontrolled|cnn1d|classification|seed01|fold00,m1_benchmark,d2_beef_uncontrolled,cnn1d,classification,1,0,16,1.1.0,real,True,ok,,2026-09-20T07:28:42Z,2.1907351249828935,6435,2145,,,3,1,92d667f81d03,02f557f419bcf511,4ba0eff43fba,require_all_classes,"{""missing_in_test"": [], ""missing_in_train"": []}"
d2_beef_uncontrolled|cnn1d|classification|seed01|fold01,m1_benchmark,d2_beef_uncontrolled,cnn1d,classification,1,1,16,1.1.0,real,True,ok,,2026-09-20T07:29:20Z,2.2526131672784686,6435,2145,,,3,1,63eaca80ac77,29a63da9df01dd0b,4ba0eff43fba,require_all_classes,"{""missing_in_test"": [], ""missing_in_train"": []}"
d2_beef_uncontrolled|cnn1d|classification|seed01|fold02,m1_benchmark,d2_beef_uncontrolled,cnn1d,classification,1,2,16,1.1.0,real,True,ok,,2026-09-20T07:29:59Z,2.1856619999744,6435,2145,,,3,1,14ed105fd91e,d8b4a8235dc762f2,4ba0eff43fba,require_all_classes,"{""missing_in_test"": [], ""missing_in_train"": []}"
d2_beef_uncontrolled|cnn1d|classification|seed01|fold03,m1_benchmark,d2_beef_uncontrolled,cnn1d,classification,1,3,16,1.1.0,real,True,ok,,2026-09-20T07:30:38Z,2.1991082089953125,6435,2145,,,3,1,99c64364d832,c84e92beacda8dd1,4ba0eff43fba,require_all_classes,"{""missing_in_test"": [], ""missing_in_train"": []}"
d2_beef_uncontrolled|cnn1d|classification|seed01|fold04,m1_benchmark,d2_beef_uncontrolled,cnn1d,classification,1,4,16,1.1.0,real,True,ok,,2026-09-20T07:31:17Z,2.2806496247649193,6435,2145,,,3,1,fa4200209670,2727ca67dd3cd4a3,4ba0eff43fba,require_all_classes,"{""missing_in_test"": [], ""missing_in_train"": []}"
d2_beef_uncontrolled|cnn1d|classification|seed02|fold00,m1_benchmark,d2_beef_uncontrolled,cnn1d,classification,2,0,16,1.1.0,real,True,ok,,2026-09-20T07:31:59Z,2.5416189590469003,6435,2145,,,3,1,38e11e05422e,98ed05990454999f,5dd6f201e6a4,require_all_classes,"{""missing_in_test"": [], ""missing_in_train"": []}"
d2_beef_uncontrolled|cnn1d|classification|seed02|fold01,m1_benchmark,d2_beef_uncontrolled,cnn1d,classification,2,1,16,1.1.0,real,True,ok,,2026-09-20T07:32:40Z,2.3141420423053205,6435,2145,,,3,1,8a87c8dddc86,d5ef09d82a759083,5dd6f201e6a4,require_all_classes,"{""missing_in_test"": [], ""missing_in_train"": []}"
d2_beef_uncontrolled|cnn1d|classification|seed02|fold02,m1_benchmark,d2_beef_uncontrolled,cnn1d,classification,2,2,16,1.1.0,real,True,ok,,2026-09-20T07:33:19Z,2.1992354169487953,6435,2145,,,3,1,545d378c28a6,70b3a67af42d9720,5dd6f201e6a4,require_all_classes,"{""missing_in_test"": [], ""missing_in_train"": []}"
d2_beef_uncontrolled|cnn1d|classification|seed02|fold03,m1_benchmark,d2_beef_uncontrolled,cnn1d,classification,2,3,16,1.1.0,real,True,ok,,2026-09-20T07:33:58Z,2.204968084115535,6435,2145,,,3,1,289906332a4f,3a42b8e4b7c8481c,5dd6f201e6a4,require_all_classes,"{""missing_in_test"": [], ""missing_in_train"": []}"
d2_beef_uncontrolled|cnn1d|classification|seed02|fold04,m1_benchmark,d2_beef_uncontrolled,cnn1d,classification,2,4,16,1.1.0,real,True,ok,,2026-09-20T07:34:38Z,2.1889785421080887,6435,2145,,,3,1,202906f4d7e1,376e1d2734c12828,5dd6f201e6a4,require_all_classes,"{""missing_in_test"": [], ""missing_in_train"": []}"
d2_beef_uncontrolled|cnn1d|classification|seed03|fold00,m1_benchmark,d2_beef_uncontrolled,cnn1d,classification,3,0,16,1.1.0,real,True,ok,,2026-09-20T07:35:24Z,2.1895892922766507,6435,2145,,,3,1,0e087c313624,1e402153ec8d05c3,d7af62ae68b3,require_all_classes,"{""missing_in_test"": [], ""missing_in_train"": []}"
d2_beef_uncontrolled|cnn1d|classification|seed03|fold01,m1_benchmark,d2_beef_uncontrolled,cnn1d,classification,3,1,16,1.1.0,real,True,ok,,2026-09-20T07:36:05Z,2.252163500059396,6435,2145,,,3,1,ff41306bda71,56ad3f2b79b844af,d7af62ae68b3,require_all_classes,"{""missing_in_test"": [], ""missing_in_train"": []}"
d2_beef_uncontrolled|cnn1d|classification|seed03|fold02,m1_benchmark,d2_beef_uncontrolled,cnn1d,classification,3,2,16,1.1.0,real,True,ok,,2026-09-20T07:36:46Z,2.3670354578644037,6435,2145,,,3,1,31c8eaca9098,b92d7d24a810a23b,d7af62ae68b3,require_all_classes,"{""missing_in_test"": [], ""missing_in_train"": []}"
d2_beef_uncontrolled|cnn1d|classification|seed03|fold03,m1_benchmark,d2_beef_uncontrolled,cnn1d,classification,3,3,16,1.1.0,real,True,ok,,2026-09-20T07:37:26Z,2.2032312089577317,6435,2145,,,3,1,73fd7314e359,487f597cb4006c3f,d7af62ae68b3,require_all_classes,"{""missing_in_test"": [], ""missing_in_train"": []}"
d2_beef_uncontrolled|cnn1d|classification|seed03|fold04,m1_benchmark,d2_beef_uncontrolled,cnn1d,classification,3,4,16,1.1.0,real,True,ok,,2026-09-20T07:38:08Z,2.3229569997638464,6435,2145,,,3,1,a4933ae9f507,01d79760ad41a15a,d7af62ae68b3,require_all_classes,"{""missing_in_test"": [], ""missing_in_train"": []}"
d2_beef_uncontrolled|cnn1d|classification|seed04|fold00,m1_benchmark,d2_beef_uncontrolled,cnn1d,classification,4,0,16,1.1.0,real,True,ok,,2026-09-20T07:38:52Z,2.202606167178601,6435,2145,,,3,1,ab20f229b2e5,e126dfd20c907c48,4c7f1683df26,require_all_classes,"{""missing_in_test"": [], ""missing_in_train"": []}"
d2_beef_uncontrolled|cnn1d|classification|seed04|fold01,m1_benchmark,d2_beef_uncontrolled,cnn1d,classification,4,1,16,1.1.0,real,True,ok,,2026-09-20T07:39:32Z,2.399487417191267,6435,2145,,,3,1,6b2262999c63,5355e83050a3631d,4c7f1683df26,require_all_classes,"{""missing_in_test"": [], ""missing_in_train"": []}"
d2_beef_uncontrolled|cnn1d|classification|seed04|fold02,m1_benchmark,d2_beef_uncontrolled,cnn1d,classification,4,2,16,1.1.0,real,True,ok,,2026-09-20T07:40:12Z,2.194408915936947,6435,2145,,,3,1,557db8e1a73e,ed7a2e0f7c250ed3,4c7f1683df26,require_all_classes,"{""missing_in_test"": [], ""missing_in_train"": []}"
d2_beef_uncontrolled|cnn1d|classification|seed04|fold03,m1_benchmark,d2_beef_uncontrolled,cnn1d,classification,4,3,16,1.1.0,real,True,ok,,2026-09-20T07:40:54Z,2.4380319169722497,6435,2145,,,3,1,9dd348ffc2ab,7b607165f225e161,4c7f1683df26,require_all_classes,"{""missing_in_test"": [], ""missing_in_train"": []}"
d2_beef_uncontrolled|cnn1d|classification|seed04|fold04,m1_benchmark,d2_beef_uncontrolled,cnn1d,classification,4,4,16,1.1.0,real,True,ok,,2026-09-20T07:41:34Z,2.182696457952261,6435,2145,,,3,1,faf19bcdc9b9,1ecc2c5ddfbfc5b6,4c7f1683df26,require_all_classes,"{""missing_in_test"": [], ""missing_in_train"": []}"
d2_beef_uncontrolled|cnn1d|classification|seed05|fold00,m1_benchmark,d2_beef_uncontrolled,cnn1d,classification,5,0,16,1.1.0,real,True,ok,,2026-09-20T07:42:17Z,2.223234707955271,6435,2145,,,3,1,413cdd715162,974ce7184cacbf91,141e2cf771a3,require_all_classes,"{""missing_in_test"": [], ""missing_in_train"": []}"
d2_beef_uncontrolled|cnn1d|classification|seed05|fold01,m1_benchmark,d2_beef_uncontrolled,cnn1d,classification,5,1,16,1.1.0,real,True,ok,,2026-09-20T07:42:56Z,2.269402083940804,6435,2145,,,3,1,a8b8c30a5944,61f5ee86876c9757,141e2cf771a3,require_all_classes,"{""missing_in_test"": [], ""missing_in_train"": []}"
d2_beef_uncontrolled|cnn1d|classification|seed05|fold02,m1_benchmark,d2_beef_uncontrolled,cnn1d,classification,5,2,16,1.1.0,real,True,ok,,2026-09-20T07:43:38Z,2.2070115408860147,6435,2145,,,3,1,9de5f792dc27,eb2bf95dad4e04d5,141e2cf771a3,require_all_classes,"{""missing_in_test"": [], ""missing_in_train"": []}"
d2_beef_uncontrolled|cnn1d|classification|seed05|fold03,m1_benchmark,d2_beef_uncontrolled,cnn1d,classification,5,3,16,1.1.0,real,True,ok,,2026-09-20T07:44:18Z,2.2086824583821,6435,2145,,,3,1,a5838cf9641b,9ff4c0ecafe231a2,141e2cf771a3,require_all_classes,"{""missing_in_test"": [], ""missing_in_train"": []}"
d2_beef_uncontrolled|cnn1d|classification|seed05|fold04,m1_benchmark,d2_beef_uncontrolled,cnn1d,classification,5,4,16,1.1.0,real,True,ok,,2026-09-20T07:44:58Z,2.1908446247689426,6435,2145,,,3,1,6eee1b95b6aa,642a4da7d8c47fc4,141e2cf771a3,require_all_classes,"{""missing_in_test"": [], ""missing_in_train"": []}"
d2_beef_uncontrolled|cnn1d|classification|seed06|fold00,m1_benchmark,d2_beef_uncontrolled,cnn1d,classification,6,0,16,1.1.0,real,True,ok,,2026-09-20T07:45:45Z,2.2162225414067507,6435,2145,,,3,1,477c37a8ab73,667fab9ae907dd2f,711fb81f4d00,require_all_classes,"{""missing_in_test"": [], ""missing_in_train"": []}"
d2_beef_uncontrolled|cnn1d|classification|seed06|fold01,m1_benchmark,d2_beef_uncontrolled,cnn1d,classification,6,1,16,1.1.0,real,True,ok,,2026-09-20T07:46:26Z,2.208736749831587,6435,2145,,,3,1,1c2e3ba58278,039737c0c58f8c2d,711fb81f4d00,require_all_classes,"{""missing_in_test"": [], ""missing_in_train"": []}"
d2_beef_uncontrolled|cnn1d|classification|seed06|fold02,m1_benchmark,d2_beef_uncontrolled,cnn1d,classification,6,2,16,1.1.0,real,True,ok,,2026-09-20T07:47:08Z,2.2076627081260085,6435,2145,,,3,1,54ff457155dd,7ab48d55c86c7eb3,711fb81f4d00,require_all_classes,"{""missing_in_test"": [], ""missing_in_train"": []}"
d2_beef_uncontrolled|cnn1d|classification|seed06|fold03,m1_benchmark,d2_beef_uncontrolled,cnn1d,classification,6,3,16,1.1.0,real,True,ok,,2026-09-20T07:47:46Z,2.1819246248342097,6435,2145,,,3,1,a877630b86ff,a9db8e48bd8ff7ac,711fb81f4d00,require_all_classes,"{""missing_in_test"": [], ""missing_in_train"": []}"
d2_beef_uncontrolled|cnn1d|classification|seed06|fold04,m1_benchmark,d2_beef_uncontrolled,cnn1d,classification,6,4,16,1.1.0,real,True,ok,,2026-09-20T07:48:26Z,2.184252165723592,6435,2145,,,3,1,308afc6cb592,be480f037c39f34a,711fb81f4d00,require_all_classes,"{""missing_in_test"": [], ""missing_in_train"": []}"
d2_beef_uncontrolled|cnn1d|classification|seed07|fold00,m1_benchmark,d2_beef_uncontrolled,cnn1d,classification,7,0,16,1.1.0,real,True,ok,,2026-09-20T07:49:08Z,2.2430763337761164,6435,2145,,,3,1,7b279b72dfb8,b2b976cb04db58fa,5c2b2b869c73,require_all_classes,"{""missing_in_test"": [], ""missing_in_train"": []}"
d2_beef_uncontrolled|cnn1d|classification|seed07|fold01,m1_benchmark,d2_beef_uncontrolled,cnn1d,classification,7,1,16,1.1.0,real,True,ok,,2026-09-20T07:49:48Z,2.2698797499760985,6435,2145,,,3,1,bb1e5578b9e3,921e35142dd12bc7,5c2b2b869c73,require_all_classes,"{""missing_in_test"": [], ""missing_in_train"": []}"
d2_beef_uncontrolled|cnn1d|classification|seed07|fold02,m1_benchmark,d2_beef_uncontrolled,cnn1d,classification,7,2,16,1.1.0,real,True,ok,,2026-09-20T07:50:28Z,2.2747508329339325,6435,2145,,,3,1,ba39acccb154,a467edf1396fcbf2,5c2b2b869c73,require_all_classes,"{""missing_in_test"": [], ""missing_in_train"": []}"
d2_beef_uncontrolled|cnn1d|classification|seed07|fold03,m1_benchmark,d2_beef_uncontrolled,cnn1d,classification,7,3,16,1.1.0,real,True,ok,,2026-09-20T07:51:10Z,2.2006160840392113,6435,2145,,,3,1,4726b95fa672,e872aaba0220056a,5c2b2b869c73,require_all_classes,"{""missing_in_test"": [], ""missing_in_train"": []}"
d2_beef_uncontrolled|cnn1d|classification|seed07|fold04,m1_benchmark,d2_beef_uncontrolled,cnn1d,classification,7,4,16,1.1.0,real,True,ok,,2026-09-20T07:51:55Z,2.3620990002527833,6435,2145,,,3,1,2e34c9f360a4,fb1a3fb8e7aabef1,5c2b2b869c73,require_all_classes,"{""missing_in_test"": [], ""missing_in_train"": []}"
d2_beef_uncontrolled|cnn1d|classification|seed08|fold00,m1_benchmark,d2_beef_uncontrolled,cnn1d,classification,8,0,16,1.1.0,real,True,ok,,2026-09-20T07:52:41Z,2.3541827918961644,6435,2145,,,3,1,760fd382be4c,59d271241d1319cc,e7dc445ff81a,require_all_classes,"{""missing_in_test"": [], ""missing_in_train"": []}"
d2_beef_uncontrolled|cnn1d|classification|seed08|fold01,m1_benchmark,d2_beef_uncontrolled,cnn1d,classification,8,1,16,1.1.0,real,True,ok,,2026-09-20T07:53:24Z,2.22199762519449,6435,2145,,,3,1,f60758215a07,88dc9ee205350784,e7dc445ff81a,require_all_classes,"{""missing_in_test"": [], ""missing_in_train"": []}"
d2_beef_uncontrolled|cnn1d|classification|seed08|fold02,m1_benchmark,d2_beef_uncontrolled,cnn1d,classification,8,2,16,1.1.0,real,True,ok,,2026-09-20T07:54:09Z,2.1948313750326633,6435,2145,,,3,1,b12aea5b360e,1df548998a8112d4,e7dc445ff81a,require_all_classes,"{""missing_in_test"": [], ""missing_in_train"": []}"
d2_beef_uncontrolled|cnn1d|classification|seed08|fold03,m1_benchmark,d2_beef_uncontrolled,cnn1d,classification,8,3,16,1.1.0,real,True,ok,,2026-09-20T07:54:50Z,2.186189207714051,6435,2145,,,3,1,d24ce02cae99,3863d78f889d290a,e7dc445ff81a,require_all_classes,"{""missing_in_test"": [], ""missing_in_train"": []}"
d2_beef_uncontrolled|cnn1d|classification|seed08|fold04,m1_benchmark,d2_beef_uncontrolled,cnn1d,classification,8,4,16,1.1.0,real,True,ok,,2026-09-20T07:55:31Z,2.26238395832479,6435,2145,,,3,1,02ddc5401296,07fd3d7138d658dd,e7dc445ff81a,require_all_classes,"{""missing_in_test"": [], ""missing_in_train"": []}"
d2_beef_uncontrolled|cnn1d|classification|seed09|fold00,m1_benchmark,d2_beef_uncontrolled,cnn1d,classification,9,0,16,1.1.0,real,True,ok,,2026-09-20T07:56:15Z,2.197927583940327,6435,2145,,,3,1,523607d0ddee,4200bbedee013e82,002054794067,require_all_classes,"{""missing_in_test"": [], ""missing_in_train"": []}"
d2_beef_uncontrolled|cnn1d|classification|seed09|fold01,m1_benchmark,d2_beef_uncontrolled,cnn1d,classification,9,1,16,1.1.0,real,True,ok,,2026-09-20T07:56:54Z,2.185702458024025,6435,2145,,,3,1,de265fd108a1,832c49836fd2c62b,002054794067,require_all_classes,"{""missing_in_test"": [], ""missing_in_train"": []}"
d2_beef_uncontrolled|cnn1d|classification|seed09|fold02,m1_benchmark,d2_beef_uncontrolled,cnn1d,classification,9,2,16,1.1.0,real,True,ok,,2026-09-20T07:57:34Z,2.1877320003695786,6435,2145,,,3,1,9a76beab3005,1088fab732c8b40b,002054794067,require_all_classes,"{""missing_in_test"": [], ""missing_in_train"": []}"
d2_beef_uncontrolled|cnn1d|classification|seed09|fold03,m1_benchmark,d2_beef_uncontrolled,cnn1d,classification,9,3,16,1.1.0,real,True,ok,,2026-09-20T07:58:15Z,2.1974200839176774,6435,2145,,,3,1,bcc42ac9806b,2c3165d69df7e01a,002054794067,require_all_classes,"{""missing_in_test"": [], ""missing_in_train"": []}"
d2_beef_uncontrolled|cnn1d|classification|seed09|fold04,m1_benchmark,d2_beef_uncontrolled,cnn1d,classification,9,4,16,1.1.0,real,True,ok,,2026-09-20T07:58:55Z,2.2086688331328332,6435,2145,,,3,1,3b4893542c85,77352e76c6f6ef3e,002054794067,require_all_classes,"{""missing_in_test"": [], ""missing_in_train"": []}"
d2_beef_uncontrolled|cnn1d|regression|seed00|fold00,m1_benchmark,d2_beef_uncontrolled,cnn1d,regression,0,0,16,1.1.0,real,True,ok,,2026-09-20T07:25:25Z,2.2250529159791768,6435,2145,,,3,1,20a70c561f8e,90d186ec05a69dff,59a133a794a8,require_all_classes,"{""missing_in_test"": [], ""missing_in_train"": []}"
d2_beef_uncontrolled|cnn1d|regression|seed00|fold01,m1_benchmark,d2_beef_uncontrolled,cnn1d,regression,0,1,16,1.1.0,real,True,ok,,2026-09-20T07:26:04Z,2.196418416220695,6435,2145,,,3,1,6c9ef01abdf9,a44de292b62db0f3,59a133a794a8,require_all_classes,"{""missing_in_test"": [], ""missing_in_train"": []}"
d2_beef_uncontrolled|cnn1d|regression|seed00|fold02,m1_benchmark,d2_beef_uncontrolled,cnn1d,regression,0,2,16,1.1.0,real,True,ok,,2026-09-20T07:26:43Z,2.258689499925822,6435,2145,,,3,1,8f5d6031eff3,78db3b0cc6044297,59a133a794a8,require_all_classes,"{""missing_in_test"": [], ""missing_in_train"": []}"
d2_beef_uncontrolled|cnn1d|regression|seed00|fold03,m1_benchmark,d2_beef_uncontrolled,cnn1d,regression,0,3,16,1.1.0,real,True,ok,,2026-09-20T07:27:23Z,2.1723087076097727,6435,2145,,,3,1,940f76d29b89,b57c20ec6c82764a,59a133a794a8,require_all_classes,"{""missing_in_test"": [], ""missing_in_train"": []}"
d2_beef_uncontrolled|cnn1d|regression|seed00|fold04,m1_benchmark,d2_beef_uncontrolled,cnn1d,regression,0,4,16,1.1.0,real,True,ok,,2026-09-20T07:28:03Z,2.1568005001172423,6435,2145,,,3,1,b01bbf6f9575,5da43a9305a0ea9f,59a133a794a8,require_all_classes,"{""missing_in_test"": [], ""missing_in_train"": []}"
d2_beef_uncontrolled|cnn1d|regression|seed01|fold00,m1_benchmark,d2_beef_uncontrolled,cnn1d,regression,1,0,16,1.1.0,real,True,ok,,2026-09-20T07:28:44Z,2.1440828749909997,6435,2145,,,3,1,92d667f81d03,3086cf7e7ba35249,4ba0eff43fba,require_all_classes,"{""missing_in_test"": [], ""missing_in_train"": []}"
d2_beef_uncontrolled|cnn1d|regression|seed01|fold01,m1_benchmark,d2_beef_uncontrolled,cnn1d,regression,1,1,16,1.1.0,real,True,ok,,2026-09-20T07:29:22Z,2.2010327079333365,6435,2145,,,3,1,63eaca80ac77,e1b516c1da5f3280,4ba0eff43fba,require_all_classes,"{""missing_in_test"": [], ""missing_in_train"": []}"
d2_beef_uncontrolled|cnn1d|regression|seed01|fold02,m1_benchmark,d2_beef_uncontrolled,cnn1d,regression,1,2,16,1.1.0,real,True,ok,,2026-09-20T07:30:01Z,2.151379708200693,6435,2145,,,3,1,14ed105fd91e,adf89f97d3ff0bb2,4ba0eff43fba,require_all_classes,"{""missing_in_test"": [], ""missing_in_train"": []}"
d2_beef_uncontrolled|cnn1d|regression|seed01|fold03,m1_benchmark,d2_beef_uncontrolled,cnn1d,regression,1,3,16,1.1.0,real,True,ok,,2026-09-20T07:30:40Z,2.1589337908662856,6435,2145,,,3,1,99c64364d832,f8b8d36cdce418bd,4ba0eff43fba,require_all_classes,"{""missing_in_test"": [], ""missing_in_train"": []}"
d2_beef_uncontrolled|cnn1d|regression|seed01|fold04,m1_benchmark,d2_beef_uncontrolled,cnn1d,regression,1,4,16,1.1.0,real,True,ok,,2026-09-20T07:31:20Z,2.1831107498146594,6435,2145,,,3,1,fa4200209670,3b3d481e9cafa5ff,4ba0eff43fba,require_all_classes,"{""missing_in_test"": [], ""missing_in_train"": []}"
d2_beef_uncontrolled|cnn1d|regression|seed02|fold00,m1_benchmark,d2_beef_uncontrolled,cnn1d,regression,2,0,16,1.1.0,real,True,ok,,2026-09-20T07:32:02Z,2.2481100419536233,6435,2145,,,3,1,38e11e05422e,865942457f6bd9ab,5dd6f201e6a4,require_all_classes,"{""missing_in_test"": [], ""missing_in_train"": []}"
d2_beef_uncontrolled|cnn1d|regression|seed02|fold01,m1_benchmark,d2_beef_uncontrolled,cnn1d,regression,2,1,16,1.1.0,real,True,ok,,2026-09-20T07:32:42Z,2.2719106250442564,6435,2145,,,3,1,8a87c8dddc86,a43bf6d086afc07e,5dd6f201e6a4,require_all_classes,"{""missing_in_test"": [], ""missing_in_train"": []}"
d2_beef_uncontrolled|cnn1d|regression|seed02|fold02,m1_benchmark,d2_beef_uncontrolled,cnn1d,regression,2,2,16,1.1.0,real,True,ok,,2026-09-20T07:33:21Z,2.1633044159971178,6435,2145,,,3,1,545d378c28a6,1d9b8c2239d6d7fa,5dd6f201e6a4,require_all_classes,"{""missing_in_test"": [], ""missing_in_train"": []}"
d2_beef_uncontrolled|cnn1d|regression|seed02|fold03,m1_benchmark,d2_beef_uncontrolled,cnn1d,regression,2,3,16,1.1.0,real,True,ok,,2026-09-20T07:34:00Z,2.1775885419920087,6435,2145,,,3,1,289906332a4f,b320eaedd6247e4b,5dd6f201e6a4,require_all_classes,"{""missing_in_test"": [], ""missing_in_train"": []}"
d2_beef_uncontrolled|cnn1d|regression|seed02|fold04,m1_benchmark,d2_beef_uncontrolled,cnn1d,regression,2,4,16,1.1.0,real,True,ok,,2026-09-20T07:34:40Z,2.162605583202094,6435,2145,,,3,1,202906f4d7e1,951ef03c43893718,5dd6f201e6a4,require_all_classes,"{""missing_in_test"": [], ""missing_in_train"": []}"
d2_beef_uncontrolled|cnn1d|regression|seed03|fold00,m1_benchmark,d2_beef_uncontrolled,cnn1d,regression,3,0,16,1.1.0,real,True,ok,,2026-09-20T07:35:26Z,2.1670164577662945,6435,2145,,,3,1,0e087c313624,c902aca8cc2cd88a,d7af62ae68b3,require_all_classes,"{""missing_in_test"": [], ""missing_in_train"": []}"
d2_beef_uncontrolled|cnn1d|regression|seed03|fold01,m1_benchmark,d2_beef_uncontrolled,cnn1d,regression,3,1,16,1.1.0,real,True,ok,,2026-09-20T07:36:07Z,2.1824821671471,6435,2145,,,3,1,ff41306bda71,d22821c2dbb7965c,d7af62ae68b3,require_all_classes,"{""missing_in_test"": [], ""missing_in_train"": []}"
d2_beef_uncontrolled|cnn1d|regression|seed03|fold02,m1_benchmark,d2_beef_uncontrolled,cnn1d,regression,3,2,16,1.1.0,real,True,ok,,2026-09-20T07:36:48Z,2.3000730839557946,6435,2145,,,3,1,31c8eaca9098,dd7931cdd6a96fd1,d7af62ae68b3,require_all_classes,"{""missing_in_test"": [], ""missing_in_train"": []}"
d2_beef_uncontrolled|cnn1d|regression|seed03|fold03,m1_benchmark,d2_beef_uncontrolled,cnn1d,regression,3,3,16,1.1.0,real,True,ok,,2026-09-20T07:37:28Z,2.1699235420674086,6435,2145,,,3,1,73fd7314e359,4966e342e0923d2c,d7af62ae68b3,require_all_classes,"{""missing_in_test"": [], ""missing_in_train"": []}"
d2_beef_uncontrolled|cnn1d|regression|seed03|fold04,m1_benchmark,d2_beef_uncontrolled,cnn1d,regression,3,4,16,1.1.0,real,True,ok,,2026-09-20T07:38:10Z,2.2231879169121385,6435,2145,,,3,1,a4933ae9f507,affef1f11c42f04c,d7af62ae68b3,require_all_classes,"{""missing_in_test"": [], ""missing_in_train"": []}"
d2_beef_uncontrolled|cnn1d|regression|seed04|fold00,m1_benchmark,d2_beef_uncontrolled,cnn1d,regression,4,0,16,1.1.0,real,True,ok,,2026-09-20T07:38:54Z,2.2466309159062803,6435,2145,,,3,1,ab20f229b2e5,cb13519783c58da4,4c7f1683df26,require_all_classes,"{""missing_in_test"": [], ""missing_in_train"": []}"
d2_beef_uncontrolled|cnn1d|regression|seed04|fold01,m1_benchmark,d2_beef_uncontrolled,cnn1d,regression,4,1,16,1.1.0,real,True,ok,,2026-09-20T07:39:34Z,2.2310257498174906,6435,2145,,,3,1,6b2262999c63,1e9f27f050f138da,4c7f1683df26,require_all_classes,"{""missing_in_test"": [], ""missing_in_train"": []}"
d2_beef_uncontrolled|cnn1d|regression|seed04|fold02,m1_benchmark,d2_beef_uncontrolled,cnn1d,regression,4,2,16,1.1.0,real,True,ok,,2026-09-20T07:40:14Z,2.1442569592036307,6435,2145,,,3,1,557db8e1a73e,2daa40a77e209f30,4c7f1683df26,require_all_classes,"{""missing_in_test"": [], ""missing_in_train"": []}"
d2_beef_uncontrolled|cnn1d|regression|seed04|fold03,m1_benchmark,d2_beef_uncontrolled,cnn1d,regression,4,3,16,1.1.0,real,True,ok,,2026-09-20T07:40:56Z,2.2348951250314713,6435,2145,,,3,1,9dd348ffc2ab,26654fdce541e290,4c7f1683df26,require_all_classes,"{""missing_in_test"": [], ""missing_in_train"": []}"
d2_beef_uncontrolled|cnn1d|regression|seed04|fold04,m1_benchmark,d2_beef_uncontrolled,cnn1d,regression,4,4,16,1.1.0,real,True,ok,,2026-09-20T07:41:36Z,2.15241179196164,6435,2145,,,3,1,faf19bcdc9b9,29e4a789c69c122f,4c7f1683df26,require_all_classes,"{""missing_in_test"": [], ""missing_in_train"": []}"
d2_beef_uncontrolled|cnn1d|regression|seed05|fold00,m1_benchmark,d2_beef_uncontrolled,cnn1d,regression,5,0,16,1.1.0,real,True,ok,,2026-09-20T07:42:19Z,2.1717255413532257,6435,2145,,,3,1,413cdd715162,4e4af8b658acc92c,141e2cf771a3,require_all_classes,"{""missing_in_test"": [], ""missing_in_train"": []}"
d2_beef_uncontrolled|cnn1d|regression|seed05|fold01,m1_benchmark,d2_beef_uncontrolled,cnn1d,regression,5,1,16,1.1.0,real,True,ok,,2026-09-20T07:42:58Z,2.1881434163078666,6435,2145,,,3,1,a8b8c30a5944,f8916cf847bd8935,141e2cf771a3,require_all_classes,"{""missing_in_test"": [], ""missing_in_train"": []}"
d2_beef_uncontrolled|cnn1d|regression|seed05|fold02,m1_benchmark,d2_beef_uncontrolled,cnn1d,regression,5,2,16,1.1.0,real,True,ok,,2026-09-20T07:43:40Z,2.168742749840021,6435,2145,,,3,1,9de5f792dc27,59d13422b54f9039,141e2cf771a3,require_all_classes,"{""missing_in_test"": [], ""missing_in_train"": []}"
d2_beef_uncontrolled|cnn1d|regression|seed05|fold03,m1_benchmark,d2_beef_uncontrolled,cnn1d,regression,5,3,16,1.1.0,real,True,ok,,2026-09-20T07:44:20Z,2.1787908747792244,6435,2145,,,3,1,a5838cf9641b,16c8f181f9d2b5c9,141e2cf771a3,require_all_classes,"{""missing_in_test"": [], ""missing_in_train"": []}"
d2_beef_uncontrolled|cnn1d|regression|seed05|fold04,m1_benchmark,d2_beef_uncontrolled,cnn1d,regression,5,4,16,1.1.0,real,True,ok,,2026-09-20T07:45:00Z,2.222537084016949,6435,2145,,,3,1,6eee1b95b6aa,9dad69b0e25ac0a4,141e2cf771a3,require_all_classes,"{""missing_in_test"": [], ""missing_in_train"": []}"
d2_beef_uncontrolled|cnn1d|regression|seed06|fold00,m1_benchmark,d2_beef_uncontrolled,cnn1d,regression,6,0,16,1.1.0,real,True,ok,,2026-09-20T07:45:47Z,2.1650675837881863,6435,2145,,,3,1,477c37a8ab73,d50dea9aaa82b985,711fb81f4d00,require_all_classes,"{""missing_in_test"": [], ""missing_in_train"": []}"
d2_beef_uncontrolled|cnn1d|regression|seed06|fold01,m1_benchmark,d2_beef_uncontrolled,cnn1d,regression,6,1,16,1.1.0,real,True,ok,,2026-09-20T07:46:28Z,2.154280500020832,6435,2145,,,3,1,1c2e3ba58278,6a7d7950c2ae43db,711fb81f4d00,require_all_classes,"{""missing_in_test"": [], ""missing_in_train"": []}"
d2_beef_uncontrolled|cnn1d|regression|seed06|fold02,m1_benchmark,d2_beef_uncontrolled,cnn1d,regression,6,2,16,1.1.0,real,True,ok,,2026-09-20T07:47:10Z,2.1389548340812325,6435,2145,,,3,1,54ff457155dd,730c20568ff6424b,711fb81f4d00,require_all_classes,"{""missing_in_test"": [], ""missing_in_train"": []}"
d2_beef_uncontrolled|cnn1d|regression|seed06|fold03,m1_benchmark,d2_beef_uncontrolled,cnn1d,regression,6,3,16,1.1.0,real,True,ok,,2026-09-20T07:47:48Z,2.1448197080753744,6435,2145,,,3,1,a877630b86ff,dec6935fd0d1dca9,711fb81f4d00,require_all_classes,"{""missing_in_test"": [], ""missing_in_train"": []}"
d2_beef_uncontrolled|cnn1d|regression|seed06|fold04,m1_benchmark,d2_beef_uncontrolled,cnn1d,regression,6,4,16,1.1.0,real,True,ok,,2026-09-20T07:48:29Z,2.155407916288823,6435,2145,,,3,1,308afc6cb592,e782eee6bf195ecd,711fb81f4d00,require_all_classes,"{""missing_in_test"": [], ""missing_in_train"": []}"
d2_beef_uncontrolled|cnn1d|regression|seed07|fold00,m1_benchmark,d2_beef_uncontrolled,cnn1d,regression,7,0,16,1.1.0,real,True,ok,,2026-09-20T07:49:11Z,2.1620010416954756,6435,2145,,,3,1,7b279b72dfb8,2729432aeac76ddd,5c2b2b869c73,require_all_classes,"{""missing_in_test"": [], ""missing_in_train"": []}"
d2_beef_uncontrolled|cnn1d|regression|seed07|fold01,m1_benchmark,d2_beef_uncontrolled,cnn1d,regression,7,1,16,1.1.0,real,True,ok,,2026-09-20T07:49:50Z,2.2602222077548504,6435,2145,,,3,1,bb1e5578b9e3,aa70e5e8362226b2,5c2b2b869c73,require_all_classes,"{""missing_in_test"": [], ""missing_in_train"": []}"
d2_beef_uncontrolled|cnn1d|regression|seed07|fold02,m1_benchmark,d2_beef_uncontrolled,cnn1d,regression,7,2,16,1.1.0,real,True,ok,,2026-09-20T07:50:30Z,2.2150586247444153,6435,2145,,,3,1,ba39acccb154,6ddfc5c734f30a7b,5c2b2b869c73,require_all_classes,"{""missing_in_test"": [], ""missing_in_train"": []}"
d2_beef_uncontrolled|cnn1d|regression|seed07|fold03,m1_benchmark,d2_beef_uncontrolled,cnn1d,regression,7,3,16,1.1.0,real,True,ok,,2026-09-20T07:51:12Z,2.2368707908317447,6435,2145,,,3,1,4726b95fa672,305ddbee6081bf51,5c2b2b869c73,require_all_classes,"{""missing_in_test"": [], ""missing_in_train"": []}"
d2_beef_uncontrolled|cnn1d|regression|seed07|fold04,m1_benchmark,d2_beef_uncontrolled,cnn1d,regression,7,4,16,1.1.0,real,True,ok,,2026-09-20T07:51:57Z,2.2060737921856344,6435,2145,,,3,1,2e34c9f360a4,6c876d57ecb602d9,5c2b2b869c73,require_all_classes,"{""missing_in_test"": [], ""missing_in_train"": []}"
d2_beef_uncontrolled|cnn1d|regression|seed08|fold00,m1_benchmark,d2_beef_uncontrolled,cnn1d,regression,8,0,16,1.1.0,real,True,ok,,2026-09-20T07:52:43Z,2.303210707847029,6435,2145,,,3,1,760fd382be4c,29b6ad67f798fd54,e7dc445ff81a,require_all_classes,"{""missing_in_test"": [], ""missing_in_train"": []}"
d2_beef_uncontrolled|cnn1d|regression|seed08|fold01,m1_benchmark,d2_beef_uncontrolled,cnn1d,regression,8,1,16,1.1.0,real,True,ok,,2026-09-20T07:53:26Z,2.172809333074838,6435,2145,,,3,1,f60758215a07,bc245c5fcab46116,e7dc445ff81a,require_all_classes,"{""missing_in_test"": [], ""missing_in_train"": []}"
d2_beef_uncontrolled|cnn1d|regression|seed08|fold02,m1_benchmark,d2_beef_uncontrolled,cnn1d,regression,8,2,16,1.1.0,real,True,ok,,2026-09-20T07:54:11Z,2.174656332936138,6435,2145,,,3,1,b12aea5b360e,de0f4f717819c582,e7dc445ff81a,require_all_classes,"{""missing_in_test"": [], ""missing_in_train"": []}"
d2_beef_uncontrolled|cnn1d|regression|seed08|fold03,m1_benchmark,d2_beef_uncontrolled,cnn1d,regression,8,3,16,1.1.0,real,True,ok,,2026-09-20T07:54:52Z,2.1483285413123667,6435,2145,,,3,1,d24ce02cae99,9f40df40b7e03c19,e7dc445ff81a,require_all_classes,"{""missing_in_test"": [], ""missing_in_train"": []}"
d2_beef_uncontrolled|cnn1d|regression|seed08|fold04,m1_benchmark,d2_beef_uncontrolled,cnn1d,regression,8,4,16,1.1.0,real,True,ok,,2026-09-20T07:55:34Z,2.2136901249177754,6435,2145,,,3,1,02ddc5401296,958d68b3ed44867c,e7dc445ff81a,require_all_classes,"{""missing_in_test"": [], ""missing_in_train"": []}"
d2_beef_uncontrolled|cnn1d|regression|seed09|fold00,m1_benchmark,d2_beef_uncontrolled,cnn1d,regression,9,0,16,1.1.0,real,True,ok,,2026-09-20T07:56:17Z,2.1624870412051678,6435,2145,,,3,1,523607d0ddee,3bb81688e4c4a3e0,002054794067,require_all_classes,"{""missing_in_test"": [], ""missing_in_train"": []}"
d2_beef_uncontrolled|cnn1d|regression|seed09|fold01,m1_benchmark,d2_beef_uncontrolled,cnn1d,regression,9,1,16,1.1.0,real,True,ok,,2026-09-20T07:56:56Z,2.1530806249938905,6435,2145,,,3,1,de265fd108a1,cc137cd485feacb1,002054794067,require_all_classes,"{""missing_in_test"": [], ""missing_in_train"": []}"
d2_beef_uncontrolled|cnn1d|regression|seed09|fold02,m1_benchmark,d2_beef_uncontrolled,cnn1d,regression,9,2,16,1.1.0,real,True,ok,,2026-09-20T07:57:36Z,2.1809878749772906,6435,2145,,,3,1,9a76beab3005,6f950199795cd0fc,002054794067,require_all_classes,"{""missing_in_test"": [], ""missing_in_train"": []}"
d2_beef_uncontrolled|cnn1d|regression|seed09|fold03,m1_benchmark,d2_beef_uncontrolled,cnn1d,regression,9,3,16,1.1.0,real,True,ok,,2026-09-20T07:58:17Z,2.2494875001721084,6435,2145,,,3,1,bcc42ac9806b,fab4c2aa1d4013a5,002054794067,require_all_classes,"{""missing_in_test"": [], ""missing_in_train"": []}"
d2_beef_uncontrolled|cnn1d|regression|seed09|fold04,m1_benchmark,d2_beef_uncontrolled,cnn1d,regression,9,4,16,1.1.0,real,True,ok,,2026-09-20T07:58:57Z,2.148847207892686,6435,2145,,,3,1,3b4893542c85,55a51920b3add7c7,002054794067,require_all_classes,"{""missing_in_test"": [], ""missing_in_train"": []}"
d2_beef_uncontrolled|esn|classification|seed00|fold00,m1_benchmark,d2_beef_uncontrolled,esn,classification,0,0,16,1.1.0,real,True,ok,,2026-09-20T07:25:33Z,0.8824059581384063,6435,2145,,,3,1,20a70c561f8e,92337b7c7ea5e426,59a133a794a8,require_all_classes,"{""missing_in_test"": [], ""missing_in_train"": []}"
d2_beef_uncontrolled|esn|classification|seed00|fold01,m1_benchmark,d2_beef_uncontrolled,esn,classification,0,1,16,1.1.0,real,True,ok,,2026-09-20T07:26:12Z,0.8578878329135478,6435,2145,,,3,1,6c9ef01abdf9,b1196e3d5c89cc58,59a133a794a8,require_all_classes,"{""missing_in_test"": [], ""missing_in_train"": []}"
d2_beef_uncontrolled|esn|classification|seed00|fold02,m1_benchmark,d2_beef_uncontrolled,esn,classification,0,2,16,1.1.0,real,True,ok,,2026-09-20T07:26:51Z,0.8748496668413281,6435,2145,,,3,1,8f5d6031eff3,342288250eb9a5b4,59a133a794a8,require_all_classes,"{""missing_in_test"": [], ""missing_in_train"": []}"
d2_beef_uncontrolled|esn|classification|seed00|fold03,m1_benchmark,d2_beef_uncontrolled,esn,classification,0,3,16,1.1.0,real,True,ok,,2026-09-20T07:27:31Z,0.843637874815613,6435,2145,,,3,1,940f76d29b89,cac6345df999f1af,59a133a794a8,require_all_classes,"{""missing_in_test"": [], ""missing_in_train"": []}"
d2_beef_uncontrolled|esn|classification|seed00|fold04,m1_benchmark,d2_beef_uncontrolled,esn,classification,0,4,16,1.1.0,real,True,ok,,2026-09-20T07:28:11Z,0.828815583139658,6435,2145,,,3,1,b01bbf6f9575,8354112bac015819,59a133a794a8,require_all_classes,"{""missing_in_test"": [], ""missing_in_train"": []}"
d2_beef_uncontrolled|esn|classification|seed01|fold00,m1_benchmark,d2_beef_uncontrolled,esn,classification,1,0,16,1.1.0,real,True,ok,,2026-09-20T07:28:52Z,0.8316936250776052,6435,2145,,,3,1,92d667f81d03,cf9a38e5d7612524,4ba0eff43fba,require_all_classes,"{""missing_in_test"": [], ""missing_in_train"": []}"
d2_beef_uncontrolled|esn|classification|seed01|fold01,m1_benchmark,d2_beef_uncontrolled,esn,classification,1,1,16,1.1.0,real,True,ok,,2026-09-20T07:29:30Z,0.8519057920202613,6435,2145,,,3,1,63eaca80ac77,8e76bd954fe40041,4ba0eff43fba,require_all_classes,"{""missing_in_test"": [], ""missing_in_train"": []}"
d2_beef_uncontrolled|esn|classification|seed01|fold02,m1_benchmark,d2_beef_uncontrolled,esn,classification,1,2,16,1.1.0,real,True,ok,,2026-09-20T07:30:10Z,0.8669121251441538,6435,2145,,,3,1,14ed105fd91e,2871a9f91fa5338b,4ba0eff43fba,require_all_classes,"{""missing_in_test"": [], ""missing_in_train"": []}"
d2_beef_uncontrolled|esn|classification|seed01|fold03,m1_benchmark,d2_beef_uncontrolled,esn,classification,1,3,16,1.1.0,real,True,ok,,2026-09-20T07:30:48Z,0.857286375015974,6435,2145,,,3,1,99c64364d832,b4d8b49f1b8bcfa0,4ba0eff43fba,require_all_classes,"{""missing_in_test"": [], ""missing_in_train"": []}"
d2_beef_uncontrolled|esn|classification|seed01|fold04,m1_benchmark,d2_beef_uncontrolled,esn,classification,1,4,16,1.1.0,real,True,ok,,2026-09-20T07:31:28Z,0.8383237910456955,6435,2145,,,3,1,fa4200209670,8bdf62b8371f1acc,4ba0eff43fba,require_all_classes,"{""missing_in_test"": [], ""missing_in_train"": []}"
d2_beef_uncontrolled|esn|classification|seed02|fold00,m1_benchmark,d2_beef_uncontrolled,esn,classification,2,0,16,1.1.0,real,True,ok,,2026-09-20T07:32:10Z,0.9024587916210294,6435,2145,,,3,1,38e11e05422e,07d0e8d3a464570f,5dd6f201e6a4,require_all_classes,"{""missing_in_test"": [], ""missing_in_train"": []}"
d2_beef_uncontrolled|esn|classification|seed02|fold01,m1_benchmark,d2_beef_uncontrolled,esn,classification,2,1,16,1.1.0,real,True,ok,,2026-09-20T07:32:51Z,0.8818412921391428,6435,2145,,,3,1,8a87c8dddc86,f53536c20f1afef3,5dd6f201e6a4,require_all_classes,"{""missing_in_test"": [], ""missing_in_train"": []}"
d2_beef_uncontrolled|esn|classification|seed02|fold02,m1_benchmark,d2_beef_uncontrolled,esn,classification,2,2,16,1.1.0,real,True,ok,,2026-09-20T07:33:29Z,0.8331227921880782,6435,2145,,,3,1,545d378c28a6,b2fdab5790ad12db,5dd6f201e6a4,require_all_classes,"{""missing_in_test"": [], ""missing_in_train"": []}"
d2_beef_uncontrolled|esn|classification|seed02|fold03,m1_benchmark,d2_beef_uncontrolled,esn,classification,2,3,16,1.1.0,real,True,ok,,2026-09-20T07:34:08Z,0.8515286250039935,6435,2145,,,3,1,289906332a4f,f6eb5aa0ed67491b,5dd6f201e6a4,require_all_classes,"{""missing_in_test"": [], ""missing_in_train"": []}"
d2_beef_uncontrolled|esn|classification|seed02|fold04,m1_benchmark,d2_beef_uncontrolled,esn,classification,2,4,16,1.1.0,real,True,ok,,2026-09-20T07:34:48Z,0.8380091250874102,6435,2145,,,3,1,202906f4d7e1,cd6cad738c73b96e,5dd6f201e6a4,require_all_classes,"{""missing_in_test"": [], ""missing_in_train"": []}"
d2_beef_uncontrolled|esn|classification|seed03|fold00,m1_benchmark,d2_beef_uncontrolled,esn,classification,3,0,16,1.1.0,real,True,ok,,2026-09-20T07:35:34Z,0.8413871247321367,6435,2145,,,3,1,0e087c313624,664e6ba758d53e67,d7af62ae68b3,require_all_classes,"{""missing_in_test"": [], ""missing_in_train"": []}"
d2_beef_uncontrolled|esn|classification|seed03|fold01,m1_benchmark,d2_beef_uncontrolled,esn,classification,3,1,16,1.1.0,real,True,ok,,2026-09-20T07:36:15Z,0.8650551247410476,6435,2145,,,3,1,ff41306bda71,9b0ea4b80f58ea02,d7af62ae68b3,require_all_classes,"{""missing_in_test"": [], ""missing_in_train"": []}"
d2_beef_uncontrolled|esn|classification|seed03|fold02,m1_benchmark,d2_beef_uncontrolled,esn,classification,3,2,16,1.1.0,real,True,ok,,2026-09-20T07:36:56Z,0.8508535828441381,6435,2145,,,3,1,31c8eaca9098,cc8aba37d3592315,d7af62ae68b3,require_all_classes,"{""missing_in_test"": [], ""missing_in_train"": []}"
d2_beef_uncontrolled|esn|classification|seed03|fold03,m1_benchmark,d2_beef_uncontrolled,esn,classification,3,3,16,1.1.0,real,True,ok,,2026-09-20T07:37:37Z,0.8451424585655332,6435,2145,,,3,1,73fd7314e359,334381a06b9a1fbd,d7af62ae68b3,require_all_classes,"{""missing_in_test"": [], ""missing_in_train"": []}"
d2_beef_uncontrolled|esn|classification|seed03|fold04,m1_benchmark,d2_beef_uncontrolled,esn,classification,3,4,16,1.1.0,real,True,ok,,2026-09-20T07:38:18Z,0.8529261248186231,6435,2145,,,3,1,a4933ae9f507,dbfa7a11e286e58d,d7af62ae68b3,require_all_classes,"{""missing_in_test"": [], ""missing_in_train"": []}"
d2_beef_uncontrolled|esn|classification|seed04|fold00,m1_benchmark,d2_beef_uncontrolled,esn,classification,4,0,16,1.1.0,real,True,ok,,2026-09-20T07:39:02Z,0.9090477088466287,6435,2145,,,3,1,ab20f229b2e5,6d8a65605d92d971,4c7f1683df26,require_all_classes,"{""missing_in_test"": [], ""missing_in_train"": []}"
d2_beef_uncontrolled|esn|classification|seed04|fold01,m1_benchmark,d2_beef_uncontrolled,esn,classification,4,1,16,1.1.0,real,True,ok,,2026-09-20T07:39:43Z,0.844516540877521,6435,2145,,,3,1,6b2262999c63,fca4764b2a9027b7,4c7f1683df26,require_all_classes,"{""missing_in_test"": [], ""missing_in_train"": []}"
d2_beef_uncontrolled|esn|classification|seed04|fold02,m1_benchmark,d2_beef_uncontrolled,esn,classification,4,2,16,1.1.0,real,True,ok,,2026-09-20T07:40:23Z,0.9322248753160238,6435,2145,,,3,1,557db8e1a73e,f97e6dae61cfd7a3,4c7f1683df26,require_all_classes,"{""missing_in_test"": [], ""missing_in_train"": []}"
d2_beef_uncontrolled|esn|classification|seed04|fold03,m1_benchmark,d2_beef_uncontrolled,esn,classification,4,3,16,1.1.0,real,True,ok,,2026-09-20T07:41:05Z,0.8539723749272525,6435,2145,,,3,1,9dd348ffc2ab,3ab5b60936b87c2b,4c7f1683df26,require_all_classes,"{""missing_in_test"": [], ""missing_in_train"": []}"
d2_beef_uncontrolled|esn|classification|seed04|fold04,m1_benchmark,d2_beef_uncontrolled,esn,classification,4,4,16,1.1.0,real,True,ok,,2026-09-20T07:41:44Z,0.8511830838397145,6435,2145,,,3,1,faf19bcdc9b9,1b6222beb9fc50a8,4c7f1683df26,require_all_classes,"{""missing_in_test"": [], ""missing_in_train"": []}"
d2_beef_uncontrolled|esn|classification|seed05|fold00,m1_benchmark,d2_beef_uncontrolled,esn,classification,5,0,16,1.1.0,real,True,ok,,2026-09-20T07:42:27Z,0.8553234171122313,6435,2145,,,3,1,413cdd715162,8744182e8be32119,141e2cf771a3,require_all_classes,"{""missing_in_test"": [], ""missing_in_train"": []}"
d2_beef_uncontrolled|esn|classification|seed05|fold01,m1_benchmark,d2_beef_uncontrolled,esn,classification,5,1,16,1.1.0,real,True,ok,,2026-09-20T07:43:06Z,0.8623320418410003,6435,2145,,,3,1,a8b8c30a5944,9fd8d6b2630f7e83,141e2cf771a3,require_all_classes,"{""missing_in_test"": [], ""missing_in_train"": []}"
d2_beef_uncontrolled|esn|classification|seed05|fold02,m1_benchmark,d2_beef_uncontrolled,esn,classification,5,2,16,1.1.0,real,True,ok,,2026-09-20T07:43:48Z,0.857070832978934,6435,2145,,,3,1,9de5f792dc27,a75a3b8f4fc6e021,141e2cf771a3,require_all_classes,"{""missing_in_test"": [], ""missing_in_train"": []}"
d2_beef_uncontrolled|esn|classification|seed05|fold03,m1_benchmark,d2_beef_uncontrolled,esn,classification,5,3,16,1.1.0,real,True,ok,,2026-09-20T07:44:28Z,0.8376539158634841,6435,2145,,,3,1,a5838cf9641b,bfdd149cd9ed30c3,141e2cf771a3,require_all_classes,"{""missing_in_test"": [], ""missing_in_train"": []}"
d2_beef_uncontrolled|esn|classification|seed05|fold04,m1_benchmark,d2_beef_uncontrolled,esn,classification,5,4,16,1.1.0,real,True,ok,,2026-09-20T07:45:09Z,0.8677415000274777,6435,2145,,,3,1,6eee1b95b6aa,8b202464636d8017,141e2cf771a3,require_all_classes,"{""missing_in_test"": [], ""missing_in_train"": []}"
d2_beef_uncontrolled|esn|classification|seed06|fold00,m1_benchmark,d2_beef_uncontrolled,esn,classification,6,0,16,1.1.0,real,True,ok,,2026-09-20T07:45:55Z,0.8386840000748634,6435,2145,,,3,1,477c37a8ab73,63785f4df300b28c,711fb81f4d00,require_all_classes,"{""missing_in_test"": [], ""missing_in_train"": []}"
d2_beef_uncontrolled|esn|classification|seed06|fold01,m1_benchmark,d2_beef_uncontrolled,esn,classification,6,1,16,1.1.0,real,True,ok,,2026-09-20T07:46:36Z,0.8470405000261962,6435,2145,,,3,1,1c2e3ba58278,e0c1fe15de239641,711fb81f4d00,require_all_classes,"{""missing_in_test"": [], ""missing_in_train"": []}"
d2_beef_uncontrolled|esn|classification|seed06|fold02,m1_benchmark,d2_beef_uncontrolled,esn,classification,6,2,16,1.1.0,real,True,ok,,2026-09-20T07:47:18Z,0.8322116248309612,6435,2145,,,3,1,54ff457155dd,f6a1894a17d9964e,711fb81f4d00,require_all_classes,"{""missing_in_test"": [], ""missing_in_train"": []}"
d2_beef_uncontrolled|esn|classification|seed06|fold03,m1_benchmark,d2_beef_uncontrolled,esn,classification,6,3,16,1.1.0,real,True,ok,,2026-09-20T07:47:56Z,0.8260078746825457,6435,2145,,,3,1,a877630b86ff,f430689e517f1f42,711fb81f4d00,require_all_classes,"{""missing_in_test"": [], ""missing_in_train"": []}"
d2_beef_uncontrolled|esn|classification|seed06|fold04,m1_benchmark,d2_beef_uncontrolled,esn,classification,6,4,16,1.1.0,real,True,ok,,2026-09-20T07:48:37Z,0.8272568327374756,6435,2145,,,3,1,308afc6cb592,ec9235cba78b506d,711fb81f4d00,require_all_classes,"{""missing_in_test"": [], ""missing_in_train"": []}"
d2_beef_uncontrolled|esn|classification|seed07|fold00,m1_benchmark,d2_beef_uncontrolled,esn,classification,7,0,16,1.1.0,real,True,ok,,2026-09-20T07:49:19Z,0.8429191671311855,6435,2145,,,3,1,7b279b72dfb8,fbad9878d219caf3,5c2b2b869c73,require_all_classes,"{""missing_in_test"": [], ""missing_in_train"": []}"
d2_beef_uncontrolled|esn|classification|seed07|fold01,m1_benchmark,d2_beef_uncontrolled,esn,classification,7,1,16,1.1.0,real,True,ok,,2026-09-20T07:49:58Z,0.8579187910072505,6435,2145,,,3,1,bb1e5578b9e3,d88ef566c02e9de3,5c2b2b869c73,require_all_classes,"{""missing_in_test"": [], ""missing_in_train"": []}"
d2_beef_uncontrolled|esn|classification|seed07|fold02,m1_benchmark,d2_beef_uncontrolled,esn,classification,7,2,16,1.1.0,real,True,ok,,2026-09-20T07:50:39Z,0.8674143748357892,6435,2145,,,3,1,ba39acccb154,9b6f815b51d1a746,5c2b2b869c73,require_all_classes,"{""missing_in_test"": [], ""missing_in_train"": []}"
d2_beef_uncontrolled|esn|classification|seed07|fold03,m1_benchmark,d2_beef_uncontrolled,esn,classification,7,3,16,1.1.0,real,True,ok,,2026-09-20T07:51:20Z,0.8776734159328043,6435,2145,,,3,1,4726b95fa672,7008b39836b7962a,5c2b2b869c73,require_all_classes,"{""missing_in_test"": [], ""missing_in_train"": []}"
d2_beef_uncontrolled|esn|classification|seed07|fold04,m1_benchmark,d2_beef_uncontrolled,esn,classification,7,4,16,1.1.0,real,True,ok,,2026-09-20T07:52:06Z,0.8693951671011746,6435,2145,,,3,1,2e34c9f360a4,71902b67e58fcc6c,5c2b2b869c73,require_all_classes,"{""missing_in_test"": [], ""missing_in_train"": []}"
d2_beef_uncontrolled|esn|classification|seed08|fold00,m1_benchmark,d2_beef_uncontrolled,esn,classification,8,0,16,1.1.0,real,True,ok,,2026-09-20T07:52:52Z,0.8983289999887347,6435,2145,,,3,1,760fd382be4c,f31f292765dd9675,e7dc445ff81a,require_all_classes,"{""missing_in_test"": [], ""missing_in_train"": []}"
d2_beef_uncontrolled|esn|classification|seed08|fold01,m1_benchmark,d2_beef_uncontrolled,esn,classification,8,1,16,1.1.0,real,True,ok,,2026-09-20T07:53:35Z,0.8675010842271149,6435,2145,,,3,1,f60758215a07,f3864bb882926911,e7dc445ff81a,require_all_classes,"{""missing_in_test"": [], ""missing_in_train"": []}"
d2_beef_uncontrolled|esn|classification|seed08|fold02,m1_benchmark,d2_beef_uncontrolled,esn,classification,8,2,16,1.1.0,real,True,ok,,2026-09-20T07:54:19Z,0.8547125002369285,6435,2145,,,3,1,b12aea5b360e,bd520937240fe01c,e7dc445ff81a,require_all_classes,"{""missing_in_test"": [], ""missing_in_train"": []}"
d2_beef_uncontrolled|esn|classification|seed08|fold03,m1_benchmark,d2_beef_uncontrolled,esn,classification,8,3,16,1.1.0,real,True,ok,,2026-09-20T07:55:01Z,0.859949667006731,6435,2145,,,3,1,d24ce02cae99,0332183f08c0c336,e7dc445ff81a,require_all_classes,"{""missing_in_test"": [], ""missing_in_train"": []}"
d2_beef_uncontrolled|esn|classification|seed08|fold04,m1_benchmark,d2_beef_uncontrolled,esn,classification,8,4,16,1.1.0,real,True,ok,,2026-09-20T07:55:42Z,0.8715520827099681,6435,2145,,,3,1,02ddc5401296,6e0899e34df456c9,e7dc445ff81a,require_all_classes,"{""missing_in_test"": [], ""missing_in_train"": []}"
d2_beef_uncontrolled|esn|classification|seed09|fold00,m1_benchmark,d2_beef_uncontrolled,esn,classification,9,0,16,1.1.0,real,True,ok,,2026-09-20T07:56:25Z,0.8445072076283395,6435,2145,,,3,1,523607d0ddee,2e40e5faadeff505,002054794067,require_all_classes,"{""missing_in_test"": [], ""missing_in_train"": []}"
d2_beef_uncontrolled|esn|classification|seed09|fold01,m1_benchmark,d2_beef_uncontrolled,esn,classification,9,1,16,1.1.0,real,True,ok,,2026-09-20T07:57:04Z,0.8381732082925737,6435,2145,,,3,1,de265fd108a1,1ee779a789601e84,002054794067,require_all_classes,"{""missing_in_test"": [], ""missing_in_train"": []}"
d2_beef_uncontrolled|esn|classification|seed09|fold02,m1_benchmark,d2_beef_uncontrolled,esn,classification,9,2,16,1.1.0,real,True,ok,,2026-09-20T07:57:44Z,0.8628546250984073,6435,2145,,,3,1,9a76beab3005,01c247791278a9fa,002054794067,require_all_classes,"{""missing_in_test"": [], ""missing_in_train"": []}"
d2_beef_uncontrolled|esn|classification|seed09|fold03,m1_benchmark,d2_beef_uncontrolled,esn,classification,9,3,16,1.1.0,real,True,ok,,2026-09-20T07:58:25Z,0.845252166967839,6435,2145,,,3,1,bcc42ac9806b,489818d393e5bc77,002054794067,require_all_classes,"{""missing_in_test"": [], ""missing_in_train"": []}"
d2_beef_uncontrolled|esn|classification|seed09|fold04,m1_benchmark,d2_beef_uncontrolled,esn,classification,9,4,16,1.1.0,real,True,ok,,2026-09-20T07:59:05Z,0.8338060420937836,6435,2145,,,3,1,3b4893542c85,f8f10fa84e3bb1d9,002054794067,require_all_classes,"{""missing_in_test"": [], ""missing_in_train"": []}"
d2_beef_uncontrolled|esn|regression|seed00|fold00,m1_benchmark,d2_beef_uncontrolled,esn,regression,0,0,16,1.1.0,real,True,ok,,2026-09-20T07:25:34Z,0.6744955419562757,6435,2145,,,3,1,20a70c561f8e,dfc2b9595b64af1f,59a133a794a8,require_all_classes,"{""missing_in_test"": [], ""missing_in_train"": []}"
d2_beef_uncontrolled|esn|regression|seed00|fold01,m1_benchmark,d2_beef_uncontrolled,esn,regression,0,1,16,1.1.0,real,True,ok,,2026-09-20T07:26:13Z,0.6631486248224974,6435,2145,,,3,1,6c9ef01abdf9,f6ea011b8d281db4,59a133a794a8,require_all_classes,"{""missing_in_test"": [], ""missing_in_train"": []}"
d2_beef_uncontrolled|esn|regression|seed00|fold02,m1_benchmark,d2_beef_uncontrolled,esn,regression,0,2,16,1.1.0,real,True,ok,,2026-09-20T07:26:52Z,0.7026103329844773,6435,2145,,,3,1,8f5d6031eff3,90806e01c6bced48,59a133a794a8,require_all_classes,"{""missing_in_test"": [], ""missing_in_train"": []}"
d2_beef_uncontrolled|esn|regression|seed00|fold03,m1_benchmark,d2_beef_uncontrolled,esn,regression,0,3,16,1.1.0,real,True,ok,,2026-09-20T07:27:32Z,0.6766688749194145,6435,2145,,,3,1,940f76d29b89,8352ada6945cc67a,59a133a794a8,require_all_classes,"{""missing_in_test"": [], ""missing_in_train"": []}"
d2_beef_uncontrolled|esn|regression|seed00|fold04,m1_benchmark,d2_beef_uncontrolled,esn,regression,0,4,16,1.1.0,real,True,ok,,2026-09-20T07:28:12Z,0.6480876668356359,6435,2145,,,3,1,b01bbf6f9575,5c5ceb3839557349,59a133a794a8,require_all_classes,"{""missing_in_test"": [], ""missing_in_train"": []}"
d2_beef_uncontrolled|esn|regression|seed01|fold00,m1_benchmark,d2_beef_uncontrolled,esn,regression,1,0,16,1.1.0,real,True,ok,,2026-09-20T07:28:53Z,0.6565848332829773,6435,2145,,,3,1,92d667f81d03,ea9a2bb41593a258,4ba0eff43fba,require_all_classes,"{""missing_in_test"": [], ""missing_in_train"": []}"
d2_beef_uncontrolled|esn|regression|seed01|fold01,m1_benchmark,d2_beef_uncontrolled,esn,regression,1,1,16,1.1.0,real,True,ok,,2026-09-20T07:29:31Z,0.6544792922213674,6435,2145,,,3,1,63eaca80ac77,1429028e696fb17a,4ba0eff43fba,require_all_classes,"{""missing_in_test"": [], ""missing_in_train"": []}"
d2_beef_uncontrolled|esn|regression|seed01|fold02,m1_benchmark,d2_beef_uncontrolled,esn,regression,1,2,16,1.1.0,real,True,ok,,2026-09-20T07:30:10Z,0.6798681672662497,6435,2145,,,3,1,14ed105fd91e,7485daabbce32432,4ba0eff43fba,require_all_classes,"{""missing_in_test"": [], ""missing_in_train"": []}"
d2_beef_uncontrolled|esn|regression|seed01|fold03,m1_benchmark,d2_beef_uncontrolled,esn,regression,1,3,16,1.1.0,real,True,ok,,2026-09-20T07:30:49Z,0.658286000136286,6435,2145,,,3,1,99c64364d832,0e269c3977f7945b,4ba0eff43fba,require_all_classes,"{""missing_in_test"": [], ""missing_in_train"": []}"
d2_beef_uncontrolled|esn|regression|seed01|fold04,m1_benchmark,d2_beef_uncontrolled,esn,regression,1,4,16,1.1.0,real,True,ok,,2026-09-20T07:31:28Z,0.6478701252490282,6435,2145,,,3,1,fa4200209670,53b851f08f3908b0,4ba0eff43fba,require_all_classes,"{""missing_in_test"": [], ""missing_in_train"": []}"
d2_beef_uncontrolled|esn|regression|seed02|fold00,m1_benchmark,d2_beef_uncontrolled,esn,regression,2,0,16,1.1.0,real,True,ok,,2026-09-20T07:32:11Z,0.6993530420586467,6435,2145,,,3,1,38e11e05422e,caed74975ddd8a8a,5dd6f201e6a4,require_all_classes,"{""missing_in_test"": [], ""missing_in_train"": []}"
d2_beef_uncontrolled|esn|regression|seed02|fold01,m1_benchmark,d2_beef_uncontrolled,esn,regression,2,1,16,1.1.0,real,True,ok,,2026-09-20T07:32:51Z,0.6680120415985584,6435,2145,,,3,1,8a87c8dddc86,9509211642a007ed,5dd6f201e6a4,require_all_classes,"{""missing_in_test"": [], ""missing_in_train"": []}"
d2_beef_uncontrolled|esn|regression|seed02|fold02,m1_benchmark,d2_beef_uncontrolled,esn,regression,2,2,16,1.1.0,real,True,ok,,2026-09-20T07:33:30Z,0.6548544578254223,6435,2145,,,3,1,545d378c28a6,1c194670e05ee30f,5dd6f201e6a4,require_all_classes,"{""missing_in_test"": [], ""missing_in_train"": []}"
d2_beef_uncontrolled|esn|regression|seed02|fold03,m1_benchmark,d2_beef_uncontrolled,esn,regression,2,3,16,1.1.0,real,True,ok,,2026-09-20T07:34:09Z,0.6725993338041008,6435,2145,,,3,1,289906332a4f,c8d8329ac22c876b,5dd6f201e6a4,require_all_classes,"{""missing_in_test"": [], ""missing_in_train"": []}"
d2_beef_uncontrolled|esn|regression|seed02|fold04,m1_benchmark,d2_beef_uncontrolled,esn,regression,2,4,16,1.1.0,real,True,ok,,2026-09-20T07:34:48Z,0.656227458268404,6435,2145,,,3,1,202906f4d7e1,6bb0f01e9876fd3e,5dd6f201e6a4,require_all_classes,"{""missing_in_test"": [], ""missing_in_train"": []}"
d2_beef_uncontrolled|esn|regression|seed03|fold00,m1_benchmark,d2_beef_uncontrolled,esn,regression,3,0,16,1.1.0,real,True,ok,,2026-09-20T07:35:34Z,0.663548874668777,6435,2145,,,3,1,0e087c313624,4f76dea045f90d51,d7af62ae68b3,require_all_classes,"{""missing_in_test"": [], ""missing_in_train"": []}"
d2_beef_uncontrolled|esn|regression|seed03|fold01,m1_benchmark,d2_beef_uncontrolled,esn,regression,3,1,16,1.1.0,real,True,ok,,2026-09-20T07:36:16Z,0.6609317907132208,6435,2145,,,3,1,ff41306bda71,b3a10c6d94ea2ed7,d7af62ae68b3,require_all_classes,"{""missing_in_test"": [], ""missing_in_train"": []}"
d2_beef_uncontrolled|esn|regression|seed03|fold02,m1_benchmark,d2_beef_uncontrolled,esn,regression,3,2,16,1.1.0,real,True,ok,,2026-09-20T07:36:57Z,0.7039038329385221,6435,2145,,,3,1,31c8eaca9098,ef379a9e67d8317c,d7af62ae68b3,require_all_classes,"{""missing_in_test"": [], ""missing_in_train"": []}"
d2_beef_uncontrolled|esn|regression|seed03|fold03,m1_benchmark,d2_beef_uncontrolled,esn,regression,3,3,16,1.1.0,real,True,ok,,2026-09-20T07:37:37Z,0.6615226659923792,6435,2145,,,3,1,73fd7314e359,f3b4e73066f7afbb,d7af62ae68b3,require_all_classes,"{""missing_in_test"": [], ""missing_in_train"": []}"
d2_beef_uncontrolled|esn|regression|seed03|fold04,m1_benchmark,d2_beef_uncontrolled,esn,regression,3,4,16,1.1.0,real,True,ok,,2026-09-20T07:38:19Z,0.6837365413084626,6435,2145,,,3,1,a4933ae9f507,bbd84516cdbb6344,d7af62ae68b3,require_all_classes,"{""missing_in_test"": [], ""missing_in_train"": []}"
d2_beef_uncontrolled|esn|regression|seed04|fold00,m1_benchmark,d2_beef_uncontrolled,esn,regression,4,0,16,1.1.0,real,True,ok,,2026-09-20T07:39:03Z,0.6673849588260055,6435,2145,,,3,1,ab20f229b2e5,d3a133a789a3b624,4c7f1683df26,require_all_classes,"{""missing_in_test"": [], ""missing_in_train"": []}"
d2_beef_uncontrolled|esn|regression|seed04|fold01,m1_benchmark,d2_beef_uncontrolled,esn,regression,4,1,16,1.1.0,real,True,ok,,2026-09-20T07:39:43Z,0.6776831252500415,6435,2145,,,3,1,6b2262999c63,1effd887f60a7f52,4c7f1683df26,require_all_classes,"{""missing_in_test"": [], ""missing_in_train"": []}"
d2_beef_uncontrolled|esn|regression|seed04|fold02,m1_benchmark,d2_beef_uncontrolled,esn,regression,4,2,16,1.1.0,real,True,ok,,2026-09-20T07:40:23Z,0.7111080000177026,6435,2145,,,3,1,557db8e1a73e,bbe809138d733572,4c7f1683df26,require_all_classes,"{""missing_in_test"": [], ""missing_in_train"": []}"
d2_beef_uncontrolled|esn|regression|seed04|fold03,m1_benchmark,d2_beef_uncontrolled,esn,regression,4,3,16,1.1.0,real,True,ok,,2026-09-20T07:41:05Z,0.6540681249462068,6435,2145,,,3,1,9dd348ffc2ab,06e4f388d388a482,4c7f1683df26,require_all_classes,"{""missing_in_test"": [], ""missing_in_train"": []}"
d2_beef_uncontrolled|esn|regression|seed04|fold04,m1_benchmark,d2_beef_uncontrolled,esn,regression,4,4,16,1.1.0,real,True,ok,,2026-09-20T07:41:45Z,0.6635419172234833,6435,2145,,,3,1,faf19bcdc9b9,00b6612bf7e1fc2b,4c7f1683df26,require_all_classes,"{""missing_in_test"": [], ""missing_in_train"": []}"
d2_beef_uncontrolled|esn|regression|seed05|fold00,m1_benchmark,d2_beef_uncontrolled,esn,regression,5,0,16,1.1.0,real,True,ok,,2026-09-20T07:42:28Z,0.6600368749350309,6435,2145,,,3,1,413cdd715162,5558e401d194b7a2,141e2cf771a3,require_all_classes,"{""missing_in_test"": [], ""missing_in_train"": []}"
d2_beef_uncontrolled|esn|regression|seed05|fold01,m1_benchmark,d2_beef_uncontrolled,esn,regression,5,1,16,1.1.0,real,True,ok,,2026-09-20T07:43:07Z,0.6779810828156769,6435,2145,,,3,1,a8b8c30a5944,1ba9ebe4473d1f57,141e2cf771a3,require_all_classes,"{""missing_in_test"": [], ""missing_in_train"": []}"
d2_beef_uncontrolled|esn|regression|seed05|fold02,m1_benchmark,d2_beef_uncontrolled,esn,regression,5,2,16,1.1.0,real,True,ok,,2026-09-20T07:43:49Z,0.6642499580048025,6435,2145,,,3,1,9de5f792dc27,2ec04d64acc5259a,141e2cf771a3,require_all_classes,"{""missing_in_test"": [], ""missing_in_train"": []}"
d2_beef_uncontrolled|esn|regression|seed05|fold03,m1_benchmark,d2_beef_uncontrolled,esn,regression,5,3,16,1.1.0,real,True,ok,,2026-09-20T07:44:29Z,0.6652266667224467,6435,2145,,,3,1,a5838cf9641b,0367d0053cdb28f0,141e2cf771a3,require_all_classes,"{""missing_in_test"": [], ""missing_in_train"": []}"
d2_beef_uncontrolled|esn|regression|seed05|fold04,m1_benchmark,d2_beef_uncontrolled,esn,regression,5,4,16,1.1.0,real,True,ok,,2026-09-20T07:45:09Z,0.6587577499449253,6435,2145,,,3,1,6eee1b95b6aa,0ed769df5eaccbdc,141e2cf771a3,require_all_classes,"{""missing_in_test"": [], ""missing_in_train"": []}"
d2_beef_uncontrolled|esn|regression|seed06|fold00,m1_benchmark,d2_beef_uncontrolled,esn,regression,6,0,16,1.1.0,real,True,ok,,2026-09-20T07:45:56Z,0.6795095829293132,6435,2145,,,3,1,477c37a8ab73,b3d969dbaa2df921,711fb81f4d00,require_all_classes,"{""missing_in_test"": [], ""missing_in_train"": []}"
d2_beef_uncontrolled|esn|regression|seed06|fold01,m1_benchmark,d2_beef_uncontrolled,esn,regression,6,1,16,1.1.0,real,True,ok,,2026-09-20T07:46:37Z,0.6640189159661531,6435,2145,,,3,1,1c2e3ba58278,2308a05f086675c6,711fb81f4d00,require_all_classes,"{""missing_in_test"": [], ""missing_in_train"": []}"
d2_beef_uncontrolled|esn|regression|seed06|fold02,m1_benchmark,d2_beef_uncontrolled,esn,regression,6,2,16,1.1.0,real,True,ok,,2026-09-20T07:47:18Z,0.6598562081344426,6435,2145,,,3,1,54ff457155dd,42b6e098b23400a9,711fb81f4d00,require_all_classes,"{""missing_in_test"": [], ""missing_in_train"": []}"
d2_beef_uncontrolled|esn|regression|seed06|fold03,m1_benchmark,d2_beef_uncontrolled,esn,regression,6,3,16,1.1.0,real,True,ok,,2026-09-20T07:47:57Z,0.6553193749859929,6435,2145,,,3,1,a877630b86ff,c7058a687429fd10,711fb81f4d00,require_all_classes,"{""missing_in_test"": [], ""missing_in_train"": []}"
d2_beef_uncontrolled|esn|regression|seed06|fold04,m1_benchmark,d2_beef_uncontrolled,esn,regression,6,4,16,1.1.0,real,True,ok,,2026-09-20T07:48:37Z,0.656036333180964,6435,2145,,,3,1,308afc6cb592,d0b4ce108947f289,711fb81f4d00,require_all_classes,"{""missing_in_test"": [], ""missing_in_train"": []}"
d2_beef_uncontrolled|esn|regression|seed07|fold00,m1_benchmark,d2_beef_uncontrolled,esn,regression,7,0,16,1.1.0,real,True,ok,,2026-09-20T07:49:19Z,0.6547819999977946,6435,2145,,,3,1,7b279b72dfb8,7d4997bd48c6c2db,5c2b2b869c73,require_all_classes,"{""missing_in_test"": [], ""missing_in_train"": []}"
d2_beef_uncontrolled|esn|regression|seed07|fold01,m1_benchmark,d2_beef_uncontrolled,esn,regression,7,1,16,1.1.0,real,True,ok,,2026-09-20T07:49:59Z,0.6552825407125056,6435,2145,,,3,1,bb1e5578b9e3,4e834559e89e5bc6,5c2b2b869c73,require_all_classes,"{""missing_in_test"": [], ""missing_in_train"": []}"
d2_beef_uncontrolled|esn|regression|seed07|fold02,m1_benchmark,d2_beef_uncontrolled,esn,regression,7,2,16,1.1.0,real,True,ok,,2026-09-20T07:50:40Z,0.6803888748399913,6435,2145,,,3,1,ba39acccb154,22c7f0059b5be8d3,5c2b2b869c73,require_all_classes,"{""missing_in_test"": [], ""missing_in_train"": []}"
d2_beef_uncontrolled|esn|regression|seed07|fold03,m1_benchmark,d2_beef_uncontrolled,esn,regression,7,3,16,1.1.0,real,True,ok,,2026-09-20T07:51:21Z,0.6623361660167575,6435,2145,,,3,1,4726b95fa672,c89b84e17352aed6,5c2b2b869c73,require_all_classes,"{""missing_in_test"": [], ""missing_in_train"": []}"
d2_beef_uncontrolled|esn|regression|seed07|fold04,m1_benchmark,d2_beef_uncontrolled,esn,regression,7,4,16,1.1.0,real,True,ok,,2026-09-20T07:52:06Z,0.7172656250186265,6435,2145,,,3,1,2e34c9f360a4,2c949d9152b3a647,5c2b2b869c73,require_all_classes,"{""missing_in_test"": [], ""missing_in_train"": []}"
d2_beef_uncontrolled|esn|regression|seed08|fold00,m1_benchmark,d2_beef_uncontrolled,esn,regression,8,0,16,1.1.0,real,True,ok,,2026-09-20T07:52:52Z,0.7094530421309173,6435,2145,,,3,1,760fd382be4c,7ae5c41affd67882,e7dc445ff81a,require_all_classes,"{""missing_in_test"": [], ""missing_in_train"": []}"
d2_beef_uncontrolled|esn|regression|seed08|fold01,m1_benchmark,d2_beef_uncontrolled,esn,regression,8,1,16,1.1.0,real,True,ok,,2026-09-20T07:53:35Z,0.6838860837742686,6435,2145,,,3,1,f60758215a07,e82861b9d18bc720,e7dc445ff81a,require_all_classes,"{""missing_in_test"": [], ""missing_in_train"": []}"
d2_beef_uncontrolled|esn|regression|seed08|fold02,m1_benchmark,d2_beef_uncontrolled,esn,regression,8,2,16,1.1.0,real,True,ok,,2026-09-20T07:54:20Z,0.6835608342662454,6435,2145,,,3,1,b12aea5b360e,deb6f5477f6e159a,e7dc445ff81a,require_all_classes,"{""missing_in_test"": [], ""missing_in_train"": []}"
d2_beef_uncontrolled|esn|regression|seed08|fold03,m1_benchmark,d2_beef_uncontrolled,esn,regression,8,3,16,1.1.0,real,True,ok,,2026-09-20T07:55:01Z,0.6601473339833319,6435,2145,,,3,1,d24ce02cae99,6b462e196cb63aa9,e7dc445ff81a,require_all_classes,"{""missing_in_test"": [], ""missing_in_train"": []}"
d2_beef_uncontrolled|esn|regression|seed08|fold04,m1_benchmark,d2_beef_uncontrolled,esn,regression,8,4,16,1.1.0,real,True,ok,,2026-09-20T07:55:42Z,0.6595432497560978,6435,2145,,,3,1,02ddc5401296,401eb655439535bd,e7dc445ff81a,require_all_classes,"{""missing_in_test"": [], ""missing_in_train"": []}"
d2_beef_uncontrolled|esn|regression|seed09|fold00,m1_benchmark,d2_beef_uncontrolled,esn,regression,9,0,16,1.1.0,real,True,ok,,2026-09-20T07:56:25Z,0.6612899578176439,6435,2145,,,3,1,523607d0ddee,35d92b1e6ae5cf16,002054794067,require_all_classes,"{""missing_in_test"": [], ""missing_in_train"": []}"
d2_beef_uncontrolled|esn|regression|seed09|fold01,m1_benchmark,d2_beef_uncontrolled,esn,regression,9,1,16,1.1.0,real,True,ok,,2026-09-20T07:57:05Z,0.6570967077277601,6435,2145,,,3,1,de265fd108a1,1cdf6ae69429ff47,002054794067,require_all_classes,"{""missing_in_test"": [], ""missing_in_train"": []}"
d2_beef_uncontrolled|esn|regression|seed09|fold02,m1_benchmark,d2_beef_uncontrolled,esn,regression,9,2,16,1.1.0,real,True,ok,,2026-09-20T07:57:45Z,0.6606166670098901,6435,2145,,,3,1,9a76beab3005,36d312b1ad63b941,002054794067,require_all_classes,"{""missing_in_test"": [], ""missing_in_train"": []}"
d2_beef_uncontrolled|esn|regression|seed09|fold03,m1_benchmark,d2_beef_uncontrolled,esn,regression,9,3,16,1.1.0,real,True,ok,,2026-09-20T07:58:26Z,0.6528306249529123,6435,2145,,,3,1,bcc42ac9806b,54d2e47d134293f7,002054794067,require_all_classes,"{""missing_in_test"": [], ""missing_in_train"": []}"
d2_beef_uncontrolled|esn|regression|seed09|fold04,m1_benchmark,d2_beef_uncontrolled,esn,regression,9,4,16,1.1.0,real,True,ok,,2026-09-20T07:59:05Z,0.6548709170892835,6435,2145,,,3,1,3b4893542c85,e6d0985301d127d1,002054794067,require_all_classes,"{""missing_in_test"": [], ""missing_in_train"": []}"
d2_beef_uncontrolled|gru|classification|seed00|fold00,m1_benchmark,d2_beef_uncontrolled,gru,classification,0,0,16,1.1.0,real,True,ok,,2026-09-20T07:25:09Z,4.019356958102435,6435,2145,,,3,1,20a70c561f8e,60e74318007b93d9,59a133a794a8,require_all_classes,"{""missing_in_test"": [], ""missing_in_train"": []}"
d2_beef_uncontrolled|gru|classification|seed00|fold01,m1_benchmark,d2_beef_uncontrolled,gru,classification,0,1,16,1.1.0,real,True,ok,,2026-09-20T07:25:49Z,3.4658110830932856,6435,2145,,,3,1,6c9ef01abdf9,500024105cb19383,59a133a794a8,require_all_classes,"{""missing_in_test"": [], ""missing_in_train"": []}"
d2_beef_uncontrolled|gru|classification|seed00|fold02,m1_benchmark,d2_beef_uncontrolled,gru,classification,0,2,16,1.1.0,real,True,ok,,2026-09-20T07:26:28Z,3.4972878326661885,6435,2145,,,3,1,8f5d6031eff3,679c27d4ae1deb83,59a133a794a8,require_all_classes,"{""missing_in_test"": [], ""missing_in_train"": []}"
d2_beef_uncontrolled|gru|classification|seed00|fold03,m1_benchmark,d2_beef_uncontrolled,gru,classification,0,3,16,1.1.0,real,True,ok,,2026-09-20T07:27:08Z,3.5051365001127124,6435,2145,,,3,1,940f76d29b89,2b06679f64d85c6d,59a133a794a8,require_all_classes,"{""missing_in_test"": [], ""missing_in_train"": []}"
d2_beef_uncontrolled|gru|classification|seed00|fold04,m1_benchmark,d2_beef_uncontrolled,gru,classification,0,4,16,1.1.0,real,True,ok,,2026-09-20T07:27:48Z,3.4337894581258297,6435,2145,,,3,1,b01bbf6f9575,19a89d861468fbcc,59a133a794a8,require_all_classes,"{""missing_in_test"": [], ""missing_in_train"": []}"
d2_beef_uncontrolled|gru|classification|seed01|fold00,m1_benchmark,d2_beef_uncontrolled,gru,classification,1,0,16,1.1.0,real,True,ok,,2026-09-20T07:28:29Z,3.8312728330492973,6435,2145,,,3,1,92d667f81d03,05e8e60d229d4716,4ba0eff43fba,require_all_classes,"{""missing_in_test"": [], ""missing_in_train"": []}"
d2_beef_uncontrolled|gru|classification|seed01|fold01,m1_benchmark,d2_beef_uncontrolled,gru,classification,1,1,16,1.1.0,real,True,ok,,2026-09-20T07:29:07Z,3.4153867908753455,6435,2145,,,3,1,63eaca80ac77,6062687aa7b221cf,4ba0eff43fba,require_all_classes,"{""missing_in_test"": [], ""missing_in_train"": []}"
d2_beef_uncontrolled|gru|classification|seed01|fold02,m1_benchmark,d2_beef_uncontrolled,gru,classification,1,2,16,1.1.0,real,True,ok,,2026-09-20T07:29:46Z,3.430645499844104,6435,2145,,,3,1,14ed105fd91e,95a47629eb87f6b0,4ba0eff43fba,require_all_classes,"{""missing_in_test"": [], ""missing_in_train"": []}"
d2_beef_uncontrolled|gru|classification|seed01|fold03,m1_benchmark,d2_beef_uncontrolled,gru,classification,1,3,16,1.1.0,real,True,ok,,2026-09-20T07:30:25Z,3.4707116670906544,6435,2145,,,3,1,99c64364d832,0d5bd2743f6bda1c,4ba0eff43fba,require_all_classes,"{""missing_in_test"": [], ""missing_in_train"": []}"
d2_beef_uncontrolled|gru|classification|seed01|fold04,m1_benchmark,d2_beef_uncontrolled,gru,classification,1,4,16,1.1.0,real,True,ok,,2026-09-20T07:31:04Z,3.4775368752889335,6435,2145,,,3,1,fa4200209670,c150b47bc9e76c65,4ba0eff43fba,require_all_classes,"{""missing_in_test"": [], ""missing_in_train"": []}"
d2_beef_uncontrolled|gru|classification|seed02|fold00,m1_benchmark,d2_beef_uncontrolled,gru,classification,2,0,16,1.1.0,real,True,ok,,2026-09-20T07:31:46Z,3.917212124913931,6435,2145,,,3,1,38e11e05422e,8eb8bc30a17ed597,5dd6f201e6a4,require_all_classes,"{""missing_in_test"": [], ""missing_in_train"": []}"
d2_beef_uncontrolled|gru|classification|seed02|fold01,m1_benchmark,d2_beef_uncontrolled,gru,classification,2,1,16,1.1.0,real,True,ok,,2026-09-20T07:32:27Z,3.900374417193234,6435,2145,,,3,1,8a87c8dddc86,dfafd3dffb1990e7,5dd6f201e6a4,require_all_classes,"{""missing_in_test"": [], ""missing_in_train"": []}"
d2_beef_uncontrolled|gru|classification|seed02|fold02,m1_benchmark,d2_beef_uncontrolled,gru,classification,2,2,16,1.1.0,real,True,ok,,2026-09-20T07:33:06Z,3.509793124627322,6435,2145,,,3,1,545d378c28a6,5b62711b529c899c,5dd6f201e6a4,require_all_classes,"{""missing_in_test"": [], ""missing_in_train"": []}"
d2_beef_uncontrolled|gru|classification|seed02|fold03,m1_benchmark,d2_beef_uncontrolled,gru,classification,2,3,16,1.1.0,real,True,ok,,2026-09-20T07:33:45Z,3.411834124941379,6435,2145,,,3,1,289906332a4f,cd15d0ea4b5b47fe,5dd6f201e6a4,require_all_classes,"{""missing_in_test"": [], ""missing_in_train"": []}"
d2_beef_uncontrolled|gru|classification|seed02|fold04,m1_benchmark,d2_beef_uncontrolled,gru,classification,2,4,16,1.1.0,real,True,ok,,2026-09-20T07:34:24Z,3.3802821659483016,6435,2145,,,3,1,202906f4d7e1,14979c46ce96485b,5dd6f201e6a4,require_all_classes,"{""missing_in_test"": [], ""missing_in_train"": []}"
d2_beef_uncontrolled|gru|classification|seed03|fold00,m1_benchmark,d2_beef_uncontrolled,gru,classification,3,0,16,1.1.0,real,True,ok,,2026-09-20T07:35:09Z,4.459469749592245,6435,2145,,,3,1,0e087c313624,389398223ef48c90,d7af62ae68b3,require_all_classes,"{""missing_in_test"": [], ""missing_in_train"": []}"
d2_beef_uncontrolled|gru|classification|seed03|fold01,m1_benchmark,d2_beef_uncontrolled,gru,classification,3,1,16,1.1.0,real,True,ok,,2026-09-20T07:35:51Z,3.3956925831735134,6435,2145,,,3,1,ff41306bda71,8be15e3bda8c40f2,d7af62ae68b3,require_all_classes,"{""missing_in_test"": [], ""missing_in_train"": []}"
d2_beef_uncontrolled|gru|classification|seed03|fold02,m1_benchmark,d2_beef_uncontrolled,gru,classification,3,2,16,1.1.0,real,True,ok,,2026-09-20T07:36:32Z,3.847601708956063,6435,2145,,,3,1,31c8eaca9098,53cc6f6a16f3bd43,d7af62ae68b3,require_all_classes,"{""missing_in_test"": [], ""missing_in_train"": []}"
d2_beef_uncontrolled|gru|classification|seed03|fold03,m1_benchmark,d2_beef_uncontrolled,gru,classification,3,3,16,1.1.0,real,True,ok,,2026-09-20T07:37:13Z,3.4477729997597635,6435,2145,,,3,1,73fd7314e359,436ee9b142f6f2d2,d7af62ae68b3,require_all_classes,"{""missing_in_test"": [], ""missing_in_train"": []}"
d2_beef_uncontrolled|gru|classification|seed03|fold04,m1_benchmark,d2_beef_uncontrolled,gru,classification,3,4,16,1.1.0,real,True,ok,,2026-09-20T07:37:54Z,3.5218763751909137,6435,2145,,,3,1,a4933ae9f507,ae3a84f487a41533,d7af62ae68b3,require_all_classes,"{""missing_in_test"": [], ""missing_in_train"": []}"
d2_beef_uncontrolled|gru|classification|seed04|fold00,m1_benchmark,d2_beef_uncontrolled,gru,classification,4,0,16,1.1.0,real,True,ok,,2026-09-20T07:38:39Z,3.9061414171010256,6435,2145,,,3,1,ab20f229b2e5,ed76fcb1d8c002fd,4c7f1683df26,require_all_classes,"{""missing_in_test"": [], ""missing_in_train"": []}"
d2_beef_uncontrolled|gru|classification|seed04|fold01,m1_benchmark,d2_beef_uncontrolled,gru,classification,4,1,16,1.1.0,real,True,ok,,2026-09-20T07:39:19Z,3.4484525001607835,6435,2145,,,3,1,6b2262999c63,3c289b11fc20365c,4c7f1683df26,require_all_classes,"{""missing_in_test"": [], ""missing_in_train"": []}"
d2_beef_uncontrolled|gru|classification|seed04|fold02,m1_benchmark,d2_beef_uncontrolled,gru,classification,4,2,16,1.1.0,real,True,ok,,2026-09-20T07:39:59Z,3.4532175408676267,6435,2145,,,3,1,557db8e1a73e,e5fb25c033356fca,4c7f1683df26,require_all_classes,"{""missing_in_test"": [], ""missing_in_train"": []}"
d2_beef_uncontrolled|gru|classification|seed04|fold03,m1_benchmark,d2_beef_uncontrolled,gru,classification,4,3,16,1.1.0,real,True,ok,,2026-09-20T07:40:40Z,3.6698634577915072,6435,2145,,,3,1,9dd348ffc2ab,1c3fc0ed4227fdda,4c7f1683df26,require_all_classes,"{""missing_in_test"": [], ""missing_in_train"": []}"
d2_beef_uncontrolled|gru|classification|seed04|fold04,m1_benchmark,d2_beef_uncontrolled,gru,classification,4,4,16,1.1.0,real,True,ok,,2026-09-20T07:41:21Z,3.3814775408245623,6435,2145,,,3,1,faf19bcdc9b9,5a521b3741c76273,4c7f1683df26,require_all_classes,"{""missing_in_test"": [], ""missing_in_train"": []}"
d2_beef_uncontrolled|gru|classification|seed05|fold00,m1_benchmark,d2_beef_uncontrolled,gru,classification,5,0,16,1.1.0,real,True,ok,,2026-09-20T07:42:04Z,3.9127481672912836,6435,2145,,,3,1,413cdd715162,afb2a76564f938d5,141e2cf771a3,require_all_classes,"{""missing_in_test"": [], ""missing_in_train"": []}"
d2_beef_uncontrolled|gru|classification|seed05|fold01,m1_benchmark,d2_beef_uncontrolled,gru,classification,5,1,16,1.1.0,real,True,ok,,2026-09-20T07:42:43Z,3.4297383748926222,6435,2145,,,3,1,a8b8c30a5944,55a800028542f82f,141e2cf771a3,require_all_classes,"{""missing_in_test"": [], ""missing_in_train"": []}"
d2_beef_uncontrolled|gru|classification|seed05|fold02,m1_benchmark,d2_beef_uncontrolled,gru,classification,5,2,16,1.1.0,real,True,ok,,2026-09-20T07:43:25Z,3.6428216248750687,6435,2145,,,3,1,9de5f792dc27,7f316830a3d8aa3c,141e2cf771a3,require_all_classes,"{""missing_in_test"": [], ""missing_in_train"": []}"
d2_beef_uncontrolled|gru|classification|seed05|fold03,m1_benchmark,d2_beef_uncontrolled,gru,classification,5,3,16,1.1.0,real,True,ok,,2026-09-20T07:44:04Z,3.4090160001069307,6435,2145,,,3,1,a5838cf9641b,126e22d3d9d3b866,141e2cf771a3,require_all_classes,"{""missing_in_test"": [], ""missing_in_train"": []}"
d2_beef_uncontrolled|gru|classification|seed05|fold04,m1_benchmark,d2_beef_uncontrolled,gru,classification,5,4,16,1.1.0,real,True,ok,,2026-09-20T07:44:45Z,3.452885292004794,6435,2145,,,3,1,6eee1b95b6aa,31ecf3f43b054e17,141e2cf771a3,require_all_classes,"{""missing_in_test"": [], ""missing_in_train"": []}"
d2_beef_uncontrolled|gru|classification|seed06|fold00,m1_benchmark,d2_beef_uncontrolled,gru,classification,6,0,16,1.1.0,real,True,ok,,2026-09-20T07:45:30Z,3.99687962513417,6435,2145,,,3,1,477c37a8ab73,e2704cbde11d737c,711fb81f4d00,require_all_classes,"{""missing_in_test"": [], ""missing_in_train"": []}"
d2_beef_uncontrolled|gru|classification|seed06|fold01,m1_benchmark,d2_beef_uncontrolled,gru,classification,6,1,16,1.1.0,real,True,ok,,2026-09-20T07:46:13Z,3.4038303340785205,6435,2145,,,3,1,1c2e3ba58278,de7aaf5a2eb73d91,711fb81f4d00,require_all_classes,"{""missing_in_test"": [], ""missing_in_train"": []}"
d2_beef_uncontrolled|gru|classification|seed06|fold02,m1_benchmark,d2_beef_uncontrolled,gru,classification,6,2,16,1.1.0,real,True,ok,,2026-09-20T07:46:55Z,3.5280379578471184,6435,2145,,,3,1,54ff457155dd,41293970893feafb,711fb81f4d00,require_all_classes,"{""missing_in_test"": [], ""missing_in_train"": []}"
d2_beef_uncontrolled|gru|classification|seed06|fold03,m1_benchmark,d2_beef_uncontrolled,gru,classification,6,3,16,1.1.0,real,True,ok,,2026-09-20T07:47:33Z,3.4314541672356427,6435,2145,,,3,1,a877630b86ff,c7827959c3e12ef0,711fb81f4d00,require_all_classes,"{""missing_in_test"": [], ""missing_in_train"": []}"
d2_beef_uncontrolled|gru|classification|seed06|fold04,m1_benchmark,d2_beef_uncontrolled,gru,classification,6,4,16,1.1.0,real,True,ok,,2026-09-20T07:48:14Z,3.4079984589479864,6435,2145,,,3,1,308afc6cb592,4f4c5837e938756a,711fb81f4d00,require_all_classes,"{""missing_in_test"": [], ""missing_in_train"": []}"
d2_beef_uncontrolled|gru|classification|seed07|fold00,m1_benchmark,d2_beef_uncontrolled,gru,classification,7,0,16,1.1.0,real,True,ok,,2026-09-20T07:48:55Z,3.869344832841307,6435,2145,,,3,1,7b279b72dfb8,4bc1dae3a0a3958f,5c2b2b869c73,require_all_classes,"{""missing_in_test"": [], ""missing_in_train"": []}"
d2_beef_uncontrolled|gru|classification|seed07|fold01,m1_benchmark,d2_beef_uncontrolled,gru,classification,7,1,16,1.1.0,real,True,ok,,2026-09-20T07:49:35Z,3.41697591682896,6435,2145,,,3,1,bb1e5578b9e3,b4daa972679d2fc9,5c2b2b869c73,require_all_classes,"{""missing_in_test"": [], ""missing_in_train"": []}"
d2_beef_uncontrolled|gru|classification|seed07|fold02,m1_benchmark,d2_beef_uncontrolled,gru,classification,7,2,16,1.1.0,real,True,ok,,2026-09-20T07:50:15Z,3.4832205842249095,6435,2145,,,3,1,ba39acccb154,d450c2753709728f,5c2b2b869c73,require_all_classes,"{""missing_in_test"": [], ""missing_in_train"": []}"
d2_beef_uncontrolled|gru|classification|seed07|fold03,m1_benchmark,d2_beef_uncontrolled,gru,classification,7,3,16,1.1.0,real,True,ok,,2026-09-20T07:50:57Z,4.0638053747825325,6435,2145,,,3,1,4726b95fa672,de1315df1f345110,5c2b2b869c73,require_all_classes,"{""missing_in_test"": [], ""missing_in_train"": []}"
d2_beef_uncontrolled|gru|classification|seed07|fold04,m1_benchmark,d2_beef_uncontrolled,gru,classification,7,4,16,1.1.0,real,True,ok,,2026-09-20T07:51:41Z,5.742702624760568,6435,2145,,,3,1,2e34c9f360a4,428ddc1a45205e13,5c2b2b869c73,require_all_classes,"{""missing_in_test"": [], ""missing_in_train"": []}"
d2_beef_uncontrolled|gru|classification|seed08|fold00,m1_benchmark,d2_beef_uncontrolled,gru,classification,8,0,16,1.1.0,real,True,ok,,2026-09-20T07:52:28Z,3.924829540774226,6435,2145,,,3,1,760fd382be4c,48a658e7fb57210c,e7dc445ff81a,require_all_classes,"{""missing_in_test"": [], ""missing_in_train"": []}"
d2_beef_uncontrolled|gru|classification|seed08|fold01,m1_benchmark,d2_beef_uncontrolled,gru,classification,8,1,16,1.1.0,real,True,ok,,2026-09-20T07:53:11Z,3.415863291826099,6435,2145,,,3,1,f60758215a07,851f3d5317fb6b86,e7dc445ff81a,require_all_classes,"{""missing_in_test"": [], ""missing_in_train"": []}"
d2_beef_uncontrolled|gru|classification|seed08|fold02,m1_benchmark,d2_beef_uncontrolled,gru,classification,8,2,16,1.1.0,real,True,ok,,2026-09-20T07:53:56Z,3.415582791902125,6435,2145,,,3,1,b12aea5b360e,b898830414a29bcb,e7dc445ff81a,require_all_classes,"{""missing_in_test"": [], ""missing_in_train"": []}"
d2_beef_uncontrolled|gru|classification|seed08|fold03,m1_benchmark,d2_beef_uncontrolled,gru,classification,8,3,16,1.1.0,real,True,ok,,2026-09-20T07:54:37Z,3.40154662495479,6435,2145,,,3,1,d24ce02cae99,9907e2ebc5c6d6c6,e7dc445ff81a,require_all_classes,"{""missing_in_test"": [], ""missing_in_train"": []}"
d2_beef_uncontrolled|gru|classification|seed08|fold04,m1_benchmark,d2_beef_uncontrolled,gru,classification,8,4,16,1.1.0,real,True,ok,,2026-09-20T07:55:18Z,3.5457790424115956,6435,2145,,,3,1,02ddc5401296,af9e477a9d576dac,e7dc445ff81a,require_all_classes,"{""missing_in_test"": [], ""missing_in_train"": []}"
d2_beef_uncontrolled|gru|classification|seed09|fold00,m1_benchmark,d2_beef_uncontrolled,gru,classification,9,0,16,1.1.0,real,True,ok,,2026-09-20T07:56:02Z,3.893902374897152,6435,2145,,,3,1,523607d0ddee,85a62185a922431e,002054794067,require_all_classes,"{""missing_in_test"": [], ""missing_in_train"": []}"
d2_beef_uncontrolled|gru|classification|seed09|fold01,m1_benchmark,d2_beef_uncontrolled,gru,classification,9,1,16,1.1.0,real,True,ok,,2026-09-20T07:56:41Z,3.382825625129044,6435,2145,,,3,1,de265fd108a1,e261c995f3d987b2,002054794067,require_all_classes,"{""missing_in_test"": [], ""missing_in_train"": []}"
d2_beef_uncontrolled|gru|classification|seed09|fold02,m1_benchmark,d2_beef_uncontrolled,gru,classification,9,2,16,1.1.0,real,True,ok,,2026-09-20T07:57:21Z,3.396301624830812,6435,2145,,,3,1,9a76beab3005,6119a543bc10d030,002054794067,require_all_classes,"{""missing_in_test"": [], ""missing_in_train"": []}"
d2_beef_uncontrolled|gru|classification|seed09|fold03,m1_benchmark,d2_beef_uncontrolled,gru,classification,9,3,16,1.1.0,real,True,ok,,2026-09-20T07:58:02Z,3.45485308393836,6435,2145,,,3,1,bcc42ac9806b,ff443711da4d675e,002054794067,require_all_classes,"{""missing_in_test"": [], ""missing_in_train"": []}"
d2_beef_uncontrolled|gru|classification|seed09|fold04,m1_benchmark,d2_beef_uncontrolled,gru,classification,9,4,16,1.1.0,real,True,ok,,2026-09-20T07:58:42Z,3.3982223751954734,6435,2145,,,3,1,3b4893542c85,a28d4c95e7fe600b,002054794067,require_all_classes,"{""missing_in_test"": [], ""missing_in_train"": []}"
d2_beef_uncontrolled|gru|regression|seed00|fold00,m1_benchmark,d2_beef_uncontrolled,gru,regression,0,0,16,1.1.0,real,True,ok,,2026-09-20T07:25:13Z,3.472212958149612,6435,2145,,,3,1,20a70c561f8e,edd5b5fb094e4261,59a133a794a8,require_all_classes,"{""missing_in_test"": [], ""missing_in_train"": []}"
d2_beef_uncontrolled|gru|regression|seed00|fold01,m1_benchmark,d2_beef_uncontrolled,gru,regression,0,1,16,1.1.0,real,True,ok,,2026-09-20T07:25:52Z,3.4746233336627483,6435,2145,,,3,1,6c9ef01abdf9,0eb2d8d9eb0e0df1,59a133a794a8,require_all_classes,"{""missing_in_test"": [], ""missing_in_train"": []}"
d2_beef_uncontrolled|gru|regression|seed00|fold02,m1_benchmark,d2_beef_uncontrolled,gru,regression,0,2,16,1.1.0,real,True,ok,,2026-09-20T07:26:31Z,3.4415907920338213,6435,2145,,,3,1,8f5d6031eff3,7d140dcf936f0fca,59a133a794a8,require_all_classes,"{""missing_in_test"": [], ""missing_in_train"": []}"
d2_beef_uncontrolled|gru|regression|seed00|fold03,m1_benchmark,d2_beef_uncontrolled,gru,regression,0,3,16,1.1.0,real,True,ok,,2026-09-20T07:27:11Z,3.5472497502341866,6435,2145,,,3,1,940f76d29b89,3515246441f267f4,59a133a794a8,require_all_classes,"{""missing_in_test"": [], ""missing_in_train"": []}"
d2_beef_uncontrolled|gru|regression|seed00|fold04,m1_benchmark,d2_beef_uncontrolled,gru,regression,0,4,16,1.1.0,real,True,ok,,2026-09-20T07:27:51Z,3.362538832705468,6435,2145,,,3,1,b01bbf6f9575,af1d1af5b606b956,59a133a794a8,require_all_classes,"{""missing_in_test"": [], ""missing_in_train"": []}"
d2_beef_uncontrolled|gru|regression|seed01|fold00,m1_benchmark,d2_beef_uncontrolled,gru,regression,1,0,16,1.1.0,real,True,ok,,2026-09-20T07:28:32Z,3.3757668752223253,6435,2145,,,3,1,92d667f81d03,e2c7b321621fa496,4ba0eff43fba,require_all_classes,"{""missing_in_test"": [], ""missing_in_train"": []}"
d2_beef_uncontrolled|gru|regression|seed01|fold01,m1_benchmark,d2_beef_uncontrolled,gru,regression,1,1,16,1.1.0,real,True,ok,,2026-09-20T07:29:10Z,3.366867042146623,6435,2145,,,3,1,63eaca80ac77,4d8c3e532ddc9b31,4ba0eff43fba,require_all_classes,"{""missing_in_test"": [], ""missing_in_train"": []}"
d2_beef_uncontrolled|gru|regression|seed01|fold02,m1_benchmark,d2_beef_uncontrolled,gru,regression,1,2,16,1.1.0,real,True,ok,,2026-09-20T07:29:50Z,3.4031372079625726,6435,2145,,,3,1,14ed105fd91e,626c90afdd942713,4ba0eff43fba,require_all_classes,"{""missing_in_test"": [], ""missing_in_train"": []}"
d2_beef_uncontrolled|gru|regression|seed01|fold03,m1_benchmark,d2_beef_uncontrolled,gru,regression,1,3,16,1.1.0,real,True,ok,,2026-09-20T07:30:29Z,3.3850737079046667,6435,2145,,,3,1,99c64364d832,cb5d7f4188fb88d0,4ba0eff43fba,require_all_classes,"{""missing_in_test"": [], ""missing_in_train"": []}"
d2_beef_uncontrolled|gru|regression|seed01|fold04,m1_benchmark,d2_beef_uncontrolled,gru,regression,1,4,16,1.1.0,real,True,ok,,2026-09-20T07:31:08Z,3.445980708114803,6435,2145,,,3,1,fa4200209670,121b6fe14692da53,4ba0eff43fba,require_all_classes,"{""missing_in_test"": [], ""missing_in_train"": []}"
d2_beef_uncontrolled|gru|regression|seed02|fold00,m1_benchmark,d2_beef_uncontrolled,gru,regression,2,0,16,1.1.0,real,True,ok,,2026-09-20T07:31:49Z,3.4880798337981105,6435,2145,,,3,1,38e11e05422e,54e48f1f3a9dceb6,5dd6f201e6a4,require_all_classes,"{""missing_in_test"": [], ""missing_in_train"": []}"
d2_beef_uncontrolled|gru|regression|seed02|fold01,m1_benchmark,d2_beef_uncontrolled,gru,regression,2,1,16,1.1.0,real,True,ok,,2026-09-20T07:32:30Z,3.6829552496783435,6435,2145,,,3,1,8a87c8dddc86,8b09aac595989b1f,5dd6f201e6a4,require_all_classes,"{""missing_in_test"": [], ""missing_in_train"": []}"
d2_beef_uncontrolled|gru|regression|seed02|fold02,m1_benchmark,d2_beef_uncontrolled,gru,regression,2,2,16,1.1.0,real,True,ok,,2026-09-20T07:33:09Z,3.414055749773979,6435,2145,,,3,1,545d378c28a6,7fd7fdd5850110ea,5dd6f201e6a4,require_all_classes,"{""missing_in_test"": [], ""missing_in_train"": []}"
d2_beef_uncontrolled|gru|regression|seed02|fold03,m1_benchmark,d2_beef_uncontrolled,gru,regression,2,3,16,1.1.0,real,True,ok,,2026-09-20T07:33:48Z,3.388291792012751,6435,2145,,,3,1,289906332a4f,01a872aa0ecff9c6,5dd6f201e6a4,require_all_classes,"{""missing_in_test"": [], ""missing_in_train"": []}"
d2_beef_uncontrolled|gru|regression|seed02|fold04,m1_benchmark,d2_beef_uncontrolled,gru,regression,2,4,16,1.1.0,real,True,ok,,2026-09-20T07:34:28Z,3.3879676670767367,6435,2145,,,3,1,202906f4d7e1,516bb323042ccc0a,5dd6f201e6a4,require_all_classes,"{""missing_in_test"": [], ""missing_in_train"": []}"
d2_beef_uncontrolled|gru|regression|seed03|fold00,m1_benchmark,d2_beef_uncontrolled,gru,regression,3,0,16,1.1.0,real,True,ok,,2026-09-20T07:35:14Z,4.420735917054117,6435,2145,,,3,1,0e087c313624,e7601125d8da4e9d,d7af62ae68b3,require_all_classes,"{""missing_in_test"": [], ""missing_in_train"": []}"
d2_beef_uncontrolled|gru|regression|seed03|fold01,m1_benchmark,d2_beef_uncontrolled,gru,regression,3,1,16,1.1.0,real,True,ok,,2026-09-20T07:35:54Z,3.704322417266667,6435,2145,,,3,1,ff41306bda71,86807557f1a02c6a,d7af62ae68b3,require_all_classes,"{""missing_in_test"": [], ""missing_in_train"": []}"
d2_beef_uncontrolled|gru|regression|seed03|fold02,m1_benchmark,d2_beef_uncontrolled,gru,regression,3,2,16,1.1.0,real,True,ok,,2026-09-20T07:36:36Z,3.56203274987638,6435,2145,,,3,1,31c8eaca9098,4a08d6fe87bd7117,d7af62ae68b3,require_all_classes,"{""missing_in_test"": [], ""missing_in_train"": []}"
d2_beef_uncontrolled|gru|regression|seed03|fold03,m1_benchmark,d2_beef_uncontrolled,gru,regression,3,3,16,1.1.0,real,True,ok,,2026-09-20T07:37:17Z,3.401757124811411,6435,2145,,,3,1,73fd7314e359,23a3ec98cc6836b9,d7af62ae68b3,require_all_classes,"{""missing_in_test"": [], ""missing_in_train"": []}"
d2_beef_uncontrolled|gru|regression|seed03|fold04,m1_benchmark,d2_beef_uncontrolled,gru,regression,3,4,16,1.1.0,real,True,ok,,2026-09-20T07:37:58Z,3.5231734588742256,6435,2145,,,3,1,a4933ae9f507,08471755f3a29dd2,d7af62ae68b3,require_all_classes,"{""missing_in_test"": [], ""missing_in_train"": []}"
d2_beef_uncontrolled|gru|regression|seed04|fold00,m1_benchmark,d2_beef_uncontrolled,gru,regression,4,0,16,1.1.0,real,True,ok,,2026-09-20T07:38:42Z,3.502429874613881,6435,2145,,,3,1,ab20f229b2e5,fe657408b6e81eb4,4c7f1683df26,require_all_classes,"{""missing_in_test"": [], ""missing_in_train"": []}"
d2_beef_uncontrolled|gru|regression|seed04|fold01,m1_benchmark,d2_beef_uncontrolled,gru,regression,4,1,16,1.1.0,real,True,ok,,2026-09-20T07:39:22Z,3.4260213747620583,6435,2145,,,3,1,6b2262999c63,acb73faba50a8f19,4c7f1683df26,require_all_classes,"{""missing_in_test"": [], ""missing_in_train"": []}"
d2_beef_uncontrolled|gru|regression|seed04|fold02,m1_benchmark,d2_beef_uncontrolled,gru,regression,4,2,16,1.1.0,real,True,ok,,2026-09-20T07:40:02Z,3.422227208968252,6435,2145,,,3,1,557db8e1a73e,fd9e183d07c36676,4c7f1683df26,require_all_classes,"{""missing_in_test"": [], ""missing_in_train"": []}"
d2_beef_uncontrolled|gru|regression|seed04|fold03,m1_benchmark,d2_beef_uncontrolled,gru,regression,4,3,16,1.1.0,real,True,ok,,2026-09-20T07:40:44Z,3.663077542092651,6435,2145,,,3,1,9dd348ffc2ab,22c2ab536d45e460,4c7f1683df26,require_all_classes,"{""missing_in_test"": [], ""missing_in_train"": []}"
d2_beef_uncontrolled|gru|regression|seed04|fold04,m1_benchmark,d2_beef_uncontrolled,gru,regression,4,4,16,1.1.0,real,True,ok,,2026-09-20T07:41:25Z,3.3940135003067553,6435,2145,,,3,1,faf19bcdc9b9,942a6703c8480043,4c7f1683df26,require_all_classes,"{""missing_in_test"": [], ""missing_in_train"": []}"
d2_beef_uncontrolled|gru|regression|seed05|fold00,m1_benchmark,d2_beef_uncontrolled,gru,regression,5,0,16,1.1.0,real,True,ok,,2026-09-20T07:42:07Z,3.429482209030539,6435,2145,,,3,1,413cdd715162,f7013719419bebfe,141e2cf771a3,require_all_classes,"{""missing_in_test"": [], ""missing_in_train"": []}"
d2_beef_uncontrolled|gru|regression|seed05|fold01,m1_benchmark,d2_beef_uncontrolled,gru,regression,5,1,16,1.1.0,real,True,ok,,2026-09-20T07:42:46Z,3.4206007909961045,6435,2145,,,3,1,a8b8c30a5944,a175725fcaf43512,141e2cf771a3,require_all_classes,"{""missing_in_test"": [], ""missing_in_train"": []}"
d2_beef_uncontrolled|gru|regression|seed05|fold02,m1_benchmark,d2_beef_uncontrolled,gru,regression,5,2,16,1.1.0,real,True,ok,,2026-09-20T07:43:28Z,3.6949669998139143,6435,2145,,,3,1,9de5f792dc27,c64f673f917323fb,141e2cf771a3,require_all_classes,"{""missing_in_test"": [], ""missing_in_train"": []}"
d2_beef_uncontrolled|gru|regression|seed05|fold03,m1_benchmark,d2_beef_uncontrolled,gru,regression,5,3,16,1.1.0,real,True,ok,,2026-09-20T07:44:08Z,3.392770125064999,6435,2145,,,3,1,a5838cf9641b,07ad6e17c0bff54b,141e2cf771a3,require_all_classes,"{""missing_in_test"": [], ""missing_in_train"": []}"
d2_beef_uncontrolled|gru|regression|seed05|fold04,m1_benchmark,d2_beef_uncontrolled,gru,regression,5,4,16,1.1.0,real,True,ok,,2026-09-20T07:44:48Z,3.415672875009477,6435,2145,,,3,1,6eee1b95b6aa,d6765f7b728deb8a,141e2cf771a3,require_all_classes,"{""missing_in_test"": [], ""missing_in_train"": []}"
d2_beef_uncontrolled|gru|regression|seed06|fold00,m1_benchmark,d2_beef_uncontrolled,gru,regression,6,0,16,1.1.0,real,True,ok,,2026-09-20T07:45:33Z,3.4603978749364614,6435,2145,,,3,1,477c37a8ab73,a74df745b5ca2e13,711fb81f4d00,require_all_classes,"{""missing_in_test"": [], ""missing_in_train"": []}"
d2_beef_uncontrolled|gru|regression|seed06|fold01,m1_benchmark,d2_beef_uncontrolled,gru,regression,6,1,16,1.1.0,real,True,ok,,2026-09-20T07:46:16Z,3.3649539588950574,6435,2145,,,3,1,1c2e3ba58278,60f457fbf267148e,711fb81f4d00,require_all_classes,"{""missing_in_test"": [], ""missing_in_train"": []}"
d2_beef_uncontrolled|gru|regression|seed06|fold02,m1_benchmark,d2_beef_uncontrolled,gru,regression,6,2,16,1.1.0,real,True,ok,,2026-09-20T07:46:58Z,3.385449499823153,6435,2145,,,3,1,54ff457155dd,303ea340497779df,711fb81f4d00,require_all_classes,"{""missing_in_test"": [], ""missing_in_train"": []}"
d2_beef_uncontrolled|gru|regression|seed06|fold03,m1_benchmark,d2_beef_uncontrolled,gru,regression,6,3,16,1.1.0,real,True,ok,,2026-09-20T07:47:37Z,3.373846000060439,6435,2145,,,3,1,a877630b86ff,6fbf2313e0cc58f5,711fb81f4d00,require_all_classes,"{""missing_in_test"": [], ""missing_in_train"": []}"
d2_beef_uncontrolled|gru|regression|seed06|fold04,m1_benchmark,d2_beef_uncontrolled,gru,regression,6,4,16,1.1.0,real,True,ok,,2026-09-20T07:48:17Z,3.367958374787122,6435,2145,,,3,1,308afc6cb592,cd4248bbf7b86eb9,711fb81f4d00,require_all_classes,"{""missing_in_test"": [], ""missing_in_train"": []}"
d2_beef_uncontrolled|gru|regression|seed07|fold00,m1_benchmark,d2_beef_uncontrolled,gru,regression,7,0,16,1.1.0,real,True,ok,,2026-09-20T07:48:59Z,3.3931547082029283,6435,2145,,,3,1,7b279b72dfb8,147a19e6fc99535f,5c2b2b869c73,require_all_classes,"{""missing_in_test"": [], ""missing_in_train"": []}"
d2_beef_uncontrolled|gru|regression|seed07|fold01,m1_benchmark,d2_beef_uncontrolled,gru,regression,7,1,16,1.1.0,real,True,ok,,2026-09-20T07:49:38Z,3.3830454577691853,6435,2145,,,3,1,bb1e5578b9e3,6ebe25049e69d3d8,5c2b2b869c73,require_all_classes,"{""missing_in_test"": [], ""missing_in_train"": []}"
d2_beef_uncontrolled|gru|regression|seed07|fold02,m1_benchmark,d2_beef_uncontrolled,gru,regression,7,2,16,1.1.0,real,True,ok,,2026-09-20T07:50:18Z,3.45336658321321,6435,2145,,,3,1,ba39acccb154,6359c5cf2c586e39,5c2b2b869c73,require_all_classes,"{""missing_in_test"": [], ""missing_in_train"": []}"
d2_beef_uncontrolled|gru|regression|seed07|fold03,m1_benchmark,d2_beef_uncontrolled,gru,regression,7,3,16,1.1.0,real,True,ok,,2026-09-20T07:51:00Z,3.4247482498176396,6435,2145,,,3,1,4726b95fa672,d6ca806113ecfc7a,5c2b2b869c73,require_all_classes,"{""missing_in_test"": [], ""missing_in_train"": []}"
d2_beef_uncontrolled|gru|regression|seed07|fold04,m1_benchmark,d2_beef_uncontrolled,gru,regression,7,4,16,1.1.0,real,True,ok,,2026-09-20T07:51:45Z,3.7090484998188913,6435,2145,,,3,1,2e34c9f360a4,29102fd8b5b3e2d7,5c2b2b869c73,require_all_classes,"{""missing_in_test"": [], ""missing_in_train"": []}"
d2_beef_uncontrolled|gru|regression|seed08|fold00,m1_benchmark,d2_beef_uncontrolled,gru,regression,8,0,16,1.1.0,real,True,ok,,2026-09-20T07:52:31Z,3.445547957904637,6435,2145,,,3,1,760fd382be4c,00d7888ee8c1d28f,e7dc445ff81a,require_all_classes,"{""missing_in_test"": [], ""missing_in_train"": []}"
d2_beef_uncontrolled|gru|regression|seed08|fold01,m1_benchmark,d2_beef_uncontrolled,gru,regression,8,1,16,1.1.0,real,True,ok,,2026-09-20T07:53:15Z,3.394510041922331,6435,2145,,,3,1,f60758215a07,808ef64c49d88c7b,e7dc445ff81a,require_all_classes,"{""missing_in_test"": [], ""missing_in_train"": []}"
d2_beef_uncontrolled|gru|regression|seed08|fold02,m1_benchmark,d2_beef_uncontrolled,gru,regression,8,2,16,1.1.0,real,True,ok,,2026-09-20T07:53:59Z,3.4039788329973817,6435,2145,,,3,1,b12aea5b360e,2dbe7d1f8bc06e37,e7dc445ff81a,require_all_classes,"{""missing_in_test"": [], ""missing_in_train"": []}"
d2_beef_uncontrolled|gru|regression|seed08|fold03,m1_benchmark,d2_beef_uncontrolled,gru,regression,8,3,16,1.1.0,real,True,ok,,2026-09-20T07:54:41Z,3.3672417090274394,6435,2145,,,3,1,d24ce02cae99,c192c89edea47f36,e7dc445ff81a,require_all_classes,"{""missing_in_test"": [], ""missing_in_train"": []}"
d2_beef_uncontrolled|gru|regression|seed08|fold04,m1_benchmark,d2_beef_uncontrolled,gru,regression,8,4,16,1.1.0,real,True,ok,,2026-09-20T07:55:22Z,3.5128563749603927,6435,2145,,,3,1,02ddc5401296,484f40884a16b3df,e7dc445ff81a,require_all_classes,"{""missing_in_test"": [], ""missing_in_train"": []}"
d2_beef_uncontrolled|gru|regression|seed09|fold00,m1_benchmark,d2_beef_uncontrolled,gru,regression,9,0,16,1.1.0,real,True,ok,,2026-09-20T07:56:05Z,3.374355750158429,6435,2145,,,3,1,523607d0ddee,a1e5ffb5ea1bc68c,002054794067,require_all_classes,"{""missing_in_test"": [], ""missing_in_train"": []}"
d2_beef_uncontrolled|gru|regression|seed09|fold01,m1_benchmark,d2_beef_uncontrolled,gru,regression,9,1,16,1.1.0,real,True,ok,,2026-09-20T07:56:44Z,3.401119124609977,6435,2145,,,3,1,de265fd108a1,a3e63702238b5b07,002054794067,require_all_classes,"{""missing_in_test"": [], ""missing_in_train"": []}"
d2_beef_uncontrolled|gru|regression|seed09|fold02,m1_benchmark,d2_beef_uncontrolled,gru,regression,9,2,16,1.1.0,real,True,ok,,2026-09-20T07:57:24Z,3.3792881672270596,6435,2145,,,3,1,9a76beab3005,f5650f73b0af5897,002054794067,require_all_classes,"{""missing_in_test"": [], ""missing_in_train"": []}"
d2_beef_uncontrolled|gru|regression|seed09|fold03,m1_benchmark,d2_beef_uncontrolled,gru,regression,9,3,16,1.1.0,real,True,ok,,2026-09-20T07:58:05Z,3.3665302079170942,6435,2145,,,3,1,bcc42ac9806b,8a98bb6d3933b270,002054794067,require_all_classes,"{""missing_in_test"": [], ""missing_in_train"": []}"
d2_beef_uncontrolled|gru|regression|seed09|fold04,m1_benchmark,d2_beef_uncontrolled,gru,regression,9,4,16,1.1.0,real,True,ok,,2026-09-20T07:58:45Z,3.382630791980773,6435,2145,,,3,1,3b4893542c85,4177264852fd676e,002054794067,require_all_classes,"{""missing_in_test"": [], ""missing_in_train"": []}"
d2_beef_uncontrolled|lstm|classification|seed00|fold00,m1_benchmark,d2_beef_uncontrolled,lstm,classification,0,0,16,1.1.0,real,True,ok,,2026-09-20T07:25:17Z,3.8606468341313303,6435,2145,,,3,1,20a70c561f8e,9e268131fca45448,59a133a794a8,require_all_classes,"{""missing_in_test"": [], ""missing_in_train"": []}"
d2_beef_uncontrolled|lstm|classification|seed00|fold01,m1_benchmark,d2_beef_uncontrolled,lstm,classification,0,1,16,1.1.0,real,True,ok,,2026-09-20T07:25:56Z,3.762499541975558,6435,2145,,,3,1,6c9ef01abdf9,204b06c0a4e98f9d,59a133a794a8,require_all_classes,"{""missing_in_test"": [], ""missing_in_train"": []}"
d2_beef_uncontrolled|lstm|classification|seed00|fold02,m1_benchmark,d2_beef_uncontrolled,lstm,classification,0,2,16,1.1.0,real,True,ok,,2026-09-20T07:26:35Z,3.7225961252115667,6435,2145,,,3,1,8f5d6031eff3,aec6f4a6cae24ad3,59a133a794a8,require_all_classes,"{""missing_in_test"": [], ""missing_in_train"": []}"
d2_beef_uncontrolled|lstm|classification|seed00|fold03,m1_benchmark,d2_beef_uncontrolled,lstm,classification,0,3,16,1.1.0,real,True,ok,,2026-09-20T07:27:15Z,3.81026962492615,6435,2145,,,3,1,940f76d29b89,3c4a5d4c759fd7e8,59a133a794a8,require_all_classes,"{""missing_in_test"": [], ""missing_in_train"": []}"
d2_beef_uncontrolled|lstm|classification|seed00|fold04,m1_benchmark,d2_beef_uncontrolled,lstm,classification,0,4,16,1.1.0,real,True,ok,,2026-09-20T07:27:55Z,3.7029845830984414,6435,2145,,,3,1,b01bbf6f9575,4e424a34f6a65978,59a133a794a8,require_all_classes,"{""missing_in_test"": [], ""missing_in_train"": []}"
d2_beef_uncontrolled|lstm|classification|seed01|fold00,m1_benchmark,d2_beef_uncontrolled,lstm,classification,1,0,16,1.1.0,real,True,ok,,2026-09-20T07:28:36Z,3.673101874999702,6435,2145,,,3,1,92d667f81d03,5f0f4a3db860b9e8,4ba0eff43fba,require_all_classes,"{""missing_in_test"": [], ""missing_in_train"": []}"
d2_beef_uncontrolled|lstm|classification|seed01|fold01,m1_benchmark,d2_beef_uncontrolled,lstm,classification,1,1,16,1.1.0,real,True,ok,,2026-09-20T07:29:14Z,3.7005764576606452,6435,2145,,,3,1,63eaca80ac77,e37ad9b4e48fb923,4ba0eff43fba,require_all_classes,"{""missing_in_test"": [], ""missing_in_train"": []}"
d2_beef_uncontrolled|lstm|classification|seed01|fold02,m1_benchmark,d2_beef_uncontrolled,lstm,classification,1,2,16,1.1.0,real,True,ok,,2026-09-20T07:29:53Z,3.7314059580676258,6435,2145,,,3,1,14ed105fd91e,edd3bd021d4f0512,4ba0eff43fba,require_all_classes,"{""missing_in_test"": [], ""missing_in_train"": []}"
d2_beef_uncontrolled|lstm|classification|seed01|fold03,m1_benchmark,d2_beef_uncontrolled,lstm,classification,1,3,16,1.1.0,real,True,ok,,2026-09-20T07:30:32Z,3.65931662498042,6435,2145,,,3,1,99c64364d832,80c610c15076e557,4ba0eff43fba,require_all_classes,"{""missing_in_test"": [], ""missing_in_train"": []}"
d2_beef_uncontrolled|lstm|classification|seed01|fold04,m1_benchmark,d2_beef_uncontrolled,lstm,classification,1,4,16,1.1.0,real,True,ok,,2026-09-20T07:31:11Z,3.687111666891724,6435,2145,,,3,1,fa4200209670,d1d95408dad70252,4ba0eff43fba,require_all_classes,"{""missing_in_test"": [], ""missing_in_train"": []}"
d2_beef_uncontrolled|lstm|classification|seed02|fold00,m1_benchmark,d2_beef_uncontrolled,lstm,classification,2,0,16,1.1.0,real,True,ok,,2026-09-20T07:31:53Z,3.880589332897216,6435,2145,,,3,1,38e11e05422e,7f085bea7a02f713,5dd6f201e6a4,require_all_classes,"{""missing_in_test"": [], ""missing_in_train"": []}"
d2_beef_uncontrolled|lstm|classification|seed02|fold01,m1_benchmark,d2_beef_uncontrolled,lstm,classification,2,1,16,1.1.0,real,True,ok,,2026-09-20T07:32:34Z,3.816526584327221,6435,2145,,,3,1,8a87c8dddc86,c435b1de3b09cb7c,5dd6f201e6a4,require_all_classes,"{""missing_in_test"": [], ""missing_in_train"": []}"
d2_beef_uncontrolled|lstm|classification|seed02|fold02,m1_benchmark,d2_beef_uncontrolled,lstm,classification,2,2,16,1.1.0,real,True,ok,,2026-09-20T07:33:13Z,3.764523500110954,6435,2145,,,3,1,545d378c28a6,fcd9dfcf2c57c9cc,5dd6f201e6a4,require_all_classes,"{""missing_in_test"": [], ""missing_in_train"": []}"
d2_beef_uncontrolled|lstm|classification|seed02|fold03,m1_benchmark,d2_beef_uncontrolled,lstm,classification,2,3,16,1.1.0,real,True,ok,,2026-09-20T07:33:52Z,3.725775874685496,6435,2145,,,3,1,289906332a4f,5743bdcbc05f7e16,5dd6f201e6a4,require_all_classes,"{""missing_in_test"": [], ""missing_in_train"": []}"
d2_beef_uncontrolled|lstm|classification|seed02|fold04,m1_benchmark,d2_beef_uncontrolled,lstm,classification,2,4,16,1.1.0,real,True,ok,,2026-09-20T07:34:32Z,3.708242333959788,6435,2145,,,3,1,202906f4d7e1,199ce2ae184ef691,5dd6f201e6a4,require_all_classes,"{""missing_in_test"": [], ""missing_in_train"": []}"
d2_beef_uncontrolled|lstm|classification|seed03|fold00,m1_benchmark,d2_beef_uncontrolled,lstm,classification,3,0,16,1.1.0,real,True,ok,,2026-09-20T07:35:17Z,3.914240207988769,6435,2145,,,3,1,0e087c313624,5d8415578dbd0e1a,d7af62ae68b3,require_all_classes,"{""missing_in_test"": [], ""missing_in_train"": []}"
d2_beef_uncontrolled|lstm|classification|seed03|fold01,m1_benchmark,d2_beef_uncontrolled,lstm,classification,3,1,16,1.1.0,real,True,ok,,2026-09-20T07:35:59Z,4.289504167158157,6435,2145,,,3,1,ff41306bda71,84c9f1b0c687e9e2,d7af62ae68b3,require_all_classes,"{""missing_in_test"": [], ""missing_in_train"": []}"
d2_beef_uncontrolled|lstm|classification|seed03|fold02,m1_benchmark,d2_beef_uncontrolled,lstm,classification,3,2,16,1.1.0,real,True,ok,,2026-09-20T07:36:39Z,3.7859676657244563,6435,2145,,,3,1,31c8eaca9098,5408e63e44244563,d7af62ae68b3,require_all_classes,"{""missing_in_test"": [], ""missing_in_train"": []}"
d2_beef_uncontrolled|lstm|classification|seed03|fold03,m1_benchmark,d2_beef_uncontrolled,lstm,classification,3,3,16,1.1.0,real,True,ok,,2026-09-20T07:37:20Z,3.791278332937509,6435,2145,,,3,1,73fd7314e359,fc6c7dabd4e200e4,d7af62ae68b3,require_all_classes,"{""missing_in_test"": [], ""missing_in_train"": []}"
d2_beef_uncontrolled|lstm|classification|seed03|fold04,m1_benchmark,d2_beef_uncontrolled,lstm,classification,3,4,16,1.1.0,real,True,ok,,2026-09-20T07:38:02Z,3.8982457080855966,6435,2145,,,3,1,a4933ae9f507,9984629967432718,d7af62ae68b3,require_all_classes,"{""missing_in_test"": [], ""missing_in_train"": []}"
d2_beef_uncontrolled|lstm|classification|seed04|fold00,m1_benchmark,d2_beef_uncontrolled,lstm,classification,4,0,16,1.1.0,real,True,ok,,2026-09-20T07:38:46Z,3.7632619999349117,6435,2145,,,3,1,ab20f229b2e5,2673553b6d96cb0f,4c7f1683df26,require_all_classes,"{""missing_in_test"": [], ""missing_in_train"": []}"
d2_beef_uncontrolled|lstm|classification|seed04|fold01,m1_benchmark,d2_beef_uncontrolled,lstm,classification,4,1,16,1.1.0,real,True,ok,,2026-09-20T07:39:26Z,3.7234788751229644,6435,2145,,,3,1,6b2262999c63,05885c2a699d0fa6,4c7f1683df26,require_all_classes,"{""missing_in_test"": [], ""missing_in_train"": []}"
d2_beef_uncontrolled|lstm|classification|seed04|fold02,m1_benchmark,d2_beef_uncontrolled,lstm,classification,4,2,16,1.1.0,real,True,ok,,2026-09-20T07:40:06Z,3.7040419592522085,6435,2145,,,3,1,557db8e1a73e,3fa55b34a50fcbc2,4c7f1683df26,require_all_classes,"{""missing_in_test"": [], ""missing_in_train"": []}"
d2_beef_uncontrolled|lstm|classification|seed04|fold03,m1_benchmark,d2_beef_uncontrolled,lstm,classification,4,3,16,1.1.0,real,True,ok,,2026-09-20T07:40:48Z,4.072909291833639,6435,2145,,,3,1,9dd348ffc2ab,641be958e27c43b4,4c7f1683df26,require_all_classes,"{""missing_in_test"": [], ""missing_in_train"": []}"
d2_beef_uncontrolled|lstm|classification|seed04|fold04,m1_benchmark,d2_beef_uncontrolled,lstm,classification,4,4,16,1.1.0,real,True,ok,,2026-09-20T07:41:28Z,3.681119458284229,6435,2145,,,3,1,faf19bcdc9b9,bc6c3bad849f9fd9,4c7f1683df26,require_all_classes,"{""missing_in_test"": [], ""missing_in_train"": []}"
d2_beef_uncontrolled|lstm|classification|seed05|fold00,m1_benchmark,d2_beef_uncontrolled,lstm,classification,5,0,16,1.1.0,real,True,ok,,2026-09-20T07:42:11Z,3.668145707808435,6435,2145,,,3,1,413cdd715162,55fca0845c7a96ec,141e2cf771a3,require_all_classes,"{""missing_in_test"": [], ""missing_in_train"": []}"
d2_beef_uncontrolled|lstm|classification|seed05|fold01,m1_benchmark,d2_beef_uncontrolled,lstm,classification,5,1,16,1.1.0,real,True,ok,,2026-09-20T07:42:50Z,3.710720125120133,6435,2145,,,3,1,a8b8c30a5944,9b024381d73f732e,141e2cf771a3,require_all_classes,"{""missing_in_test"": [], ""missing_in_train"": []}"
d2_beef_uncontrolled|lstm|classification|seed05|fold02,m1_benchmark,d2_beef_uncontrolled,lstm,classification,5,2,16,1.1.0,real,True,ok,,2026-09-20T07:43:32Z,3.7793340417556465,6435,2145,,,3,1,9de5f792dc27,72878b6142775f8c,141e2cf771a3,require_all_classes,"{""missing_in_test"": [], ""missing_in_train"": []}"
d2_beef_uncontrolled|lstm|classification|seed05|fold03,m1_benchmark,d2_beef_uncontrolled,lstm,classification,5,3,16,1.1.0,real,True,ok,,2026-09-20T07:44:12Z,3.8406660831533372,6435,2145,,,3,1,a5838cf9641b,3d0c11fecd62c1d4,141e2cf771a3,require_all_classes,"{""missing_in_test"": [], ""missing_in_train"": []}"
d2_beef_uncontrolled|lstm|classification|seed05|fold04,m1_benchmark,d2_beef_uncontrolled,lstm,classification,5,4,16,1.1.0,real,True,ok,,2026-09-20T07:44:52Z,3.699952958151698,6435,2145,,,3,1,6eee1b95b6aa,046520d47d6751c7,141e2cf771a3,require_all_classes,"{""missing_in_test"": [], ""missing_in_train"": []}"
d2_beef_uncontrolled|lstm|classification|seed06|fold00,m1_benchmark,d2_beef_uncontrolled,lstm,classification,6,0,16,1.1.0,real,True,ok,,2026-09-20T07:45:39Z,5.562723125331104,6435,2145,,,3,1,477c37a8ab73,4a7a55f438563412,711fb81f4d00,require_all_classes,"{""missing_in_test"": [], ""missing_in_train"": []}"
d2_beef_uncontrolled|lstm|classification|seed06|fold01,m1_benchmark,d2_beef_uncontrolled,lstm,classification,6,1,16,1.1.0,real,True,ok,,2026-09-20T07:46:20Z,3.7151345419697464,6435,2145,,,3,1,1c2e3ba58278,5d014618f4b137c4,711fb81f4d00,require_all_classes,"{""missing_in_test"": [], ""missing_in_train"": []}"
d2_beef_uncontrolled|lstm|classification|seed06|fold02,m1_benchmark,d2_beef_uncontrolled,lstm,classification,6,2,16,1.1.0,real,True,ok,,2026-09-20T07:47:02Z,3.75045158341527,6435,2145,,,3,1,54ff457155dd,9cc6a78360aa946d,711fb81f4d00,require_all_classes,"{""missing_in_test"": [], ""missing_in_train"": []}"
d2_beef_uncontrolled|lstm|classification|seed06|fold03,m1_benchmark,d2_beef_uncontrolled,lstm,classification,6,3,16,1.1.0,real,True,ok,,2026-09-20T07:47:40Z,3.6693733339197934,6435,2145,,,3,1,a877630b86ff,4c2cb21d0912ecdf,711fb81f4d00,require_all_classes,"{""missing_in_test"": [], ""missing_in_train"": []}"
d2_beef_uncontrolled|lstm|classification|seed06|fold04,m1_benchmark,d2_beef_uncontrolled,lstm,classification,6,4,16,1.1.0,real,True,ok,,2026-09-20T07:48:21Z,3.6792926248162985,6435,2145,,,3,1,308afc6cb592,a1f9c17f353ddd6a,711fb81f4d00,require_all_classes,"{""missing_in_test"": [], ""missing_in_train"": []}"
d2_beef_uncontrolled|lstm|classification|seed07|fold00,m1_benchmark,d2_beef_uncontrolled,lstm,classification,7,0,16,1.1.0,real,True,ok,,2026-09-20T07:49:02Z,3.703557041939348,6435,2145,,,3,1,7b279b72dfb8,83eec39e872da21a,5c2b2b869c73,require_all_classes,"{""missing_in_test"": [], ""missing_in_train"": []}"
d2_beef_uncontrolled|lstm|classification|seed07|fold01,m1_benchmark,d2_beef_uncontrolled,lstm,classification,7,1,16,1.1.0,real,True,ok,,2026-09-20T07:49:42Z,3.671418083831668,6435,2145,,,3,1,bb1e5578b9e3,87b191d0746cf2a6,5c2b2b869c73,require_all_classes,"{""missing_in_test"": [], ""missing_in_train"": []}"
d2_beef_uncontrolled|lstm|classification|seed07|fold02,m1_benchmark,d2_beef_uncontrolled,lstm,classification,7,2,16,1.1.0,real,True,ok,,2026-09-20T07:50:22Z,3.7793366252444685,6435,2145,,,3,1,ba39acccb154,e050987959123eb4,5c2b2b869c73,require_all_classes,"{""missing_in_test"": [], ""missing_in_train"": []}"
d2_beef_uncontrolled|lstm|classification|seed07|fold03,m1_benchmark,d2_beef_uncontrolled,lstm,classification,7,3,16,1.1.0,real,True,ok,,2026-09-20T07:51:04Z,3.7209744579158723,6435,2145,,,3,1,4726b95fa672,7f666ad437496ca0,5c2b2b869c73,require_all_classes,"{""missing_in_test"": [], ""missing_in_train"": []}"
d2_beef_uncontrolled|lstm|classification|seed07|fold04,m1_benchmark,d2_beef_uncontrolled,lstm,classification,7,4,16,1.1.0,real,True,ok,,2026-09-20T07:51:49Z,3.8024526247754693,6435,2145,,,3,1,2e34c9f360a4,78d667c6ef716ab1,5c2b2b869c73,require_all_classes,"{""missing_in_test"": [], ""missing_in_train"": []}"
d2_beef_uncontrolled|lstm|classification|seed08|fold00,m1_benchmark,d2_beef_uncontrolled,lstm,classification,8,0,16,1.1.0,real,True,ok,,2026-09-20T07:52:35Z,3.7996491249650717,6435,2145,,,3,1,760fd382be4c,84f1399060fb3281,e7dc445ff81a,require_all_classes,"{""missing_in_test"": [], ""missing_in_train"": []}"
d2_beef_uncontrolled|lstm|classification|seed08|fold01,m1_benchmark,d2_beef_uncontrolled,lstm,classification,8,1,16,1.1.0,real,True,ok,,2026-09-20T07:53:18Z,3.7044646251015365,6435,2145,,,3,1,f60758215a07,6ce52fda97e3042c,e7dc445ff81a,require_all_classes,"{""missing_in_test"": [], ""missing_in_train"": []}"
d2_beef_uncontrolled|lstm|classification|seed08|fold02,m1_benchmark,d2_beef_uncontrolled,lstm,classification,8,2,16,1.1.0,real,True,ok,,2026-09-20T07:54:03Z,3.7250337917357683,6435,2145,,,3,1,b12aea5b360e,52d755d421530089,e7dc445ff81a,require_all_classes,"{""missing_in_test"": [], ""missing_in_train"": []}"
d2_beef_uncontrolled|lstm|classification|seed08|fold03,m1_benchmark,d2_beef_uncontrolled,lstm,classification,8,3,16,1.1.0,real,True,ok,,2026-09-20T07:54:44Z,3.68026441661641,6435,2145,,,3,1,d24ce02cae99,01de04935902fcd6,e7dc445ff81a,require_all_classes,"{""missing_in_test"": [], ""missing_in_train"": []}"
d2_beef_uncontrolled|lstm|classification|seed08|fold04,m1_benchmark,d2_beef_uncontrolled,lstm,classification,8,4,16,1.1.0,real,True,ok,,2026-09-20T07:55:25Z,3.710316542070359,6435,2145,,,3,1,02ddc5401296,a32aca769fec52cf,e7dc445ff81a,require_all_classes,"{""missing_in_test"": [], ""missing_in_train"": []}"
d2_beef_uncontrolled|lstm|classification|seed09|fold00,m1_benchmark,d2_beef_uncontrolled,lstm,classification,9,0,16,1.1.0,real,True,ok,,2026-09-20T07:56:09Z,3.681725792121142,6435,2145,,,3,1,523607d0ddee,9c11ea7c44a558fe,002054794067,require_all_classes,"{""missing_in_test"": [], ""missing_in_train"": []}"
d2_beef_uncontrolled|lstm|classification|seed09|fold01,m1_benchmark,d2_beef_uncontrolled,lstm,classification,9,1,16,1.1.0,real,True,ok,,2026-09-20T07:56:48Z,3.6782180829904974,6435,2145,,,3,1,de265fd108a1,08d6fe51f40cd6b1,002054794067,require_all_classes,"{""missing_in_test"": [], ""missing_in_train"": []}"
d2_beef_uncontrolled|lstm|classification|seed09|fold02,m1_benchmark,d2_beef_uncontrolled,lstm,classification,9,2,16,1.1.0,real,True,ok,,2026-09-20T07:57:28Z,3.6705173342488706,6435,2145,,,3,1,9a76beab3005,1639166e1098b407,002054794067,require_all_classes,"{""missing_in_test"": [], ""missing_in_train"": []}"
d2_beef_uncontrolled|lstm|classification|seed09|fold03,m1_benchmark,d2_beef_uncontrolled,lstm,classification,9,3,16,1.1.0,real,True,ok,,2026-09-20T07:58:09Z,3.686940500047058,6435,2145,,,3,1,bcc42ac9806b,816ffe208925c4ba,002054794067,require_all_classes,"{""missing_in_test"": [], ""missing_in_train"": []}"
d2_beef_uncontrolled|lstm|classification|seed09|fold04,m1_benchmark,d2_beef_uncontrolled,lstm,classification,9,4,16,1.1.0,real,True,ok,,2026-09-20T07:58:49Z,3.6768380417488515,6435,2145,,,3,1,3b4893542c85,5e35bb3286ee6b32,002054794067,require_all_classes,"{""missing_in_test"": [], ""missing_in_train"": []}"
d2_beef_uncontrolled|lstm|regression|seed00|fold00,m1_benchmark,d2_beef_uncontrolled,lstm,regression,0,0,16,1.1.0,real,True,ok,,2026-09-20T07:25:21Z,3.7969636246562004,6435,2145,,,3,1,20a70c561f8e,00e29a4c42679829,59a133a794a8,require_all_classes,"{""missing_in_test"": [], ""missing_in_train"": []}"
d2_beef_uncontrolled|lstm|regression|seed00|fold01,m1_benchmark,d2_beef_uncontrolled,lstm,regression,0,1,16,1.1.0,real,True,ok,,2026-09-20T07:26:00Z,3.729091249871999,6435,2145,,,3,1,6c9ef01abdf9,b12e79e6d4523669,59a133a794a8,require_all_classes,"{""missing_in_test"": [], ""missing_in_train"": []}"
d2_beef_uncontrolled|lstm|regression|seed00|fold02,m1_benchmark,d2_beef_uncontrolled,lstm,regression,0,2,16,1.1.0,real,True,ok,,2026-09-20T07:26:38Z,3.7311692917719483,6435,2145,,,3,1,8f5d6031eff3,e5d426ca3b10179c,59a133a794a8,require_all_classes,"{""missing_in_test"": [], ""missing_in_train"": []}"
d2_beef_uncontrolled|lstm|regression|seed00|fold03,m1_benchmark,d2_beef_uncontrolled,lstm,regression,0,3,16,1.1.0,real,True,ok,,2026-09-20T07:27:19Z,3.7275046659633517,6435,2145,,,3,1,940f76d29b89,92a712e2a5e04719,59a133a794a8,require_all_classes,"{""missing_in_test"": [], ""missing_in_train"": []}"
d2_beef_uncontrolled|lstm|regression|seed00|fold04,m1_benchmark,d2_beef_uncontrolled,lstm,regression,0,4,16,1.1.0,real,True,ok,,2026-09-20T07:27:59Z,3.6471504168584943,6435,2145,,,3,1,b01bbf6f9575,dadae2b9122fe9fc,59a133a794a8,require_all_classes,"{""missing_in_test"": [], ""missing_in_train"": []}"
d2_beef_uncontrolled|lstm|regression|seed01|fold00,m1_benchmark,d2_beef_uncontrolled,lstm,regression,1,0,16,1.1.0,real,True,ok,,2026-09-20T07:28:39Z,3.627676083240658,6435,2145,,,3,1,92d667f81d03,c5c94fc53cf9caea,4ba0eff43fba,require_all_classes,"{""missing_in_test"": [], ""missing_in_train"": []}"
d2_beef_uncontrolled|lstm|regression|seed01|fold01,m1_benchmark,d2_beef_uncontrolled,lstm,regression,1,1,16,1.1.0,real,True,ok,,2026-09-20T07:29:17Z,3.669459832832217,6435,2145,,,3,1,63eaca80ac77,32175afc13fadaf3,4ba0eff43fba,require_all_classes,"{""missing_in_test"": [], ""missing_in_train"": []}"
d2_beef_uncontrolled|lstm|regression|seed01|fold02,m1_benchmark,d2_beef_uncontrolled,lstm,regression,1,2,16,1.1.0,real,True,ok,,2026-09-20T07:29:57Z,3.6493689161725342,6435,2145,,,3,1,14ed105fd91e,67941ea79f06332e,4ba0eff43fba,require_all_classes,"{""missing_in_test"": [], ""missing_in_train"": []}"
d2_beef_uncontrolled|lstm|regression|seed01|fold03,m1_benchmark,d2_beef_uncontrolled,lstm,regression,1,3,16,1.1.0,real,True,ok,,2026-09-20T07:30:36Z,3.7314284997992218,6435,2145,,,3,1,99c64364d832,95cc268a637cb500,4ba0eff43fba,require_all_classes,"{""missing_in_test"": [], ""missing_in_train"": []}"
d2_beef_uncontrolled|lstm|regression|seed01|fold04,m1_benchmark,d2_beef_uncontrolled,lstm,regression,1,4,16,1.1.0,real,True,ok,,2026-09-20T07:31:15Z,3.6990422499366105,6435,2145,,,3,1,fa4200209670,95a28a26329e4324,4ba0eff43fba,require_all_classes,"{""missing_in_test"": [], ""missing_in_train"": []}"
d2_beef_uncontrolled|lstm|regression|seed02|fold00,m1_benchmark,d2_beef_uncontrolled,lstm,regression,2,0,16,1.1.0,real,True,ok,,2026-09-20T07:31:57Z,3.8247500001452863,6435,2145,,,3,1,38e11e05422e,2d2476307f7a23ee,5dd6f201e6a4,require_all_classes,"{""missing_in_test"": [], ""missing_in_train"": []}"
d2_beef_uncontrolled|lstm|regression|seed02|fold01,m1_benchmark,d2_beef_uncontrolled,lstm,regression,2,1,16,1.1.0,real,True,ok,,2026-09-20T07:32:38Z,3.7728697499260306,6435,2145,,,3,1,8a87c8dddc86,0c00865a62277338,5dd6f201e6a4,require_all_classes,"{""missing_in_test"": [], ""missing_in_train"": []}"
d2_beef_uncontrolled|lstm|regression|seed02|fold02,m1_benchmark,d2_beef_uncontrolled,lstm,regression,2,2,16,1.1.0,real,True,ok,,2026-09-20T07:33:17Z,3.6708910004235804,6435,2145,,,3,1,545d378c28a6,77a4753321492a61,5dd6f201e6a4,require_all_classes,"{""missing_in_test"": [], ""missing_in_train"": []}"
d2_beef_uncontrolled|lstm|regression|seed02|fold03,m1_benchmark,d2_beef_uncontrolled,lstm,regression,2,3,16,1.1.0,real,True,ok,,2026-09-20T07:33:56Z,3.690930875018239,6435,2145,,,3,1,289906332a4f,cdb784270c2c7738,5dd6f201e6a4,require_all_classes,"{""missing_in_test"": [], ""missing_in_train"": []}"
d2_beef_uncontrolled|lstm|regression|seed02|fold04,m1_benchmark,d2_beef_uncontrolled,lstm,regression,2,4,16,1.1.0,real,True,ok,,2026-09-20T07:34:35Z,3.8104765843600035,6435,2145,,,3,1,202906f4d7e1,ecee4d405f3037b9,5dd6f201e6a4,require_all_classes,"{""missing_in_test"": [], ""missing_in_train"": []}"
d2_beef_uncontrolled|lstm|regression|seed03|fold00,m1_benchmark,d2_beef_uncontrolled,lstm,regression,3,0,16,1.1.0,real,True,ok,,2026-09-20T07:35:21Z,3.8370124171487987,6435,2145,,,3,1,0e087c313624,818bf4e6ca44f160,d7af62ae68b3,require_all_classes,"{""missing_in_test"": [], ""missing_in_train"": []}"
d2_beef_uncontrolled|lstm|regression|seed03|fold01,m1_benchmark,d2_beef_uncontrolled,lstm,regression,3,1,16,1.1.0,real,True,ok,,2026-09-20T07:36:03Z,3.9706429997459054,6435,2145,,,3,1,ff41306bda71,f241bba35afdbd7b,d7af62ae68b3,require_all_classes,"{""missing_in_test"": [], ""missing_in_train"": []}"
d2_beef_uncontrolled|lstm|regression|seed03|fold02,m1_benchmark,d2_beef_uncontrolled,lstm,regression,3,2,16,1.1.0,real,True,ok,,2026-09-20T07:36:43Z,3.88187204208225,6435,2145,,,3,1,31c8eaca9098,f250f093e3658713,d7af62ae68b3,require_all_classes,"{""missing_in_test"": [], ""missing_in_train"": []}"
d2_beef_uncontrolled|lstm|regression|seed03|fold03,m1_benchmark,d2_beef_uncontrolled,lstm,regression,3,3,16,1.1.0,real,True,ok,,2026-09-20T07:37:24Z,3.7807889580726624,6435,2145,,,3,1,73fd7314e359,327db9ee08703b7a,d7af62ae68b3,require_all_classes,"{""missing_in_test"": [], ""missing_in_train"": []}"
d2_beef_uncontrolled|lstm|regression|seed03|fold04,m1_benchmark,d2_beef_uncontrolled,lstm,regression,3,4,16,1.1.0,real,True,ok,,2026-09-20T07:38:06Z,3.9815701660700142,6435,2145,,,3,1,a4933ae9f507,f7f959d9365d4e21,d7af62ae68b3,require_all_classes,"{""missing_in_test"": [], ""missing_in_train"": []}"
d2_beef_uncontrolled|lstm|regression|seed04|fold00,m1_benchmark,d2_beef_uncontrolled,lstm,regression,4,0,16,1.1.0,real,True,ok,,2026-09-20T07:38:50Z,3.6657187906093895,6435,2145,,,3,1,ab20f229b2e5,e735aba545f4ecab,4c7f1683df26,require_all_classes,"{""missing_in_test"": [], ""missing_in_train"": []}"
d2_beef_uncontrolled|lstm|regression|seed04|fold01,m1_benchmark,d2_beef_uncontrolled,lstm,regression,4,1,16,1.1.0,real,True,ok,,2026-09-20T07:39:30Z,3.734527708031237,6435,2145,,,3,1,6b2262999c63,e052d0f149a793d9,4c7f1683df26,require_all_classes,"{""missing_in_test"": [], ""missing_in_train"": []}"
d2_beef_uncontrolled|lstm|regression|seed04|fold02,m1_benchmark,d2_beef_uncontrolled,lstm,regression,4,2,16,1.1.0,real,True,ok,,2026-09-20T07:40:10Z,3.7887814580462873,6435,2145,,,3,1,557db8e1a73e,d62ee3160e99820e,4c7f1683df26,require_all_classes,"{""missing_in_test"": [], ""missing_in_train"": []}"
d2_beef_uncontrolled|lstm|regression|seed04|fold03,m1_benchmark,d2_beef_uncontrolled,lstm,regression,4,3,16,1.1.0,real,True,ok,,2026-09-20T07:40:52Z,4.031249499879777,6435,2145,,,3,1,9dd348ffc2ab,87e200e625f9f588,4c7f1683df26,require_all_classes,"{""missing_in_test"": [], ""missing_in_train"": []}"
d2_beef_uncontrolled|lstm|regression|seed04|fold04,m1_benchmark,d2_beef_uncontrolled,lstm,regression,4,4,16,1.1.0,real,True,ok,,2026-09-20T07:41:32Z,3.6550917089916766,6435,2145,,,3,1,faf19bcdc9b9,fe3eb6b20c8817ea,4c7f1683df26,require_all_classes,"{""missing_in_test"": [], ""missing_in_train"": []}"
d2_beef_uncontrolled|lstm|regression|seed05|fold00,m1_benchmark,d2_beef_uncontrolled,lstm,regression,5,0,16,1.1.0,real,True,ok,,2026-09-20T07:42:15Z,3.8397818747907877,6435,2145,,,3,1,413cdd715162,dd0ed43647d46b41,141e2cf771a3,require_all_classes,"{""missing_in_test"": [], ""missing_in_train"": []}"
d2_beef_uncontrolled|lstm|regression|seed05|fold01,m1_benchmark,d2_beef_uncontrolled,lstm,regression,5,1,16,1.1.0,real,True,ok,,2026-09-20T07:42:54Z,3.6756958747282624,6435,2145,,,3,1,a8b8c30a5944,28a008a705342431,141e2cf771a3,require_all_classes,"{""missing_in_test"": [], ""missing_in_train"": []}"
d2_beef_uncontrolled|lstm|regression|seed05|fold02,m1_benchmark,d2_beef_uncontrolled,lstm,regression,5,2,16,1.1.0,real,True,ok,,2026-09-20T07:43:36Z,3.6852498748339713,6435,2145,,,3,1,9de5f792dc27,4cc49721cbbd0956,141e2cf771a3,require_all_classes,"{""missing_in_test"": [], ""missing_in_train"": []}"
d2_beef_uncontrolled|lstm|regression|seed05|fold03,m1_benchmark,d2_beef_uncontrolled,lstm,regression,5,3,16,1.1.0,real,True,ok,,2026-09-20T07:44:15Z,3.698051707819104,6435,2145,,,3,1,a5838cf9641b,054be28443ce103d,141e2cf771a3,require_all_classes,"{""missing_in_test"": [], ""missing_in_train"": []}"
d2_beef_uncontrolled|lstm|regression|seed05|fold04,m1_benchmark,d2_beef_uncontrolled,lstm,regression,5,4,16,1.1.0,real,True,ok,,2026-09-20T07:44:56Z,3.6993294171988964,6435,2145,,,3,1,6eee1b95b6aa,ddc69ee0fb060fa3,141e2cf771a3,require_all_classes,"{""missing_in_test"": [], ""missing_in_train"": []}"
d2_beef_uncontrolled|lstm|regression|seed06|fold00,m1_benchmark,d2_beef_uncontrolled,lstm,regression,6,0,16,1.1.0,real,True,ok,,2026-09-20T07:45:43Z,4.10644800029695,6435,2145,,,3,1,477c37a8ab73,84ca62def83ab62d,711fb81f4d00,require_all_classes,"{""missing_in_test"": [], ""missing_in_train"": []}"
d2_beef_uncontrolled|lstm|regression|seed06|fold01,m1_benchmark,d2_beef_uncontrolled,lstm,regression,6,1,16,1.1.0,real,True,ok,,2026-09-20T07:46:24Z,3.7184490421786904,6435,2145,,,3,1,1c2e3ba58278,57d02b643e4f8b1c,711fb81f4d00,require_all_classes,"{""missing_in_test"": [], ""missing_in_train"": []}"
d2_beef_uncontrolled|lstm|regression|seed06|fold02,m1_benchmark,d2_beef_uncontrolled,lstm,regression,6,2,16,1.1.0,real,True,ok,,2026-09-20T07:47:05Z,3.644455458968878,6435,2145,,,3,1,54ff457155dd,74077c61e334da17,711fb81f4d00,require_all_classes,"{""missing_in_test"": [], ""missing_in_train"": []}"
d2_beef_uncontrolled|lstm|regression|seed06|fold03,m1_benchmark,d2_beef_uncontrolled,lstm,regression,6,3,16,1.1.0,real,True,ok,,2026-09-20T07:47:44Z,3.650431958027184,6435,2145,,,3,1,a877630b86ff,7219b839b993aaf8,711fb81f4d00,require_all_classes,"{""missing_in_test"": [], ""missing_in_train"": []}"
d2_beef_uncontrolled|lstm|regression|seed06|fold04,m1_benchmark,d2_beef_uncontrolled,lstm,regression,6,4,16,1.1.0,real,True,ok,,2026-09-20T07:48:24Z,3.66390512464568,6435,2145,,,3,1,308afc6cb592,5bb3d4bf8b957054,711fb81f4d00,require_all_classes,"{""missing_in_test"": [], ""missing_in_train"": []}"
d2_beef_uncontrolled|lstm|regression|seed07|fold00,m1_benchmark,d2_beef_uncontrolled,lstm,regression,7,0,16,1.1.0,real,True,ok,,2026-09-20T07:49:06Z,3.65217566723004,6435,2145,,,3,1,7b279b72dfb8,6e4c61d353ca51ee,5c2b2b869c73,require_all_classes,"{""missing_in_test"": [], ""missing_in_train"": []}"
d2_beef_uncontrolled|lstm|regression|seed07|fold01,m1_benchmark,d2_beef_uncontrolled,lstm,regression,7,1,16,1.1.0,real,True,ok,,2026-09-20T07:49:45Z,3.666997415944934,6435,2145,,,3,1,bb1e5578b9e3,b926211b2ab07a15,5c2b2b869c73,require_all_classes,"{""missing_in_test"": [], ""missing_in_train"": []}"
d2_beef_uncontrolled|lstm|regression|seed07|fold02,m1_benchmark,d2_beef_uncontrolled,lstm,regression,7,2,16,1.1.0,real,True,ok,,2026-09-20T07:50:26Z,3.7275920840911567,6435,2145,,,3,1,ba39acccb154,eede4b35d0dcb85e,5c2b2b869c73,require_all_classes,"{""missing_in_test"": [], ""missing_in_train"": []}"
d2_beef_uncontrolled|lstm|regression|seed07|fold03,m1_benchmark,d2_beef_uncontrolled,lstm,regression,7,3,16,1.1.0,real,True,ok,,2026-09-20T07:51:08Z,3.7015120000578463,6435,2145,,,3,1,4726b95fa672,42fbfde619226457,5c2b2b869c73,require_all_classes,"{""missing_in_test"": [], ""missing_in_train"": []}"
d2_beef_uncontrolled|lstm|regression|seed07|fold04,m1_benchmark,d2_beef_uncontrolled,lstm,regression,7,4,16,1.1.0,real,True,ok,,2026-09-20T07:51:53Z,3.8380357497371733,6435,2145,,,3,1,2e34c9f360a4,c70892396c143252,5c2b2b869c73,require_all_classes,"{""missing_in_test"": [], ""missing_in_train"": []}"
d2_beef_uncontrolled|lstm|regression|seed08|fold00,m1_benchmark,d2_beef_uncontrolled,lstm,regression,8,0,16,1.1.0,real,True,ok,,2026-09-20T07:52:39Z,3.8665359169244766,6435,2145,,,3,1,760fd382be4c,3f2c3077acc9c701,e7dc445ff81a,require_all_classes,"{""missing_in_test"": [], ""missing_in_train"": []}"
d2_beef_uncontrolled|lstm|regression|seed08|fold01,m1_benchmark,d2_beef_uncontrolled,lstm,regression,8,1,16,1.1.0,real,True,ok,,2026-09-20T07:53:22Z,3.6940911673009396,6435,2145,,,3,1,f60758215a07,4c0db50399ecdfec,e7dc445ff81a,require_all_classes,"{""missing_in_test"": [], ""missing_in_train"": []}"
d2_beef_uncontrolled|lstm|regression|seed08|fold02,m1_benchmark,d2_beef_uncontrolled,lstm,regression,8,2,16,1.1.0,real,True,ok,,2026-09-20T07:54:06Z,3.6987117077223957,6435,2145,,,3,1,b12aea5b360e,5ca87fc243a4f848,e7dc445ff81a,require_all_classes,"{""missing_in_test"": [], ""missing_in_train"": []}"
d2_beef_uncontrolled|lstm|regression|seed08|fold03,m1_benchmark,d2_beef_uncontrolled,lstm,regression,8,3,16,1.1.0,real,True,ok,,2026-09-20T07:54:48Z,3.669068249873817,6435,2145,,,3,1,d24ce02cae99,b70fed547575bb06,e7dc445ff81a,require_all_classes,"{""missing_in_test"": [], ""missing_in_train"": []}"
d2_beef_uncontrolled|lstm|regression|seed08|fold04,m1_benchmark,d2_beef_uncontrolled,lstm,regression,8,4,16,1.1.0,real,True,ok,,2026-09-20T07:55:29Z,3.6926144580356777,6435,2145,,,3,1,02ddc5401296,310aef02baf3eb16,e7dc445ff81a,require_all_classes,"{""missing_in_test"": [], ""missing_in_train"": []}"
d2_beef_uncontrolled|lstm|regression|seed09|fold00,m1_benchmark,d2_beef_uncontrolled,lstm,regression,9,0,16,1.1.0,real,True,ok,,2026-09-20T07:56:12Z,3.651436749845743,6435,2145,,,3,1,523607d0ddee,b11d98876c835d0d,002054794067,require_all_classes,"{""missing_in_test"": [], ""missing_in_train"": []}"
d2_beef_uncontrolled|lstm|regression|seed09|fold01,m1_benchmark,d2_beef_uncontrolled,lstm,regression,9,1,16,1.1.0,real,True,ok,,2026-09-20T07:56:52Z,3.6634914590977132,6435,2145,,,3,1,de265fd108a1,08a3155bc7946df2,002054794067,require_all_classes,"{""missing_in_test"": [], ""missing_in_train"": []}"
d2_beef_uncontrolled|lstm|regression|seed09|fold02,m1_benchmark,d2_beef_uncontrolled,lstm,regression,9,2,16,1.1.0,real,True,ok,,2026-09-20T07:57:32Z,3.64426195807755,6435,2145,,,3,1,9a76beab3005,210285724ed59dad,002054794067,require_all_classes,"{""missing_in_test"": [], ""missing_in_train"": []}"
d2_beef_uncontrolled|lstm|regression|seed09|fold03,m1_benchmark,d2_beef_uncontrolled,lstm,regression,9,3,16,1.1.0,real,True,ok,,2026-09-20T07:58:12Z,3.7803485840559006,6435,2145,,,3,1,bcc42ac9806b,3a697befc0ee341e,002054794067,require_all_classes,"{""missing_in_test"": [], ""missing_in_train"": []}"
d2_beef_uncontrolled|lstm|regression|seed09|fold04,m1_benchmark,d2_beef_uncontrolled,lstm,regression,9,4,16,1.1.0,real,True,ok,,2026-09-20T07:58:52Z,3.6669573336839676,6435,2145,,,3,1,3b4893542c85,31678fe0479455c5,002054794067,require_all_classes,"{""missing_in_test"": [], ""missing_in_train"": []}"
d2_beef_uncontrolled|pca_svm|classification|seed00|fold00,m1_benchmark,d2_beef_uncontrolled,pca_svm,classification,0,0,16,1.1.0,real,True,ok,,2026-09-20T07:25:05Z,0.3500774591229856,6435,2145,,,3,1,20a70c561f8e,3b0959e0073e4997,59a133a794a8,require_all_classes,"{""missing_in_test"": [], ""missing_in_train"": []}"
d2_beef_uncontrolled|pca_svm|classification|seed00|fold01,m1_benchmark,d2_beef_uncontrolled,pca_svm,classification,0,1,16,1.1.0,real,True,ok,,2026-09-20T07:25:45Z,0.3283017077483237,6435,2145,,,3,1,6c9ef01abdf9,140c93e529bcaeed,59a133a794a8,require_all_classes,"{""missing_in_test"": [], ""missing_in_train"": []}"
d2_beef_uncontrolled|pca_svm|classification|seed00|fold02,m1_benchmark,d2_beef_uncontrolled,pca_svm,classification,0,2,16,1.1.0,real,True,ok,,2026-09-20T07:26:24Z,0.26805633399635553,6435,2145,,,3,1,8f5d6031eff3,19ab0f0a6071bce7,59a133a794a8,require_all_classes,"{""missing_in_test"": [], ""missing_in_train"": []}"
d2_beef_uncontrolled|pca_svm|classification|seed00|fold03,m1_benchmark,d2_beef_uncontrolled,pca_svm,classification,0,3,16,1.1.0,real,True,ok,,2026-09-20T07:27:04Z,0.29767537536099553,6435,2145,,,3,1,940f76d29b89,cc856442fbc29780,59a133a794a8,require_all_classes,"{""missing_in_test"": [], ""missing_in_train"": []}"
d2_beef_uncontrolled|pca_svm|classification|seed00|fold04,m1_benchmark,d2_beef_uncontrolled,pca_svm,classification,0,4,16,1.1.0,real,True,ok,,2026-09-20T07:27:44Z,0.3803777080029249,6435,2145,,,3,1,b01bbf6f9575,92e090e0f4be2973,59a133a794a8,require_all_classes,"{""missing_in_test"": [], ""missing_in_train"": []}"
d2_beef_uncontrolled|pca_svm|classification|seed01|fold00,m1_benchmark,d2_beef_uncontrolled,pca_svm,classification,1,0,16,1.1.0,real,True,ok,,2026-09-20T07:28:25Z,0.33465020870789886,6435,2145,,,3,1,92d667f81d03,f6fdc7bb352dd4cc,4ba0eff43fba,require_all_classes,"{""missing_in_test"": [], ""missing_in_train"": []}"
d2_beef_uncontrolled|pca_svm|classification|seed01|fold01,m1_benchmark,d2_beef_uncontrolled,pca_svm,classification,1,1,16,1.1.0,real,True,ok,,2026-09-20T07:29:03Z,0.2906221663579345,6435,2145,,,3,1,63eaca80ac77,94c1119db1ed7ef7,4ba0eff43fba,require_all_classes,"{""missing_in_test"": [], ""missing_in_train"": []}"
d2_beef_uncontrolled|pca_svm|classification|seed01|fold02,m1_benchmark,d2_beef_uncontrolled,pca_svm,classification,1,2,16,1.1.0,real,True,ok,,2026-09-20T07:29:43Z,0.3673041658475995,6435,2145,,,3,1,14ed105fd91e,ad22522208c90e75,4ba0eff43fba,require_all_classes,"{""missing_in_test"": [], ""missing_in_train"": []}"
d2_beef_uncontrolled|pca_svm|classification|seed01|fold03,m1_benchmark,d2_beef_uncontrolled,pca_svm,classification,1,3,16,1.1.0,real,True,ok,,2026-09-20T07:30:21Z,0.2875072918832302,6435,2145,,,3,1,99c64364d832,775f50fb249d72d5,4ba0eff43fba,require_all_classes,"{""missing_in_test"": [], ""missing_in_train"": []}"
d2_beef_uncontrolled|pca_svm|classification|seed01|fold04,m1_benchmark,d2_beef_uncontrolled,pca_svm,classification,1,4,16,1.1.0,real,True,ok,,2026-09-20T07:31:01Z,0.3552001668140292,6435,2145,,,3,1,fa4200209670,81f4fc9a063e94e3,4ba0eff43fba,require_all_classes,"{""missing_in_test"": [], ""missing_in_train"": []}"
d2_beef_uncontrolled|pca_svm|classification|seed02|fold00,m1_benchmark,d2_beef_uncontrolled,pca_svm,classification,2,0,16,1.1.0,real,True,ok,,2026-09-20T07:31:41Z,0.37076699966564775,6435,2145,,,3,1,38e11e05422e,657ea12cd4c0e5f6,5dd6f201e6a4,require_all_classes,"{""missing_in_test"": [], ""missing_in_train"": []}"
d2_beef_uncontrolled|pca_svm|classification|seed02|fold01,m1_benchmark,d2_beef_uncontrolled,pca_svm,classification,2,1,16,1.1.0,real,True,ok,,2026-09-20T07:32:22Z,0.3608152908273041,6435,2145,,,3,1,8a87c8dddc86,0f43ab3b328dd3f0,5dd6f201e6a4,require_all_classes,"{""missing_in_test"": [], ""missing_in_train"": []}"
d2_beef_uncontrolled|pca_svm|classification|seed02|fold02,m1_benchmark,d2_beef_uncontrolled,pca_svm,classification,2,2,16,1.1.0,real,True,ok,,2026-09-20T07:33:02Z,0.3215473750606179,6435,2145,,,3,1,545d378c28a6,a53000f21fccb3f5,5dd6f201e6a4,require_all_classes,"{""missing_in_test"": [], ""missing_in_train"": []}"
d2_beef_uncontrolled|pca_svm|classification|seed02|fold03,m1_benchmark,d2_beef_uncontrolled,pca_svm,classification,2,3,16,1.1.0,real,True,ok,,2026-09-20T07:33:41Z,0.2737892922013998,6435,2145,,,3,1,289906332a4f,57d335fb6e5a6dcc,5dd6f201e6a4,require_all_classes,"{""missing_in_test"": [], ""missing_in_train"": []}"
d2_beef_uncontrolled|pca_svm|classification|seed02|fold04,m1_benchmark,d2_beef_uncontrolled,pca_svm,classification,2,4,16,1.1.0,real,True,ok,,2026-09-20T07:34:21Z,0.32289445819333196,6435,2145,,,3,1,202906f4d7e1,28128a395d44cd75,5dd6f201e6a4,require_all_classes,"{""missing_in_test"": [], ""missing_in_train"": []}"
d2_beef_uncontrolled|pca_svm|classification|seed03|fold00,m1_benchmark,d2_beef_uncontrolled,pca_svm,classification,3,0,16,1.1.0,real,True,ok,,2026-09-20T07:35:04Z,0.4136003749445081,6435,2145,,,3,1,0e087c313624,92b7dfdb99cdd1a5,d7af62ae68b3,require_all_classes,"{""missing_in_test"": [], ""missing_in_train"": []}"
d2_beef_uncontrolled|pca_svm|classification|seed03|fold01,m1_benchmark,d2_beef_uncontrolled,pca_svm,classification,3,1,16,1.1.0,real,True,ok,,2026-09-20T07:35:47Z,0.3344637919217348,6435,2145,,,3,1,ff41306bda71,bbfe0ab30a507fb0,d7af62ae68b3,require_all_classes,"{""missing_in_test"": [], ""missing_in_train"": []}"
d2_beef_uncontrolled|pca_svm|classification|seed03|fold02,m1_benchmark,d2_beef_uncontrolled,pca_svm,classification,3,2,16,1.1.0,real,True,ok,,2026-09-20T07:36:28Z,0.2276515420526266,6435,2145,,,3,1,31c8eaca9098,95bdf0acb66daa8d,d7af62ae68b3,require_all_classes,"{""missing_in_test"": [], ""missing_in_train"": []}"
d2_beef_uncontrolled|pca_svm|classification|seed03|fold03,m1_benchmark,d2_beef_uncontrolled,pca_svm,classification,3,3,16,1.1.0,real,True,ok,,2026-09-20T07:37:09Z,0.2519379174336791,6435,2145,,,3,1,73fd7314e359,7f8693cff7cef253,d7af62ae68b3,require_all_classes,"{""missing_in_test"": [], ""missing_in_train"": []}"
d2_beef_uncontrolled|pca_svm|classification|seed03|fold04,m1_benchmark,d2_beef_uncontrolled,pca_svm,classification,3,4,16,1.1.0,real,True,ok,,2026-09-20T07:37:51Z,0.30332479206845164,6435,2145,,,3,1,a4933ae9f507,5782f85ec32a75e3,d7af62ae68b3,require_all_classes,"{""missing_in_test"": [], ""missing_in_train"": []}"
d2_beef_uncontrolled|pca_svm|classification|seed04|fold00,m1_benchmark,d2_beef_uncontrolled,pca_svm,classification,4,0,16,1.1.0,real,True,ok,,2026-09-20T07:38:35Z,0.3451191666536033,6435,2145,,,3,1,ab20f229b2e5,7098256c918bc696,4c7f1683df26,require_all_classes,"{""missing_in_test"": [], ""missing_in_train"": []}"
d2_beef_uncontrolled|pca_svm|classification|seed04|fold01,m1_benchmark,d2_beef_uncontrolled,pca_svm,classification,4,1,16,1.1.0,real,True,ok,,2026-09-20T07:39:15Z,0.2911578328348696,6435,2145,,,3,1,6b2262999c63,448d9368b2e47588,4c7f1683df26,require_all_classes,"{""missing_in_test"": [], ""missing_in_train"": []}"
d2_beef_uncontrolled|pca_svm|classification|seed04|fold02,m1_benchmark,d2_beef_uncontrolled,pca_svm,classification,4,2,16,1.1.0,real,True,ok,,2026-09-20T07:39:55Z,0.26820304058492184,6435,2145,,,3,1,557db8e1a73e,7f8194c5b06503ba,4c7f1683df26,require_all_classes,"{""missing_in_test"": [], ""missing_in_train"": []}"
d2_beef_uncontrolled|pca_svm|classification|seed04|fold03,m1_benchmark,d2_beef_uncontrolled,pca_svm,classification,4,3,16,1.1.0,real,True,ok,,2026-09-20T07:40:36Z,0.2564058746211231,6435,2145,,,3,1,9dd348ffc2ab,53cd7271a04c114a,4c7f1683df26,require_all_classes,"{""missing_in_test"": [], ""missing_in_train"": []}"
d2_beef_uncontrolled|pca_svm|classification|seed04|fold04,m1_benchmark,d2_beef_uncontrolled,pca_svm,classification,4,4,16,1.1.0,real,True,ok,,2026-09-20T07:41:18Z,0.2616533748805523,6435,2145,,,3,1,faf19bcdc9b9,d85e42a717d0bee9,4c7f1683df26,require_all_classes,"{""missing_in_test"": [], ""missing_in_train"": []}"
d2_beef_uncontrolled|pca_svm|classification|seed05|fold00,m1_benchmark,d2_beef_uncontrolled,pca_svm,classification,5,0,16,1.1.0,real,True,ok,,2026-09-20T07:42:00Z,0.31843824964016676,6435,2145,,,3,1,413cdd715162,b3e9b900ad16172c,141e2cf771a3,require_all_classes,"{""missing_in_test"": [], ""missing_in_train"": []}"
d2_beef_uncontrolled|pca_svm|classification|seed05|fold01,m1_benchmark,d2_beef_uncontrolled,pca_svm,classification,5,1,16,1.1.0,real,True,ok,,2026-09-20T07:42:39Z,0.2222689581103623,6435,2145,,,3,1,a8b8c30a5944,d01469a8ddbbf5e7,141e2cf771a3,require_all_classes,"{""missing_in_test"": [], ""missing_in_train"": []}"
d2_beef_uncontrolled|pca_svm|classification|seed05|fold02,m1_benchmark,d2_beef_uncontrolled,pca_svm,classification,5,2,16,1.1.0,real,True,ok,,2026-09-20T07:43:21Z,0.3546949583105743,6435,2145,,,3,1,9de5f792dc27,98452ee9819fce5a,141e2cf771a3,require_all_classes,"{""missing_in_test"": [], ""missing_in_train"": []}"
d2_beef_uncontrolled|pca_svm|classification|seed05|fold03,m1_benchmark,d2_beef_uncontrolled,pca_svm,classification,5,3,16,1.1.0,real,True,ok,,2026-09-20T07:44:01Z,0.27024779096245766,6435,2145,,,3,1,a5838cf9641b,873ba0fa0243cb36,141e2cf771a3,require_all_classes,"{""missing_in_test"": [], ""missing_in_train"": []}"
d2_beef_uncontrolled|pca_svm|classification|seed05|fold04,m1_benchmark,d2_beef_uncontrolled,pca_svm,classification,5,4,16,1.1.0,real,True,ok,,2026-09-20T07:44:41Z,0.29042558278888464,6435,2145,,,3,1,6eee1b95b6aa,ba708ac4c868af55,141e2cf771a3,require_all_classes,"{""missing_in_test"": [], ""missing_in_train"": []}"
d2_beef_uncontrolled|pca_svm|classification|seed06|fold00,m1_benchmark,d2_beef_uncontrolled,pca_svm,classification,6,0,16,1.1.0,real,True,ok,,2026-09-20T07:45:25Z,0.3422939581796527,6435,2145,,,3,1,477c37a8ab73,5ddbd23d07521f25,711fb81f4d00,require_all_classes,"{""missing_in_test"": [], ""missing_in_train"": []}"
d2_beef_uncontrolled|pca_svm|classification|seed06|fold01,m1_benchmark,d2_beef_uncontrolled,pca_svm,classification,6,1,16,1.1.0,real,True,ok,,2026-09-20T07:46:09Z,0.2910861670970917,6435,2145,,,3,1,1c2e3ba58278,8b690312ff297573,711fb81f4d00,require_all_classes,"{""missing_in_test"": [], ""missing_in_train"": []}"
d2_beef_uncontrolled|pca_svm|classification|seed06|fold02,m1_benchmark,d2_beef_uncontrolled,pca_svm,classification,6,2,16,1.1.0,real,True,ok,,2026-09-20T07:46:51Z,0.2808037092909217,6435,2145,,,3,1,54ff457155dd,fc51a4474f7bd28e,711fb81f4d00,require_all_classes,"{""missing_in_test"": [], ""missing_in_train"": []}"
d2_beef_uncontrolled|pca_svm|classification|seed06|fold03,m1_benchmark,d2_beef_uncontrolled,pca_svm,classification,6,3,16,1.1.0,real,True,ok,,2026-09-20T07:47:30Z,0.2426648335531354,6435,2145,,,3,1,a877630b86ff,5c28e93a66be09e3,711fb81f4d00,require_all_classes,"{""missing_in_test"": [], ""missing_in_train"": []}"
d2_beef_uncontrolled|pca_svm|classification|seed06|fold04,m1_benchmark,d2_beef_uncontrolled,pca_svm,classification,6,4,16,1.1.0,real,True,ok,,2026-09-20T07:48:10Z,0.3210047078318894,6435,2145,,,3,1,308afc6cb592,48d421f15dd45134,711fb81f4d00,require_all_classes,"{""missing_in_test"": [], ""missing_in_train"": []}"
d2_beef_uncontrolled|pca_svm|classification|seed07|fold00,m1_benchmark,d2_beef_uncontrolled,pca_svm,classification,7,0,16,1.1.0,real,True,ok,,2026-09-20T07:48:51Z,0.2566317920573056,6435,2145,,,3,1,7b279b72dfb8,dd596fddb8b11223,5c2b2b869c73,require_all_classes,"{""missing_in_test"": [], ""missing_in_train"": []}"
d2_beef_uncontrolled|pca_svm|classification|seed07|fold01,m1_benchmark,d2_beef_uncontrolled,pca_svm,classification,7,1,16,1.1.0,real,True,ok,,2026-09-20T07:49:31Z,0.28179724980145693,6435,2145,,,3,1,bb1e5578b9e3,921634858d946cbb,5c2b2b869c73,require_all_classes,"{""missing_in_test"": [], ""missing_in_train"": []}"
d2_beef_uncontrolled|pca_svm|classification|seed07|fold02,m1_benchmark,d2_beef_uncontrolled,pca_svm,classification,7,2,16,1.1.0,real,True,ok,,2026-09-20T07:50:11Z,0.2997013330459595,6435,2145,,,3,1,ba39acccb154,3110d6a328edd2b3,5c2b2b869c73,require_all_classes,"{""missing_in_test"": [], ""missing_in_train"": []}"
d2_beef_uncontrolled|pca_svm|classification|seed07|fold03,m1_benchmark,d2_beef_uncontrolled,pca_svm,classification,7,3,16,1.1.0,real,True,ok,,2026-09-20T07:50:53Z,0.28367129201069474,6435,2145,,,3,1,4726b95fa672,551e442eb5f2d141,5c2b2b869c73,require_all_classes,"{""missing_in_test"": [], ""missing_in_train"": []}"
d2_beef_uncontrolled|pca_svm|classification|seed07|fold04,m1_benchmark,d2_beef_uncontrolled,pca_svm,classification,7,4,16,1.1.0,real,True,ok,,2026-09-20T07:51:35Z,0.5236049997620285,6435,2145,,,3,1,2e34c9f360a4,7fa494a99c781fff,5c2b2b869c73,require_all_classes,"{""missing_in_test"": [], ""missing_in_train"": []}"
d2_beef_uncontrolled|pca_svm|classification|seed08|fold00,m1_benchmark,d2_beef_uncontrolled,pca_svm,classification,8,0,16,1.1.0,real,True,ok,,2026-09-20T07:52:23Z,0.35356937488541007,6435,2145,,,3,1,760fd382be4c,bf603b080d17a5e1,e7dc445ff81a,require_all_classes,"{""missing_in_test"": [], ""missing_in_train"": []}"
d2_beef_uncontrolled|pca_svm|classification|seed08|fold01,m1_benchmark,d2_beef_uncontrolled,pca_svm,classification,8,1,16,1.1.0,real,True,ok,,2026-09-20T07:53:08Z,0.3422808749601245,6435,2145,,,3,1,f60758215a07,9e4759eb8bf7fc9d,e7dc445ff81a,require_all_classes,"{""missing_in_test"": [], ""missing_in_train"": []}"
d2_beef_uncontrolled|pca_svm|classification|seed08|fold02,m1_benchmark,d2_beef_uncontrolled,pca_svm,classification,8,2,16,1.1.0,real,True,ok,,2026-09-20T07:53:52Z,0.42463412461802363,6435,2145,,,3,1,b12aea5b360e,fde7d0896a652ebb,e7dc445ff81a,require_all_classes,"{""missing_in_test"": [], ""missing_in_train"": []}"
d2_beef_uncontrolled|pca_svm|classification|seed08|fold03,m1_benchmark,d2_beef_uncontrolled,pca_svm,classification,8,3,16,1.1.0,real,True,ok,,2026-09-20T07:54:34Z,0.3768802504055202,6435,2145,,,3,1,d24ce02cae99,21553f8d88666364,e7dc445ff81a,require_all_classes,"{""missing_in_test"": [], ""missing_in_train"": []}"
d2_beef_uncontrolled|pca_svm|classification|seed08|fold04,m1_benchmark,d2_beef_uncontrolled,pca_svm,classification,8,4,16,1.1.0,real,True,ok,,2026-09-20T07:55:15Z,0.3486464167945087,6435,2145,,,3,1,02ddc5401296,2fa437c47eb3f6d2,e7dc445ff81a,require_all_classes,"{""missing_in_test"": [], ""missing_in_train"": []}"
d2_beef_uncontrolled|pca_svm|classification|seed09|fold00,m1_benchmark,d2_beef_uncontrolled,pca_svm,classification,9,0,16,1.1.0,real,True,ok,,2026-09-20T07:55:58Z,0.3325879997573793,6435,2145,,,3,1,523607d0ddee,32c91b5a022183a8,002054794067,require_all_classes,"{""missing_in_test"": [], ""missing_in_train"": []}"
d2_beef_uncontrolled|pca_svm|classification|seed09|fold01,m1_benchmark,d2_beef_uncontrolled,pca_svm,classification,9,1,16,1.1.0,real,True,ok,,2026-09-20T07:56:37Z,0.25850112503394485,6435,2145,,,3,1,de265fd108a1,194522de9d964e7b,002054794067,require_all_classes,"{""missing_in_test"": [], ""missing_in_train"": []}"
d2_beef_uncontrolled|pca_svm|classification|seed09|fold02,m1_benchmark,d2_beef_uncontrolled,pca_svm,classification,9,2,16,1.1.0,real,True,ok,,2026-09-20T07:57:17Z,0.27313954196870327,6435,2145,,,3,1,9a76beab3005,c45fcf0850f51ef5,002054794067,require_all_classes,"{""missing_in_test"": [], ""missing_in_train"": []}"
d2_beef_uncontrolled|pca_svm|classification|seed09|fold03,m1_benchmark,d2_beef_uncontrolled,pca_svm,classification,9,3,16,1.1.0,real,True,ok,,2026-09-20T07:57:58Z,0.31914058281108737,6435,2145,,,3,1,bcc42ac9806b,6c2ae7f6594250a8,002054794067,require_all_classes,"{""missing_in_test"": [], ""missing_in_train"": []}"
d2_beef_uncontrolled|pca_svm|classification|seed09|fold04,m1_benchmark,d2_beef_uncontrolled,pca_svm,classification,9,4,16,1.1.0,real,True,ok,,2026-09-20T07:58:38Z,0.29700687527656555,6435,2145,,,3,1,3b4893542c85,978f3c0fd8dda2e4,002054794067,require_all_classes,"{""missing_in_test"": [], ""missing_in_train"": []}"
d2_beef_uncontrolled|pca_svm|regression|seed00|fold00,m1_benchmark,d2_beef_uncontrolled,pca_svm,regression,0,0,16,1.1.0,real,True,ok,,2026-09-20T07:25:05Z,0.2153653339482844,6435,2145,,,3,1,20a70c561f8e,1161830fb4580bf1,59a133a794a8,require_all_classes,"{""missing_in_test"": [], ""missing_in_train"": []}"
d2_beef_uncontrolled|pca_svm|regression|seed00|fold01,m1_benchmark,d2_beef_uncontrolled,pca_svm,regression,0,1,16,1.1.0,real,True,ok,,2026-09-20T07:25:45Z,0.16877212515100837,6435,2145,,,3,1,6c9ef01abdf9,d7169ca6ceabe1dd,59a133a794a8,require_all_classes,"{""missing_in_test"": [], ""missing_in_train"": []}"
d2_beef_uncontrolled|pca_svm|regression|seed00|fold02,m1_benchmark,d2_beef_uncontrolled,pca_svm,regression,0,2,16,1.1.0,real,True,ok,,2026-09-20T07:26:24Z,0.21991012524813414,6435,2145,,,3,1,8f5d6031eff3,b5909201ef3c12f2,59a133a794a8,require_all_classes,"{""missing_in_test"": [], ""missing_in_train"": []}"
d2_beef_uncontrolled|pca_svm|regression|seed00|fold03,m1_benchmark,d2_beef_uncontrolled,pca_svm,regression,0,3,16,1.1.0,real,True,ok,,2026-09-20T07:27:04Z,0.16348670795559883,6435,2145,,,3,1,940f76d29b89,3d20493ce3b8fb72,59a133a794a8,require_all_classes,"{""missing_in_test"": [], ""missing_in_train"": []}"
d2_beef_uncontrolled|pca_svm|regression|seed00|fold04,m1_benchmark,d2_beef_uncontrolled,pca_svm,regression,0,4,16,1.1.0,real,True,ok,,2026-09-20T07:27:44Z,0.22379666613414884,6435,2145,,,3,1,b01bbf6f9575,a37881be39aaf7ed,59a133a794a8,require_all_classes,"{""missing_in_test"": [], ""missing_in_train"": []}"
d2_beef_uncontrolled|pca_svm|regression|seed01|fold00,m1_benchmark,d2_beef_uncontrolled,pca_svm,regression,1,0,16,1.1.0,real,True,ok,,2026-09-20T07:28:25Z,0.20486383326351643,6435,2145,,,3,1,92d667f81d03,cca3efbb49dd86ba,4ba0eff43fba,require_all_classes,"{""missing_in_test"": [], ""missing_in_train"": []}"
d2_beef_uncontrolled|pca_svm|regression|seed01|fold01,m1_benchmark,d2_beef_uncontrolled,pca_svm,regression,1,1,16,1.1.0,real,True,ok,,2026-09-20T07:29:03Z,0.1684121247380972,6435,2145,,,3,1,63eaca80ac77,abd2e835ae107983,4ba0eff43fba,require_all_classes,"{""missing_in_test"": [], ""missing_in_train"": []}"
d2_beef_uncontrolled|pca_svm|regression|seed01|fold02,m1_benchmark,d2_beef_uncontrolled,pca_svm,regression,1,2,16,1.1.0,real,True,ok,,2026-09-20T07:29:43Z,0.2237765002064407,6435,2145,,,3,1,14ed105fd91e,f3b7554f8390eb38,4ba0eff43fba,require_all_classes,"{""missing_in_test"": [], ""missing_in_train"": []}"
d2_beef_uncontrolled|pca_svm|regression|seed01|fold03,m1_benchmark,d2_beef_uncontrolled,pca_svm,regression,1,3,16,1.1.0,real,True,ok,,2026-09-20T07:30:22Z,0.2130242921411991,6435,2145,,,3,1,99c64364d832,e2ac1b973f03ff0e,4ba0eff43fba,require_all_classes,"{""missing_in_test"": [], ""missing_in_train"": []}"
d2_beef_uncontrolled|pca_svm|regression|seed01|fold04,m1_benchmark,d2_beef_uncontrolled,pca_svm,regression,1,4,16,1.1.0,real,True,ok,,2026-09-20T07:31:01Z,0.18227258371189237,6435,2145,,,3,1,fa4200209670,73a6defe460c9017,4ba0eff43fba,require_all_classes,"{""missing_in_test"": [], ""missing_in_train"": []}"
d2_beef_uncontrolled|pca_svm|regression|seed02|fold00,m1_benchmark,d2_beef_uncontrolled,pca_svm,regression,2,0,16,1.1.0,real,True,ok,,2026-09-20T07:31:42Z,0.22809079196304083,6435,2145,,,3,1,38e11e05422e,f189f7ad0a4e9a6d,5dd6f201e6a4,require_all_classes,"{""missing_in_test"": [], ""missing_in_train"": []}"
d2_beef_uncontrolled|pca_svm|regression|seed02|fold01,m1_benchmark,d2_beef_uncontrolled,pca_svm,regression,2,1,16,1.1.0,real,True,ok,,2026-09-20T07:32:23Z,0.1941469577141106,6435,2145,,,3,1,8a87c8dddc86,8f93439de38f4758,5dd6f201e6a4,require_all_classes,"{""missing_in_test"": [], ""missing_in_train"": []}"
d2_beef_uncontrolled|pca_svm|regression|seed02|fold02,m1_benchmark,d2_beef_uncontrolled,pca_svm,regression,2,2,16,1.1.0,real,True,ok,,2026-09-20T07:33:02Z,0.2409959170036018,6435,2145,,,3,1,545d378c28a6,84069ce332534311,5dd6f201e6a4,require_all_classes,"{""missing_in_test"": [], ""missing_in_train"": []}"
d2_beef_uncontrolled|pca_svm|regression|seed02|fold03,m1_benchmark,d2_beef_uncontrolled,pca_svm,regression,2,3,16,1.1.0,real,True,ok,,2026-09-20T07:33:42Z,0.14989687455818057,6435,2145,,,3,1,289906332a4f,286eac6b5b049839,5dd6f201e6a4,require_all_classes,"{""missing_in_test"": [], ""missing_in_train"": []}"
d2_beef_uncontrolled|pca_svm|regression|seed02|fold04,m1_benchmark,d2_beef_uncontrolled,pca_svm,regression,2,4,16,1.1.0,real,True,ok,,2026-09-20T07:34:21Z,0.21063370816409588,6435,2145,,,3,1,202906f4d7e1,4fa60361f53b1444,5dd6f201e6a4,require_all_classes,"{""missing_in_test"": [], ""missing_in_train"": []}"
d2_beef_uncontrolled|pca_svm|regression|seed03|fold00,m1_benchmark,d2_beef_uncontrolled,pca_svm,regression,3,0,16,1.1.0,real,True,ok,,2026-09-20T07:35:05Z,0.26537483278661966,6435,2145,,,3,1,0e087c313624,56fbcd9a3a083212,d7af62ae68b3,require_all_classes,"{""missing_in_test"": [], ""missing_in_train"": []}"
d2_beef_uncontrolled|pca_svm|regression|seed03|fold01,m1_benchmark,d2_beef_uncontrolled,pca_svm,regression,3,1,16,1.1.0,real,True,ok,,2026-09-20T07:35:47Z,0.2210982497781515,6435,2145,,,3,1,ff41306bda71,9a68d5f284594afa,d7af62ae68b3,require_all_classes,"{""missing_in_test"": [], ""missing_in_train"": []}"
d2_beef_uncontrolled|pca_svm|regression|seed03|fold02,m1_benchmark,d2_beef_uncontrolled,pca_svm,regression,3,2,16,1.1.0,real,True,ok,,2026-09-20T07:36:28Z,0.17500533303245902,6435,2145,,,3,1,31c8eaca9098,18dbeca67293b281,d7af62ae68b3,require_all_classes,"{""missing_in_test"": [], ""missing_in_train"": []}"
d2_beef_uncontrolled|pca_svm|regression|seed03|fold03,m1_benchmark,d2_beef_uncontrolled,pca_svm,regression,3,3,16,1.1.0,real,True,ok,,2026-09-20T07:37:10Z,0.21361791715025902,6435,2145,,,3,1,73fd7314e359,43aa4dccf544ac57,d7af62ae68b3,require_all_classes,"{""missing_in_test"": [], ""missing_in_train"": []}"
d2_beef_uncontrolled|pca_svm|regression|seed03|fold04,m1_benchmark,d2_beef_uncontrolled,pca_svm,regression,3,4,16,1.1.0,real,True,ok,,2026-09-20T07:37:51Z,0.20234587509185076,6435,2145,,,3,1,a4933ae9f507,ed6410c85f988afc,d7af62ae68b3,require_all_classes,"{""missing_in_test"": [], ""missing_in_train"": []}"
d2_beef_uncontrolled|pca_svm|regression|seed04|fold00,m1_benchmark,d2_beef_uncontrolled,pca_svm,regression,4,0,16,1.1.0,real,True,ok,,2026-09-20T07:38:35Z,0.21699587488546968,6435,2145,,,3,1,ab20f229b2e5,edae9f91525d3bd4,4c7f1683df26,require_all_classes,"{""missing_in_test"": [], ""missing_in_train"": []}"
d2_beef_uncontrolled|pca_svm|regression|seed04|fold01,m1_benchmark,d2_beef_uncontrolled,pca_svm,regression,4,1,16,1.1.0,real,True,ok,,2026-09-20T07:39:15Z,0.19275637529790401,6435,2145,,,3,1,6b2262999c63,aee8df31508b04a8,4c7f1683df26,require_all_classes,"{""missing_in_test"": [], ""missing_in_train"": []}"
d2_beef_uncontrolled|pca_svm|regression|seed04|fold02,m1_benchmark,d2_beef_uncontrolled,pca_svm,regression,4,2,16,1.1.0,real,True,ok,,2026-09-20T07:39:56Z,0.1668764166533947,6435,2145,,,3,1,557db8e1a73e,17c6de1a3df75e79,4c7f1683df26,require_all_classes,"{""missing_in_test"": [], ""missing_in_train"": []}"
d2_beef_uncontrolled|pca_svm|regression|seed04|fold03,m1_benchmark,d2_beef_uncontrolled,pca_svm,regression,4,3,16,1.1.0,real,True,ok,,2026-09-20T07:40:36Z,0.1900938330218196,6435,2145,,,3,1,9dd348ffc2ab,fe5c54d00cc6dd87,4c7f1683df26,require_all_classes,"{""missing_in_test"": [], ""missing_in_train"": []}"
d2_beef_uncontrolled|pca_svm|regression|seed04|fold04,m1_benchmark,d2_beef_uncontrolled,pca_svm,regression,4,4,16,1.1.0,real,True,ok,,2026-09-20T07:41:18Z,0.19374720891937613,6435,2145,,,3,1,faf19bcdc9b9,5ebc553a9835ed08,4c7f1683df26,require_all_classes,"{""missing_in_test"": [], ""missing_in_train"": []}"
d2_beef_uncontrolled|pca_svm|regression|seed05|fold00,m1_benchmark,d2_beef_uncontrolled,pca_svm,regression,5,0,16,1.1.0,real,True,ok,,2026-09-20T07:42:00Z,0.16193995904177427,6435,2145,,,3,1,413cdd715162,963e2d0d2d12277d,141e2cf771a3,require_all_classes,"{""missing_in_test"": [], ""missing_in_train"": []}"
d2_beef_uncontrolled|pca_svm|regression|seed05|fold01,m1_benchmark,d2_beef_uncontrolled,pca_svm,regression,5,1,16,1.1.0,real,True,ok,,2026-09-20T07:42:39Z,0.16470066597685218,6435,2145,,,3,1,a8b8c30a5944,9510714b12c7c585,141e2cf771a3,require_all_classes,"{""missing_in_test"": [], ""missing_in_train"": []}"
d2_beef_uncontrolled|pca_svm|regression|seed05|fold02,m1_benchmark,d2_beef_uncontrolled,pca_svm,regression,5,2,16,1.1.0,real,True,ok,,2026-09-20T07:43:21Z,0.22569274995476007,6435,2145,,,3,1,9de5f792dc27,34d862d44c26e5c9,141e2cf771a3,require_all_classes,"{""missing_in_test"": [], ""missing_in_train"": []}"
d2_beef_uncontrolled|pca_svm|regression|seed05|fold03,m1_benchmark,d2_beef_uncontrolled,pca_svm,regression,5,3,16,1.1.0,real,True,ok,,2026-09-20T07:44:01Z,0.2158980001695454,6435,2145,,,3,1,a5838cf9641b,74ba891630db0ebb,141e2cf771a3,require_all_classes,"{""missing_in_test"": [], ""missing_in_train"": []}"
d2_beef_uncontrolled|pca_svm|regression|seed05|fold04,m1_benchmark,d2_beef_uncontrolled,pca_svm,regression,5,4,16,1.1.0,real,True,ok,,2026-09-20T07:44:42Z,0.1927322498522699,6435,2145,,,3,1,6eee1b95b6aa,1b056be1e96b72e3,141e2cf771a3,require_all_classes,"{""missing_in_test"": [], ""missing_in_train"": []}"
d2_beef_uncontrolled|pca_svm|regression|seed06|fold00,m1_benchmark,d2_beef_uncontrolled,pca_svm,regression,6,0,16,1.1.0,real,True,ok,,2026-09-20T07:45:26Z,0.2179852919653058,6435,2145,,,3,1,477c37a8ab73,66fd3dde79b2a729,711fb81f4d00,require_all_classes,"{""missing_in_test"": [], ""missing_in_train"": []}"
d2_beef_uncontrolled|pca_svm|regression|seed06|fold01,m1_benchmark,d2_beef_uncontrolled,pca_svm,regression,6,1,16,1.1.0,real,True,ok,,2026-09-20T07:46:10Z,0.18980229133740067,6435,2145,,,3,1,1c2e3ba58278,04eaf816bc4522ca,711fb81f4d00,require_all_classes,"{""missing_in_test"": [], ""missing_in_train"": []}"
d2_beef_uncontrolled|pca_svm|regression|seed06|fold02,m1_benchmark,d2_beef_uncontrolled,pca_svm,regression,6,2,16,1.1.0,real,True,ok,,2026-09-20T07:46:51Z,0.2224381249397993,6435,2145,,,3,1,54ff457155dd,f0089038502d65da,711fb81f4d00,require_all_classes,"{""missing_in_test"": [], ""missing_in_train"": []}"
d2_beef_uncontrolled|pca_svm|regression|seed06|fold03,m1_benchmark,d2_beef_uncontrolled,pca_svm,regression,6,3,16,1.1.0,real,True,ok,,2026-09-20T07:47:30Z,0.16395025001838803,6435,2145,,,3,1,a877630b86ff,ebd3fb503980c1af,711fb81f4d00,require_all_classes,"{""missing_in_test"": [], ""missing_in_train"": []}"
d2_beef_uncontrolled|pca_svm|regression|seed06|fold04,m1_benchmark,d2_beef_uncontrolled,pca_svm,regression,6,4,16,1.1.0,real,True,ok,,2026-09-20T07:48:10Z,0.21077695908024907,6435,2145,,,3,1,308afc6cb592,48e84d8a225fe3bf,711fb81f4d00,require_all_classes,"{""missing_in_test"": [], ""missing_in_train"": []}"
d2_beef_uncontrolled|pca_svm|regression|seed07|fold00,m1_benchmark,d2_beef_uncontrolled,pca_svm,regression,7,0,16,1.1.0,real,True,ok,,2026-09-20T07:48:52Z,0.22183825029060245,6435,2145,,,3,1,7b279b72dfb8,288e30c1b2be4f52,5c2b2b869c73,require_all_classes,"{""missing_in_test"": [], ""missing_in_train"": []}"
d2_beef_uncontrolled|pca_svm|regression|seed07|fold01,m1_benchmark,d2_beef_uncontrolled,pca_svm,regression,7,1,16,1.1.0,real,True,ok,,2026-09-20T07:49:31Z,0.20151629205793142,6435,2145,,,3,1,bb1e5578b9e3,deaea33b96e6f21c,5c2b2b869c73,require_all_classes,"{""missing_in_test"": [], ""missing_in_train"": []}"
d2_beef_uncontrolled|pca_svm|regression|seed07|fold02,m1_benchmark,d2_beef_uncontrolled,pca_svm,regression,7,2,16,1.1.0,real,True,ok,,2026-09-20T07:50:11Z,0.16906770784407854,6435,2145,,,3,1,ba39acccb154,eaf676433e7d2e0c,5c2b2b869c73,require_all_classes,"{""missing_in_test"": [], ""missing_in_train"": []}"
d2_beef_uncontrolled|pca_svm|regression|seed07|fold03,m1_benchmark,d2_beef_uncontrolled,pca_svm,regression,7,3,16,1.1.0,real,True,ok,,2026-09-20T07:50:53Z,0.2075657919049263,6435,2145,,,3,1,4726b95fa672,82f7e7ef2b4ea09f,5c2b2b869c73,require_all_classes,"{""missing_in_test"": [], ""missing_in_train"": []}"
d2_beef_uncontrolled|pca_svm|regression|seed07|fold04,m1_benchmark,d2_beef_uncontrolled,pca_svm,regression,7,4,16,1.1.0,real,True,ok,,2026-09-20T07:51:35Z,0.24696941580623388,6435,2145,,,3,1,2e34c9f360a4,f76a85e4d5f51800,5c2b2b869c73,require_all_classes,"{""missing_in_test"": [], ""missing_in_train"": []}"
d2_beef_uncontrolled|pca_svm|regression|seed08|fold00,m1_benchmark,d2_beef_uncontrolled,pca_svm,regression,8,0,16,1.1.0,real,True,ok,,2026-09-20T07:52:24Z,0.2806884585879743,6435,2145,,,3,1,760fd382be4c,e94411771e1b103b,e7dc445ff81a,require_all_classes,"{""missing_in_test"": [], ""missing_in_train"": []}"
d2_beef_uncontrolled|pca_svm|regression|seed08|fold01,m1_benchmark,d2_beef_uncontrolled,pca_svm,regression,8,1,16,1.1.0,real,True,ok,,2026-09-20T07:53:08Z,0.168462208006531,6435,2145,,,3,1,f60758215a07,a85486d0698ea405,e7dc445ff81a,require_all_classes,"{""missing_in_test"": [], ""missing_in_train"": []}"
d2_beef_uncontrolled|pca_svm|regression|seed08|fold02,m1_benchmark,d2_beef_uncontrolled,pca_svm,regression,8,2,16,1.1.0,real,True,ok,,2026-09-20T07:53:52Z,0.23393566673621535,6435,2145,,,3,1,b12aea5b360e,fb7a5ea47973ec69,e7dc445ff81a,require_all_classes,"{""missing_in_test"": [], ""missing_in_train"": []}"
d2_beef_uncontrolled|pca_svm|regression|seed08|fold03,m1_benchmark,d2_beef_uncontrolled,pca_svm,regression,8,3,16,1.1.0,real,True,ok,,2026-09-20T07:54:34Z,0.21715220902115107,6435,2145,,,3,1,d24ce02cae99,61a56dfdd1ad97be,e7dc445ff81a,require_all_classes,"{""missing_in_test"": [], ""missing_in_train"": []}"
d2_beef_uncontrolled|pca_svm|regression|seed08|fold04,m1_benchmark,d2_beef_uncontrolled,pca_svm,regression,8,4,16,1.1.0,real,True,ok,,2026-09-20T07:55:15Z,0.161399541888386,6435,2145,,,3,1,02ddc5401296,722896f3a30afdcc,e7dc445ff81a,require_all_classes,"{""missing_in_test"": [], ""missing_in_train"": []}"
d2_beef_uncontrolled|pca_svm|regression|seed09|fold00,m1_benchmark,d2_beef_uncontrolled,pca_svm,regression,9,0,16,1.1.0,real,True,ok,,2026-09-20T07:55:58Z,0.15923495776951313,6435,2145,,,3,1,523607d0ddee,79d8fa40d2ed923d,002054794067,require_all_classes,"{""missing_in_test"": [], ""missing_in_train"": []}"
d2_beef_uncontrolled|pca_svm|regression|seed09|fold01,m1_benchmark,d2_beef_uncontrolled,pca_svm,regression,9,1,16,1.1.0,real,True,ok,,2026-09-20T07:56:38Z,0.21919212536886334,6435,2145,,,3,1,de265fd108a1,e1640b03ec14679f,002054794067,require_all_classes,"{""missing_in_test"": [], ""missing_in_train"": []}"
d2_beef_uncontrolled|pca_svm|regression|seed09|fold02,m1_benchmark,d2_beef_uncontrolled,pca_svm,regression,9,2,16,1.1.0,real,True,ok,,2026-09-20T07:57:18Z,0.21206420892849565,6435,2145,,,3,1,9a76beab3005,ccea535e729e4d57,002054794067,require_all_classes,"{""missing_in_test"": [], ""missing_in_train"": []}"
d2_beef_uncontrolled|pca_svm|regression|seed09|fold03,m1_benchmark,d2_beef_uncontrolled,pca_svm,regression,9,3,16,1.1.0,real,True,ok,,2026-09-20T07:57:58Z,0.20969741605222225,6435,2145,,,3,1,bcc42ac9806b,41d0e03b55e6b53f,002054794067,require_all_classes,"{""missing_in_test"": [], ""missing_in_train"": []}"
d2_beef_uncontrolled|pca_svm|regression|seed09|fold04,m1_benchmark,d2_beef_uncontrolled,pca_svm,regression,9,4,16,1.1.0,real,True,ok,,2026-09-20T07:58:38Z,0.16153295803815126,6435,2145,,,3,1,3b4893542c85,a3f9e95c480bc4e9,002054794067,require_all_classes,"{""missing_in_test"": [], ""missing_in_train"": []}"
d2_beef_uncontrolled|random_forest|classification|seed00|fold00,m1_benchmark,d2_beef_uncontrolled,random_forest,classification,0,0,16,1.1.0,real,True,ok,,2026-09-20T07:24:56Z,0.6616292502731085,6435,2145,,,3,1,20a70c561f8e,034b81185f09b180,59a133a794a8,require_all_classes,"{""missing_in_test"": [], ""missing_in_train"": []}"
d2_beef_uncontrolled|random_forest|classification|seed00|fold01,m1_benchmark,d2_beef_uncontrolled,random_forest,classification,0,1,16,1.1.0,real,True,ok,,2026-09-20T07:25:36Z,0.5958028328604996,6435,2145,,,3,1,6c9ef01abdf9,aa8d39420df6ba22,59a133a794a8,require_all_classes,"{""missing_in_test"": [], ""missing_in_train"": []}"
d2_beef_uncontrolled|random_forest|classification|seed00|fold02,m1_benchmark,d2_beef_uncontrolled,random_forest,classification,0,2,16,1.1.0,real,True,ok,,2026-09-20T07:26:14Z,0.5831657079979777,6435,2145,,,3,1,8f5d6031eff3,88d21ff328cc5354,59a133a794a8,require_all_classes,"{""missing_in_test"": [], ""missing_in_train"": []}"
d2_beef_uncontrolled|random_forest|classification|seed00|fold03,m1_benchmark,d2_beef_uncontrolled,random_forest,classification,0,3,16,1.1.0,real,True,ok,,2026-09-20T07:26:54Z,0.5859619160182774,6435,2145,,,3,1,940f76d29b89,f23ca19e4ec6a758,59a133a794a8,require_all_classes,"{""missing_in_test"": [], ""missing_in_train"": []}"
d2_beef_uncontrolled|random_forest|classification|seed00|fold04,m1_benchmark,d2_beef_uncontrolled,random_forest,classification,0,4,16,1.1.0,real,True,ok,,2026-09-20T07:27:33Z,0.5446537500247359,6435,2145,,,3,1,b01bbf6f9575,9a50cfb6e266e884,59a133a794a8,require_all_classes,"{""missing_in_test"": [], ""missing_in_train"": []}"
d2_beef_uncontrolled|random_forest|classification|seed01|fold00,m1_benchmark,d2_beef_uncontrolled,random_forest,classification,1,0,16,1.1.0,real,True,ok,,2026-09-20T07:28:15Z,0.6795274997130036,6435,2145,,,3,1,92d667f81d03,771e79a0b04ae33c,4ba0eff43fba,require_all_classes,"{""missing_in_test"": [], ""missing_in_train"": []}"
d2_beef_uncontrolled|random_forest|classification|seed01|fold01,m1_benchmark,d2_beef_uncontrolled,random_forest,classification,1,1,16,1.1.0,real,True,ok,,2026-09-20T07:28:54Z,0.5538803748786449,6435,2145,,,3,1,63eaca80ac77,ba843c60e7727a5b,4ba0eff43fba,require_all_classes,"{""missing_in_test"": [], ""missing_in_train"": []}"
d2_beef_uncontrolled|random_forest|classification|seed01|fold02,m1_benchmark,d2_beef_uncontrolled,random_forest,classification,1,2,16,1.1.0,real,True,ok,,2026-09-20T07:29:32Z,0.5321781253442168,6435,2145,,,3,1,14ed105fd91e,653a0e9f120755db,4ba0eff43fba,require_all_classes,"{""missing_in_test"": [], ""missing_in_train"": []}"
d2_beef_uncontrolled|random_forest|classification|seed01|fold03,m1_benchmark,d2_beef_uncontrolled,random_forest,classification,1,3,16,1.1.0,real,True,ok,,2026-09-20T07:30:12Z,0.6017527082003653,6435,2145,,,3,1,99c64364d832,4419b6ed6b9b952c,4ba0eff43fba,require_all_classes,"{""missing_in_test"": [], ""missing_in_train"": []}"
d2_beef_uncontrolled|random_forest|classification|seed01|fold04,m1_benchmark,d2_beef_uncontrolled,random_forest,classification,1,4,16,1.1.0,real,True,ok,,2026-09-20T07:30:51Z,0.6235940000042319,6435,2145,,,3,1,fa4200209670,ed2d5f83ab51e0fa,4ba0eff43fba,require_all_classes,"{""missing_in_test"": [], ""missing_in_train"": []}"
d2_beef_uncontrolled|random_forest|classification|seed02|fold00,m1_benchmark,d2_beef_uncontrolled,random_forest,classification,2,0,16,1.1.0,real,True,ok,,2026-09-20T07:31:32Z,0.6835577092133462,6435,2145,,,3,1,38e11e05422e,c9751b4502c47e61,5dd6f201e6a4,require_all_classes,"{""missing_in_test"": [], ""missing_in_train"": []}"
d2_beef_uncontrolled|random_forest|classification|seed02|fold01,m1_benchmark,d2_beef_uncontrolled,random_forest,classification,2,1,16,1.1.0,real,True,ok,,2026-09-20T07:32:12Z,0.6649441672489047,6435,2145,,,3,1,8a87c8dddc86,4dcd24bd45ef63ac,5dd6f201e6a4,require_all_classes,"{""missing_in_test"": [], ""missing_in_train"": []}"
d2_beef_uncontrolled|random_forest|classification|seed02|fold02,m1_benchmark,d2_beef_uncontrolled,random_forest,classification,2,2,16,1.1.0,real,True,ok,,2026-09-20T07:32:53Z,0.5757089168764651,6435,2145,,,3,1,545d378c28a6,7addeba9bd04e096,5dd6f201e6a4,require_all_classes,"{""missing_in_test"": [], ""missing_in_train"": []}"
d2_beef_uncontrolled|random_forest|classification|seed02|fold03,m1_benchmark,d2_beef_uncontrolled,random_forest,classification,2,3,16,1.1.0,real,True,ok,,2026-09-20T07:33:31Z,0.5521933753043413,6435,2145,,,3,1,289906332a4f,77e1795a5ddbbdc9,5dd6f201e6a4,require_all_classes,"{""missing_in_test"": [], ""missing_in_train"": []}"
d2_beef_uncontrolled|random_forest|classification|seed02|fold04,m1_benchmark,d2_beef_uncontrolled,random_forest,classification,2,4,16,1.1.0,real,True,ok,,2026-09-20T07:34:10Z,0.5310040828771889,6435,2145,,,3,1,202906f4d7e1,3f217bafa6aec191,5dd6f201e6a4,require_all_classes,"{""missing_in_test"": [], ""missing_in_train"": []}"
d2_beef_uncontrolled|random_forest|classification|seed03|fold00,m1_benchmark,d2_beef_uncontrolled,random_forest,classification,3,0,16,1.1.0,real,True,ok,,2026-09-20T07:34:52Z,0.6756617082282901,6435,2145,,,3,1,0e087c313624,414a17b1db498426,d7af62ae68b3,require_all_classes,"{""missing_in_test"": [], ""missing_in_train"": []}"
d2_beef_uncontrolled|random_forest|classification|seed03|fold01,m1_benchmark,d2_beef_uncontrolled,random_forest,classification,3,1,16,1.1.0,real,True,ok,,2026-09-20T07:35:36Z,0.548616582993418,6435,2145,,,3,1,ff41306bda71,18be541f8dac6dd2,d7af62ae68b3,require_all_classes,"{""missing_in_test"": [], ""missing_in_train"": []}"
d2_beef_uncontrolled|random_forest|classification|seed03|fold02,m1_benchmark,d2_beef_uncontrolled,random_forest,classification,3,2,16,1.1.0,real,True,ok,,2026-09-20T07:36:17Z,0.5870617916807532,6435,2145,,,3,1,31c8eaca9098,10f1768b0a29799a,d7af62ae68b3,require_all_classes,"{""missing_in_test"": [], ""missing_in_train"": []}"
d2_beef_uncontrolled|random_forest|classification|seed03|fold03,m1_benchmark,d2_beef_uncontrolled,random_forest,classification,3,3,16,1.1.0,real,True,ok,,2026-09-20T07:36:58Z,0.6205706656910479,6435,2145,,,3,1,73fd7314e359,4227a34727c67919,d7af62ae68b3,require_all_classes,"{""missing_in_test"": [], ""missing_in_train"": []}"
d2_beef_uncontrolled|random_forest|classification|seed03|fold04,m1_benchmark,d2_beef_uncontrolled,random_forest,classification,3,4,16,1.1.0,real,True,ok,,2026-09-20T07:37:39Z,0.7061423328705132,6435,2145,,,3,1,a4933ae9f507,b1013e33b9848404,d7af62ae68b3,require_all_classes,"{""missing_in_test"": [], ""missing_in_train"": []}"
d2_beef_uncontrolled|random_forest|classification|seed04|fold00,m1_benchmark,d2_beef_uncontrolled,random_forest,classification,4,0,16,1.1.0,real,True,ok,,2026-09-20T07:38:23Z,0.8072160831652582,6435,2145,,,3,1,ab20f229b2e5,1c516d889d54f04d,4c7f1683df26,require_all_classes,"{""missing_in_test"": [], ""missing_in_train"": []}"
d2_beef_uncontrolled|random_forest|classification|seed04|fold01,m1_benchmark,d2_beef_uncontrolled,random_forest,classification,4,1,16,1.1.0,real,True,ok,,2026-09-20T07:39:04Z,0.5997616671957076,6435,2145,,,3,1,6b2262999c63,a00413f11beda405,4c7f1683df26,require_all_classes,"{""missing_in_test"": [], ""missing_in_train"": []}"
d2_beef_uncontrolled|random_forest|classification|seed04|fold02,m1_benchmark,d2_beef_uncontrolled,random_forest,classification,4,2,16,1.1.0,real,True,ok,,2026-09-20T07:39:45Z,0.6038969168439507,6435,2145,,,3,1,557db8e1a73e,3c36036f5a3ab750,4c7f1683df26,require_all_classes,"{""missing_in_test"": [], ""missing_in_train"": []}"
d2_beef_uncontrolled|random_forest|classification|seed04|fold03,m1_benchmark,d2_beef_uncontrolled,random_forest,classification,4,3,16,1.1.0,real,True,ok,,2026-09-20T07:40:25Z,0.6068754587322474,6435,2145,,,3,1,9dd348ffc2ab,5bf36fd743cb84de,4c7f1683df26,require_all_classes,"{""missing_in_test"": [], ""missing_in_train"": []}"
d2_beef_uncontrolled|random_forest|classification|seed04|fold04,m1_benchmark,d2_beef_uncontrolled,random_forest,classification,4,4,16,1.1.0,real,True,ok,,2026-09-20T07:41:07Z,0.5712202917784452,6435,2145,,,3,1,faf19bcdc9b9,38083c1e42241b63,4c7f1683df26,require_all_classes,"{""missing_in_test"": [], ""missing_in_train"": []}"
d2_beef_uncontrolled|random_forest|classification|seed05|fold00,m1_benchmark,d2_beef_uncontrolled,random_forest,classification,5,0,16,1.1.0,real,True,ok,,2026-09-20T07:41:49Z,0.7480557500384748,6435,2145,,,3,1,413cdd715162,ccfc200c219aae63,141e2cf771a3,require_all_classes,"{""missing_in_test"": [], ""missing_in_train"": []}"
d2_beef_uncontrolled|random_forest|classification|seed05|fold01,m1_benchmark,d2_beef_uncontrolled,random_forest,classification,5,1,16,1.1.0,real,True,ok,,2026-09-20T07:42:29Z,0.5414977911859751,6435,2145,,,3,1,a8b8c30a5944,bb3488531cf546dc,141e2cf771a3,require_all_classes,"{""missing_in_test"": [], ""missing_in_train"": []}"
d2_beef_uncontrolled|random_forest|classification|seed05|fold02,m1_benchmark,d2_beef_uncontrolled,random_forest,classification,5,2,16,1.1.0,real,True,ok,,2026-09-20T07:43:09Z,0.5792664578184485,6435,2145,,,3,1,9de5f792dc27,a4c6c5dfc15ec134,141e2cf771a3,require_all_classes,"{""missing_in_test"": [], ""missing_in_train"": []}"
d2_beef_uncontrolled|random_forest|classification|seed05|fold03,m1_benchmark,d2_beef_uncontrolled,random_forest,classification,5,3,16,1.1.0,real,True,ok,,2026-09-20T07:43:50Z,0.536470833234489,6435,2145,,,3,1,a5838cf9641b,1579fba305bfff1a,141e2cf771a3,require_all_classes,"{""missing_in_test"": [], ""missing_in_train"": []}"
d2_beef_uncontrolled|random_forest|classification|seed05|fold04,m1_benchmark,d2_beef_uncontrolled,random_forest,classification,5,4,16,1.1.0,real,True,ok,,2026-09-20T07:44:30Z,0.5928702922537923,6435,2145,,,3,1,6eee1b95b6aa,269ed12c263968b3,141e2cf771a3,require_all_classes,"{""missing_in_test"": [], ""missing_in_train"": []}"
d2_beef_uncontrolled|random_forest|classification|seed06|fold00,m1_benchmark,d2_beef_uncontrolled,random_forest,classification,6,0,16,1.1.0,real,True,ok,,2026-09-20T07:45:13Z,0.7507957075722516,6435,2145,,,3,1,477c37a8ab73,641c05863c385a88,711fb81f4d00,require_all_classes,"{""missing_in_test"": [], ""missing_in_train"": []}"
d2_beef_uncontrolled|random_forest|classification|seed06|fold01,m1_benchmark,d2_beef_uncontrolled,random_forest,classification,6,1,16,1.1.0,real,True,ok,,2026-09-20T07:45:57Z,0.6101782913319767,6435,2145,,,3,1,1c2e3ba58278,2a90b16e602b2b13,711fb81f4d00,require_all_classes,"{""missing_in_test"": [], ""missing_in_train"": []}"
d2_beef_uncontrolled|random_forest|classification|seed06|fold02,m1_benchmark,d2_beef_uncontrolled,random_forest,classification,6,2,16,1.1.0,real,True,ok,,2026-09-20T07:46:39Z,0.6286015422083437,6435,2145,,,3,1,54ff457155dd,aad71c80e484b88d,711fb81f4d00,require_all_classes,"{""missing_in_test"": [], ""missing_in_train"": []}"
d2_beef_uncontrolled|random_forest|classification|seed06|fold03,m1_benchmark,d2_beef_uncontrolled,random_forest,classification,6,3,16,1.1.0,real,True,ok,,2026-09-20T07:47:20Z,0.5183657919988036,6435,2145,,,3,1,a877630b86ff,13d6f231520d6863,711fb81f4d00,require_all_classes,"{""missing_in_test"": [], ""missing_in_train"": []}"
d2_beef_uncontrolled|random_forest|classification|seed06|fold04,m1_benchmark,d2_beef_uncontrolled,random_forest,classification,6,4,16,1.1.0,real,True,ok,,2026-09-20T07:47:59Z,0.5481644161045551,6435,2145,,,3,1,308afc6cb592,ca3899e81c515ab5,711fb81f4d00,require_all_classes,"{""missing_in_test"": [], ""missing_in_train"": []}"
d2_beef_uncontrolled|random_forest|classification|seed07|fold00,m1_benchmark,d2_beef_uncontrolled,random_forest,classification,7,0,16,1.1.0,real,True,ok,,2026-09-20T07:48:41Z,0.6187751251272857,6435,2145,,,3,1,7b279b72dfb8,a8fcbdb8e65b88c7,5c2b2b869c73,require_all_classes,"{""missing_in_test"": [], ""missing_in_train"": []}"
d2_beef_uncontrolled|random_forest|classification|seed07|fold01,m1_benchmark,d2_beef_uncontrolled,random_forest,classification,7,1,16,1.1.0,real,True,ok,,2026-09-20T07:49:21Z,0.5653491672128439,6435,2145,,,3,1,bb1e5578b9e3,ee5d7fb1e632fc1c,5c2b2b869c73,require_all_classes,"{""missing_in_test"": [], ""missing_in_train"": []}"
d2_beef_uncontrolled|random_forest|classification|seed07|fold02,m1_benchmark,d2_beef_uncontrolled,random_forest,classification,7,2,16,1.1.0,real,True,ok,,2026-09-20T07:50:00Z,0.5946869170293212,6435,2145,,,3,1,ba39acccb154,2b27a3beda7c2e10,5c2b2b869c73,require_all_classes,"{""missing_in_test"": [], ""missing_in_train"": []}"
d2_beef_uncontrolled|random_forest|classification|seed07|fold03,m1_benchmark,d2_beef_uncontrolled,random_forest,classification,7,3,16,1.1.0,real,True,ok,,2026-09-20T07:50:41Z,0.7426296658813953,6435,2145,,,3,1,4726b95fa672,edd3ad478399a7d4,5c2b2b869c73,require_all_classes,"{""missing_in_test"": [], ""missing_in_train"": []}"
d2_beef_uncontrolled|random_forest|classification|seed07|fold04,m1_benchmark,d2_beef_uncontrolled,random_forest,classification,7,4,16,1.1.0,real,True,ok,,2026-09-20T07:51:23Z,0.6680724578909576,6435,2145,,,3,1,2e34c9f360a4,e42a40b292e6f058,5c2b2b869c73,require_all_classes,"{""missing_in_test"": [], ""missing_in_train"": []}"
d2_beef_uncontrolled|random_forest|classification|seed08|fold00,m1_benchmark,d2_beef_uncontrolled,random_forest,classification,8,0,16,1.1.0,real,True,ok,,2026-09-20T07:52:10Z,0.7421633750200272,6435,2145,,,3,1,760fd382be4c,b45cb6d36939639c,e7dc445ff81a,require_all_classes,"{""missing_in_test"": [], ""missing_in_train"": []}"
d2_beef_uncontrolled|random_forest|classification|seed08|fold01,m1_benchmark,d2_beef_uncontrolled,random_forest,classification,8,1,16,1.1.0,real,True,ok,,2026-09-20T07:52:54Z,0.7767871669493616,6435,2145,,,3,1,f60758215a07,c612afb8f1c3d3ad,e7dc445ff81a,require_all_classes,"{""missing_in_test"": [], ""missing_in_train"": []}"
d2_beef_uncontrolled|random_forest|classification|seed08|fold02,m1_benchmark,d2_beef_uncontrolled,random_forest,classification,8,2,16,1.1.0,real,True,ok,,2026-09-20T07:53:37Z,0.5941764581948519,6435,2145,,,3,1,b12aea5b360e,beb2290fe1a134f2,e7dc445ff81a,require_all_classes,"{""missing_in_test"": [], ""missing_in_train"": []}"
d2_beef_uncontrolled|random_forest|classification|seed08|fold03,m1_benchmark,d2_beef_uncontrolled,random_forest,classification,8,3,16,1.1.0,real,True,ok,,2026-09-20T07:54:21Z,0.6565189170651138,6435,2145,,,3,1,d24ce02cae99,a04ac9e0dcbe0097,e7dc445ff81a,require_all_classes,"{""missing_in_test"": [], ""missing_in_train"": []}"
d2_beef_uncontrolled|random_forest|classification|seed08|fold04,m1_benchmark,d2_beef_uncontrolled,random_forest,classification,8,4,16,1.1.0,real,True,ok,,2026-09-20T07:55:03Z,0.7047227919101715,6435,2145,,,3,1,02ddc5401296,cd23d3a1e854322d,e7dc445ff81a,require_all_classes,"{""missing_in_test"": [], ""missing_in_train"": []}"
d2_beef_uncontrolled|random_forest|classification|seed09|fold00,m1_benchmark,d2_beef_uncontrolled,random_forest,classification,9,0,16,1.1.0,real,True,ok,,2026-09-20T07:55:47Z,0.6715822499245405,6435,2145,,,3,1,523607d0ddee,244d81221b0a5eeb,002054794067,require_all_classes,"{""missing_in_test"": [], ""missing_in_train"": []}"
d2_beef_uncontrolled|random_forest|classification|seed09|fold01,m1_benchmark,d2_beef_uncontrolled,random_forest,classification,9,1,16,1.1.0,real,True,ok,,2026-09-20T07:56:27Z,0.5588002917356789,6435,2145,,,3,1,de265fd108a1,aa4308648a49a826,002054794067,require_all_classes,"{""missing_in_test"": [], ""missing_in_train"": []}"
d2_beef_uncontrolled|random_forest|classification|seed09|fold02,m1_benchmark,d2_beef_uncontrolled,random_forest,classification,9,2,16,1.1.0,real,True,ok,,2026-09-20T07:57:06Z,0.5198848750442266,6435,2145,,,3,1,9a76beab3005,55e5555b64c3d14e,002054794067,require_all_classes,"{""missing_in_test"": [], ""missing_in_train"": []}"
d2_beef_uncontrolled|random_forest|classification|seed09|fold03,m1_benchmark,d2_beef_uncontrolled,random_forest,classification,9,3,16,1.1.0,real,True,ok,,2026-09-20T07:57:46Z,0.5722891250625253,6435,2145,,,3,1,bcc42ac9806b,99ec33452b7a3de5,002054794067,require_all_classes,"{""missing_in_test"": [], ""missing_in_train"": []}"
d2_beef_uncontrolled|random_forest|classification|seed09|fold04,m1_benchmark,d2_beef_uncontrolled,random_forest,classification,9,4,16,1.1.0,real,True,ok,,2026-09-20T07:58:27Z,0.5459861666895449,6435,2145,,,3,1,3b4893542c85,22539508e0a17fb5,002054794067,require_all_classes,"{""missing_in_test"": [], ""missing_in_train"": []}"
d2_beef_uncontrolled|random_forest|regression|seed00|fold00,m1_benchmark,d2_beef_uncontrolled,random_forest,regression,0,0,16,1.1.0,real,True,ok,,2026-09-20T07:25:05Z,9.166502833366394,6435,2145,,,3,1,20a70c561f8e,a75d17293db99f3d,59a133a794a8,require_all_classes,"{""missing_in_test"": [], ""missing_in_train"": []}"
d2_beef_uncontrolled|random_forest|regression|seed00|fold01,m1_benchmark,d2_beef_uncontrolled,random_forest,regression,0,1,16,1.1.0,real,True,ok,,2026-09-20T07:25:45Z,8.950185999739915,6435,2145,,,3,1,6c9ef01abdf9,cf85ca6816d205d6,59a133a794a8,require_all_classes,"{""missing_in_test"": [], ""missing_in_train"": []}"
d2_beef_uncontrolled|random_forest|regression|seed00|fold02,m1_benchmark,d2_beef_uncontrolled,random_forest,regression,0,2,16,1.1.0,real,True,ok,,2026-09-20T07:26:24Z,9.13409125013277,6435,2145,,,3,1,8f5d6031eff3,719891274b5bd57a,59a133a794a8,require_all_classes,"{""missing_in_test"": [], ""missing_in_train"": []}"
d2_beef_uncontrolled|random_forest|regression|seed00|fold03,m1_benchmark,d2_beef_uncontrolled,random_forest,regression,0,3,16,1.1.0,real,True,ok,,2026-09-20T07:27:04Z,9.973165042232722,6435,2145,,,3,1,940f76d29b89,431c1e7c8b70f5ab,59a133a794a8,require_all_classes,"{""missing_in_test"": [], ""missing_in_train"": []}"
d2_beef_uncontrolled|random_forest|regression|seed00|fold04,m1_benchmark,d2_beef_uncontrolled,random_forest,regression,0,4,16,1.1.0,real,True,ok,,2026-09-20T07:27:44Z,10.446704959031194,6435,2145,,,3,1,b01bbf6f9575,9a4a0365cba93f59,59a133a794a8,require_all_classes,"{""missing_in_test"": [], ""missing_in_train"": []}"
d2_beef_uncontrolled|random_forest|regression|seed01|fold00,m1_benchmark,d2_beef_uncontrolled,random_forest,regression,1,0,16,1.1.0,real,True,ok,,2026-09-20T07:28:24Z,9.288339999970049,6435,2145,,,3,1,92d667f81d03,40e5ec974159aae2,4ba0eff43fba,require_all_classes,"{""missing_in_test"": [], ""missing_in_train"": []}"
d2_beef_uncontrolled|random_forest|regression|seed01|fold01,m1_benchmark,d2_beef_uncontrolled,random_forest,regression,1,1,16,1.1.0,real,True,ok,,2026-09-20T07:29:03Z,8.872755167074502,6435,2145,,,3,1,63eaca80ac77,394f7018a4c7144a,4ba0eff43fba,require_all_classes,"{""missing_in_test"": [], ""missing_in_train"": []}"
d2_beef_uncontrolled|random_forest|regression|seed01|fold02,m1_benchmark,d2_beef_uncontrolled,random_forest,regression,1,2,16,1.1.0,real,True,ok,,2026-09-20T07:29:42Z,10.066463415976614,6435,2145,,,3,1,14ed105fd91e,3c42e13fdd13e436,4ba0eff43fba,require_all_classes,"{""missing_in_test"": [], ""missing_in_train"": []}"
d2_beef_uncontrolled|random_forest|regression|seed01|fold03,m1_benchmark,d2_beef_uncontrolled,random_forest,regression,1,3,16,1.1.0,real,True,ok,,2026-09-20T07:30:21Z,9.437492291908711,6435,2145,,,3,1,99c64364d832,25aa7e50aba9b25a,4ba0eff43fba,require_all_classes,"{""missing_in_test"": [], ""missing_in_train"": []}"
d2_beef_uncontrolled|random_forest|regression|seed01|fold04,m1_benchmark,d2_beef_uncontrolled,random_forest,regression,1,4,16,1.1.0,real,True,ok,,2026-09-20T07:31:00Z,9.637098249979317,6435,2145,,,3,1,fa4200209670,c23ea4f28f82ec79,4ba0eff43fba,require_all_classes,"{""missing_in_test"": [], ""missing_in_train"": []}"
d2_beef_uncontrolled|random_forest|regression|seed02|fold00,m1_benchmark,d2_beef_uncontrolled,random_forest,regression,2,0,16,1.1.0,real,True,ok,,2026-09-20T07:31:41Z,8.867738583125174,6435,2145,,,3,1,38e11e05422e,4bec81ef8e3a20d8,5dd6f201e6a4,require_all_classes,"{""missing_in_test"": [], ""missing_in_train"": []}"
d2_beef_uncontrolled|random_forest|regression|seed02|fold01,m1_benchmark,d2_beef_uncontrolled,random_forest,regression,2,1,16,1.1.0,real,True,ok,,2026-09-20T07:32:22Z,9.783787959255278,6435,2145,,,3,1,8a87c8dddc86,ca935b059a83112f,5dd6f201e6a4,require_all_classes,"{""missing_in_test"": [], ""missing_in_train"": []}"
d2_beef_uncontrolled|random_forest|regression|seed02|fold02,m1_benchmark,d2_beef_uncontrolled,random_forest,regression,2,2,16,1.1.0,real,True,ok,,2026-09-20T07:33:02Z,9.054354666732252,6435,2145,,,3,1,545d378c28a6,172538e564bf03d3,5dd6f201e6a4,require_all_classes,"{""missing_in_test"": [], ""missing_in_train"": []}"
d2_beef_uncontrolled|random_forest|regression|seed02|fold03,m1_benchmark,d2_beef_uncontrolled,random_forest,regression,2,3,16,1.1.0,real,True,ok,,2026-09-20T07:33:41Z,9.928037584293634,6435,2145,,,3,1,289906332a4f,1117f6adf6496575,5dd6f201e6a4,require_all_classes,"{""missing_in_test"": [], ""missing_in_train"": []}"
d2_beef_uncontrolled|random_forest|regression|seed02|fold04,m1_benchmark,d2_beef_uncontrolled,random_forest,regression,2,4,16,1.1.0,real,True,ok,,2026-09-20T07:34:21Z,10.142046583350748,6435,2145,,,3,1,202906f4d7e1,c0bea7464c4b9174,5dd6f201e6a4,require_all_classes,"{""missing_in_test"": [], ""missing_in_train"": []}"
d2_beef_uncontrolled|random_forest|regression|seed03|fold00,m1_benchmark,d2_beef_uncontrolled,random_forest,regression,3,0,16,1.1.0,real,True,ok,,2026-09-20T07:35:04Z,11.813220708165318,6435,2145,,,3,1,0e087c313624,ab81f969561ad026,d7af62ae68b3,require_all_classes,"{""missing_in_test"": [], ""missing_in_train"": []}"
d2_beef_uncontrolled|random_forest|regression|seed03|fold01,m1_benchmark,d2_beef_uncontrolled,random_forest,regression,3,1,16,1.1.0,real,True,ok,,2026-09-20T07:35:47Z,10.682450500316918,6435,2145,,,3,1,ff41306bda71,934b95389e4a9f86,d7af62ae68b3,require_all_classes,"{""missing_in_test"": [], ""missing_in_train"": []}"
d2_beef_uncontrolled|random_forest|regression|seed03|fold02,m1_benchmark,d2_beef_uncontrolled,random_forest,regression,3,2,16,1.1.0,real,True,ok,,2026-09-20T07:36:28Z,10.501928333193064,6435,2145,,,3,1,31c8eaca9098,7cb14a5087c8a5be,d7af62ae68b3,require_all_classes,"{""missing_in_test"": [], ""missing_in_train"": []}"
d2_beef_uncontrolled|random_forest|regression|seed03|fold03,m1_benchmark,d2_beef_uncontrolled,random_forest,regression,3,3,16,1.1.0,real,True,ok,,2026-09-20T07:37:09Z,10.859227125067264,6435,2145,,,3,1,73fd7314e359,25ffbaa81e6ff35a,d7af62ae68b3,require_all_classes,"{""missing_in_test"": [], ""missing_in_train"": []}"
d2_beef_uncontrolled|random_forest|regression|seed03|fold04,m1_benchmark,d2_beef_uncontrolled,random_forest,regression,3,4,16,1.1.0,real,True,ok,,2026-09-20T07:37:50Z,11.251871666871011,6435,2145,,,3,1,a4933ae9f507,36a69caacd00edcd,d7af62ae68b3,require_all_classes,"{""missing_in_test"": [], ""missing_in_train"": []}"
d2_beef_uncontrolled|random_forest|regression|seed04|fold00,m1_benchmark,d2_beef_uncontrolled,random_forest,regression,4,0,16,1.1.0,real,True,ok,,2026-09-20T07:38:34Z,11.232835499569774,6435,2145,,,3,1,ab20f229b2e5,6ac3b4eb99e4a96f,4c7f1683df26,require_all_classes,"{""missing_in_test"": [], ""missing_in_train"": []}"
d2_beef_uncontrolled|random_forest|regression|seed04|fold01,m1_benchmark,d2_beef_uncontrolled,random_forest,regression,4,1,16,1.1.0,real,True,ok,,2026-09-20T07:39:15Z,10.49559195805341,6435,2145,,,3,1,6b2262999c63,b94f0bd70d2910f3,4c7f1683df26,require_all_classes,"{""missing_in_test"": [], ""missing_in_train"": []}"
d2_beef_uncontrolled|random_forest|regression|seed04|fold02,m1_benchmark,d2_beef_uncontrolled,random_forest,regression,4,2,16,1.1.0,real,True,ok,,2026-09-20T07:39:55Z,10.210531124845147,6435,2145,,,3,1,557db8e1a73e,c602b85bc2759a29,4c7f1683df26,require_all_classes,"{""missing_in_test"": [], ""missing_in_train"": []}"
d2_beef_uncontrolled|random_forest|regression|seed04|fold03,m1_benchmark,d2_beef_uncontrolled,random_forest,regression,4,3,16,1.1.0,real,True,ok,,2026-09-20T07:40:36Z,11.052981792017817,6435,2145,,,3,1,9dd348ffc2ab,7f08c661d4d47672,4c7f1683df26,require_all_classes,"{""missing_in_test"": [], ""missing_in_train"": []}"
d2_beef_uncontrolled|random_forest|regression|seed04|fold04,m1_benchmark,d2_beef_uncontrolled,random_forest,regression,4,4,16,1.1.0,real,True,ok,,2026-09-20T07:41:17Z,10.43228791700676,6435,2145,,,3,1,faf19bcdc9b9,8b92c58c54496e16,4c7f1683df26,require_all_classes,"{""missing_in_test"": [], ""missing_in_train"": []}"
d2_beef_uncontrolled|random_forest|regression|seed05|fold00,m1_benchmark,d2_beef_uncontrolled,random_forest,regression,5,0,16,1.1.0,real,True,ok,,2026-09-20T07:41:59Z,10.410174916032702,6435,2145,,,3,1,413cdd715162,ddb558261fdc7074,141e2cf771a3,require_all_classes,"{""missing_in_test"": [], ""missing_in_train"": []}"
d2_beef_uncontrolled|random_forest|regression|seed05|fold01,m1_benchmark,d2_beef_uncontrolled,random_forest,regression,5,1,16,1.1.0,real,True,ok,,2026-09-20T07:42:39Z,9.92001041630283,6435,2145,,,3,1,a8b8c30a5944,a61c670e81d6e86d,141e2cf771a3,require_all_classes,"{""missing_in_test"": [], ""missing_in_train"": []}"
d2_beef_uncontrolled|random_forest|regression|seed05|fold02,m1_benchmark,d2_beef_uncontrolled,random_forest,regression,5,2,16,1.1.0,real,True,ok,,2026-09-20T07:43:20Z,11.796726667322218,6435,2145,,,3,1,9de5f792dc27,5ca7c91303cf0c3e,141e2cf771a3,require_all_classes,"{""missing_in_test"": [], ""missing_in_train"": []}"
d2_beef_uncontrolled|random_forest|regression|seed05|fold03,m1_benchmark,d2_beef_uncontrolled,random_forest,regression,5,3,16,1.1.0,real,True,ok,,2026-09-20T07:44:01Z,10.097534917294979,6435,2145,,,3,1,a5838cf9641b,c61496a6e1483b89,141e2cf771a3,require_all_classes,"{""missing_in_test"": [], ""missing_in_train"": []}"
d2_beef_uncontrolled|random_forest|regression|seed05|fold04,m1_benchmark,d2_beef_uncontrolled,random_forest,regression,5,4,16,1.1.0,real,True,ok,,2026-09-20T07:44:41Z,11.005997417028993,6435,2145,,,3,1,6eee1b95b6aa,82bd3ac1940485eb,141e2cf771a3,require_all_classes,"{""missing_in_test"": [], ""missing_in_train"": []}"
d2_beef_uncontrolled|random_forest|regression|seed06|fold00,m1_benchmark,d2_beef_uncontrolled,random_forest,regression,6,0,16,1.1.0,real,True,ok,,2026-09-20T07:45:25Z,11.572256250306964,6435,2145,,,3,1,477c37a8ab73,adf03b27014a766d,711fb81f4d00,require_all_classes,"{""missing_in_test"": [], ""missing_in_train"": []}"
d2_beef_uncontrolled|random_forest|regression|seed06|fold01,m1_benchmark,d2_beef_uncontrolled,random_forest,regression,6,1,16,1.1.0,real,True,ok,,2026-09-20T07:46:09Z,11.625501624774188,6435,2145,,,3,1,1c2e3ba58278,c0f694aa225a2cc6,711fb81f4d00,require_all_classes,"{""missing_in_test"": [], ""missing_in_train"": []}"
d2_beef_uncontrolled|random_forest|regression|seed06|fold02,m1_benchmark,d2_beef_uncontrolled,random_forest,regression,6,2,16,1.1.0,real,True,ok,,2026-09-20T07:46:51Z,11.969564583152533,6435,2145,,,3,1,54ff457155dd,43dc54439287b94f,711fb81f4d00,require_all_classes,"{""missing_in_test"": [], ""missing_in_train"": []}"
d2_beef_uncontrolled|random_forest|regression|seed06|fold03,m1_benchmark,d2_beef_uncontrolled,random_forest,regression,6,3,16,1.1.0,real,True,ok,,2026-09-20T07:47:30Z,9.952985292300582,6435,2145,,,3,1,a877630b86ff,ecfbb4067d93e186,711fb81f4d00,require_all_classes,"{""missing_in_test"": [], ""missing_in_train"": []}"
d2_beef_uncontrolled|random_forest|regression|seed06|fold04,m1_benchmark,d2_beef_uncontrolled,random_forest,regression,6,4,16,1.1.0,real,True,ok,,2026-09-20T07:48:10Z,10.97269070893526,6435,2145,,,3,1,308afc6cb592,d59eaed46a6ae92b,711fb81f4d00,require_all_classes,"{""missing_in_test"": [], ""missing_in_train"": []}"
d2_beef_uncontrolled|random_forest|regression|seed07|fold00,m1_benchmark,d2_beef_uncontrolled,random_forest,regression,7,0,16,1.1.0,real,True,ok,,2026-09-20T07:48:51Z,9.931407541036606,6435,2145,,,3,1,7b279b72dfb8,70e1c0a1e29f3d27,5c2b2b869c73,require_all_classes,"{""missing_in_test"": [], ""missing_in_train"": []}"
d2_beef_uncontrolled|random_forest|regression|seed07|fold01,m1_benchmark,d2_beef_uncontrolled,random_forest,regression,7,1,16,1.1.0,real,True,ok,,2026-09-20T07:49:31Z,9.861918875016272,6435,2145,,,3,1,bb1e5578b9e3,b4d11e7725d09882,5c2b2b869c73,require_all_classes,"{""missing_in_test"": [], ""missing_in_train"": []}"
d2_beef_uncontrolled|random_forest|regression|seed07|fold02,m1_benchmark,d2_beef_uncontrolled,random_forest,regression,7,2,16,1.1.0,real,True,ok,,2026-09-20T07:50:11Z,10.798890125006437,6435,2145,,,3,1,ba39acccb154,26b5b2437b2119bd,5c2b2b869c73,require_all_classes,"{""missing_in_test"": [], ""missing_in_train"": []}"
d2_beef_uncontrolled|random_forest|regression|seed07|fold03,m1_benchmark,d2_beef_uncontrolled,random_forest,regression,7,3,16,1.1.0,real,True,ok,,2026-09-20T07:50:52Z,11.006633749697357,6435,2145,,,3,1,4726b95fa672,844dc63361758682,5c2b2b869c73,require_all_classes,"{""missing_in_test"": [], ""missing_in_train"": []}"
d2_beef_uncontrolled|random_forest|regression|seed07|fold04,m1_benchmark,d2_beef_uncontrolled,random_forest,regression,7,4,16,1.1.0,real,True,ok,,2026-09-20T07:51:35Z,12.105236750096083,6435,2145,,,3,1,2e34c9f360a4,1557b38a34074911,5c2b2b869c73,require_all_classes,"{""missing_in_test"": [], ""missing_in_train"": []}"
d2_beef_uncontrolled|random_forest|regression|seed08|fold00,m1_benchmark,d2_beef_uncontrolled,random_forest,regression,8,0,16,1.1.0,real,True,ok,,2026-09-20T07:52:23Z,12.633686000015587,6435,2145,,,3,1,760fd382be4c,2b1bac607b740ebd,e7dc445ff81a,require_all_classes,"{""missing_in_test"": [], ""missing_in_train"": []}"
d2_beef_uncontrolled|random_forest|regression|seed08|fold01,m1_benchmark,d2_beef_uncontrolled,random_forest,regression,8,1,16,1.1.0,real,True,ok,,2026-09-20T07:53:07Z,13.075235875323415,6435,2145,,,3,1,f60758215a07,0278ab6c01aecaf6,e7dc445ff81a,require_all_classes,"{""missing_in_test"": [], ""missing_in_train"": []}"
d2_beef_uncontrolled|random_forest|regression|seed08|fold02,m1_benchmark,d2_beef_uncontrolled,random_forest,regression,8,2,16,1.1.0,real,True,ok,,2026-09-20T07:53:52Z,14.735371290706098,6435,2145,,,3,1,b12aea5b360e,f08ad75ae9a0ef3c,e7dc445ff81a,require_all_classes,"{""missing_in_test"": [], ""missing_in_train"": []}"
d2_beef_uncontrolled|random_forest|regression|seed08|fold03,m1_benchmark,d2_beef_uncontrolled,random_forest,regression,8,3,16,1.1.0,real,True,ok,,2026-09-20T07:54:33Z,11.989109624642879,6435,2145,,,3,1,d24ce02cae99,898144a8436d2cff,e7dc445ff81a,require_all_classes,"{""missing_in_test"": [], ""missing_in_train"": []}"
d2_beef_uncontrolled|random_forest|regression|seed08|fold04,m1_benchmark,d2_beef_uncontrolled,random_forest,regression,8,4,16,1.1.0,real,True,ok,,2026-09-20T07:55:14Z,11.3757921657525,6435,2145,,,3,1,02ddc5401296,275ad1390390ae7d,e7dc445ff81a,require_all_classes,"{""missing_in_test"": [], ""missing_in_train"": []}"
d2_beef_uncontrolled|random_forest|regression|seed09|fold00,m1_benchmark,d2_beef_uncontrolled,random_forest,regression,9,0,16,1.1.0,real,True,ok,,2026-09-20T07:55:57Z,10.695462916977704,6435,2145,,,3,1,523607d0ddee,521c9761ec33271e,002054794067,require_all_classes,"{""missing_in_test"": [], ""missing_in_train"": []}"
d2_beef_uncontrolled|random_forest|regression|seed09|fold01,m1_benchmark,d2_beef_uncontrolled,random_forest,regression,9,1,16,1.1.0,real,True,ok,,2026-09-20T07:56:37Z,10.286265749949962,6435,2145,,,3,1,de265fd108a1,760daa078c98b750,002054794067,require_all_classes,"{""missing_in_test"": [], ""missing_in_train"": []}"
d2_beef_uncontrolled|random_forest|regression|seed09|fold02,m1_benchmark,d2_beef_uncontrolled,random_forest,regression,9,2,16,1.1.0,real,True,ok,,2026-09-20T07:57:17Z,10.813427958171815,6435,2145,,,3,1,9a76beab3005,0b526e12bd42f107,002054794067,require_all_classes,"{""missing_in_test"": [], ""missing_in_train"": []}"
d2_beef_uncontrolled|random_forest|regression|seed09|fold03,m1_benchmark,d2_beef_uncontrolled,random_forest,regression,9,3,16,1.1.0,real,True,ok,,2026-09-20T07:57:58Z,11.145394708961248,6435,2145,,,3,1,bcc42ac9806b,54b9cc5426615244,002054794067,require_all_classes,"{""missing_in_test"": [], ""missing_in_train"": []}"
d2_beef_uncontrolled|random_forest|regression|seed09|fold04,m1_benchmark,d2_beef_uncontrolled,random_forest,regression,9,4,16,1.1.0,real,True,ok,,2026-09-20T07:58:38Z,10.608545875176787,6435,2145,,,3,1,3b4893542c85,42c3c92bbe6b359f,002054794067,require_all_classes,"{""missing_in_test"": [], ""missing_in_train"": []}"
d2_beef_uncontrolled|svm_rbf|classification|seed00|fold00,m1_benchmark,d2_beef_uncontrolled,svm_rbf,classification,0,0,16,1.1.0,real,True,ok,,2026-09-20T07:24:55Z,0.6358161247335374,6435,2145,,,3,1,20a70c561f8e,d46e3250d3d83766,59a133a794a8,require_all_classes,"{""missing_in_test"": [], ""missing_in_train"": []}"
d2_beef_uncontrolled|svm_rbf|classification|seed00|fold01,m1_benchmark,d2_beef_uncontrolled,svm_rbf,classification,0,1,16,1.1.0,real,True,ok,,2026-09-20T07:25:35Z,0.5496431672945619,6435,2145,,,3,1,6c9ef01abdf9,7648280a04f2e402,59a133a794a8,require_all_classes,"{""missing_in_test"": [], ""missing_in_train"": []}"
d2_beef_uncontrolled|svm_rbf|classification|seed00|fold02,m1_benchmark,d2_beef_uncontrolled,svm_rbf,classification,0,2,16,1.1.0,real,True,ok,,2026-09-20T07:26:14Z,0.4716097079217434,6435,2145,,,3,1,8f5d6031eff3,f9f5ad6ad0f8d0ef,59a133a794a8,require_all_classes,"{""missing_in_test"": [], ""missing_in_train"": []}"
d2_beef_uncontrolled|svm_rbf|classification|seed00|fold03,m1_benchmark,d2_beef_uncontrolled,svm_rbf,classification,0,3,16,1.1.0,real,True,ok,,2026-09-20T07:26:53Z,0.5269708340056241,6435,2145,,,3,1,940f76d29b89,4c21ae0812606b5d,59a133a794a8,require_all_classes,"{""missing_in_test"": [], ""missing_in_train"": []}"
d2_beef_uncontrolled|svm_rbf|classification|seed00|fold04,m1_benchmark,d2_beef_uncontrolled,svm_rbf,classification,0,4,16,1.1.0,real,True,ok,,2026-09-20T07:27:32Z,0.5649413326755166,6435,2145,,,3,1,b01bbf6f9575,e1be2100f193dfa7,59a133a794a8,require_all_classes,"{""missing_in_test"": [], ""missing_in_train"": []}"
d2_beef_uncontrolled|svm_rbf|classification|seed01|fold00,m1_benchmark,d2_beef_uncontrolled,svm_rbf,classification,1,0,16,1.1.0,real,True,ok,,2026-09-20T07:28:14Z,0.5949559998698533,6435,2145,,,3,1,92d667f81d03,4528bcf60a627981,4ba0eff43fba,require_all_classes,"{""missing_in_test"": [], ""missing_in_train"": []}"
d2_beef_uncontrolled|svm_rbf|classification|seed01|fold01,m1_benchmark,d2_beef_uncontrolled,svm_rbf,classification,1,1,16,1.1.0,real,True,ok,,2026-09-20T07:28:53Z,0.515974999871105,6435,2145,,,3,1,63eaca80ac77,db7701479eca41be,4ba0eff43fba,require_all_classes,"{""missing_in_test"": [], ""missing_in_train"": []}"
d2_beef_uncontrolled|svm_rbf|classification|seed01|fold02,m1_benchmark,d2_beef_uncontrolled,svm_rbf,classification,1,2,16,1.1.0,real,True,ok,,2026-09-20T07:29:31Z,0.5541299171745777,6435,2145,,,3,1,14ed105fd91e,cf7d8e1fcea247af,4ba0eff43fba,require_all_classes,"{""missing_in_test"": [], ""missing_in_train"": []}"
d2_beef_uncontrolled|svm_rbf|classification|seed01|fold03,m1_benchmark,d2_beef_uncontrolled,svm_rbf,classification,1,3,16,1.1.0,real,True,ok,,2026-09-20T07:30:11Z,0.49860333278775215,6435,2145,,,3,1,99c64364d832,ffb1ef50c7eb9788,4ba0eff43fba,require_all_classes,"{""missing_in_test"": [], ""missing_in_train"": []}"
d2_beef_uncontrolled|svm_rbf|classification|seed01|fold04,m1_benchmark,d2_beef_uncontrolled,svm_rbf,classification,1,4,16,1.1.0,real,True,ok,,2026-09-20T07:30:50Z,0.54962766636163,6435,2145,,,3,1,fa4200209670,013cbe151643183b,4ba0eff43fba,require_all_classes,"{""missing_in_test"": [], ""missing_in_train"": []}"
d2_beef_uncontrolled|svm_rbf|classification|seed02|fold00,m1_benchmark,d2_beef_uncontrolled,svm_rbf,classification,2,0,16,1.1.0,real,True,ok,,2026-09-20T07:31:31Z,0.6443371246568859,6435,2145,,,3,1,38e11e05422e,3c1714e5f312ff4b,5dd6f201e6a4,require_all_classes,"{""missing_in_test"": [], ""missing_in_train"": []}"
d2_beef_uncontrolled|svm_rbf|classification|seed02|fold01,m1_benchmark,d2_beef_uncontrolled,svm_rbf,classification,2,1,16,1.1.0,real,True,ok,,2026-09-20T07:32:11Z,0.6083070421591401,6435,2145,,,3,1,8a87c8dddc86,c611ab89b54cfe55,5dd6f201e6a4,require_all_classes,"{""missing_in_test"": [], ""missing_in_train"": []}"
d2_beef_uncontrolled|svm_rbf|classification|seed02|fold02,m1_benchmark,d2_beef_uncontrolled,svm_rbf,classification,2,2,16,1.1.0,real,True,ok,,2026-09-20T07:32:52Z,0.48509108275175095,6435,2145,,,3,1,545d378c28a6,06a59b37990be1b1,5dd6f201e6a4,require_all_classes,"{""missing_in_test"": [], ""missing_in_train"": []}"
d2_beef_uncontrolled|svm_rbf|classification|seed02|fold03,m1_benchmark,d2_beef_uncontrolled,svm_rbf,classification,2,3,16,1.1.0,real,True,ok,,2026-09-20T07:33:30Z,0.5265544163994491,6435,2145,,,3,1,289906332a4f,fc2231f206365e1c,5dd6f201e6a4,require_all_classes,"{""missing_in_test"": [], ""missing_in_train"": []}"
d2_beef_uncontrolled|svm_rbf|classification|seed02|fold04,m1_benchmark,d2_beef_uncontrolled,svm_rbf,classification,2,4,16,1.1.0,real,True,ok,,2026-09-20T07:34:10Z,0.564197916071862,6435,2145,,,3,1,202906f4d7e1,8dc9ffca90c15be3,5dd6f201e6a4,require_all_classes,"{""missing_in_test"": [], ""missing_in_train"": []}"
d2_beef_uncontrolled|svm_rbf|classification|seed03|fold00,m1_benchmark,d2_beef_uncontrolled,svm_rbf,classification,3,0,16,1.1.0,real,True,ok,,2026-09-20T07:34:51Z,0.649183708243072,6435,2145,,,3,1,0e087c313624,70c7bd94a1dc02a2,d7af62ae68b3,require_all_classes,"{""missing_in_test"": [], ""missing_in_train"": []}"
d2_beef_uncontrolled|svm_rbf|classification|seed03|fold01,m1_benchmark,d2_beef_uncontrolled,svm_rbf,classification,3,1,16,1.1.0,real,True,ok,,2026-09-20T07:35:35Z,0.5672369580715895,6435,2145,,,3,1,ff41306bda71,17fa9cca50b3ff40,d7af62ae68b3,require_all_classes,"{""missing_in_test"": [], ""missing_in_train"": []}"
d2_beef_uncontrolled|svm_rbf|classification|seed03|fold02,m1_benchmark,d2_beef_uncontrolled,svm_rbf,classification,3,2,16,1.1.0,real,True,ok,,2026-09-20T07:36:16Z,0.45686400029808283,6435,2145,,,3,1,31c8eaca9098,ccd730c9172c2111,d7af62ae68b3,require_all_classes,"{""missing_in_test"": [], ""missing_in_train"": []}"
d2_beef_uncontrolled|svm_rbf|classification|seed03|fold03,m1_benchmark,d2_beef_uncontrolled,svm_rbf,classification,3,3,16,1.1.0,real,True,ok,,2026-09-20T07:36:57Z,0.49665183294564486,6435,2145,,,3,1,73fd7314e359,722c44d4f4daf73f,d7af62ae68b3,require_all_classes,"{""missing_in_test"": [], ""missing_in_train"": []}"
d2_beef_uncontrolled|svm_rbf|classification|seed03|fold04,m1_benchmark,d2_beef_uncontrolled,svm_rbf,classification,3,4,16,1.1.0,real,True,ok,,2026-09-20T07:37:38Z,0.6190876667387784,6435,2145,,,3,1,a4933ae9f507,0b5b2018ad94d924,d7af62ae68b3,require_all_classes,"{""missing_in_test"": [], ""missing_in_train"": []}"
d2_beef_uncontrolled|svm_rbf|classification|seed04|fold00,m1_benchmark,d2_beef_uncontrolled,svm_rbf,classification,4,0,16,1.1.0,real,True,ok,,2026-09-20T07:38:22Z,0.6500470000319183,6435,2145,,,3,1,ab20f229b2e5,ad758fc41ddaadee,4c7f1683df26,require_all_classes,"{""missing_in_test"": [], ""missing_in_train"": []}"
d2_beef_uncontrolled|svm_rbf|classification|seed04|fold01,m1_benchmark,d2_beef_uncontrolled,svm_rbf,classification,4,1,16,1.1.0,real,True,ok,,2026-09-20T07:39:04Z,0.5822752919048071,6435,2145,,,3,1,6b2262999c63,6c6053aa5ae1ed0c,4c7f1683df26,require_all_classes,"{""missing_in_test"": [], ""missing_in_train"": []}"
d2_beef_uncontrolled|svm_rbf|classification|seed04|fold02,m1_benchmark,d2_beef_uncontrolled,svm_rbf,classification,4,2,16,1.1.0,real,True,ok,,2026-09-20T07:39:44Z,0.5382426250725985,6435,2145,,,3,1,557db8e1a73e,e6fb268e068f5ccc,4c7f1683df26,require_all_classes,"{""missing_in_test"": [], ""missing_in_train"": []}"
d2_beef_uncontrolled|svm_rbf|classification|seed04|fold03,m1_benchmark,d2_beef_uncontrolled,svm_rbf,classification,4,3,16,1.1.0,real,True,ok,,2026-09-20T07:40:24Z,0.5176942078396678,6435,2145,,,3,1,9dd348ffc2ab,03e7dba198eb0786,4c7f1683df26,require_all_classes,"{""missing_in_test"": [], ""missing_in_train"": []}"
d2_beef_uncontrolled|svm_rbf|classification|seed04|fold04,m1_benchmark,d2_beef_uncontrolled,svm_rbf,classification,4,4,16,1.1.0,real,True,ok,,2026-09-20T07:41:06Z,0.5090446248650551,6435,2145,,,3,1,faf19bcdc9b9,81f9142ae823aa32,4c7f1683df26,require_all_classes,"{""missing_in_test"": [], ""missing_in_train"": []}"
d2_beef_uncontrolled|svm_rbf|classification|seed05|fold00,m1_benchmark,d2_beef_uncontrolled,svm_rbf,classification,5,0,16,1.1.0,real,True,ok,,2026-09-20T07:41:48Z,0.595966333989054,6435,2145,,,3,1,413cdd715162,09ca9fb66e472489,141e2cf771a3,require_all_classes,"{""missing_in_test"": [], ""missing_in_train"": []}"
d2_beef_uncontrolled|svm_rbf|classification|seed05|fold01,m1_benchmark,d2_beef_uncontrolled,svm_rbf,classification,5,1,16,1.1.0,real,True,ok,,2026-09-20T07:42:28Z,0.464154583401978,6435,2145,,,3,1,a8b8c30a5944,34bf5d301825d5e0,141e2cf771a3,require_all_classes,"{""missing_in_test"": [], ""missing_in_train"": []}"
d2_beef_uncontrolled|svm_rbf|classification|seed05|fold02,m1_benchmark,d2_beef_uncontrolled,svm_rbf,classification,5,2,16,1.1.0,real,True,ok,,2026-09-20T07:43:08Z,0.5712121669203043,6435,2145,,,3,1,9de5f792dc27,a9fcd54dfad8b1a8,141e2cf771a3,require_all_classes,"{""missing_in_test"": [], ""missing_in_train"": []}"
d2_beef_uncontrolled|svm_rbf|classification|seed05|fold03,m1_benchmark,d2_beef_uncontrolled,svm_rbf,classification,5,3,16,1.1.0,real,True,ok,,2026-09-20T07:43:50Z,0.5250352090224624,6435,2145,,,3,1,a5838cf9641b,7ceae7197a037645,141e2cf771a3,require_all_classes,"{""missing_in_test"": [], ""missing_in_train"": []}"
d2_beef_uncontrolled|svm_rbf|classification|seed05|fold04,m1_benchmark,d2_beef_uncontrolled,svm_rbf,classification,5,4,16,1.1.0,real,True,ok,,2026-09-20T07:44:29Z,0.5542899174615741,6435,2145,,,3,1,6eee1b95b6aa,06db4ad1586d9523,141e2cf771a3,require_all_classes,"{""missing_in_test"": [], ""missing_in_train"": []}"
d2_beef_uncontrolled|svm_rbf|classification|seed06|fold00,m1_benchmark,d2_beef_uncontrolled,svm_rbf,classification,6,0,16,1.1.0,real,True,ok,,2026-09-20T07:45:12Z,0.6749001671560109,6435,2145,,,3,1,477c37a8ab73,20d514cce25622ca,711fb81f4d00,require_all_classes,"{""missing_in_test"": [], ""missing_in_train"": []}"
d2_beef_uncontrolled|svm_rbf|classification|seed06|fold01,m1_benchmark,d2_beef_uncontrolled,svm_rbf,classification,6,1,16,1.1.0,real,True,ok,,2026-09-20T07:45:56Z,0.5797821669839323,6435,2145,,,3,1,1c2e3ba58278,32def4a4db4c7574,711fb81f4d00,require_all_classes,"{""missing_in_test"": [], ""missing_in_train"": []}"
d2_beef_uncontrolled|svm_rbf|classification|seed06|fold02,m1_benchmark,d2_beef_uncontrolled,svm_rbf,classification,6,2,16,1.1.0,real,True,ok,,2026-09-20T07:46:38Z,0.4906453751027584,6435,2145,,,3,1,54ff457155dd,fe0dfa8df9e5f11a,711fb81f4d00,require_all_classes,"{""missing_in_test"": [], ""missing_in_train"": []}"
d2_beef_uncontrolled|svm_rbf|classification|seed06|fold03,m1_benchmark,d2_beef_uncontrolled,svm_rbf,classification,6,3,16,1.1.0,real,True,ok,,2026-09-20T07:47:19Z,0.4463612916879356,6435,2145,,,3,1,a877630b86ff,9c51ffe9d56a7c4a,711fb81f4d00,require_all_classes,"{""missing_in_test"": [], ""missing_in_train"": []}"
d2_beef_uncontrolled|svm_rbf|classification|seed06|fold04,m1_benchmark,d2_beef_uncontrolled,svm_rbf,classification,6,4,16,1.1.0,real,True,ok,,2026-09-20T07:47:58Z,0.5614422089420259,6435,2145,,,3,1,308afc6cb592,b92f2337c8004dcd,711fb81f4d00,require_all_classes,"{""missing_in_test"": [], ""missing_in_train"": []}"
d2_beef_uncontrolled|svm_rbf|classification|seed07|fold00,m1_benchmark,d2_beef_uncontrolled,svm_rbf,classification,7,0,16,1.1.0,real,True,ok,,2026-09-20T07:48:40Z,0.5486687920056283,6435,2145,,,3,1,7b279b72dfb8,7c6cc2e312597f63,5c2b2b869c73,require_all_classes,"{""missing_in_test"": [], ""missing_in_train"": []}"
d2_beef_uncontrolled|svm_rbf|classification|seed07|fold01,m1_benchmark,d2_beef_uncontrolled,svm_rbf,classification,7,1,16,1.1.0,real,True,ok,,2026-09-20T07:49:20Z,0.5524628749117255,6435,2145,,,3,1,bb1e5578b9e3,915afd3438826fae,5c2b2b869c73,require_all_classes,"{""missing_in_test"": [], ""missing_in_train"": []}"
d2_beef_uncontrolled|svm_rbf|classification|seed07|fold02,m1_benchmark,d2_beef_uncontrolled,svm_rbf,classification,7,2,16,1.1.0,real,True,ok,,2026-09-20T07:49:59Z,0.618661249987781,6435,2145,,,3,1,ba39acccb154,ab00a0ddcf5885d8,5c2b2b869c73,require_all_classes,"{""missing_in_test"": [], ""missing_in_train"": []}"
d2_beef_uncontrolled|svm_rbf|classification|seed07|fold03,m1_benchmark,d2_beef_uncontrolled,svm_rbf,classification,7,3,16,1.1.0,real,True,ok,,2026-09-20T07:50:40Z,0.4703815830871463,6435,2145,,,3,1,4726b95fa672,1882afad5aed1972,5c2b2b869c73,require_all_classes,"{""missing_in_test"": [], ""missing_in_train"": []}"
d2_beef_uncontrolled|svm_rbf|classification|seed07|fold04,m1_benchmark,d2_beef_uncontrolled,svm_rbf,classification,7,4,16,1.1.0,real,True,ok,,2026-09-20T07:51:22Z,0.48692987486720085,6435,2145,,,3,1,2e34c9f360a4,9faf0f27c2f4be0c,5c2b2b869c73,require_all_classes,"{""missing_in_test"": [], ""missing_in_train"": []}"
d2_beef_uncontrolled|svm_rbf|classification|seed08|fold00,m1_benchmark,d2_beef_uncontrolled,svm_rbf,classification,8,0,16,1.1.0,real,True,ok,,2026-09-20T07:52:09Z,0.5713696251623333,6435,2145,,,3,1,760fd382be4c,06337a3e20b8cac2,e7dc445ff81a,require_all_classes,"{""missing_in_test"": [], ""missing_in_train"": []}"
d2_beef_uncontrolled|svm_rbf|classification|seed08|fold01,m1_benchmark,d2_beef_uncontrolled,svm_rbf,classification,8,1,16,1.1.0,real,True,ok,,2026-09-20T07:52:53Z,0.5660884166136384,6435,2145,,,3,1,f60758215a07,3b19820dbf254ded,e7dc445ff81a,require_all_classes,"{""missing_in_test"": [], ""missing_in_train"": []}"
d2_beef_uncontrolled|svm_rbf|classification|seed08|fold02,m1_benchmark,d2_beef_uncontrolled,svm_rbf,classification,8,2,16,1.1.0,real,True,ok,,2026-09-20T07:53:36Z,0.5967988753691316,6435,2145,,,3,1,b12aea5b360e,251393697016ad61,e7dc445ff81a,require_all_classes,"{""missing_in_test"": [], ""missing_in_train"": []}"
d2_beef_uncontrolled|svm_rbf|classification|seed08|fold03,m1_benchmark,d2_beef_uncontrolled,svm_rbf,classification,8,3,16,1.1.0,real,True,ok,,2026-09-20T07:54:20Z,0.6313539580442011,6435,2145,,,3,1,d24ce02cae99,7b45fafda27e913a,e7dc445ff81a,require_all_classes,"{""missing_in_test"": [], ""missing_in_train"": []}"
d2_beef_uncontrolled|svm_rbf|classification|seed08|fold04,m1_benchmark,d2_beef_uncontrolled,svm_rbf,classification,8,4,16,1.1.0,real,True,ok,,2026-09-20T07:55:02Z,0.5562415840104222,6435,2145,,,3,1,02ddc5401296,7f887d4f67006e6f,e7dc445ff81a,require_all_classes,"{""missing_in_test"": [], ""missing_in_train"": []}"
d2_beef_uncontrolled|svm_rbf|classification|seed09|fold00,m1_benchmark,d2_beef_uncontrolled,svm_rbf,classification,9,0,16,1.1.0,real,True,ok,,2026-09-20T07:55:46Z,0.6014770418405533,6435,2145,,,3,1,523607d0ddee,3a3d2d1911af6888,002054794067,require_all_classes,"{""missing_in_test"": [], ""missing_in_train"": []}"
d2_beef_uncontrolled|svm_rbf|classification|seed09|fold01,m1_benchmark,d2_beef_uncontrolled,svm_rbf,classification,9,1,16,1.1.0,real,True,ok,,2026-09-20T07:56:26Z,0.4756781249307096,6435,2145,,,3,1,de265fd108a1,5c49819769b0e784,002054794067,require_all_classes,"{""missing_in_test"": [], ""missing_in_train"": []}"
d2_beef_uncontrolled|svm_rbf|classification|seed09|fold02,m1_benchmark,d2_beef_uncontrolled,svm_rbf,classification,9,2,16,1.1.0,real,True,ok,,2026-09-20T07:57:05Z,0.5055932495743036,6435,2145,,,3,1,9a76beab3005,31e7c9b3dcbb3724,002054794067,require_all_classes,"{""missing_in_test"": [], ""missing_in_train"": []}"
d2_beef_uncontrolled|svm_rbf|classification|seed09|fold03,m1_benchmark,d2_beef_uncontrolled,svm_rbf,classification,9,3,16,1.1.0,real,True,ok,,2026-09-20T07:57:46Z,0.5549220419488847,6435,2145,,,3,1,bcc42ac9806b,4460f7e76078484b,002054794067,require_all_classes,"{""missing_in_test"": [], ""missing_in_train"": []}"
d2_beef_uncontrolled|svm_rbf|classification|seed09|fold04,m1_benchmark,d2_beef_uncontrolled,svm_rbf,classification,9,4,16,1.1.0,real,True,ok,,2026-09-20T07:58:26Z,0.5903808330185711,6435,2145,,,3,1,3b4893542c85,2f0462f476ee9325,002054794067,require_all_classes,"{""missing_in_test"": [], ""missing_in_train"": []}"
d2_beef_uncontrolled|svm_rbf|regression|seed00|fold00,m1_benchmark,d2_beef_uncontrolled,svm_rbf,regression,0,0,16,1.1.0,real,True,ok,,2026-09-20T07:24:55Z,0.3119099591858685,6435,2145,,,3,1,20a70c561f8e,92c06cface0f489b,59a133a794a8,require_all_classes,"{""missing_in_test"": [], ""missing_in_train"": []}"
d2_beef_uncontrolled|svm_rbf|regression|seed00|fold01,m1_benchmark,d2_beef_uncontrolled,svm_rbf,regression,0,1,16,1.1.0,real,True,ok,,2026-09-20T07:25:35Z,0.28554104175418615,6435,2145,,,3,1,6c9ef01abdf9,fbd4e30365ee08ce,59a133a794a8,require_all_classes,"{""missing_in_test"": [], ""missing_in_train"": []}"
d2_beef_uncontrolled|svm_rbf|regression|seed00|fold02,m1_benchmark,d2_beef_uncontrolled,svm_rbf,regression,0,2,16,1.1.0,real,True,ok,,2026-09-20T07:26:14Z,0.35521399974823,6435,2145,,,3,1,8f5d6031eff3,7c040e17555fe068,59a133a794a8,require_all_classes,"{""missing_in_test"": [], ""missing_in_train"": []}"
d2_beef_uncontrolled|svm_rbf|regression|seed00|fold03,m1_benchmark,d2_beef_uncontrolled,svm_rbf,regression,0,3,16,1.1.0,real,True,ok,,2026-09-20T07:26:53Z,0.2893639588728547,6435,2145,,,3,1,940f76d29b89,faa063260e1e6b3d,59a133a794a8,require_all_classes,"{""missing_in_test"": [], ""missing_in_train"": []}"
d2_beef_uncontrolled|svm_rbf|regression|seed00|fold04,m1_benchmark,d2_beef_uncontrolled,svm_rbf,regression,0,4,16,1.1.0,real,True,ok,,2026-09-20T07:27:33Z,0.3196147498674691,6435,2145,,,3,1,b01bbf6f9575,a3a068f42db5e6c9,59a133a794a8,require_all_classes,"{""missing_in_test"": [], ""missing_in_train"": []}"
d2_beef_uncontrolled|svm_rbf|regression|seed01|fold00,m1_benchmark,d2_beef_uncontrolled,svm_rbf,regression,1,0,16,1.1.0,real,True,ok,,2026-09-20T07:28:14Z,0.2890898329205811,6435,2145,,,3,1,92d667f81d03,dedb14b88c8d4083,4ba0eff43fba,require_all_classes,"{""missing_in_test"": [], ""missing_in_train"": []}"
d2_beef_uncontrolled|svm_rbf|regression|seed01|fold01,m1_benchmark,d2_beef_uncontrolled,svm_rbf,regression,1,1,16,1.1.0,real,True,ok,,2026-09-20T07:28:53Z,0.2717761667445302,6435,2145,,,3,1,63eaca80ac77,f73a7ac0b7c4ff32,4ba0eff43fba,require_all_classes,"{""missing_in_test"": [], ""missing_in_train"": []}"
d2_beef_uncontrolled|svm_rbf|regression|seed01|fold02,m1_benchmark,d2_beef_uncontrolled,svm_rbf,regression,1,2,16,1.1.0,real,True,ok,,2026-09-20T07:29:32Z,0.32649958319962025,6435,2145,,,3,1,14ed105fd91e,7d0d33b804cad7be,4ba0eff43fba,require_all_classes,"{""missing_in_test"": [], ""missing_in_train"": []}"
d2_beef_uncontrolled|svm_rbf|regression|seed01|fold03,m1_benchmark,d2_beef_uncontrolled,svm_rbf,regression,1,3,16,1.1.0,real,True,ok,,2026-09-20T07:30:11Z,0.37974758306518197,6435,2145,,,3,1,99c64364d832,3061b6e4f4a4f1f1,4ba0eff43fba,require_all_classes,"{""missing_in_test"": [], ""missing_in_train"": []}"
d2_beef_uncontrolled|svm_rbf|regression|seed01|fold04,m1_benchmark,d2_beef_uncontrolled,svm_rbf,regression,1,4,16,1.1.0,real,True,ok,,2026-09-20T07:30:50Z,0.2918557501398027,6435,2145,,,3,1,fa4200209670,059260d8df0d5613,4ba0eff43fba,require_all_classes,"{""missing_in_test"": [], ""missing_in_train"": []}"
d2_beef_uncontrolled|svm_rbf|regression|seed02|fold00,m1_benchmark,d2_beef_uncontrolled,svm_rbf,regression,2,0,16,1.1.0,real,True,ok,,2026-09-20T07:31:31Z,0.35096225002780557,6435,2145,,,3,1,38e11e05422e,6e39cc00463dd9ff,5dd6f201e6a4,require_all_classes,"{""missing_in_test"": [], ""missing_in_train"": []}"
d2_beef_uncontrolled|svm_rbf|regression|seed02|fold01,m1_benchmark,d2_beef_uncontrolled,svm_rbf,regression,2,1,16,1.1.0,real,True,ok,,2026-09-20T07:32:12Z,0.312178417108953,6435,2145,,,3,1,8a87c8dddc86,bf31b775d5d1585e,5dd6f201e6a4,require_all_classes,"{""missing_in_test"": [], ""missing_in_train"": []}"
d2_beef_uncontrolled|svm_rbf|regression|seed02|fold02,m1_benchmark,d2_beef_uncontrolled,svm_rbf,regression,2,2,16,1.1.0,real,True,ok,,2026-09-20T07:32:52Z,0.3629230000078678,6435,2145,,,3,1,545d378c28a6,125156a10436f60b,5dd6f201e6a4,require_all_classes,"{""missing_in_test"": [], ""missing_in_train"": []}"
d2_beef_uncontrolled|svm_rbf|regression|seed02|fold03,m1_benchmark,d2_beef_uncontrolled,svm_rbf,regression,2,3,16,1.1.0,real,True,ok,,2026-09-20T07:33:31Z,0.27823016699403524,6435,2145,,,3,1,289906332a4f,3e2c58990de81621,5dd6f201e6a4,require_all_classes,"{""missing_in_test"": [], ""missing_in_train"": []}"
d2_beef_uncontrolled|svm_rbf|regression|seed02|fold04,m1_benchmark,d2_beef_uncontrolled,svm_rbf,regression,2,4,16,1.1.0,real,True,ok,,2026-09-20T07:34:10Z,0.3177415831014514,6435,2145,,,3,1,202906f4d7e1,476e2ba5749aba49,5dd6f201e6a4,require_all_classes,"{""missing_in_test"": [], ""missing_in_train"": []}"
d2_beef_uncontrolled|svm_rbf|regression|seed03|fold00,m1_benchmark,d2_beef_uncontrolled,svm_rbf,regression,3,0,16,1.1.0,real,True,ok,,2026-09-20T07:34:51Z,0.30898287473246455,6435,2145,,,3,1,0e087c313624,7921458f514d8f6a,d7af62ae68b3,require_all_classes,"{""missing_in_test"": [], ""missing_in_train"": []}"
d2_beef_uncontrolled|svm_rbf|regression|seed03|fold01,m1_benchmark,d2_beef_uncontrolled,svm_rbf,regression,3,1,16,1.1.0,real,True,ok,,2026-09-20T07:35:35Z,0.3241001251153648,6435,2145,,,3,1,ff41306bda71,ca87a94543a5009d,d7af62ae68b3,require_all_classes,"{""missing_in_test"": [], ""missing_in_train"": []}"
d2_beef_uncontrolled|svm_rbf|regression|seed03|fold02,m1_benchmark,d2_beef_uncontrolled,svm_rbf,regression,3,2,16,1.1.0,real,True,ok,,2026-09-20T07:36:17Z,0.28374345880001783,6435,2145,,,3,1,31c8eaca9098,bc3c14d36012b438,d7af62ae68b3,require_all_classes,"{""missing_in_test"": [], ""missing_in_train"": []}"
d2_beef_uncontrolled|svm_rbf|regression|seed03|fold03,m1_benchmark,d2_beef_uncontrolled,svm_rbf,regression,3,3,16,1.1.0,real,True,ok,,2026-09-20T07:36:58Z,0.38704904075711966,6435,2145,,,3,1,73fd7314e359,4641c5439cb24de3,d7af62ae68b3,require_all_classes,"{""missing_in_test"": [], ""missing_in_train"": []}"
d2_beef_uncontrolled|svm_rbf|regression|seed03|fold04,m1_benchmark,d2_beef_uncontrolled,svm_rbf,regression,3,4,16,1.1.0,real,True,ok,,2026-09-20T07:37:38Z,0.32361454190686345,6435,2145,,,3,1,a4933ae9f507,0af0ae4ee7f5e171,d7af62ae68b3,require_all_classes,"{""missing_in_test"": [], ""missing_in_train"": []}"
d2_beef_uncontrolled|svm_rbf|regression|seed04|fold00,m1_benchmark,d2_beef_uncontrolled,svm_rbf,regression,4,0,16,1.1.0,real,True,ok,,2026-09-20T07:38:22Z,0.33215062506496906,6435,2145,,,3,1,ab20f229b2e5,3680b05c0bbf0319,4c7f1683df26,require_all_classes,"{""missing_in_test"": [], ""missing_in_train"": []}"
d2_beef_uncontrolled|svm_rbf|regression|seed04|fold01,m1_benchmark,d2_beef_uncontrolled,svm_rbf,regression,4,1,16,1.1.0,real,True,ok,,2026-09-20T07:39:04Z,0.30242545809596777,6435,2145,,,3,1,6b2262999c63,f6945ea1b592b279,4c7f1683df26,require_all_classes,"{""missing_in_test"": [], ""missing_in_train"": []}"
d2_beef_uncontrolled|svm_rbf|regression|seed04|fold02,m1_benchmark,d2_beef_uncontrolled,svm_rbf,regression,4,2,16,1.1.0,real,True,ok,,2026-09-20T07:39:44Z,0.2886427501216531,6435,2145,,,3,1,557db8e1a73e,2e81f8225b874907,4c7f1683df26,require_all_classes,"{""missing_in_test"": [], ""missing_in_train"": []}"
d2_beef_uncontrolled|svm_rbf|regression|seed04|fold03,m1_benchmark,d2_beef_uncontrolled,svm_rbf,regression,4,3,16,1.1.0,real,True,ok,,2026-09-20T07:40:24Z,0.30935662519186735,6435,2145,,,3,1,9dd348ffc2ab,fabe49a816ed3fc5,4c7f1683df26,require_all_classes,"{""missing_in_test"": [], ""missing_in_train"": []}"
d2_beef_uncontrolled|svm_rbf|regression|seed04|fold04,m1_benchmark,d2_beef_uncontrolled,svm_rbf,regression,4,4,16,1.1.0,real,True,ok,,2026-09-20T07:41:06Z,0.38407945772632957,6435,2145,,,3,1,faf19bcdc9b9,670ebfe753a4e502,4c7f1683df26,require_all_classes,"{""missing_in_test"": [], ""missing_in_train"": []}"
d2_beef_uncontrolled|svm_rbf|regression|seed05|fold00,m1_benchmark,d2_beef_uncontrolled,svm_rbf,regression,5,0,16,1.1.0,real,True,ok,,2026-09-20T07:41:48Z,0.28617824986577034,6435,2145,,,3,1,413cdd715162,4552995331773035,141e2cf771a3,require_all_classes,"{""missing_in_test"": [], ""missing_in_train"": []}"
d2_beef_uncontrolled|svm_rbf|regression|seed05|fold01,m1_benchmark,d2_beef_uncontrolled,svm_rbf,regression,5,1,16,1.1.0,real,True,ok,,2026-09-20T07:42:29Z,0.28125120885670185,6435,2145,,,3,1,a8b8c30a5944,fddcffdd92662dd5,141e2cf771a3,require_all_classes,"{""missing_in_test"": [], ""missing_in_train"": []}"
d2_beef_uncontrolled|svm_rbf|regression|seed05|fold02,m1_benchmark,d2_beef_uncontrolled,svm_rbf,regression,5,2,16,1.1.0,real,True,ok,,2026-09-20T07:43:08Z,0.3301336672157049,6435,2145,,,3,1,9de5f792dc27,2646e60ca7fa5dd4,141e2cf771a3,require_all_classes,"{""missing_in_test"": [], ""missing_in_train"": []}"
d2_beef_uncontrolled|svm_rbf|regression|seed05|fold03,m1_benchmark,d2_beef_uncontrolled,svm_rbf,regression,5,3,16,1.1.0,real,True,ok,,2026-09-20T07:43:50Z,0.3675386249087751,6435,2145,,,3,1,a5838cf9641b,a734aadc6cc160e5,141e2cf771a3,require_all_classes,"{""missing_in_test"": [], ""missing_in_train"": []}"
d2_beef_uncontrolled|svm_rbf|regression|seed05|fold04,m1_benchmark,d2_beef_uncontrolled,svm_rbf,regression,5,4,16,1.1.0,real,True,ok,,2026-09-20T07:44:29Z,0.2942039999179542,6435,2145,,,3,1,6eee1b95b6aa,4ff3a9027ab4a967,141e2cf771a3,require_all_classes,"{""missing_in_test"": [], ""missing_in_train"": []}"
d2_beef_uncontrolled|svm_rbf|regression|seed06|fold00,m1_benchmark,d2_beef_uncontrolled,svm_rbf,regression,6,0,16,1.1.0,real,True,ok,,2026-09-20T07:45:13Z,0.33905879175290465,6435,2145,,,3,1,477c37a8ab73,455026c6dbcfddd8,711fb81f4d00,require_all_classes,"{""missing_in_test"": [], ""missing_in_train"": []}"
d2_beef_uncontrolled|svm_rbf|regression|seed06|fold01,m1_benchmark,d2_beef_uncontrolled,svm_rbf,regression,6,1,16,1.1.0,real,True,ok,,2026-09-20T07:45:57Z,0.3001321251504123,6435,2145,,,3,1,1c2e3ba58278,256d622a7ef4b53b,711fb81f4d00,require_all_classes,"{""missing_in_test"": [], ""missing_in_train"": []}"
d2_beef_uncontrolled|svm_rbf|regression|seed06|fold02,m1_benchmark,d2_beef_uncontrolled,svm_rbf,regression,6,2,16,1.1.0,real,True,ok,,2026-09-20T07:46:38Z,0.38089991733431816,6435,2145,,,3,1,54ff457155dd,3448188bc2892f02,711fb81f4d00,require_all_classes,"{""missing_in_test"": [], ""missing_in_train"": []}"
d2_beef_uncontrolled|svm_rbf|regression|seed06|fold03,m1_benchmark,d2_beef_uncontrolled,svm_rbf,regression,6,3,16,1.1.0,real,True,ok,,2026-09-20T07:47:19Z,0.2757309162989259,6435,2145,,,3,1,a877630b86ff,1efe88cdb937ba40,711fb81f4d00,require_all_classes,"{""missing_in_test"": [], ""missing_in_train"": []}"
d2_beef_uncontrolled|svm_rbf|regression|seed06|fold04,m1_benchmark,d2_beef_uncontrolled,svm_rbf,regression,6,4,16,1.1.0,real,True,ok,,2026-09-20T07:47:58Z,0.31511479103937745,6435,2145,,,3,1,308afc6cb592,2428f40108d0ab2b,711fb81f4d00,require_all_classes,"{""missing_in_test"": [], ""missing_in_train"": []}"
d2_beef_uncontrolled|svm_rbf|regression|seed07|fold00,m1_benchmark,d2_beef_uncontrolled,svm_rbf,regression,7,0,16,1.1.0,real,True,ok,,2026-09-20T07:48:40Z,0.36877891700714827,6435,2145,,,3,1,7b279b72dfb8,baa0487dbb9690eb,5c2b2b869c73,require_all_classes,"{""missing_in_test"": [], ""missing_in_train"": []}"
d2_beef_uncontrolled|svm_rbf|regression|seed07|fold01,m1_benchmark,d2_beef_uncontrolled,svm_rbf,regression,7,1,16,1.1.0,real,True,ok,,2026-09-20T07:49:20Z,0.3008216670714319,6435,2145,,,3,1,bb1e5578b9e3,fb5102aa1e7756ce,5c2b2b869c73,require_all_classes,"{""missing_in_test"": [], ""missing_in_train"": []}"
d2_beef_uncontrolled|svm_rbf|regression|seed07|fold02,m1_benchmark,d2_beef_uncontrolled,svm_rbf,regression,7,2,16,1.1.0,real,True,ok,,2026-09-20T07:50:00Z,0.24189445888623595,6435,2145,,,3,1,ba39acccb154,674675c7c2abe96f,5c2b2b869c73,require_all_classes,"{""missing_in_test"": [], ""missing_in_train"": []}"
d2_beef_uncontrolled|svm_rbf|regression|seed07|fold03,m1_benchmark,d2_beef_uncontrolled,svm_rbf,regression,7,3,16,1.1.0,real,True,ok,,2026-09-20T07:50:41Z,0.34760945895686746,6435,2145,,,3,1,4726b95fa672,ab7ab0c151e98f3c,5c2b2b869c73,require_all_classes,"{""missing_in_test"": [], ""missing_in_train"": []}"
d2_beef_uncontrolled|svm_rbf|regression|seed07|fold04,m1_benchmark,d2_beef_uncontrolled,svm_rbf,regression,7,4,16,1.1.0,real,True,ok,,2026-09-20T07:51:22Z,0.38689733296632767,6435,2145,,,3,1,2e34c9f360a4,54b35e010072868b,5c2b2b869c73,require_all_classes,"{""missing_in_test"": [], ""missing_in_train"": []}"
d2_beef_uncontrolled|svm_rbf|regression|seed08|fold00,m1_benchmark,d2_beef_uncontrolled,svm_rbf,regression,8,0,16,1.1.0,real,True,ok,,2026-09-20T07:52:10Z,0.3791912076994777,6435,2145,,,3,1,760fd382be4c,cac615bd40263656,e7dc445ff81a,require_all_classes,"{""missing_in_test"": [], ""missing_in_train"": []}"
d2_beef_uncontrolled|svm_rbf|regression|seed08|fold01,m1_benchmark,d2_beef_uncontrolled,svm_rbf,regression,8,1,16,1.1.0,real,True,ok,,2026-09-20T07:52:53Z,0.2999419588595629,6435,2145,,,3,1,f60758215a07,3e3c53231d875f03,e7dc445ff81a,require_all_classes,"{""missing_in_test"": [], ""missing_in_train"": []}"
d2_beef_uncontrolled|svm_rbf|regression|seed08|fold02,m1_benchmark,d2_beef_uncontrolled,svm_rbf,regression,8,2,16,1.1.0,real,True,ok,,2026-09-20T07:53:36Z,0.3298268341459334,6435,2145,,,3,1,b12aea5b360e,16adccaa695eb4f9,e7dc445ff81a,require_all_classes,"{""missing_in_test"": [], ""missing_in_train"": []}"
d2_beef_uncontrolled|svm_rbf|regression|seed08|fold03,m1_benchmark,d2_beef_uncontrolled,svm_rbf,regression,8,3,16,1.1.0,real,True,ok,,2026-09-20T07:54:21Z,0.325999042019248,6435,2145,,,3,1,d24ce02cae99,910b86b86fa43b6c,e7dc445ff81a,require_all_classes,"{""missing_in_test"": [], ""missing_in_train"": []}"
d2_beef_uncontrolled|svm_rbf|regression|seed08|fold04,m1_benchmark,d2_beef_uncontrolled,svm_rbf,regression,8,4,16,1.1.0,real,True,ok,,2026-09-20T07:55:02Z,0.28643579175695777,6435,2145,,,3,1,02ddc5401296,36ebb097b70eb5c8,e7dc445ff81a,require_all_classes,"{""missing_in_test"": [], ""missing_in_train"": []}"
d2_beef_uncontrolled|svm_rbf|regression|seed09|fold00,m1_benchmark,d2_beef_uncontrolled,svm_rbf,regression,9,0,16,1.1.0,real,True,ok,,2026-09-20T07:55:46Z,0.2874419172294438,6435,2145,,,3,1,523607d0ddee,6cf9293faed83aeb,002054794067,require_all_classes,"{""missing_in_test"": [], ""missing_in_train"": []}"
d2_beef_uncontrolled|svm_rbf|regression|seed09|fold01,m1_benchmark,d2_beef_uncontrolled,svm_rbf,regression,9,1,16,1.1.0,real,True,ok,,2026-09-20T07:56:26Z,0.35158016718924046,6435,2145,,,3,1,de265fd108a1,72ccf333b71456c3,002054794067,require_all_classes,"{""missing_in_test"": [], ""missing_in_train"": []}"
d2_beef_uncontrolled|svm_rbf|regression|seed09|fold02,m1_benchmark,d2_beef_uncontrolled,svm_rbf,regression,9,2,16,1.1.0,real,True,ok,,2026-09-20T07:57:06Z,0.36155379144474864,6435,2145,,,3,1,9a76beab3005,6a32b6f26f5e73cf,002054794067,require_all_classes,"{""missing_in_test"": [], ""missing_in_train"": []}"
d2_beef_uncontrolled|svm_rbf|regression|seed09|fold03,m1_benchmark,d2_beef_uncontrolled,svm_rbf,regression,9,3,16,1.1.0,real,True,ok,,2026-09-20T07:57:46Z,0.33071199990808964,6435,2145,,,3,1,bcc42ac9806b,6cb094c80d753efa,002054794067,require_all_classes,"{""missing_in_test"": [], ""missing_in_train"": []}"
d2_beef_uncontrolled|svm_rbf|regression|seed09|fold04,m1_benchmark,d2_beef_uncontrolled,svm_rbf,regression,9,4,16,1.1.0,real,True,ok,,2026-09-20T07:58:27Z,0.2434244998730719,6435,2145,,,3,1,3b4893542c85,d04efce414737cbb,002054794067,require_all_classes,"{""missing_in_test"": [], ""missing_in_train"": []}"
d2_beef_uncontrolled|tcn|classification|seed00|fold00,m1_benchmark,d2_beef_uncontrolled,tcn,classification,0,0,16,1.1.0,real,True,ok,,2026-09-20T07:25:29Z,3.7847633748315275,6435,2145,,,3,1,20a70c561f8e,c915141b479220ce,59a133a794a8,require_all_classes,"{""missing_in_test"": [], ""missing_in_train"": []}"
d2_beef_uncontrolled|tcn|classification|seed00|fold01,m1_benchmark,d2_beef_uncontrolled,tcn,classification,0,1,16,1.1.0,real,True,ok,,2026-09-20T07:26:08Z,3.7005090001039207,6435,2145,,,3,1,6c9ef01abdf9,e739ce5e22a1cb0e,59a133a794a8,require_all_classes,"{""missing_in_test"": [], ""missing_in_train"": []}"
d2_beef_uncontrolled|tcn|classification|seed00|fold02,m1_benchmark,d2_beef_uncontrolled,tcn,classification,0,2,16,1.1.0,real,True,ok,,2026-09-20T07:26:47Z,3.7363013331778347,6435,2145,,,3,1,8f5d6031eff3,0b6e6b250f65b42a,59a133a794a8,require_all_classes,"{""missing_in_test"": [], ""missing_in_train"": []}"
d2_beef_uncontrolled|tcn|classification|seed00|fold03,m1_benchmark,d2_beef_uncontrolled,tcn,classification,0,3,16,1.1.0,real,True,ok,,2026-09-20T07:27:27Z,3.668730541598052,6435,2145,,,3,1,940f76d29b89,04b735a1d9f8f559,59a133a794a8,require_all_classes,"{""missing_in_test"": [], ""missing_in_train"": []}"
d2_beef_uncontrolled|tcn|classification|seed00|fold04,m1_benchmark,d2_beef_uncontrolled,tcn,classification,0,4,16,1.1.0,real,True,ok,,2026-09-20T07:28:06Z,3.619079917203635,6435,2145,,,3,1,b01bbf6f9575,ddb8dda65dea5c30,59a133a794a8,require_all_classes,"{""missing_in_test"": [], ""missing_in_train"": []}"
d2_beef_uncontrolled|tcn|classification|seed01|fold00,m1_benchmark,d2_beef_uncontrolled,tcn,classification,1,0,16,1.1.0,real,True,ok,,2026-09-20T07:28:47Z,3.6668625827878714,6435,2145,,,3,1,92d667f81d03,f3672fafce3cc958,4ba0eff43fba,require_all_classes,"{""missing_in_test"": [], ""missing_in_train"": []}"
d2_beef_uncontrolled|tcn|classification|seed01|fold01,m1_benchmark,d2_beef_uncontrolled,tcn,classification,1,1,16,1.1.0,real,True,ok,,2026-09-20T07:29:26Z,3.655249457806349,6435,2145,,,3,1,63eaca80ac77,a9ded4d1190ec5e2,4ba0eff43fba,require_all_classes,"{""missing_in_test"": [], ""missing_in_train"": []}"
d2_beef_uncontrolled|tcn|classification|seed01|fold02,m1_benchmark,d2_beef_uncontrolled,tcn,classification,1,2,16,1.1.0,real,True,ok,,2026-09-20T07:30:05Z,3.6135054999031126,6435,2145,,,3,1,14ed105fd91e,681544e4bb76660a,4ba0eff43fba,require_all_classes,"{""missing_in_test"": [], ""missing_in_train"": []}"
d2_beef_uncontrolled|tcn|classification|seed01|fold03,m1_benchmark,d2_beef_uncontrolled,tcn,classification,1,3,16,1.1.0,real,True,ok,,2026-09-20T07:30:44Z,3.668091957923025,6435,2145,,,3,1,99c64364d832,bcecf9757b7ab3b1,4ba0eff43fba,require_all_classes,"{""missing_in_test"": [], ""missing_in_train"": []}"
d2_beef_uncontrolled|tcn|classification|seed01|fold04,m1_benchmark,d2_beef_uncontrolled,tcn,classification,1,4,16,1.1.0,real,True,ok,,2026-09-20T07:31:23Z,3.6944856247864664,6435,2145,,,3,1,fa4200209670,3a694ccc5a7ba042,4ba0eff43fba,require_all_classes,"{""missing_in_test"": [], ""missing_in_train"": []}"
d2_beef_uncontrolled|tcn|classification|seed02|fold00,m1_benchmark,d2_beef_uncontrolled,tcn,classification,2,0,16,1.1.0,real,True,ok,,2026-09-20T07:32:05Z,3.75189849967137,6435,2145,,,3,1,38e11e05422e,9028020e5850b241,5dd6f201e6a4,require_all_classes,"{""missing_in_test"": [], ""missing_in_train"": []}"
d2_beef_uncontrolled|tcn|classification|seed02|fold01,m1_benchmark,d2_beef_uncontrolled,tcn,classification,2,1,16,1.1.0,real,True,ok,,2026-09-20T07:32:46Z,3.656558374874294,6435,2145,,,3,1,8a87c8dddc86,ab3842bc88ba6825,5dd6f201e6a4,require_all_classes,"{""missing_in_test"": [], ""missing_in_train"": []}"
d2_beef_uncontrolled|tcn|classification|seed02|fold02,m1_benchmark,d2_beef_uncontrolled,tcn,classification,2,2,16,1.1.0,real,True,ok,,2026-09-20T07:33:25Z,3.63954654103145,6435,2145,,,3,1,545d378c28a6,932cd601dc37db79,5dd6f201e6a4,require_all_classes,"{""missing_in_test"": [], ""missing_in_train"": []}"
d2_beef_uncontrolled|tcn|classification|seed02|fold03,m1_benchmark,d2_beef_uncontrolled,tcn,classification,2,3,16,1.1.0,real,True,ok,,2026-09-20T07:34:04Z,3.652145457919687,6435,2145,,,3,1,289906332a4f,da398e38c4989640,5dd6f201e6a4,require_all_classes,"{""missing_in_test"": [], ""missing_in_train"": []}"
d2_beef_uncontrolled|tcn|classification|seed02|fold04,m1_benchmark,d2_beef_uncontrolled,tcn,classification,2,4,16,1.1.0,real,True,ok,,2026-09-20T07:34:43Z,3.6850847909227014,6435,2145,,,3,1,202906f4d7e1,590dc2312ffbeb8a,5dd6f201e6a4,require_all_classes,"{""missing_in_test"": [], ""missing_in_train"": []}"
d2_beef_uncontrolled|tcn|classification|seed03|fold00,m1_benchmark,d2_beef_uncontrolled,tcn,classification,3,0,16,1.1.0,real,True,ok,,2026-09-20T07:35:29Z,3.664161290973425,6435,2145,,,3,1,0e087c313624,b4eafc162f16b5c0,d7af62ae68b3,require_all_classes,"{""missing_in_test"": [], ""missing_in_train"": []}"
d2_beef_uncontrolled|tcn|classification|seed03|fold01,m1_benchmark,d2_beef_uncontrolled,tcn,classification,3,1,16,1.1.0,real,True,ok,,2026-09-20T07:36:11Z,3.6681315419264138,6435,2145,,,3,1,ff41306bda71,d9f9ffdcf4bfb594,d7af62ae68b3,require_all_classes,"{""missing_in_test"": [], ""missing_in_train"": []}"
d2_beef_uncontrolled|tcn|classification|seed03|fold02,m1_benchmark,d2_beef_uncontrolled,tcn,classification,3,2,16,1.1.0,real,True,ok,,2026-09-20T07:36:52Z,3.7074309582822025,6435,2145,,,3,1,31c8eaca9098,db5344babb308c10,d7af62ae68b3,require_all_classes,"{""missing_in_test"": [], ""missing_in_train"": []}"
d2_beef_uncontrolled|tcn|classification|seed03|fold03,m1_benchmark,d2_beef_uncontrolled,tcn,classification,3,3,16,1.1.0,real,True,ok,,2026-09-20T07:37:32Z,3.681562375277281,6435,2145,,,3,1,73fd7314e359,88a1bffdcbf87f75,d7af62ae68b3,require_all_classes,"{""missing_in_test"": [], ""missing_in_train"": []}"
d2_beef_uncontrolled|tcn|classification|seed03|fold04,m1_benchmark,d2_beef_uncontrolled,tcn,classification,3,4,16,1.1.0,real,True,ok,,2026-09-20T07:38:14Z,3.6811128752306104,6435,2145,,,3,1,a4933ae9f507,5d7bd243922d302e,d7af62ae68b3,require_all_classes,"{""missing_in_test"": [], ""missing_in_train"": []}"
d2_beef_uncontrolled|tcn|classification|seed04|fold00,m1_benchmark,d2_beef_uncontrolled,tcn,classification,4,0,16,1.1.0,real,True,ok,,2026-09-20T07:38:58Z,3.619969292078167,6435,2145,,,3,1,ab20f229b2e5,3e4ea63c5b4e28cd,4c7f1683df26,require_all_classes,"{""missing_in_test"": [], ""missing_in_train"": []}"
d2_beef_uncontrolled|tcn|classification|seed04|fold01,m1_benchmark,d2_beef_uncontrolled,tcn,classification,4,1,16,1.1.0,real,True,ok,,2026-09-20T07:39:38Z,3.7376424171961844,6435,2145,,,3,1,6b2262999c63,86c141c3f68fcef4,4c7f1683df26,require_all_classes,"{""missing_in_test"": [], ""missing_in_train"": []}"
d2_beef_uncontrolled|tcn|classification|seed04|fold02,m1_benchmark,d2_beef_uncontrolled,tcn,classification,4,2,16,1.1.0,real,True,ok,,2026-09-20T07:40:18Z,3.63412724994123,6435,2145,,,3,1,557db8e1a73e,69b4be8404f1d523,4c7f1683df26,require_all_classes,"{""missing_in_test"": [], ""missing_in_train"": []}"
d2_beef_uncontrolled|tcn|classification|seed04|fold03,m1_benchmark,d2_beef_uncontrolled,tcn,classification,4,3,16,1.1.0,real,True,ok,,2026-09-20T07:41:00Z,3.798735750373453,6435,2145,,,3,1,9dd348ffc2ab,08c5e47836778560,4c7f1683df26,require_all_classes,"{""missing_in_test"": [], ""missing_in_train"": []}"
d2_beef_uncontrolled|tcn|classification|seed04|fold04,m1_benchmark,d2_beef_uncontrolled,tcn,classification,4,4,16,1.1.0,real,True,ok,,2026-09-20T07:41:40Z,3.6173444157466292,6435,2145,,,3,1,faf19bcdc9b9,12d52eb1895c2b94,4c7f1683df26,require_all_classes,"{""missing_in_test"": [], ""missing_in_train"": []}"
d2_beef_uncontrolled|tcn|classification|seed05|fold00,m1_benchmark,d2_beef_uncontrolled,tcn,classification,5,0,16,1.1.0,real,True,ok,,2026-09-20T07:42:23Z,3.7002845420502126,6435,2145,,,3,1,413cdd715162,c8a9575565d4827a,141e2cf771a3,require_all_classes,"{""missing_in_test"": [], ""missing_in_train"": []}"
d2_beef_uncontrolled|tcn|classification|seed05|fold01,m1_benchmark,d2_beef_uncontrolled,tcn,classification,5,1,16,1.1.0,real,True,ok,,2026-09-20T07:43:02Z,3.701609500218183,6435,2145,,,3,1,a8b8c30a5944,ca5518309f81e6de,141e2cf771a3,require_all_classes,"{""missing_in_test"": [], ""missing_in_train"": []}"
d2_beef_uncontrolled|tcn|classification|seed05|fold02,m1_benchmark,d2_beef_uncontrolled,tcn,classification,5,2,16,1.1.0,real,True,ok,,2026-09-20T07:43:44Z,3.655935375019908,6435,2145,,,3,1,9de5f792dc27,30a8a23a3df8fbaf,141e2cf771a3,require_all_classes,"{""missing_in_test"": [], ""missing_in_train"": []}"
d2_beef_uncontrolled|tcn|classification|seed05|fold03,m1_benchmark,d2_beef_uncontrolled,tcn,classification,5,3,16,1.1.0,real,True,ok,,2026-09-20T07:44:23Z,3.653715416789055,6435,2145,,,3,1,a5838cf9641b,f1b2d921947a3555,141e2cf771a3,require_all_classes,"{""missing_in_test"": [], ""missing_in_train"": []}"
d2_beef_uncontrolled|tcn|classification|seed05|fold04,m1_benchmark,d2_beef_uncontrolled,tcn,classification,5,4,16,1.1.0,real,True,ok,,2026-09-20T07:45:04Z,3.6748572499491274,6435,2145,,,3,1,6eee1b95b6aa,7a06620def4f790c,141e2cf771a3,require_all_classes,"{""missing_in_test"": [], ""missing_in_train"": []}"
d2_beef_uncontrolled|tcn|classification|seed06|fold00,m1_benchmark,d2_beef_uncontrolled,tcn,classification,6,0,16,1.1.0,real,True,ok,,2026-09-20T07:45:51Z,3.678677207790315,6435,2145,,,3,1,477c37a8ab73,cba1df87e32f7f9f,711fb81f4d00,require_all_classes,"{""missing_in_test"": [], ""missing_in_train"": []}"
d2_beef_uncontrolled|tcn|classification|seed06|fold01,m1_benchmark,d2_beef_uncontrolled,tcn,classification,6,1,16,1.1.0,real,True,ok,,2026-09-20T07:46:32Z,3.6467277919873595,6435,2145,,,3,1,1c2e3ba58278,5ff7675e91977331,711fb81f4d00,require_all_classes,"{""missing_in_test"": [], ""missing_in_train"": []}"
d2_beef_uncontrolled|tcn|classification|seed06|fold02,m1_benchmark,d2_beef_uncontrolled,tcn,classification,6,2,16,1.1.0,real,True,ok,,2026-09-20T07:47:13Z,3.6084592919796705,6435,2145,,,3,1,54ff457155dd,29437cd5b5a20b42,711fb81f4d00,require_all_classes,"{""missing_in_test"": [], ""missing_in_train"": []}"
d2_beef_uncontrolled|tcn|classification|seed06|fold03,m1_benchmark,d2_beef_uncontrolled,tcn,classification,6,3,16,1.1.0,real,True,ok,,2026-09-20T07:47:52Z,3.608923749998212,6435,2145,,,3,1,a877630b86ff,25f2d89f96ad087b,711fb81f4d00,require_all_classes,"{""missing_in_test"": [], ""missing_in_train"": []}"
d2_beef_uncontrolled|tcn|classification|seed06|fold04,m1_benchmark,d2_beef_uncontrolled,tcn,classification,6,4,16,1.1.0,real,True,ok,,2026-09-20T07:48:32Z,3.6198180839419365,6435,2145,,,3,1,308afc6cb592,1ec153d853023621,711fb81f4d00,require_all_classes,"{""missing_in_test"": [], ""missing_in_train"": []}"
d2_beef_uncontrolled|tcn|classification|seed07|fold00,m1_benchmark,d2_beef_uncontrolled,tcn,classification,7,0,16,1.1.0,real,True,ok,,2026-09-20T07:49:14Z,3.6687968750484288,6435,2145,,,3,1,7b279b72dfb8,dd4acfb18b3783a9,5c2b2b869c73,require_all_classes,"{""missing_in_test"": [], ""missing_in_train"": []}"
d2_beef_uncontrolled|tcn|classification|seed07|fold01,m1_benchmark,d2_beef_uncontrolled,tcn,classification,7,1,16,1.1.0,real,True,ok,,2026-09-20T07:49:53Z,3.699772084131837,6435,2145,,,3,1,bb1e5578b9e3,49f3e795815934dc,5c2b2b869c73,require_all_classes,"{""missing_in_test"": [], ""missing_in_train"": []}"
d2_beef_uncontrolled|tcn|classification|seed07|fold02,m1_benchmark,d2_beef_uncontrolled,tcn,classification,7,2,16,1.1.0,real,True,ok,,2026-09-20T07:50:34Z,4.0091915829107165,6435,2145,,,3,1,ba39acccb154,d7947d48466a221f,5c2b2b869c73,require_all_classes,"{""missing_in_test"": [], ""missing_in_train"": []}"
d2_beef_uncontrolled|tcn|classification|seed07|fold03,m1_benchmark,d2_beef_uncontrolled,tcn,classification,7,3,16,1.1.0,real,True,ok,,2026-09-20T07:51:16Z,3.6996156251989305,6435,2145,,,3,1,4726b95fa672,eef7db0040afacb2,5c2b2b869c73,require_all_classes,"{""missing_in_test"": [], ""missing_in_train"": []}"
d2_beef_uncontrolled|tcn|classification|seed07|fold04,m1_benchmark,d2_beef_uncontrolled,tcn,classification,7,4,16,1.1.0,real,True,ok,,2026-09-20T07:52:01Z,3.757676374632865,6435,2145,,,3,1,2e34c9f360a4,a534dc6989d054ff,5c2b2b869c73,require_all_classes,"{""missing_in_test"": [], ""missing_in_train"": []}"
d2_beef_uncontrolled|tcn|classification|seed08|fold00,m1_benchmark,d2_beef_uncontrolled,tcn,classification,8,0,16,1.1.0,real,True,ok,,2026-09-20T07:52:47Z,3.8479147907346487,6435,2145,,,3,1,760fd382be4c,77c70d44ade07257,e7dc445ff81a,require_all_classes,"{""missing_in_test"": [], ""missing_in_train"": []}"
d2_beef_uncontrolled|tcn|classification|seed08|fold01,m1_benchmark,d2_beef_uncontrolled,tcn,classification,8,1,16,1.1.0,real,True,ok,,2026-09-20T07:53:30Z,3.667718625161797,6435,2145,,,3,1,f60758215a07,0d55aca07ab43fbb,e7dc445ff81a,require_all_classes,"{""missing_in_test"": [], ""missing_in_train"": []}"
d2_beef_uncontrolled|tcn|classification|seed08|fold02,m1_benchmark,d2_beef_uncontrolled,tcn,classification,8,2,16,1.1.0,real,True,ok,,2026-09-20T07:54:14Z,3.638518250081688,6435,2145,,,3,1,b12aea5b360e,04527b467f65b221,e7dc445ff81a,require_all_classes,"{""missing_in_test"": [], ""missing_in_train"": []}"
d2_beef_uncontrolled|tcn|classification|seed08|fold03,m1_benchmark,d2_beef_uncontrolled,tcn,classification,8,3,16,1.1.0,real,True,ok,,2026-09-20T07:54:56Z,3.7513750423677266,6435,2145,,,3,1,d24ce02cae99,4cd1340bc5edf946,e7dc445ff81a,require_all_classes,"{""missing_in_test"": [], ""missing_in_train"": []}"
d2_beef_uncontrolled|tcn|classification|seed08|fold04,m1_benchmark,d2_beef_uncontrolled,tcn,classification,8,4,16,1.1.0,real,True,ok,,2026-09-20T07:55:37Z,3.6493907500989735,6435,2145,,,3,1,02ddc5401296,e5ef8f766ac6367c,e7dc445ff81a,require_all_classes,"{""missing_in_test"": [], ""missing_in_train"": []}"
d2_beef_uncontrolled|tcn|classification|seed09|fold00,m1_benchmark,d2_beef_uncontrolled,tcn,classification,9,0,16,1.1.0,real,True,ok,,2026-09-20T07:56:20Z,3.6304999170824885,6435,2145,,,3,1,523607d0ddee,0e18c537ba9e6011,002054794067,require_all_classes,"{""missing_in_test"": [], ""missing_in_train"": []}"
d2_beef_uncontrolled|tcn|classification|seed09|fold01,m1_benchmark,d2_beef_uncontrolled,tcn,classification,9,1,16,1.1.0,real,True,ok,,2026-09-20T07:57:00Z,3.6397245419211686,6435,2145,,,3,1,de265fd108a1,1f00cc6bb5e82ecc,002054794067,require_all_classes,"{""missing_in_test"": [], ""missing_in_train"": []}"
d2_beef_uncontrolled|tcn|classification|seed09|fold02,m1_benchmark,d2_beef_uncontrolled,tcn,classification,9,2,16,1.1.0,real,True,ok,,2026-09-20T07:57:40Z,3.7030887501314282,6435,2145,,,3,1,9a76beab3005,457c4d9280443109,002054794067,require_all_classes,"{""missing_in_test"": [], ""missing_in_train"": []}"
d2_beef_uncontrolled|tcn|classification|seed09|fold03,m1_benchmark,d2_beef_uncontrolled,tcn,classification,9,3,16,1.1.0,real,True,ok,,2026-09-20T07:58:21Z,3.7128291251137853,6435,2145,,,3,1,bcc42ac9806b,b3fe629f8d783d3d,002054794067,require_all_classes,"{""missing_in_test"": [], ""missing_in_train"": []}"
d2_beef_uncontrolled|tcn|classification|seed09|fold04,m1_benchmark,d2_beef_uncontrolled,tcn,classification,9,4,16,1.1.0,real,True,ok,,2026-09-20T07:59:00Z,3.635002584196627,6435,2145,,,3,1,3b4893542c85,52c7b538262ff0b6,002054794067,require_all_classes,"{""missing_in_test"": [], ""missing_in_train"": []}"
d2_beef_uncontrolled|tcn|regression|seed00|fold00,m1_benchmark,d2_beef_uncontrolled,tcn,regression,0,0,16,1.1.0,real,True,ok,,2026-09-20T07:25:33Z,3.780834165867418,6435,2145,,,3,1,20a70c561f8e,64841ff5aa6d070d,59a133a794a8,require_all_classes,"{""missing_in_test"": [], ""missing_in_train"": []}"
d2_beef_uncontrolled|tcn|regression|seed00|fold01,m1_benchmark,d2_beef_uncontrolled,tcn,regression,0,1,16,1.1.0,real,True,ok,,2026-09-20T07:26:11Z,3.7634087498299778,6435,2145,,,3,1,6c9ef01abdf9,fc711678889a1de4,59a133a794a8,require_all_classes,"{""missing_in_test"": [], ""missing_in_train"": []}"
d2_beef_uncontrolled|tcn|regression|seed00|fold02,m1_benchmark,d2_beef_uncontrolled,tcn,regression,0,2,16,1.1.0,real,True,ok,,2026-09-20T07:26:51Z,3.7848822907544672,6435,2145,,,3,1,8f5d6031eff3,d8b7c098517e768e,59a133a794a8,require_all_classes,"{""missing_in_test"": [], ""missing_in_train"": []}"
d2_beef_uncontrolled|tcn|regression|seed00|fold03,m1_benchmark,d2_beef_uncontrolled,tcn,regression,0,3,16,1.1.0,real,True,ok,,2026-09-20T07:27:30Z,3.596614290960133,6435,2145,,,3,1,940f76d29b89,93bfc1c72e383592,59a133a794a8,require_all_classes,"{""missing_in_test"": [], ""missing_in_train"": []}"
d2_beef_uncontrolled|tcn|regression|seed00|fold04,m1_benchmark,d2_beef_uncontrolled,tcn,regression,0,4,16,1.1.0,real,True,ok,,2026-09-20T07:28:10Z,3.568455125205219,6435,2145,,,3,1,b01bbf6f9575,4ac3ff1fc640e572,59a133a794a8,require_all_classes,"{""missing_in_test"": [], ""missing_in_train"": []}"
d2_beef_uncontrolled|tcn|regression|seed01|fold00,m1_benchmark,d2_beef_uncontrolled,tcn,regression,1,0,16,1.1.0,real,True,ok,,2026-09-20T07:28:51Z,3.59085033275187,6435,2145,,,3,1,92d667f81d03,16ede4f5521c4fd2,4ba0eff43fba,require_all_classes,"{""missing_in_test"": [], ""missing_in_train"": []}"
d2_beef_uncontrolled|tcn|regression|seed01|fold01,m1_benchmark,d2_beef_uncontrolled,tcn,regression,1,1,16,1.1.0,real,True,ok,,2026-09-20T07:29:29Z,3.5896644592285156,6435,2145,,,3,1,63eaca80ac77,325449225e4fa1a2,4ba0eff43fba,require_all_classes,"{""missing_in_test"": [], ""missing_in_train"": []}"
d2_beef_uncontrolled|tcn|regression|seed01|fold02,m1_benchmark,d2_beef_uncontrolled,tcn,regression,1,2,16,1.1.0,real,True,ok,,2026-09-20T07:30:09Z,3.7028193748556077,6435,2145,,,3,1,14ed105fd91e,289de527187c4019,4ba0eff43fba,require_all_classes,"{""missing_in_test"": [], ""missing_in_train"": []}"
d2_beef_uncontrolled|tcn|regression|seed01|fold03,m1_benchmark,d2_beef_uncontrolled,tcn,regression,1,3,16,1.1.0,real,True,ok,,2026-09-20T07:30:48Z,3.6626404589042068,6435,2145,,,3,1,99c64364d832,ad7b21e5c4882d49,4ba0eff43fba,require_all_classes,"{""missing_in_test"": [], ""missing_in_train"": []}"
d2_beef_uncontrolled|tcn|regression|seed01|fold04,m1_benchmark,d2_beef_uncontrolled,tcn,regression,1,4,16,1.1.0,real,True,ok,,2026-09-20T07:31:27Z,3.6497761667706072,6435,2145,,,3,1,fa4200209670,6d318389694b6388,4ba0eff43fba,require_all_classes,"{""missing_in_test"": [], ""missing_in_train"": []}"
d2_beef_uncontrolled|tcn|regression|seed02|fold00,m1_benchmark,d2_beef_uncontrolled,tcn,regression,2,0,16,1.1.0,real,True,ok,,2026-09-20T07:32:09Z,3.7680387501604855,6435,2145,,,3,1,38e11e05422e,24fba028b77ee35f,5dd6f201e6a4,require_all_classes,"{""missing_in_test"": [], ""missing_in_train"": []}"
d2_beef_uncontrolled|tcn|regression|seed02|fold01,m1_benchmark,d2_beef_uncontrolled,tcn,regression,2,1,16,1.1.0,real,True,ok,,2026-09-20T07:32:50Z,3.6345467916689813,6435,2145,,,3,1,8a87c8dddc86,fc3772b791579857,5dd6f201e6a4,require_all_classes,"{""missing_in_test"": [], ""missing_in_train"": []}"
d2_beef_uncontrolled|tcn|regression|seed02|fold02,m1_benchmark,d2_beef_uncontrolled,tcn,regression,2,2,16,1.1.0,real,True,ok,,2026-09-20T07:33:28Z,3.5896513327024877,6435,2145,,,3,1,545d378c28a6,7966d979e0172f25,5dd6f201e6a4,require_all_classes,"{""missing_in_test"": [], ""missing_in_train"": []}"
d2_beef_uncontrolled|tcn|regression|seed02|fold03,m1_benchmark,d2_beef_uncontrolled,tcn,regression,2,3,16,1.1.0,real,True,ok,,2026-09-20T07:34:07Z,3.5971995829604566,6435,2145,,,3,1,289906332a4f,7531d487d3e08c88,5dd6f201e6a4,require_all_classes,"{""missing_in_test"": [], ""missing_in_train"": []}"
d2_beef_uncontrolled|tcn|regression|seed02|fold04,m1_benchmark,d2_beef_uncontrolled,tcn,regression,2,4,16,1.1.0,real,True,ok,,2026-09-20T07:34:47Z,3.563653958030045,6435,2145,,,3,1,202906f4d7e1,3585d3422c913a16,5dd6f201e6a4,require_all_classes,"{""missing_in_test"": [], ""missing_in_train"": []}"
d2_beef_uncontrolled|tcn|regression|seed03|fold00,m1_benchmark,d2_beef_uncontrolled,tcn,regression,3,0,16,1.1.0,real,True,ok,,2026-09-20T07:35:33Z,3.6036650417372584,6435,2145,,,3,1,0e087c313624,6f1c669b90c37584,d7af62ae68b3,require_all_classes,"{""missing_in_test"": [], ""missing_in_train"": []}"
d2_beef_uncontrolled|tcn|regression|seed03|fold01,m1_benchmark,d2_beef_uncontrolled,tcn,regression,3,1,16,1.1.0,real,True,ok,,2026-09-20T07:36:14Z,3.6574367498978972,6435,2145,,,3,1,ff41306bda71,b2dfa5302046c37b,d7af62ae68b3,require_all_classes,"{""missing_in_test"": [], ""missing_in_train"": []}"
d2_beef_uncontrolled|tcn|regression|seed03|fold02,m1_benchmark,d2_beef_uncontrolled,tcn,regression,3,2,16,1.1.0,real,True,ok,,2026-09-20T07:36:55Z,3.6228403747081757,6435,2145,,,3,1,31c8eaca9098,b8654780e9fbd1ef,d7af62ae68b3,require_all_classes,"{""missing_in_test"": [], ""missing_in_train"": []}"
d2_beef_uncontrolled|tcn|regression|seed03|fold03,m1_benchmark,d2_beef_uncontrolled,tcn,regression,3,3,16,1.1.0,real,True,ok,,2026-09-20T07:37:36Z,3.6060047917999327,6435,2145,,,3,1,73fd7314e359,9f7ac0c92185b43f,d7af62ae68b3,require_all_classes,"{""missing_in_test"": [], ""missing_in_train"": []}"
d2_beef_uncontrolled|tcn|regression|seed03|fold04,m1_benchmark,d2_beef_uncontrolled,tcn,regression,3,4,16,1.1.0,real,True,ok,,2026-09-20T07:38:18Z,3.646348833106458,6435,2145,,,3,1,a4933ae9f507,5214a7aaf6e8aa43,d7af62ae68b3,require_all_classes,"{""missing_in_test"": [], ""missing_in_train"": []}"
d2_beef_uncontrolled|tcn|regression|seed04|fold00,m1_benchmark,d2_beef_uncontrolled,tcn,regression,4,0,16,1.1.0,real,True,ok,,2026-09-20T07:39:01Z,3.6359020420350134,6435,2145,,,3,1,ab20f229b2e5,a09cf71aa53ce5f5,4c7f1683df26,require_all_classes,"{""missing_in_test"": [], ""missing_in_train"": []}"
d2_beef_uncontrolled|tcn|regression|seed04|fold01,m1_benchmark,d2_beef_uncontrolled,tcn,regression,4,1,16,1.1.0,real,True,ok,,2026-09-20T07:39:42Z,3.7223510830663145,6435,2145,,,3,1,6b2262999c63,79de2e54ceae1f10,4c7f1683df26,require_all_classes,"{""missing_in_test"": [], ""missing_in_train"": []}"
d2_beef_uncontrolled|tcn|regression|seed04|fold02,m1_benchmark,d2_beef_uncontrolled,tcn,regression,4,2,16,1.1.0,real,True,ok,,2026-09-20T07:40:22Z,3.7454174160957336,6435,2145,,,3,1,557db8e1a73e,bbdc3e2b99dbb1ce,4c7f1683df26,require_all_classes,"{""missing_in_test"": [], ""missing_in_train"": []}"
d2_beef_uncontrolled|tcn|regression|seed04|fold03,m1_benchmark,d2_beef_uncontrolled,tcn,regression,4,3,16,1.1.0,real,True,ok,,2026-09-20T07:41:04Z,3.7140252077952027,6435,2145,,,3,1,9dd348ffc2ab,46407c759bb84460,4c7f1683df26,require_all_classes,"{""missing_in_test"": [], ""missing_in_train"": []}"
d2_beef_uncontrolled|tcn|regression|seed04|fold04,m1_benchmark,d2_beef_uncontrolled,tcn,regression,4,4,16,1.1.0,real,True,ok,,2026-09-20T07:41:43Z,3.6068628751672804,6435,2145,,,3,1,faf19bcdc9b9,dac375fe52031e90,4c7f1683df26,require_all_classes,"{""missing_in_test"": [], ""missing_in_train"": []}"
d2_beef_uncontrolled|tcn|regression|seed05|fold00,m1_benchmark,d2_beef_uncontrolled,tcn,regression,5,0,16,1.1.0,real,True,ok,,2026-09-20T07:42:26Z,3.5699317501857877,6435,2145,,,3,1,413cdd715162,4d42cd626a09cb7a,141e2cf771a3,require_all_classes,"{""missing_in_test"": [], ""missing_in_train"": []}"
d2_beef_uncontrolled|tcn|regression|seed05|fold01,m1_benchmark,d2_beef_uncontrolled,tcn,regression,5,1,16,1.1.0,real,True,ok,,2026-09-20T07:43:05Z,3.677634040825069,6435,2145,,,3,1,a8b8c30a5944,28523f9d8bc31865,141e2cf771a3,require_all_classes,"{""missing_in_test"": [], ""missing_in_train"": []}"
d2_beef_uncontrolled|tcn|regression|seed05|fold02,m1_benchmark,d2_beef_uncontrolled,tcn,regression,5,2,16,1.1.0,real,True,ok,,2026-09-20T07:43:47Z,3.6624437496066093,6435,2145,,,3,1,9de5f792dc27,2229579482b3a8cd,141e2cf771a3,require_all_classes,"{""missing_in_test"": [], ""missing_in_train"": []}"
d2_beef_uncontrolled|tcn|regression|seed05|fold03,m1_benchmark,d2_beef_uncontrolled,tcn,regression,5,3,16,1.1.0,real,True,ok,,2026-09-20T07:44:27Z,3.6737217912450433,6435,2145,,,3,1,a5838cf9641b,8ee9acbc3058ca07,141e2cf771a3,require_all_classes,"{""missing_in_test"": [], ""missing_in_train"": []}"
d2_beef_uncontrolled|tcn|regression|seed05|fold04,m1_benchmark,d2_beef_uncontrolled,tcn,regression,5,4,16,1.1.0,real,True,ok,,2026-09-20T07:45:08Z,3.8213816666975617,6435,2145,,,3,1,6eee1b95b6aa,5bf0aaa41366f490,141e2cf771a3,require_all_classes,"{""missing_in_test"": [], ""missing_in_train"": []}"
d2_beef_uncontrolled|tcn|regression|seed06|fold00,m1_benchmark,d2_beef_uncontrolled,tcn,regression,6,0,16,1.1.0,real,True,ok,,2026-09-20T07:45:54Z,3.6248650839552283,6435,2145,,,3,1,477c37a8ab73,9c50d83946f14202,711fb81f4d00,require_all_classes,"{""missing_in_test"": [], ""missing_in_train"": []}"
d2_beef_uncontrolled|tcn|regression|seed06|fold01,m1_benchmark,d2_beef_uncontrolled,tcn,regression,6,1,16,1.1.0,real,True,ok,,2026-09-20T07:46:35Z,3.737061166204512,6435,2145,,,3,1,1c2e3ba58278,5ca3e9d64a2ce5a5,711fb81f4d00,require_all_classes,"{""missing_in_test"": [], ""missing_in_train"": []}"
d2_beef_uncontrolled|tcn|regression|seed06|fold02,m1_benchmark,d2_beef_uncontrolled,tcn,regression,6,2,16,1.1.0,real,True,ok,,2026-09-20T07:47:17Z,3.592310540843755,6435,2145,,,3,1,54ff457155dd,5e0ff8dae529de8a,711fb81f4d00,require_all_classes,"{""missing_in_test"": [], ""missing_in_train"": []}"
d2_beef_uncontrolled|tcn|regression|seed06|fold03,m1_benchmark,d2_beef_uncontrolled,tcn,regression,6,3,16,1.1.0,real,True,ok,,2026-09-20T07:47:56Z,3.5827131252735853,6435,2145,,,3,1,a877630b86ff,4baa841604713224,711fb81f4d00,require_all_classes,"{""missing_in_test"": [], ""missing_in_train"": []}"
d2_beef_uncontrolled|tcn|regression|seed06|fold04,m1_benchmark,d2_beef_uncontrolled,tcn,regression,6,4,16,1.1.0,real,True,ok,,2026-09-20T07:48:36Z,3.599501207936555,6435,2145,,,3,1,308afc6cb592,8f7a956ef3ab6706,711fb81f4d00,require_all_classes,"{""missing_in_test"": [], ""missing_in_train"": []}"
d2_beef_uncontrolled|tcn|regression|seed07|fold00,m1_benchmark,d2_beef_uncontrolled,tcn,regression,7,0,16,1.1.0,real,True,ok,,2026-09-20T07:49:18Z,3.5771277910098433,6435,2145,,,3,1,7b279b72dfb8,006b2f77cac55cfa,5c2b2b869c73,require_all_classes,"{""missing_in_test"": [], ""missing_in_train"": []}"
d2_beef_uncontrolled|tcn|regression|seed07|fold01,m1_benchmark,d2_beef_uncontrolled,tcn,regression,7,1,16,1.1.0,real,True,ok,,2026-09-20T07:49:57Z,3.693990542087704,6435,2145,,,3,1,bb1e5578b9e3,e484b985d419cbf7,5c2b2b869c73,require_all_classes,"{""missing_in_test"": [], ""missing_in_train"": []}"
d2_beef_uncontrolled|tcn|regression|seed07|fold02,m1_benchmark,d2_beef_uncontrolled,tcn,regression,7,2,16,1.1.0,real,True,ok,,2026-09-20T07:50:38Z,3.6695309593342245,6435,2145,,,3,1,ba39acccb154,d6695dd4134ecd69,5c2b2b869c73,require_all_classes,"{""missing_in_test"": [], ""missing_in_train"": []}"
d2_beef_uncontrolled|tcn|regression|seed07|fold03,m1_benchmark,d2_beef_uncontrolled,tcn,regression,7,3,16,1.1.0,real,True,ok,,2026-09-20T07:51:19Z,3.6664499593898654,6435,2145,,,3,1,4726b95fa672,02aaeb3e57dbc6a7,5c2b2b869c73,require_all_classes,"{""missing_in_test"": [], ""missing_in_train"": []}"
d2_beef_uncontrolled|tcn|regression|seed07|fold04,m1_benchmark,d2_beef_uncontrolled,tcn,regression,7,4,16,1.1.0,real,True,ok,,2026-09-20T07:52:05Z,3.7981495829299092,6435,2145,,,3,1,2e34c9f360a4,dc055284f57be6f2,5c2b2b869c73,require_all_classes,"{""missing_in_test"": [], ""missing_in_train"": []}"
d2_beef_uncontrolled|tcn|regression|seed08|fold00,m1_benchmark,d2_beef_uncontrolled,tcn,regression,8,0,16,1.1.0,real,True,ok,,2026-09-20T07:52:51Z,3.668449917342514,6435,2145,,,3,1,760fd382be4c,e6399a7f90d0ebd6,e7dc445ff81a,require_all_classes,"{""missing_in_test"": [], ""missing_in_train"": []}"
d2_beef_uncontrolled|tcn|regression|seed08|fold01,m1_benchmark,d2_beef_uncontrolled,tcn,regression,8,1,16,1.1.0,real,True,ok,,2026-09-20T07:53:34Z,3.667066707741469,6435,2145,,,3,1,f60758215a07,050e8a2971d5d933,e7dc445ff81a,require_all_classes,"{""missing_in_test"": [], ""missing_in_train"": []}"
d2_beef_uncontrolled|tcn|regression|seed08|fold02,m1_benchmark,d2_beef_uncontrolled,tcn,regression,8,2,16,1.1.0,real,True,ok,,2026-09-20T07:54:18Z,3.593510165810585,6435,2145,,,3,1,b12aea5b360e,fc6805f77d05e77d,e7dc445ff81a,require_all_classes,"{""missing_in_test"": [], ""missing_in_train"": []}"
d2_beef_uncontrolled|tcn|regression|seed08|fold03,m1_benchmark,d2_beef_uncontrolled,tcn,regression,8,3,16,1.1.0,real,True,ok,,2026-09-20T07:55:00Z,3.6600731248036027,6435,2145,,,3,1,d24ce02cae99,d5d96c02015730bd,e7dc445ff81a,require_all_classes,"{""missing_in_test"": [], ""missing_in_train"": []}"
d2_beef_uncontrolled|tcn|regression|seed08|fold04,m1_benchmark,d2_beef_uncontrolled,tcn,regression,8,4,16,1.1.0,real,True,ok,,2026-09-20T07:55:41Z,3.6340792500413954,6435,2145,,,3,1,02ddc5401296,b55a2aba79fda428,e7dc445ff81a,require_all_classes,"{""missing_in_test"": [], ""missing_in_train"": []}"
d2_beef_uncontrolled|tcn|regression|seed09|fold00,m1_benchmark,d2_beef_uncontrolled,tcn,regression,9,0,16,1.1.0,real,True,ok,,2026-09-20T07:56:24Z,3.6278775832615793,6435,2145,,,3,1,523607d0ddee,847e76e2eeba8fb7,002054794067,require_all_classes,"{""missing_in_test"": [], ""missing_in_train"": []}"
d2_beef_uncontrolled|tcn|regression|seed09|fold01,m1_benchmark,d2_beef_uncontrolled,tcn,regression,9,1,16,1.1.0,real,True,ok,,2026-09-20T07:57:03Z,3.5791137497872114,6435,2145,,,3,1,de265fd108a1,fd857342533a82c5,002054794067,require_all_classes,"{""missing_in_test"": [], ""missing_in_train"": []}"
d2_beef_uncontrolled|tcn|regression|seed09|fold02,m1_benchmark,d2_beef_uncontrolled,tcn,regression,9,2,16,1.1.0,real,True,ok,,2026-09-20T07:57:43Z,3.6002886667847633,6435,2145,,,3,1,9a76beab3005,214a6de8fcd758da,002054794067,require_all_classes,"{""missing_in_test"": [], ""missing_in_train"": []}"
d2_beef_uncontrolled|tcn|regression|seed09|fold03,m1_benchmark,d2_beef_uncontrolled,tcn,regression,9,3,16,1.1.0,real,True,ok,,2026-09-20T07:58:24Z,3.6809817920438945,6435,2145,,,3,1,bcc42ac9806b,ae6244c922fae719,002054794067,require_all_classes,"{""missing_in_test"": [], ""missing_in_train"": []}"
d2_beef_uncontrolled|tcn|regression|seed09|fold04,m1_benchmark,d2_beef_uncontrolled,tcn,regression,9,4,16,1.1.0,real,True,ok,,2026-09-20T07:59:04Z,3.5846637496724725,6435,2145,,,3,1,3b4893542c85,ddedc2f8cac83861,002054794067,require_all_classes,"{""missing_in_test"": [], ""missing_in_train"": []}"
d3_rainbow_trout|cnn1d|classification|seed00|fold00,m1_benchmark,d3_rainbow_trout,cnn1d,classification,0,0,16,1.1.0,real,True,ok,,2026-09-20T06:11:53Z,4.127801124937832,12899,3570,,,124,34,439ff90e7bfb,f2695e5d10be6430,53ee335aac1a,require_all_classes,"{""missing_in_test"": [], ""missing_in_train"": []}"
d3_rainbow_trout|cnn1d|classification|seed00|fold01,m1_benchmark,d3_rainbow_trout,cnn1d,classification,0,1,16,1.1.0,real,True,ok,,2026-09-20T06:13:01Z,4.50564004201442,12755,5461,,,122,52,505083e6d3e2,2da7af9a0e5d6f5d,53ee335aac1a,require_all_classes,"{""missing_in_test"": [], ""missing_in_train"": []}"
d3_rainbow_trout|cnn1d|classification|seed00|fold02,m1_benchmark,d3_rainbow_trout,cnn1d,classification,0,2,16,1.1.0,real,True,ok,,2026-09-20T06:14:08Z,3.8878031661733985,13441,3714,,,128,36,8b9b123a945a,6d54442528fbd67c,53ee335aac1a,require_all_classes,"{""missing_in_test"": [], ""missing_in_train"": []}"
d3_rainbow_trout|cnn1d|classification|seed00|fold03,m1_benchmark,d3_rainbow_trout,cnn1d,classification,0,3,16,1.1.0,real,True,ok,,2026-09-20T06:15:12Z,3.802627041004598,12745,4775,,,122,46,e95b43ff80fb,d86718064b676a7f,53ee335aac1a,require_all_classes,"{""missing_in_test"": [], ""missing_in_train"": []}"
d3_rainbow_trout|cnn1d|classification|seed00|fold04,m1_benchmark,d3_rainbow_trout,cnn1d,classification,0,4,16,1.1.0,real,True,ok,,2026-09-20T06:16:21Z,4.244583833031356,13950,4410,,,134,42,379c45a723d8,39c4d6f1cde39f7f,53ee335aac1a,require_all_classes,"{""missing_in_test"": [], ""missing_in_train"": []}"
d3_rainbow_trout|cnn1d|classification|seed01|fold00,m1_benchmark,d3_rainbow_trout,cnn1d,classification,1,0,16,1.1.0,real,True,ok,,2026-09-20T06:17:27Z,4.504743124824017,12009,5671,,,115,54,c18cd6593630,ede61463766d6ed4,0ee917873708,require_all_classes,"{""missing_in_test"": [], ""missing_in_train"": []}"
d3_rainbow_trout|cnn1d|classification|seed01|fold01,m1_benchmark,d3_rainbow_trout,cnn1d,classification,1,1,16,1.1.0,real,True,ok,,2026-09-20T06:18:50Z,5.7015405828133225,13231,4250,,,126,41,f8e1dc317188,3df00b4dd47f06bc,0ee917873708,require_all_classes,"{""missing_in_test"": [], ""missing_in_train"": []}"
d3_rainbow_trout|cnn1d|classification|seed01|fold02,m1_benchmark,d3_rainbow_trout,cnn1d,classification,1,2,16,1.1.0,real,True,ok,,2026-09-20T06:20:13Z,4.913402958307415,13386,4449,,,128,43,a9e97bc346eb,b8e1e44274b2076a,0ee917873708,require_all_classes,"{""missing_in_test"": [], ""missing_in_train"": []}"
d3_rainbow_trout|cnn1d|classification|seed01|fold03,m1_benchmark,d3_rainbow_trout,cnn1d,classification,1,3,16,1.1.0,real,True,ok,,2026-09-20T06:21:37Z,4.103851624764502,14370,4095,,,138,39,9ef7afc96896,28d00ad020b02596,0ee917873708,require_all_classes,"{""missing_in_test"": [], ""missing_in_train"": []}"
d3_rainbow_trout|cnn1d|classification|seed01|fold04,m1_benchmark,d3_rainbow_trout,cnn1d,classification,1,4,16,1.1.0,real,True,ok,,2026-09-20T06:22:41Z,3.743168958928436,12794,3465,,,123,33,36b0dd64e0a2,dc4f59ed2cb826d4,0ee917873708,require_all_classes,"{""missing_in_test"": [], ""missing_in_train"": []}"
d3_rainbow_trout|cnn1d|classification|seed02|fold00,m1_benchmark,d3_rainbow_trout,cnn1d,classification,2,0,16,1.1.0,real,True,ok,,2026-09-20T06:24:00Z,4.811400332953781,12795,5040,,,123,48,1f0b8d920f24,c4dc110704ab03f0,a93e587204d3,require_all_classes,"{""missing_in_test"": [], ""missing_in_train"": []}"
d3_rainbow_trout|cnn1d|classification|seed02|fold01,m1_benchmark,d3_rainbow_trout,cnn1d,classification,2,1,16,1.1.0,real,True,ok,,2026-09-20T06:25:13Z,6.2424329170025885,13480,4095,,,129,39,0acec8a0e466,ccd576619d52a71d,a93e587204d3,require_all_classes,"{""missing_in_test"": [], ""missing_in_train"": []}"
d3_rainbow_trout|cnn1d|classification|seed02|fold02,m1_benchmark,d3_rainbow_trout,cnn1d,classification,2,2,16,1.1.0,real,True,ok,,2026-09-20T06:26:22Z,3.802110666874796,13164,4355,,,126,42,1f84fcceee02,1564222c7d3a9b99,a93e587204d3,require_all_classes,"{""missing_in_test"": [], ""missing_in_train"": []}"
d3_rainbow_trout|cnn1d|classification|seed02|fold03,m1_benchmark,d3_rainbow_trout,cnn1d,classification,2,3,16,1.1.0,real,True,ok,,2026-09-20T06:27:27Z,3.8506150413304567,13490,4411,,,129,42,f767c80e072e,0af7afab9d917e46,a93e587204d3,require_all_classes,"{""missing_in_test"": [], ""missing_in_train"": []}"
d3_rainbow_trout|cnn1d|classification|seed02|fold04,m1_benchmark,d3_rainbow_trout,cnn1d,classification,2,4,16,1.1.0,real,True,ok,,2026-09-20T06:28:30Z,3.7029512082226574,12861,4029,,,123,39,b6dfe5056c8d,31a92c24209006c0,a93e587204d3,require_all_classes,"{""missing_in_test"": [], ""missing_in_train"": []}"
d3_rainbow_trout|cnn1d|classification|seed03|fold00,m1_benchmark,d3_rainbow_trout,cnn1d,classification,3,0,16,1.1.0,real,True,ok,,2026-09-20T06:29:30Z,3.492311583366245,11850,5145,,,114,49,1a6b7c8c8e18,d7b401699866bb95,b1ffcd52027a,require_all_classes,"{""missing_in_test"": [], ""missing_in_train"": []}"
d3_rainbow_trout|cnn1d|classification|seed03|fold01,m1_benchmark,d3_rainbow_trout,cnn1d,classification,3,1,16,1.1.0,real,True,ok,,2026-09-20T06:30:34Z,4.297479792032391,12584,4935,,,121,47,98a18b117f15,4c4bf00e86c99bd4,b1ffcd52027a,require_all_classes,"{""missing_in_test"": [], ""missing_in_train"": []}"
d3_rainbow_trout|cnn1d|classification|seed03|fold02,m1_benchmark,d3_rainbow_trout,cnn1d,classification,3,2,16,1.1.0,real,True,ok,,2026-09-20T06:31:43Z,4.049859500024468,13269,4411,,,127,42,04ec709fe01a,831262cbf271094b,b1ffcd52027a,require_all_classes,"{""missing_in_test"": [], ""missing_in_train"": []}"
d3_rainbow_trout|cnn1d|classification|seed03|fold03,m1_benchmark,d3_rainbow_trout,cnn1d,classification,3,3,16,1.1.0,real,True,ok,,2026-09-20T06:32:55Z,4.420616999734193,14491,4250,,,138,41,c85f428662cd,f672974c80dec4cd,b1ffcd52027a,require_all_classes,"{""missing_in_test"": [], ""missing_in_train"": []}"
d3_rainbow_trout|cnn1d|classification|seed03|fold04,m1_benchmark,d3_rainbow_trout,cnn1d,classification,3,4,16,1.1.0,real,True,ok,,2026-09-20T06:34:06Z,3.988290916197002,13596,3189,,,130,31,df046eb01692,8e062d7626179d0a,b1ffcd52027a,require_all_classes,"{""missing_in_test"": [], ""missing_in_train"": []}"
d3_rainbow_trout|cnn1d|classification|seed04|fold00,m1_benchmark,d3_rainbow_trout,cnn1d,classification,4,0,16,1.1.0,real,True,ok,,2026-09-20T06:35:10Z,3.569581124931574,12059,5040,,,116,48,61704ceeff39,47445cbe102fefeb,3b8b997835e0,require_all_classes,"{""missing_in_test"": [], ""missing_in_train"": []}"
d3_rainbow_trout|cnn1d|classification|seed04|fold01,m1_benchmark,d3_rainbow_trout,cnn1d,classification,4,1,16,1.1.0,real,True,ok,,2026-09-20T06:36:14Z,3.8871955829672515,12860,4831,,,123,46,ad613cab2f31,0086bf5a5ca3c899,3b8b997835e0,require_all_classes,"{""missing_in_test"": [], ""missing_in_train"": []}"
d3_rainbow_trout|cnn1d|classification|seed04|fold02,m1_benchmark,d3_rainbow_trout,cnn1d,classification,4,2,16,1.1.0,real,True,ok,,2026-09-20T06:37:20Z,3.863377542234957,13336,4239,,,127,41,379348a7151b,67697cfc76cbda71,3b8b997835e0,require_all_classes,"{""missing_in_test"": [], ""missing_in_train"": []}"
d3_rainbow_trout|cnn1d|classification|seed04|fold03,m1_benchmark,d3_rainbow_trout,cnn1d,classification,4,3,16,1.1.0,real,True,ok,,2026-09-20T06:38:27Z,4.796875958796591,14110,4355,,,135,42,c6083012ffc5,cf57b1cac43d723c,3b8b997835e0,require_all_classes,"{""missing_in_test"": [], ""missing_in_train"": []}"
d3_rainbow_trout|cnn1d|classification|seed04|fold04,m1_benchmark,d3_rainbow_trout,cnn1d,classification,4,4,16,1.1.0,real,True,ok,,2026-09-20T06:39:33Z,3.8847197080031037,13425,3465,,,129,33,cc7ed899cfca,dfcb198ab4fa13ce,3b8b997835e0,require_all_classes,"{""missing_in_test"": [], ""missing_in_train"": []}"
d3_rainbow_trout|cnn1d|classification|seed05|fold00,m1_benchmark,d3_rainbow_trout,cnn1d,classification,5,0,16,1.1.0,real,True,ok,,2026-09-20T06:40:39Z,3.827207458205521,12324,4935,,,118,47,38db515b1e41,fe0dac893a6aa248,191922ae3c2e,require_all_classes,"{""missing_in_test"": [], ""missing_in_train"": []}"
d3_rainbow_trout|cnn1d|classification|seed05|fold01,m1_benchmark,d3_rainbow_trout,cnn1d,classification,5,1,16,1.1.0,real,True,ok,,2026-09-20T06:41:43Z,3.869762583170086,13020,4671,,,124,45,bf7a906f79da,6c585893a9d1c217,191922ae3c2e,require_all_classes,"{""missing_in_test"": [], ""missing_in_train"": []}"
d3_rainbow_trout|cnn1d|classification|seed05|fold02,m1_benchmark,d3_rainbow_trout,cnn1d,classification,5,2,16,1.1.0,real,True,ok,,2026-09-20T06:42:52Z,4.39864212507382,13806,4239,,,132,41,0d7b953d7c62,a9d71ad35b5eb422,191922ae3c2e,require_all_classes,"{""missing_in_test"": [], ""missing_in_train"": []}"
d3_rainbow_trout|cnn1d|classification|seed05|fold03,m1_benchmark,d3_rainbow_trout,cnn1d,classification,5,3,16,1.1.0,real,True,ok,,2026-09-20T06:44:00Z,4.055318375118077,13845,3885,,,133,37,92035a5401e3,1facc64805615adb,191922ae3c2e,require_all_classes,"{""missing_in_test"": [], ""missing_in_train"": []}"
d3_rainbow_trout|cnn1d|classification|seed05|fold04,m1_benchmark,d3_rainbow_trout,cnn1d,classification,5,4,16,1.1.0,real,True,ok,,2026-09-20T06:45:07Z,4.1551043330691755,12795,4200,,,123,40,abf977863430,572d73bedbc1cbde,191922ae3c2e,require_all_classes,"{""missing_in_test"": [], ""missing_in_train"": []}"
d3_rainbow_trout|cnn1d|classification|seed06|fold00,m1_benchmark,d3_rainbow_trout,cnn1d,classification,6,0,16,1.1.0,real,True,ok,,2026-09-20T06:46:18Z,3.916355791967362,13005,3570,,,125,34,ca859e305ed6,895b1bafe2a54200,f219c888b793,require_all_classes,"{""missing_in_test"": [], ""missing_in_train"": []}"
d3_rainbow_trout|cnn1d|classification|seed06|fold01,m1_benchmark,d3_rainbow_trout,cnn1d,classification,6,1,16,1.1.0,real,True,ok,,2026-09-20T06:47:21Z,3.7102048750966787,12375,5355,,,119,51,1e36b2a21365,2c16389b21ff7e9b,f219c888b793,require_all_classes,"{""missing_in_test"": [], ""missing_in_train"": []}"
d3_rainbow_trout|cnn1d|classification|seed06|fold02,m1_benchmark,d3_rainbow_trout,cnn1d,classification,6,2,16,1.1.0,real,True,ok,,2026-09-20T06:48:26Z,3.9588248329237103,13059,4200,,,125,40,663466d18e5f,111e729d941ab7d3,f219c888b793,require_all_classes,"{""missing_in_test"": [], ""missing_in_train"": []}"
d3_rainbow_trout|cnn1d|classification|seed06|fold03,m1_benchmark,d3_rainbow_trout,cnn1d,classification,6,3,16,1.1.0,real,True,ok,,2026-09-20T06:49:34Z,4.329501083120704,13125,4671,,,125,45,b74b733d6eb8,fbc155f73931d1a1,f219c888b793,require_all_classes,"{""missing_in_test"": [], ""missing_in_train"": []}"
d3_rainbow_trout|cnn1d|classification|seed06|fold04,m1_benchmark,d3_rainbow_trout,cnn1d,classification,6,4,16,1.1.0,real,True,ok,,2026-09-20T06:50:49Z,4.412910874933004,14226,4134,,,136,40,4237abba1971,2f4a882401f6e676,f219c888b793,require_all_classes,"{""missing_in_test"": [], ""missing_in_train"": []}"
d3_rainbow_trout|cnn1d|classification|seed07|fold00,m1_benchmark,d3_rainbow_trout,cnn1d,classification,7,0,16,1.1.0,real,True,ok,,2026-09-20T06:52:00Z,4.143505500163883,13700,3399,,,131,33,4a36cfbf17f0,1b136a6918141b3c,510b236a2d29,require_all_classes,"{""missing_in_test"": [], ""missing_in_train"": []}"
d3_rainbow_trout|cnn1d|classification|seed07|fold01,m1_benchmark,d3_rainbow_trout,cnn1d,classification,7,1,16,1.1.0,real,True,ok,,2026-09-20T06:53:03Z,3.6642930419184268,12639,4831,,,121,46,96d6bc493781,3f240100e5b14680,510b236a2d29,require_all_classes,"{""missing_in_test"": [], ""missing_in_train"": []}"
d3_rainbow_trout|cnn1d|classification|seed07|fold02,m1_benchmark,d3_rainbow_trout,cnn1d,classification,7,2,16,1.1.0,real,True,ok,,2026-09-20T06:54:00Z,3.5720998751930892,12430,4460,,,119,43,63d5ed679a97,20b6d41ac96f8e9f,510b236a2d29,require_all_classes,"{""missing_in_test"": [], ""missing_in_train"": []}"
d3_rainbow_trout|cnn1d|classification|seed07|fold03,m1_benchmark,d3_rainbow_trout,cnn1d,classification,7,3,16,1.1.0,real,True,ok,,2026-09-20T06:54:59Z,3.7036703750491142,12690,5040,,,122,48,82f8e99ea34e,5fcc73d1445cc917,510b236a2d29,require_all_classes,"{""missing_in_test"": [], ""missing_in_train"": []}"
d3_rainbow_trout|cnn1d|classification|seed07|fold04,m1_benchmark,d3_rainbow_trout,cnn1d,classification,7,4,16,1.1.0,real,True,ok,,2026-09-20T06:56:05Z,4.281269041821361,14331,4200,,,137,40,4a668330d0d7,c16d81c6797b4e3d,510b236a2d29,require_all_classes,"{""missing_in_test"": [], ""missing_in_train"": []}"
d3_rainbow_trout|cnn1d|classification|seed08|fold00,m1_benchmark,d3_rainbow_trout,cnn1d,classification,8,0,16,1.1.0,real,True,ok,,2026-09-20T06:57:18Z,3.9025291251018643,13441,4344,,,128,42,68c7c85b41da,d49965f215ea4642,9cb3600a7b94,require_all_classes,"{""missing_in_test"": [], ""missing_in_train"": []}"
d3_rainbow_trout|cnn1d|classification|seed08|fold01,m1_benchmark,d3_rainbow_trout,cnn1d,classification,8,1,16,1.1.0,real,True,ok,,2026-09-20T06:58:22Z,3.643741125240922,12849,4145,,,123,40,8e5677b9212b,fc5b1daf4a3c8d00,9cb3600a7b94,require_all_classes,"{""missing_in_test"": [], ""missing_in_train"": []}"
d3_rainbow_trout|cnn1d|classification|seed08|fold02,m1_benchmark,d3_rainbow_trout,cnn1d,classification,8,2,16,1.1.0,real,True,ok,,2026-09-20T06:59:27Z,4.1642625839449465,12584,4936,,,121,47,8f0b0a39787f,2d6f1d5646cdde36,9cb3600a7b94,require_all_classes,"{""missing_in_test"": [], ""missing_in_train"": []}"
d3_rainbow_trout|cnn1d|classification|seed08|fold03,m1_benchmark,d3_rainbow_trout,cnn1d,classification,8,3,16,1.1.0,real,True,ok,,2026-09-20T07:18:31Z,3.8351762923412025,13425,4410,,,129,42,34bbc0b41277,3d2f7f454b995354,9cb3600a7b94,require_all_classes,"{""missing_in_test"": [], ""missing_in_train"": []}"
d3_rainbow_trout|cnn1d|classification|seed08|fold04,m1_benchmark,d3_rainbow_trout,cnn1d,classification,8,4,16,1.1.0,real,True,ok,,2026-09-20T07:19:32Z,3.821129707619548,13491,4095,,,129,39,09fcc11d97ca,275623015f0401d0,9cb3600a7b94,require_all_classes,"{""missing_in_test"": [], ""missing_in_train"": []}"
d3_rainbow_trout|cnn1d|classification|seed09|fold00,m1_benchmark,d3_rainbow_trout,cnn1d,classification,9,0,16,1.1.0,real,True,ok,,2026-09-20T07:20:32Z,3.6124877082183957,12535,5460,,,120,52,a375bf17fa08,52ab946f7efb8af3,da269c7d4228,require_all_classes,"{""missing_in_test"": [], ""missing_in_train"": []}"
d3_rainbow_trout|cnn1d|classification|seed09|fold01,m1_benchmark,d3_rainbow_trout,cnn1d,classification,9,1,16,1.1.0,real,True,ok,,2026-09-20T07:21:31Z,3.7296590828336775,13231,3935,,,126,38,504c72a28909,62aaa5248342ac95,da269c7d4228,require_all_classes,"{""missing_in_test"": [], ""missing_in_train"": []}"
d3_rainbow_trout|cnn1d|classification|seed09|fold02,m1_benchmark,d3_rainbow_trout,cnn1d,classification,9,2,16,1.1.0,real,True,ok,,2026-09-20T07:22:30Z,3.778446499723941,13281,4764,,,127,46,437478619e3d,b0bbc7b45e4bb94a,da269c7d4228,require_all_classes,"{""missing_in_test"": [], ""missing_in_train"": []}"
d3_rainbow_trout|cnn1d|classification|seed09|fold03,m1_benchmark,d3_rainbow_trout,cnn1d,classification,9,3,16,1.1.0,real,True,ok,,2026-09-20T07:23:32Z,4.0540168331936,14159,3885,,,136,37,929f4fe4f729,f1dc599dbce0a8aa,da269c7d4228,require_all_classes,"{""missing_in_test"": [], ""missing_in_train"": []}"
d3_rainbow_trout|cnn1d|classification|seed09|fold04,m1_benchmark,d3_rainbow_trout,cnn1d,classification,9,4,16,1.1.0,real,True,ok,,2026-09-20T07:24:31Z,3.5568313342519104,12584,3886,,,121,37,903109ca3407,605e0a7683d6778e,da269c7d4228,require_all_classes,"{""missing_in_test"": [], ""missing_in_train"": []}"
d3_rainbow_trout|cnn1d|regression|seed00|fold00,m1_benchmark,d3_rainbow_trout,cnn1d,regression,0,0,16,1.1.0,real,True,ok,,2026-09-20T06:11:57Z,4.200181209016591,12899,3570,,,124,34,439ff90e7bfb,1bdaec1d23b90050,53ee335aac1a,require_all_classes,"{""missing_in_test"": [], ""missing_in_train"": []}"
d3_rainbow_trout|cnn1d|regression|seed00|fold01,m1_benchmark,d3_rainbow_trout,cnn1d,regression,0,1,16,1.1.0,real,True,ok,,2026-09-20T06:13:05Z,4.288765542209148,12755,5461,,,122,52,505083e6d3e2,0d8af66546ff7af7,53ee335aac1a,require_all_classes,"{""missing_in_test"": [], ""missing_in_train"": []}"
d3_rainbow_trout|cnn1d|regression|seed00|fold02,m1_benchmark,d3_rainbow_trout,cnn1d,regression,0,2,16,1.1.0,real,True,ok,,2026-09-20T06:14:12Z,3.8247079579159617,13441,3714,,,128,36,8b9b123a945a,e846769f064bb88a,53ee335aac1a,require_all_classes,"{""missing_in_test"": [], ""missing_in_train"": []}"
d3_rainbow_trout|cnn1d|regression|seed00|fold03,m1_benchmark,d3_rainbow_trout,cnn1d,regression,0,3,16,1.1.0,real,True,ok,,2026-09-20T06:15:16Z,3.7712016659788787,12745,4775,,,122,46,e95b43ff80fb,d72c18c24bcd7d31,53ee335aac1a,require_all_classes,"{""missing_in_test"": [], ""missing_in_train"": []}"
d3_rainbow_trout|cnn1d|regression|seed00|fold04,m1_benchmark,d3_rainbow_trout,cnn1d,regression,0,4,16,1.1.0,real,True,ok,,2026-09-20T06:16:25Z,4.146532041020691,13950,4410,,,134,42,379c45a723d8,8af050bf2510bad3,53ee335aac1a,require_all_classes,"{""missing_in_test"": [], ""missing_in_train"": []}"
d3_rainbow_trout|cnn1d|regression|seed01|fold00,m1_benchmark,d3_rainbow_trout,cnn1d,regression,1,0,16,1.1.0,real,True,ok,,2026-09-20T06:17:33Z,5.461495041847229,12009,5671,,,115,54,c18cd6593630,47f74d84b4605fc8,0ee917873708,require_all_classes,"{""missing_in_test"": [], ""missing_in_train"": []}"
d3_rainbow_trout|cnn1d|regression|seed01|fold01,m1_benchmark,d3_rainbow_trout,cnn1d,regression,1,1,16,1.1.0,real,True,ok,,2026-09-20T06:18:55Z,5.757872249931097,13231,4250,,,126,41,f8e1dc317188,ffdcabf86aab54d6,0ee917873708,require_all_classes,"{""missing_in_test"": [], ""missing_in_train"": []}"
d3_rainbow_trout|cnn1d|regression|seed01|fold02,m1_benchmark,d3_rainbow_trout,cnn1d,regression,1,2,16,1.1.0,real,True,ok,,2026-09-20T06:20:17Z,4.766355125233531,13386,4449,,,128,43,a9e97bc346eb,c1c44becc14d1f4c,0ee917873708,require_all_classes,"{""missing_in_test"": [], ""missing_in_train"": []}"
d3_rainbow_trout|cnn1d|regression|seed01|fold03,m1_benchmark,d3_rainbow_trout,cnn1d,regression,1,3,16,1.1.0,real,True,ok,,2026-09-20T06:21:41Z,4.1389025412499905,14370,4095,,,138,39,9ef7afc96896,60f49b336a3a3f2f,0ee917873708,require_all_classes,"{""missing_in_test"": [], ""missing_in_train"": []}"
d3_rainbow_trout|cnn1d|regression|seed01|fold04,m1_benchmark,d3_rainbow_trout,cnn1d,regression,1,4,16,1.1.0,real,True,ok,,2026-09-20T06:22:45Z,4.162665540818125,12794,3465,,,123,33,36b0dd64e0a2,80c2bc5a82b8da38,0ee917873708,require_all_classes,"{""missing_in_test"": [], ""missing_in_train"": []}"
d3_rainbow_trout|cnn1d|regression|seed02|fold00,m1_benchmark,d3_rainbow_trout,cnn1d,regression,2,0,16,1.1.0,real,True,ok,,2026-09-20T06:24:04Z,3.8630732498131692,12795,5040,,,123,48,1f0b8d920f24,d4b4c6d3e0eee66d,a93e587204d3,require_all_classes,"{""missing_in_test"": [], ""missing_in_train"": []}"
d3_rainbow_trout|cnn1d|regression|seed02|fold01,m1_benchmark,d3_rainbow_trout,cnn1d,regression,2,1,16,1.1.0,real,True,ok,,2026-09-20T06:25:22Z,9.121140583883971,13480,4095,,,129,39,0acec8a0e466,defcdc59f4a27937,a93e587204d3,require_all_classes,"{""missing_in_test"": [], ""missing_in_train"": []}"
d3_rainbow_trout|cnn1d|regression|seed02|fold02,m1_benchmark,d3_rainbow_trout,cnn1d,regression,2,2,16,1.1.0,real,True,ok,,2026-09-20T06:26:26Z,3.7004606667906046,13164,4355,,,126,42,1f84fcceee02,0c09bc84eed9996c,a93e587204d3,require_all_classes,"{""missing_in_test"": [], ""missing_in_train"": []}"
d3_rainbow_trout|cnn1d|regression|seed02|fold03,m1_benchmark,d3_rainbow_trout,cnn1d,regression,2,3,16,1.1.0,real,True,ok,,2026-09-20T06:27:31Z,3.82660866715014,13490,4411,,,129,42,f767c80e072e,b4dcccc4f466a0b9,a93e587204d3,require_all_classes,"{""missing_in_test"": [], ""missing_in_train"": []}"
d3_rainbow_trout|cnn1d|regression|seed02|fold04,m1_benchmark,d3_rainbow_trout,cnn1d,regression,2,4,16,1.1.0,real,True,ok,,2026-09-20T06:28:33Z,3.6385389999486506,12861,4029,,,123,39,b6dfe5056c8d,8f253ec93f8c86fa,a93e587204d3,require_all_classes,"{""missing_in_test"": [], ""missing_in_train"": []}"
d3_rainbow_trout|cnn1d|regression|seed03|fold00,m1_benchmark,d3_rainbow_trout,cnn1d,regression,3,0,16,1.1.0,real,True,ok,,2026-09-20T06:29:33Z,3.4257894163019955,11850,5145,,,114,49,1a6b7c8c8e18,93298ae6171e4c09,b1ffcd52027a,require_all_classes,"{""missing_in_test"": [], ""missing_in_train"": []}"
d3_rainbow_trout|cnn1d|regression|seed03|fold01,m1_benchmark,d3_rainbow_trout,cnn1d,regression,3,1,16,1.1.0,real,True,ok,,2026-09-20T06:30:39Z,5.020705083850771,12584,4935,,,121,47,98a18b117f15,5761a8e52848f3f3,b1ffcd52027a,require_all_classes,"{""missing_in_test"": [], ""missing_in_train"": []}"
d3_rainbow_trout|cnn1d|regression|seed03|fold02,m1_benchmark,d3_rainbow_trout,cnn1d,regression,3,2,16,1.1.0,real,True,ok,,2026-09-20T06:31:47Z,3.861815958749503,13269,4411,,,127,42,04ec709fe01a,4344b963fa0ff4bc,b1ffcd52027a,require_all_classes,"{""missing_in_test"": [], ""missing_in_train"": []}"
d3_rainbow_trout|cnn1d|regression|seed03|fold03,m1_benchmark,d3_rainbow_trout,cnn1d,regression,3,3,16,1.1.0,real,True,ok,,2026-09-20T06:33:00Z,4.984355167020112,14491,4250,,,138,41,c85f428662cd,53a688c0ed3f40d3,b1ffcd52027a,require_all_classes,"{""missing_in_test"": [], ""missing_in_train"": []}"
d3_rainbow_trout|cnn1d|regression|seed03|fold04,m1_benchmark,d3_rainbow_trout,cnn1d,regression,3,4,16,1.1.0,real,True,ok,,2026-09-20T06:34:10Z,3.9884432908147573,13596,3189,,,130,31,df046eb01692,63594cdf9cb43f25,b1ffcd52027a,require_all_classes,"{""missing_in_test"": [], ""missing_in_train"": []}"
d3_rainbow_trout|cnn1d|regression|seed04|fold00,m1_benchmark,d3_rainbow_trout,cnn1d,regression,4,0,16,1.1.0,real,True,ok,,2026-09-20T06:35:14Z,3.4512584577314556,12059,5040,,,116,48,61704ceeff39,9efbb371fc18e648,3b8b997835e0,require_all_classes,"{""missing_in_test"": [], ""missing_in_train"": []}"
d3_rainbow_trout|cnn1d|regression|seed04|fold01,m1_benchmark,d3_rainbow_trout,cnn1d,regression,4,1,16,1.1.0,real,True,ok,,2026-09-20T06:36:18Z,3.800400249660015,12860,4831,,,123,46,ad613cab2f31,9a5d288122971edb,3b8b997835e0,require_all_classes,"{""missing_in_test"": [], ""missing_in_train"": []}"
d3_rainbow_trout|cnn1d|regression|seed04|fold02,m1_benchmark,d3_rainbow_trout,cnn1d,regression,4,2,16,1.1.0,real,True,ok,,2026-09-20T06:37:24Z,3.827092958148569,13336,4239,,,127,41,379348a7151b,45f667cffdec750a,3b8b997835e0,require_all_classes,"{""missing_in_test"": [], ""missing_in_train"": []}"
d3_rainbow_trout|cnn1d|regression|seed04|fold03,m1_benchmark,d3_rainbow_trout,cnn1d,regression,4,3,16,1.1.0,real,True,ok,,2026-09-20T06:38:32Z,4.24688820913434,14110,4355,,,135,42,c6083012ffc5,d59c188009dd549d,3b8b997835e0,require_all_classes,"{""missing_in_test"": [], ""missing_in_train"": []}"
d3_rainbow_trout|cnn1d|regression|seed04|fold04,m1_benchmark,d3_rainbow_trout,cnn1d,regression,4,4,16,1.1.0,real,True,ok,,2026-09-20T06:39:37Z,3.8531932081095874,13425,3465,,,129,33,cc7ed899cfca,4d34f0ffff1f2df8,3b8b997835e0,require_all_classes,"{""missing_in_test"": [], ""missing_in_train"": []}"
d3_rainbow_trout|cnn1d|regression|seed05|fold00,m1_benchmark,d3_rainbow_trout,cnn1d,regression,5,0,16,1.1.0,real,True,ok,,2026-09-20T06:40:43Z,3.6706835832446814,12324,4935,,,118,47,38db515b1e41,07e1fe41ee8bcf73,191922ae3c2e,require_all_classes,"{""missing_in_test"": [], ""missing_in_train"": []}"
d3_rainbow_trout|cnn1d|regression|seed05|fold01,m1_benchmark,d3_rainbow_trout,cnn1d,regression,5,1,16,1.1.0,real,True,ok,,2026-09-20T06:41:47Z,3.866321708075702,13020,4671,,,124,45,bf7a906f79da,9ef68557f9b8bc4f,191922ae3c2e,require_all_classes,"{""missing_in_test"": [], ""missing_in_train"": []}"
d3_rainbow_trout|cnn1d|regression|seed05|fold02,m1_benchmark,d3_rainbow_trout,cnn1d,regression,5,2,16,1.1.0,real,True,ok,,2026-09-20T06:42:57Z,4.307636667042971,13806,4239,,,132,41,0d7b953d7c62,77968d6f4c96a884,191922ae3c2e,require_all_classes,"{""missing_in_test"": [], ""missing_in_train"": []}"
d3_rainbow_trout|cnn1d|regression|seed05|fold03,m1_benchmark,d3_rainbow_trout,cnn1d,regression,5,3,16,1.1.0,real,True,ok,,2026-09-20T06:44:04Z,4.0555530418641865,13845,3885,,,133,37,92035a5401e3,6fa102d078b7532c,191922ae3c2e,require_all_classes,"{""missing_in_test"": [], ""missing_in_train"": []}"
d3_rainbow_trout|cnn1d|regression|seed05|fold04,m1_benchmark,d3_rainbow_trout,cnn1d,regression,5,4,16,1.1.0,real,True,ok,,2026-09-20T06:45:11Z,3.9698640829883516,12795,4200,,,123,40,abf977863430,8c56e83f82829ab6,191922ae3c2e,require_all_classes,"{""missing_in_test"": [], ""missing_in_train"": []}"
d3_rainbow_trout|cnn1d|regression|seed06|fold00,m1_benchmark,d3_rainbow_trout,cnn1d,regression,6,0,16,1.1.0,real,True,ok,,2026-09-20T06:46:22Z,4.306484499946237,13005,3570,,,125,34,ca859e305ed6,6d9d002ad937b34f,f219c888b793,require_all_classes,"{""missing_in_test"": [], ""missing_in_train"": []}"
d3_rainbow_trout|cnn1d|regression|seed06|fold01,m1_benchmark,d3_rainbow_trout,cnn1d,regression,6,1,16,1.1.0,real,True,ok,,2026-09-20T06:47:25Z,4.086357082705945,12375,5355,,,119,51,1e36b2a21365,9de2a88fac6713e3,f219c888b793,require_all_classes,"{""missing_in_test"": [], ""missing_in_train"": []}"
d3_rainbow_trout|cnn1d|regression|seed06|fold02,m1_benchmark,d3_rainbow_trout,cnn1d,regression,6,2,16,1.1.0,real,True,ok,,2026-09-20T06:48:30Z,3.9822062077000737,13059,4200,,,125,40,663466d18e5f,ac3d0858ef757dbe,f219c888b793,require_all_classes,"{""missing_in_test"": [], ""missing_in_train"": []}"
d3_rainbow_trout|cnn1d|regression|seed06|fold03,m1_benchmark,d3_rainbow_trout,cnn1d,regression,6,3,16,1.1.0,real,True,ok,,2026-09-20T06:49:39Z,4.5475040837191045,13125,4671,,,125,45,b74b733d6eb8,ff3c63a6c65127f7,f219c888b793,require_all_classes,"{""missing_in_test"": [], ""missing_in_train"": []}"
d3_rainbow_trout|cnn1d|regression|seed06|fold04,m1_benchmark,d3_rainbow_trout,cnn1d,regression,6,4,16,1.1.0,real,True,ok,,2026-09-20T06:50:53Z,4.1420577499084175,14226,4134,,,136,40,4237abba1971,e11ab4fc1845c630,f219c888b793,require_all_classes,"{""missing_in_test"": [], ""missing_in_train"": []}"
d3_rainbow_trout|cnn1d|regression|seed07|fold00,m1_benchmark,d3_rainbow_trout,cnn1d,regression,7,0,16,1.1.0,real,True,ok,,2026-09-20T06:52:04Z,4.011236083228141,13700,3399,,,131,33,4a36cfbf17f0,d8a8aa97dd561c6f,510b236a2d29,require_all_classes,"{""missing_in_test"": [], ""missing_in_train"": []}"
d3_rainbow_trout|cnn1d|regression|seed07|fold01,m1_benchmark,d3_rainbow_trout,cnn1d,regression,7,1,16,1.1.0,real,True,ok,,2026-09-20T06:53:06Z,3.6250139996409416,12639,4831,,,121,46,96d6bc493781,1948ecefeaeb916a,510b236a2d29,require_all_classes,"{""missing_in_test"": [], ""missing_in_train"": []}"
d3_rainbow_trout|cnn1d|regression|seed07|fold02,m1_benchmark,d3_rainbow_trout,cnn1d,regression,7,2,16,1.1.0,real,True,ok,,2026-09-20T06:54:04Z,3.5174307920970023,12430,4460,,,119,43,63d5ed679a97,226c77c0eec571b1,510b236a2d29,require_all_classes,"{""missing_in_test"": [], ""missing_in_train"": []}"
d3_rainbow_trout|cnn1d|regression|seed07|fold03,m1_benchmark,d3_rainbow_trout,cnn1d,regression,7,3,16,1.1.0,real,True,ok,,2026-09-20T06:55:02Z,3.6679159170016646,12690,5040,,,122,48,82f8e99ea34e,844dfb5029c577a1,510b236a2d29,require_all_classes,"{""missing_in_test"": [], ""missing_in_train"": []}"
d3_rainbow_trout|cnn1d|regression|seed07|fold04,m1_benchmark,d3_rainbow_trout,cnn1d,regression,7,4,16,1.1.0,real,True,ok,,2026-09-20T06:56:09Z,4.266644374933094,14331,4200,,,137,40,4a668330d0d7,fd2661e432f33720,510b236a2d29,require_all_classes,"{""missing_in_test"": [], ""missing_in_train"": []}"
d3_rainbow_trout|cnn1d|regression|seed08|fold00,m1_benchmark,d3_rainbow_trout,cnn1d,regression,8,0,16,1.1.0,real,True,ok,,2026-09-20T06:57:21Z,3.851842666976154,13441,4344,,,128,42,68c7c85b41da,fe737f6485ec42e2,9cb3600a7b94,require_all_classes,"{""missing_in_test"": [], ""missing_in_train"": []}"
d3_rainbow_trout|cnn1d|regression|seed08|fold01,m1_benchmark,d3_rainbow_trout,cnn1d,regression,8,1,16,1.1.0,real,True,ok,,2026-09-20T06:58:26Z,3.93138145795092,12849,4145,,,123,40,8e5677b9212b,39d38e5301e29ec2,9cb3600a7b94,require_all_classes,"{""missing_in_test"": [], ""missing_in_train"": []}"
d3_rainbow_trout|cnn1d|regression|seed08|fold02,m1_benchmark,d3_rainbow_trout,cnn1d,regression,8,2,16,1.1.0,real,True,ok,,2026-09-20T06:59:31Z,4.0832596672698855,12584,4936,,,121,47,8f0b0a39787f,26fac1fc8693063f,9cb3600a7b94,require_all_classes,"{""missing_in_test"": [], ""missing_in_train"": []}"
d3_rainbow_trout|cnn1d|regression|seed08|fold03,m1_benchmark,d3_rainbow_trout,cnn1d,regression,8,3,16,1.1.0,real,True,ok,,2026-09-20T07:18:35Z,3.7772922082804143,13425,4410,,,129,42,34bbc0b41277,a030f6c5d51ad638,9cb3600a7b94,require_all_classes,"{""missing_in_test"": [], ""missing_in_train"": []}"
d3_rainbow_trout|cnn1d|regression|seed08|fold04,m1_benchmark,d3_rainbow_trout,cnn1d,regression,8,4,16,1.1.0,real,True,ok,,2026-09-20T07:19:36Z,3.76147612510249,13491,4095,,,129,39,09fcc11d97ca,6d1d08ab50899728,9cb3600a7b94,require_all_classes,"{""missing_in_test"": [], ""missing_in_train"": []}"
d3_rainbow_trout|cnn1d|regression|seed09|fold00,m1_benchmark,d3_rainbow_trout,cnn1d,regression,9,0,16,1.1.0,real,True,ok,,2026-09-20T07:20:36Z,3.524849833920598,12535,5460,,,120,52,a375bf17fa08,5680fbeb2e2d5b8e,da269c7d4228,require_all_classes,"{""missing_in_test"": [], ""missing_in_train"": []}"
d3_rainbow_trout|cnn1d|regression|seed09|fold01,m1_benchmark,d3_rainbow_trout,cnn1d,regression,9,1,16,1.1.0,real,True,ok,,2026-09-20T07:21:35Z,3.685205874964595,13231,3935,,,126,38,504c72a28909,9766780a000986d3,da269c7d4228,require_all_classes,"{""missing_in_test"": [], ""missing_in_train"": []}"
d3_rainbow_trout|cnn1d|regression|seed09|fold02,m1_benchmark,d3_rainbow_trout,cnn1d,regression,9,2,16,1.1.0,real,True,ok,,2026-09-20T07:22:34Z,3.726373125333339,13281,4764,,,127,46,437478619e3d,edfcec2359a874bd,da269c7d4228,require_all_classes,"{""missing_in_test"": [], ""missing_in_train"": []}"
d3_rainbow_trout|cnn1d|regression|seed09|fold03,m1_benchmark,d3_rainbow_trout,cnn1d,regression,9,3,16,1.1.0,real,True,ok,,2026-09-20T07:23:36Z,3.9955378747545183,14159,3885,,,136,37,929f4fe4f729,0bd479f057f72ad0,da269c7d4228,require_all_classes,"{""missing_in_test"": [], ""missing_in_train"": []}"
d3_rainbow_trout|cnn1d|regression|seed09|fold04,m1_benchmark,d3_rainbow_trout,cnn1d,regression,9,4,16,1.1.0,real,True,ok,,2026-09-20T07:24:34Z,3.5972761660814285,12584,3886,,,121,37,903109ca3407,99c07372f60aa735,da269c7d4228,require_all_classes,"{""missing_in_test"": [], ""missing_in_train"": []}"
d3_rainbow_trout|esn|classification|seed00|fold00,m1_benchmark,d3_rainbow_trout,esn,classification,0,0,16,1.1.0,real,True,ok,,2026-09-20T06:12:14Z,1.9496977496892214,12899,3570,,,124,34,439ff90e7bfb,828492396653ada6,53ee335aac1a,require_all_classes,"{""missing_in_test"": [], ""missing_in_train"": []}"
d3_rainbow_trout|esn|classification|seed00|fold01,m1_benchmark,d3_rainbow_trout,esn,classification,0,1,16,1.1.0,real,True,ok,,2026-09-20T06:13:21Z,2.1620563748292625,12755,5461,,,122,52,505083e6d3e2,cb261e8d2e4d83da,53ee335aac1a,require_all_classes,"{""missing_in_test"": [], ""missing_in_train"": []}"
d3_rainbow_trout|esn|classification|seed00|fold02,m1_benchmark,d3_rainbow_trout,esn,classification,0,2,16,1.1.0,real,True,ok,,2026-09-20T06:14:27Z,1.8001674166880548,13441,3714,,,128,36,8b9b123a945a,fd25a9d731e38807,53ee335aac1a,require_all_classes,"{""missing_in_test"": [], ""missing_in_train"": []}"
d3_rainbow_trout|esn|classification|seed00|fold03,m1_benchmark,d3_rainbow_trout,esn,classification,0,3,16,1.1.0,real,True,ok,,2026-09-20T06:15:31Z,2.1754822502844036,12745,4775,,,122,46,e95b43ff80fb,8e71527f9157ada2,53ee335aac1a,require_all_classes,"{""missing_in_test"": [], ""missing_in_train"": []}"
d3_rainbow_trout|esn|classification|seed00|fold04,m1_benchmark,d3_rainbow_trout,esn,classification,0,4,16,1.1.0,real,True,ok,,2026-09-20T06:16:41Z,1.943322790786624,13950,4410,,,134,42,379c45a723d8,5a3377fd45e39952,53ee335aac1a,require_all_classes,"{""missing_in_test"": [], ""missing_in_train"": []}"
d3_rainbow_trout|esn|classification|seed01|fold00,m1_benchmark,d3_rainbow_trout,esn,classification,1,0,16,1.1.0,real,True,ok,,2026-09-20T06:17:51Z,2.0675487923435867,12009,5671,,,115,54,c18cd6593630,06fe7454b0faf29e,0ee917873708,require_all_classes,"{""missing_in_test"": [], ""missing_in_train"": []}"
d3_rainbow_trout|esn|classification|seed01|fold01,m1_benchmark,d3_rainbow_trout,esn,classification,1,1,16,1.1.0,real,True,ok,,2026-09-20T06:19:15Z,2.509093207772821,13231,4250,,,126,41,f8e1dc317188,d13cfb3c9e68ac06,0ee917873708,require_all_classes,"{""missing_in_test"": [], ""missing_in_train"": []}"
d3_rainbow_trout|esn|classification|seed01|fold02,m1_benchmark,d3_rainbow_trout,esn,classification,1,2,16,1.1.0,real,True,ok,,2026-09-20T06:20:38Z,2.341049916110933,13386,4449,,,128,43,a9e97bc346eb,35242b97547a5779,0ee917873708,require_all_classes,"{""missing_in_test"": [], ""missing_in_train"": []}"
d3_rainbow_trout|esn|classification|seed01|fold03,m1_benchmark,d3_rainbow_trout,esn,classification,1,3,16,1.1.0,real,True,ok,,2026-09-20T06:21:57Z,1.8216885421425104,14370,4095,,,138,39,9ef7afc96896,4055f41403e5aa7d,0ee917873708,require_all_classes,"{""missing_in_test"": [], ""missing_in_train"": []}"
d3_rainbow_trout|esn|classification|seed01|fold04,m1_benchmark,d3_rainbow_trout,esn,classification,1,4,16,1.1.0,real,True,ok,,2026-09-20T06:23:00Z,1.7137356246821582,12794,3465,,,123,33,36b0dd64e0a2,11c0286f66453691,0ee917873708,require_all_classes,"{""missing_in_test"": [], ""missing_in_train"": []}"
d3_rainbow_trout|esn|classification|seed02|fold00,m1_benchmark,d3_rainbow_trout,esn,classification,2,0,16,1.1.0,real,True,ok,,2026-09-20T06:24:19Z,2.011906750034541,12795,5040,,,123,48,1f0b8d920f24,942ea1d47b613945,a93e587204d3,require_all_classes,"{""missing_in_test"": [], ""missing_in_train"": []}"
d3_rainbow_trout|esn|classification|seed02|fold01,m1_benchmark,d3_rainbow_trout,esn,classification,2,1,16,1.1.0,real,True,ok,,2026-09-20T06:25:38Z,2.1872782497666776,13480,4095,,,129,39,0acec8a0e466,e5abef33a7181c3d,a93e587204d3,require_all_classes,"{""missing_in_test"": [], ""missing_in_train"": []}"
d3_rainbow_trout|esn|classification|seed02|fold02,m1_benchmark,d3_rainbow_trout,esn,classification,2,2,16,1.1.0,real,True,ok,,2026-09-20T06:26:40Z,1.8492426252923906,13164,4355,,,126,42,1f84fcceee02,a087910715cb4e51,a93e587204d3,require_all_classes,"{""missing_in_test"": [], ""missing_in_train"": []}"
d3_rainbow_trout|esn|classification|seed02|fold03,m1_benchmark,d3_rainbow_trout,esn,classification,2,3,16,1.1.0,real,True,ok,,2026-09-20T06:27:45Z,1.776153416838497,13490,4411,,,129,42,f767c80e072e,31e7aa6343cc9f7a,a93e587204d3,require_all_classes,"{""missing_in_test"": [], ""missing_in_train"": []}"
d3_rainbow_trout|esn|classification|seed02|fold04,m1_benchmark,d3_rainbow_trout,esn,classification,2,4,16,1.1.0,real,True,ok,,2026-09-20T06:28:47Z,1.6767951669171453,12861,4029,,,123,39,b6dfe5056c8d,284ff8e60b937fe7,a93e587204d3,require_all_classes,"{""missing_in_test"": [], ""missing_in_train"": []}"
d3_rainbow_trout|esn|classification|seed03|fold00,m1_benchmark,d3_rainbow_trout,esn,classification,3,0,16,1.1.0,real,True,ok,,2026-09-20T06:29:47Z,1.8363312920555472,11850,5145,,,114,49,1a6b7c8c8e18,d4b1cc096b3a003b,b1ffcd52027a,require_all_classes,"{""missing_in_test"": [], ""missing_in_train"": []}"
d3_rainbow_trout|esn|classification|seed03|fold01,m1_benchmark,d3_rainbow_trout,esn,classification,3,1,16,1.1.0,real,True,ok,,2026-09-20T06:30:56Z,2.082436124794185,12584,4935,,,121,47,98a18b117f15,8c33d7cf86c58780,b1ffcd52027a,require_all_classes,"{""missing_in_test"": [], ""missing_in_train"": []}"
d3_rainbow_trout|esn|classification|seed03|fold02,m1_benchmark,d3_rainbow_trout,esn,classification,3,2,16,1.1.0,real,True,ok,,2026-09-20T06:32:02Z,1.8815579577349126,13269,4411,,,127,42,04ec709fe01a,eeb2a3f5576cd9be,b1ffcd52027a,require_all_classes,"{""missing_in_test"": [], ""missing_in_train"": []}"
d3_rainbow_trout|esn|classification|seed03|fold03,m1_benchmark,d3_rainbow_trout,esn,classification,3,3,16,1.1.0,real,True,ok,,2026-09-20T06:33:17Z,1.9402974592521787,14491,4250,,,138,41,c85f428662cd,017accd397c6379e,b1ffcd52027a,require_all_classes,"{""missing_in_test"": [], ""missing_in_train"": []}"
d3_rainbow_trout|esn|classification|seed03|fold04,m1_benchmark,d3_rainbow_trout,esn,classification,3,4,16,1.1.0,real,True,ok,,2026-09-20T06:34:25Z,1.6368334577418864,13596,3189,,,130,31,df046eb01692,ff5899a8f4f1e279,b1ffcd52027a,require_all_classes,"{""missing_in_test"": [], ""missing_in_train"": []}"
d3_rainbow_trout|esn|classification|seed04|fold00,m1_benchmark,d3_rainbow_trout,esn,classification,4,0,16,1.1.0,real,True,ok,,2026-09-20T06:35:28Z,1.8853277498856187,12059,5040,,,116,48,61704ceeff39,f3e25cc3f2db600e,3b8b997835e0,require_all_classes,"{""missing_in_test"": [], ""missing_in_train"": []}"
d3_rainbow_trout|esn|classification|seed04|fold01,m1_benchmark,d3_rainbow_trout,esn,classification,4,1,16,1.1.0,real,True,ok,,2026-09-20T06:36:34Z,2.7510117078199983,12860,4831,,,123,46,ad613cab2f31,69f646a3080cab25,3b8b997835e0,require_all_classes,"{""missing_in_test"": [], ""missing_in_train"": []}"
d3_rainbow_trout|esn|classification|seed04|fold02,m1_benchmark,d3_rainbow_trout,esn,classification,4,2,16,1.1.0,real,True,ok,,2026-09-20T06:37:39Z,1.8887500842101872,13336,4239,,,127,41,379348a7151b,8b699bff26ed095c,3b8b997835e0,require_all_classes,"{""missing_in_test"": [], ""missing_in_train"": []}"
d3_rainbow_trout|esn|classification|seed04|fold03,m1_benchmark,d3_rainbow_trout,esn,classification,4,3,16,1.1.0,real,True,ok,,2026-09-20T06:38:48Z,1.9957988332025707,14110,4355,,,135,42,c6083012ffc5,95699b5d19c6a4f0,3b8b997835e0,require_all_classes,"{""missing_in_test"": [], ""missing_in_train"": []}"
d3_rainbow_trout|esn|classification|seed04|fold04,m1_benchmark,d3_rainbow_trout,esn,classification,4,4,16,1.1.0,real,True,ok,,2026-09-20T06:39:52Z,1.7015720000490546,13425,3465,,,129,33,cc7ed899cfca,175de366b8616ee2,3b8b997835e0,require_all_classes,"{""missing_in_test"": [], ""missing_in_train"": []}"
d3_rainbow_trout|esn|classification|seed05|fold00,m1_benchmark,d3_rainbow_trout,esn,classification,5,0,16,1.1.0,real,True,ok,,2026-09-20T06:40:58Z,1.962680459022522,12324,4935,,,118,47,38db515b1e41,9008fe78edf7395b,191922ae3c2e,require_all_classes,"{""missing_in_test"": [], ""missing_in_train"": []}"
d3_rainbow_trout|esn|classification|seed05|fold01,m1_benchmark,d3_rainbow_trout,esn,classification,5,1,16,1.1.0,real,True,ok,,2026-09-20T06:42:02Z,1.9317036662250757,13020,4671,,,124,45,bf7a906f79da,095b74721c40cfd8,191922ae3c2e,require_all_classes,"{""missing_in_test"": [], ""missing_in_train"": []}"
d3_rainbow_trout|esn|classification|seed05|fold02,m1_benchmark,d3_rainbow_trout,esn,classification,5,2,16,1.1.0,real,True,ok,,2026-09-20T06:43:13Z,1.8073596670292318,13806,4239,,,132,41,0d7b953d7c62,8a0f3220f6222650,191922ae3c2e,require_all_classes,"{""missing_in_test"": [], ""missing_in_train"": []}"
d3_rainbow_trout|esn|classification|seed05|fold03,m1_benchmark,d3_rainbow_trout,esn,classification,5,3,16,1.1.0,real,True,ok,,2026-09-20T06:44:20Z,1.7689755419269204,13845,3885,,,133,37,92035a5401e3,b2ad77fd95c235e7,191922ae3c2e,require_all_classes,"{""missing_in_test"": [], ""missing_in_train"": []}"
d3_rainbow_trout|esn|classification|seed05|fold04,m1_benchmark,d3_rainbow_trout,esn,classification,5,4,16,1.1.0,real,True,ok,,2026-09-20T06:45:27Z,1.8816160839051008,12795,4200,,,123,40,abf977863430,36b4be433dcf4443,191922ae3c2e,require_all_classes,"{""missing_in_test"": [], ""missing_in_train"": []}"
d3_rainbow_trout|esn|classification|seed06|fold00,m1_benchmark,d3_rainbow_trout,esn,classification,6,0,16,1.1.0,real,True,ok,,2026-09-20T06:46:37Z,1.7486221250146627,13005,3570,,,125,34,ca859e305ed6,2fe50c751a7708b2,f219c888b793,require_all_classes,"{""missing_in_test"": [], ""missing_in_train"": []}"
d3_rainbow_trout|esn|classification|seed06|fold01,m1_benchmark,d3_rainbow_trout,esn,classification,6,1,16,1.1.0,real,True,ok,,2026-09-20T06:47:40Z,1.9998347498476505,12375,5355,,,119,51,1e36b2a21365,34788b92bfa91ee1,f219c888b793,require_all_classes,"{""missing_in_test"": [], ""missing_in_train"": []}"
d3_rainbow_trout|esn|classification|seed06|fold02,m1_benchmark,d3_rainbow_trout,esn,classification,6,2,16,1.1.0,real,True,ok,,2026-09-20T06:48:45Z,1.8517288751900196,13059,4200,,,125,40,663466d18e5f,4c51d8c640341947,f219c888b793,require_all_classes,"{""missing_in_test"": [], ""missing_in_train"": []}"
d3_rainbow_trout|esn|classification|seed06|fold03,m1_benchmark,d3_rainbow_trout,esn,classification,6,3,16,1.1.0,real,True,ok,,2026-09-20T06:49:57Z,2.211261125281453,13125,4671,,,125,45,b74b733d6eb8,d4281b8cb05811b9,f219c888b793,require_all_classes,"{""missing_in_test"": [], ""missing_in_train"": []}"
d3_rainbow_trout|esn|classification|seed06|fold04,m1_benchmark,d3_rainbow_trout,esn,classification,6,4,16,1.1.0,real,True,ok,,2026-09-20T06:51:10Z,1.8844712497666478,14226,4134,,,136,40,4237abba1971,b0c0b7a6b5443f4a,f219c888b793,require_all_classes,"{""missing_in_test"": [], ""missing_in_train"": []}"
d3_rainbow_trout|esn|classification|seed07|fold00,m1_benchmark,d3_rainbow_trout,esn,classification,7,0,16,1.1.0,real,True,ok,,2026-09-20T06:52:19Z,1.6201943326741457,13700,3399,,,131,33,4a36cfbf17f0,c5161da9c5b6f8d9,510b236a2d29,require_all_classes,"{""missing_in_test"": [], ""missing_in_train"": []}"
d3_rainbow_trout|esn|classification|seed07|fold01,m1_benchmark,d3_rainbow_trout,esn,classification,7,1,16,1.1.0,real,True,ok,,2026-09-20T06:53:20Z,1.7555737500078976,12639,4831,,,121,46,96d6bc493781,57ac2bd5ff9ff05e,510b236a2d29,require_all_classes,"{""missing_in_test"": [], ""missing_in_train"": []}"
d3_rainbow_trout|esn|classification|seed07|fold02,m1_benchmark,d3_rainbow_trout,esn,classification,7,2,16,1.1.0,real,True,ok,,2026-09-20T06:54:18Z,1.7081018327735364,12430,4460,,,119,43,63d5ed679a97,86a04b65ccc7e90f,510b236a2d29,require_all_classes,"{""missing_in_test"": [], ""missing_in_train"": []}"
d3_rainbow_trout|esn|classification|seed07|fold03,m1_benchmark,d3_rainbow_trout,esn,classification,7,3,16,1.1.0,real,True,ok,,2026-09-20T06:55:16Z,1.80805629119277,12690,5040,,,122,48,82f8e99ea34e,91a00b0bcfcc983f,510b236a2d29,require_all_classes,"{""missing_in_test"": [], ""missing_in_train"": []}"
d3_rainbow_trout|esn|classification|seed07|fold04,m1_benchmark,d3_rainbow_trout,esn,classification,7,4,16,1.1.0,real,True,ok,,2026-09-20T06:56:25Z,1.8497727499343455,14331,4200,,,137,40,4a668330d0d7,c83080c806ca6daa,510b236a2d29,require_all_classes,"{""missing_in_test"": [], ""missing_in_train"": []}"
d3_rainbow_trout|esn|classification|seed08|fold00,m1_benchmark,d3_rainbow_trout,esn,classification,8,0,16,1.1.0,real,True,ok,,2026-09-20T06:57:36Z,1.7847903328947723,13441,4344,,,128,42,68c7c85b41da,5c041ebd2d2be192,9cb3600a7b94,require_all_classes,"{""missing_in_test"": [], ""missing_in_train"": []}"
d3_rainbow_trout|esn|classification|seed08|fold01,m1_benchmark,d3_rainbow_trout,esn,classification,8,1,16,1.1.0,real,True,ok,,2026-09-20T06:58:42Z,1.8916070410050452,12849,4145,,,123,40,8e5677b9212b,578e7ea86e319973,9cb3600a7b94,require_all_classes,"{""missing_in_test"": [], ""missing_in_train"": []}"
d3_rainbow_trout|esn|classification|seed08|fold02,m1_benchmark,d3_rainbow_trout,esn,classification,8,2,16,1.1.0,real,True,ok,,2026-09-20T06:59:48Z,2.0633782502263784,12584,4936,,,121,47,8f0b0a39787f,7a288de8bc3eb7e0,9cb3600a7b94,require_all_classes,"{""missing_in_test"": [], ""missing_in_train"": []}"
d3_rainbow_trout|esn|classification|seed08|fold03,m1_benchmark,d3_rainbow_trout,esn,classification,8,3,16,1.1.0,real,True,ok,,2026-09-20T07:18:49Z,1.8147380826994777,13425,4410,,,129,42,34bbc0b41277,75f637ed0a9590ce,9cb3600a7b94,require_all_classes,"{""missing_in_test"": [], ""missing_in_train"": []}"
d3_rainbow_trout|esn|classification|seed08|fold04,m1_benchmark,d3_rainbow_trout,esn,classification,8,4,16,1.1.0,real,True,ok,,2026-09-20T07:19:50Z,1.740160332992673,13491,4095,,,129,39,09fcc11d97ca,a02559fe4555f598,9cb3600a7b94,require_all_classes,"{""missing_in_test"": [], ""missing_in_train"": []}"
d3_rainbow_trout|esn|classification|seed09|fold00,m1_benchmark,d3_rainbow_trout,esn,classification,9,0,16,1.1.0,real,True,ok,,2026-09-20T07:20:50Z,1.898757207673043,12535,5460,,,120,52,a375bf17fa08,0d62591de8f8b9cb,da269c7d4228,require_all_classes,"{""missing_in_test"": [], ""missing_in_train"": []}"
d3_rainbow_trout|esn|classification|seed09|fold01,m1_benchmark,d3_rainbow_trout,esn,classification,9,1,16,1.1.0,real,True,ok,,2026-09-20T07:21:49Z,1.6369852498173714,13231,3935,,,126,38,504c72a28909,e83bedce6f8f0b99,da269c7d4228,require_all_classes,"{""missing_in_test"": [], ""missing_in_train"": []}"
d3_rainbow_trout|esn|classification|seed09|fold02,m1_benchmark,d3_rainbow_trout,esn,classification,9,2,16,1.1.0,real,True,ok,,2026-09-20T07:22:48Z,1.7392262918874621,13281,4764,,,127,46,437478619e3d,91a767baa2b12749,da269c7d4228,require_all_classes,"{""missing_in_test"": [], ""missing_in_train"": []}"
d3_rainbow_trout|esn|classification|seed09|fold03,m1_benchmark,d3_rainbow_trout,esn,classification,9,3,16,1.1.0,real,True,ok,,2026-09-20T07:23:51Z,1.6641261670738459,14159,3885,,,136,37,929f4fe4f729,0c69ecdaae3fc67e,da269c7d4228,require_all_classes,"{""missing_in_test"": [], ""missing_in_train"": []}"
d3_rainbow_trout|esn|classification|seed09|fold04,m1_benchmark,d3_rainbow_trout,esn,classification,9,4,16,1.1.0,real,True,ok,,2026-09-20T07:24:48Z,1.6717765829525888,12584,3886,,,121,37,903109ca3407,ce6103982a25618a,da269c7d4228,require_all_classes,"{""missing_in_test"": [], ""missing_in_train"": []}"
d3_rainbow_trout|esn|regression|seed00|fold00,m1_benchmark,d3_rainbow_trout,esn,regression,0,0,16,1.1.0,real,True,ok,,2026-09-20T06:12:15Z,1.5273530408740044,12899,3570,,,124,34,439ff90e7bfb,c0848dbc4f6280b0,53ee335aac1a,require_all_classes,"{""missing_in_test"": [], ""missing_in_train"": []}"
d3_rainbow_trout|esn|regression|seed00|fold01,m1_benchmark,d3_rainbow_trout,esn,regression,0,1,16,1.1.0,real,True,ok,,2026-09-20T06:13:23Z,1.6060981662012637,12755,5461,,,122,52,505083e6d3e2,2d064306082edee7,53ee335aac1a,require_all_classes,"{""missing_in_test"": [], ""missing_in_train"": []}"
d3_rainbow_trout|esn|regression|seed00|fold02,m1_benchmark,d3_rainbow_trout,esn,regression,0,2,16,1.1.0,real,True,ok,,2026-09-20T06:14:28Z,1.4138705837540329,13441,3714,,,128,36,8b9b123a945a,4f21136f0b21cc5b,53ee335aac1a,require_all_classes,"{""missing_in_test"": [], ""missing_in_train"": []}"
d3_rainbow_trout|esn|regression|seed00|fold03,m1_benchmark,d3_rainbow_trout,esn,regression,0,3,16,1.1.0,real,True,ok,,2026-09-20T06:15:33Z,1.4794453750364482,12745,4775,,,122,46,e95b43ff80fb,ea666424d72294d8,53ee335aac1a,require_all_classes,"{""missing_in_test"": [], ""missing_in_train"": []}"
d3_rainbow_trout|esn|regression|seed00|fold04,m1_benchmark,d3_rainbow_trout,esn,regression,0,4,16,1.1.0,real,True,ok,,2026-09-20T06:16:43Z,1.4284060411155224,13950,4410,,,134,42,379c45a723d8,5d323c1a874a896f,53ee335aac1a,require_all_classes,"{""missing_in_test"": [], ""missing_in_train"": []}"
d3_rainbow_trout|esn|regression|seed01|fold00,m1_benchmark,d3_rainbow_trout,esn,regression,1,0,16,1.1.0,real,True,ok,,2026-09-20T06:17:52Z,1.4462922918610275,12009,5671,,,115,54,c18cd6593630,a6a7f9bc6d90b871,0ee917873708,require_all_classes,"{""missing_in_test"": [], ""missing_in_train"": []}"
d3_rainbow_trout|esn|regression|seed01|fold01,m1_benchmark,d3_rainbow_trout,esn,regression,1,1,16,1.1.0,real,True,ok,,2026-09-20T06:19:16Z,1.7084526671096683,13231,4250,,,126,41,f8e1dc317188,57a3be7b535ce00d,0ee917873708,require_all_classes,"{""missing_in_test"": [], ""missing_in_train"": []}"
d3_rainbow_trout|esn|regression|seed01|fold02,m1_benchmark,d3_rainbow_trout,esn,regression,1,2,16,1.1.0,real,True,ok,,2026-09-20T06:20:39Z,1.883663957938552,13386,4449,,,128,43,a9e97bc346eb,aa0b58689a64835f,0ee917873708,require_all_classes,"{""missing_in_test"": [], ""missing_in_train"": []}"
d3_rainbow_trout|esn|regression|seed01|fold03,m1_benchmark,d3_rainbow_trout,esn,regression,1,3,16,1.1.0,real,True,ok,,2026-09-20T06:21:59Z,1.507026500068605,14370,4095,,,138,39,9ef7afc96896,7918bab75644535b,0ee917873708,require_all_classes,"{""missing_in_test"": [], ""missing_in_train"": []}"
d3_rainbow_trout|esn|regression|seed01|fold04,m1_benchmark,d3_rainbow_trout,esn,regression,1,4,16,1.1.0,real,True,ok,,2026-09-20T06:23:01Z,1.353824167046696,12794,3465,,,123,33,36b0dd64e0a2,ddb47b10ab5c0289,0ee917873708,require_all_classes,"{""missing_in_test"": [], ""missing_in_train"": []}"
d3_rainbow_trout|esn|regression|seed02|fold00,m1_benchmark,d3_rainbow_trout,esn,regression,2,0,16,1.1.0,real,True,ok,,2026-09-20T06:24:20Z,1.5258285831660032,12795,5040,,,123,48,1f0b8d920f24,bb12098a61778a16,a93e587204d3,require_all_classes,"{""missing_in_test"": [], ""missing_in_train"": []}"
d3_rainbow_trout|esn|regression|seed02|fold01,m1_benchmark,d3_rainbow_trout,esn,regression,2,1,16,1.1.0,real,True,ok,,2026-09-20T06:25:40Z,1.6024348749779165,13480,4095,,,129,39,0acec8a0e466,a1837fe657fbb86c,a93e587204d3,require_all_classes,"{""missing_in_test"": [], ""missing_in_train"": []}"
d3_rainbow_trout|esn|regression|seed02|fold02,m1_benchmark,d3_rainbow_trout,esn,regression,2,2,16,1.1.0,real,True,ok,,2026-09-20T06:26:42Z,1.3643097076565027,13164,4355,,,126,42,1f84fcceee02,7e34cb5aa8febbe1,a93e587204d3,require_all_classes,"{""missing_in_test"": [], ""missing_in_train"": []}"
d3_rainbow_trout|esn|regression|seed02|fold03,m1_benchmark,d3_rainbow_trout,esn,regression,2,3,16,1.1.0,real,True,ok,,2026-09-20T06:27:47Z,1.3924759170040488,13490,4411,,,129,42,f767c80e072e,21872d5dfd5f6ead,a93e587204d3,require_all_classes,"{""missing_in_test"": [], ""missing_in_train"": []}"
d3_rainbow_trout|esn|regression|seed02|fold04,m1_benchmark,d3_rainbow_trout,esn,regression,2,4,16,1.1.0,real,True,ok,,2026-09-20T06:28:49Z,1.3162751249037683,12861,4029,,,123,39,b6dfe5056c8d,f26258653cd8cac2,a93e587204d3,require_all_classes,"{""missing_in_test"": [], ""missing_in_train"": []}"
d3_rainbow_trout|esn|regression|seed03|fold00,m1_benchmark,d3_rainbow_trout,esn,regression,3,0,16,1.1.0,real,True,ok,,2026-09-20T06:29:49Z,1.4714977503754199,11850,5145,,,114,49,1a6b7c8c8e18,8a30c4f006f96707,b1ffcd52027a,require_all_classes,"{""missing_in_test"": [], ""missing_in_train"": []}"
d3_rainbow_trout|esn|regression|seed03|fold01,m1_benchmark,d3_rainbow_trout,esn,regression,3,1,16,1.1.0,real,True,ok,,2026-09-20T06:30:58Z,1.4878126666881144,12584,4935,,,121,47,98a18b117f15,7054d726f372a8bb,b1ffcd52027a,require_all_classes,"{""missing_in_test"": [], ""missing_in_train"": []}"
d3_rainbow_trout|esn|regression|seed03|fold02,m1_benchmark,d3_rainbow_trout,esn,regression,3,2,16,1.1.0,real,True,ok,,2026-09-20T06:32:03Z,1.4241437911987305,13269,4411,,,127,42,04ec709fe01a,5f7ddebc748ff74f,b1ffcd52027a,require_all_classes,"{""missing_in_test"": [], ""missing_in_train"": []}"
d3_rainbow_trout|esn|regression|seed03|fold03,m1_benchmark,d3_rainbow_trout,esn,regression,3,3,16,1.1.0,real,True,ok,,2026-09-20T06:33:18Z,1.6878402917645872,14491,4250,,,138,41,c85f428662cd,34bbfc424e04aa88,b1ffcd52027a,require_all_classes,"{""missing_in_test"": [], ""missing_in_train"": []}"
d3_rainbow_trout|esn|regression|seed03|fold04,m1_benchmark,d3_rainbow_trout,esn,regression,3,4,16,1.1.0,real,True,ok,,2026-09-20T06:34:26Z,1.3246332500129938,13596,3189,,,130,31,df046eb01692,c6bf69584a5034c4,b1ffcd52027a,require_all_classes,"{""missing_in_test"": [], ""missing_in_train"": []}"
d3_rainbow_trout|esn|regression|seed04|fold00,m1_benchmark,d3_rainbow_trout,esn,regression,4,0,16,1.1.0,real,True,ok,,2026-09-20T06:35:29Z,1.4442829168401659,12059,5040,,,116,48,61704ceeff39,8e7597ab79e61a15,3b8b997835e0,require_all_classes,"{""missing_in_test"": [], ""missing_in_train"": []}"
d3_rainbow_trout|esn|regression|seed04|fold01,m1_benchmark,d3_rainbow_trout,esn,regression,4,1,16,1.1.0,real,True,ok,,2026-09-20T06:36:36Z,1.9833651250228286,12860,4831,,,123,46,ad613cab2f31,d5bb2176987ddbae,3b8b997835e0,require_all_classes,"{""missing_in_test"": [], ""missing_in_train"": []}"
d3_rainbow_trout|esn|regression|seed04|fold02,m1_benchmark,d3_rainbow_trout,esn,regression,4,2,16,1.1.0,real,True,ok,,2026-09-20T06:37:40Z,1.4306504996493459,13336,4239,,,127,41,379348a7151b,46b4f30c53d3ad56,3b8b997835e0,require_all_classes,"{""missing_in_test"": [], ""missing_in_train"": []}"
d3_rainbow_trout|esn|regression|seed04|fold03,m1_benchmark,d3_rainbow_trout,esn,regression,4,3,16,1.1.0,real,True,ok,,2026-09-20T06:38:49Z,1.507908834144473,14110,4355,,,135,42,c6083012ffc5,e0fbfbee94fc7864,3b8b997835e0,require_all_classes,"{""missing_in_test"": [], ""missing_in_train"": []}"
d3_rainbow_trout|esn|regression|seed04|fold04,m1_benchmark,d3_rainbow_trout,esn,regression,4,4,16,1.1.0,real,True,ok,,2026-09-20T06:39:54Z,1.4998082923702896,13425,3465,,,129,33,cc7ed899cfca,9e270681d7b6275a,3b8b997835e0,require_all_classes,"{""missing_in_test"": [], ""missing_in_train"": []}"
d3_rainbow_trout|esn|regression|seed05|fold00,m1_benchmark,d3_rainbow_trout,esn,regression,5,0,16,1.1.0,real,True,ok,,2026-09-20T06:40:59Z,1.4717100840061903,12324,4935,,,118,47,38db515b1e41,c2efa5f495e76c60,191922ae3c2e,require_all_classes,"{""missing_in_test"": [], ""missing_in_train"": []}"
d3_rainbow_trout|esn|regression|seed05|fold01,m1_benchmark,d3_rainbow_trout,esn,regression,5,1,16,1.1.0,real,True,ok,,2026-09-20T06:42:03Z,1.5382405831478536,13020,4671,,,124,45,bf7a906f79da,e3f4a5fc0ff57e33,191922ae3c2e,require_all_classes,"{""missing_in_test"": [], ""missing_in_train"": []}"
d3_rainbow_trout|esn|regression|seed05|fold02,m1_benchmark,d3_rainbow_trout,esn,regression,5,2,16,1.1.0,real,True,ok,,2026-09-20T06:43:14Z,1.4091894999146461,13806,4239,,,132,41,0d7b953d7c62,5c4dfd583fd3b94d,191922ae3c2e,require_all_classes,"{""missing_in_test"": [], ""missing_in_train"": []}"
d3_rainbow_trout|esn|regression|seed05|fold03,m1_benchmark,d3_rainbow_trout,esn,regression,5,3,16,1.1.0,real,True,ok,,2026-09-20T06:44:21Z,1.4157624170184135,13845,3885,,,133,37,92035a5401e3,d155fb9ae9e85378,191922ae3c2e,require_all_classes,"{""missing_in_test"": [], ""missing_in_train"": []}"
d3_rainbow_trout|esn|regression|seed05|fold04,m1_benchmark,d3_rainbow_trout,esn,regression,5,4,16,1.1.0,real,True,ok,,2026-09-20T06:45:28Z,1.457145958673209,12795,4200,,,123,40,abf977863430,1b53a23d2f508b65,191922ae3c2e,require_all_classes,"{""missing_in_test"": [], ""missing_in_train"": []}"
d3_rainbow_trout|esn|regression|seed06|fold00,m1_benchmark,d3_rainbow_trout,esn,regression,6,0,16,1.1.0,real,True,ok,,2026-09-20T06:46:39Z,1.3907487499527633,13005,3570,,,125,34,ca859e305ed6,37b6d55037231a5d,f219c888b793,require_all_classes,"{""missing_in_test"": [], ""missing_in_train"": []}"
d3_rainbow_trout|esn|regression|seed06|fold01,m1_benchmark,d3_rainbow_trout,esn,regression,6,1,16,1.1.0,real,True,ok,,2026-09-20T06:47:41Z,1.4316098750568926,12375,5355,,,119,51,1e36b2a21365,40977a2ec165ed5f,f219c888b793,require_all_classes,"{""missing_in_test"": [], ""missing_in_train"": []}"
d3_rainbow_trout|esn|regression|seed06|fold02,m1_benchmark,d3_rainbow_trout,esn,regression,6,2,16,1.1.0,real,True,ok,,2026-09-20T06:48:46Z,1.4424300421960652,13059,4200,,,125,40,663466d18e5f,e86c9e99d28c7bab,f219c888b793,require_all_classes,"{""missing_in_test"": [], ""missing_in_train"": []}"
d3_rainbow_trout|esn|regression|seed06|fold03,m1_benchmark,d3_rainbow_trout,esn,regression,6,3,16,1.1.0,real,True,ok,,2026-09-20T06:49:59Z,1.6117872497998178,13125,4671,,,125,45,b74b733d6eb8,27aa98174bb2bdc0,f219c888b793,require_all_classes,"{""missing_in_test"": [], ""missing_in_train"": []}"
d3_rainbow_trout|esn|regression|seed06|fold04,m1_benchmark,d3_rainbow_trout,esn,regression,6,4,16,1.1.0,real,True,ok,,2026-09-20T06:51:11Z,1.4308965830132365,14226,4134,,,136,40,4237abba1971,f82683c6f1f048f6,f219c888b793,require_all_classes,"{""missing_in_test"": [], ""missing_in_train"": []}"
d3_rainbow_trout|esn|regression|seed07|fold00,m1_benchmark,d3_rainbow_trout,esn,regression,7,0,16,1.1.0,real,True,ok,,2026-09-20T06:52:20Z,1.32019866630435,13700,3399,,,131,33,4a36cfbf17f0,3ee32ebec55467ac,510b236a2d29,require_all_classes,"{""missing_in_test"": [], ""missing_in_train"": []}"
d3_rainbow_trout|esn|regression|seed07|fold01,m1_benchmark,d3_rainbow_trout,esn,regression,7,1,16,1.1.0,real,True,ok,,2026-09-20T06:53:21Z,1.3754719998687506,12639,4831,,,121,46,96d6bc493781,688be40dbe701ac4,510b236a2d29,require_all_classes,"{""missing_in_test"": [], ""missing_in_train"": []}"
d3_rainbow_trout|esn|regression|seed07|fold02,m1_benchmark,d3_rainbow_trout,esn,regression,7,2,16,1.1.0,real,True,ok,,2026-09-20T06:54:19Z,1.3097541672177613,12430,4460,,,119,43,63d5ed679a97,332a32f975ad7919,510b236a2d29,require_all_classes,"{""missing_in_test"": [], ""missing_in_train"": []}"
d3_rainbow_trout|esn|regression|seed07|fold03,m1_benchmark,d3_rainbow_trout,esn,regression,7,3,16,1.1.0,real,True,ok,,2026-09-20T06:55:18Z,1.3616162496618927,12690,5040,,,122,48,82f8e99ea34e,7945f37b2f604e10,510b236a2d29,require_all_classes,"{""missing_in_test"": [], ""missing_in_train"": []}"
d3_rainbow_trout|esn|regression|seed07|fold04,m1_benchmark,d3_rainbow_trout,esn,regression,7,4,16,1.1.0,real,True,ok,,2026-09-20T06:56:26Z,1.4912590412423015,14331,4200,,,137,40,4a668330d0d7,764c7f5c6193c98a,510b236a2d29,require_all_classes,"{""missing_in_test"": [], ""missing_in_train"": []}"
d3_rainbow_trout|esn|regression|seed08|fold00,m1_benchmark,d3_rainbow_trout,esn,regression,8,0,16,1.1.0,real,True,ok,,2026-09-20T06:57:38Z,1.386213082820177,13441,4344,,,128,42,68c7c85b41da,73fc4c03eac59171,9cb3600a7b94,require_all_classes,"{""missing_in_test"": [], ""missing_in_train"": []}"
d3_rainbow_trout|esn|regression|seed08|fold01,m1_benchmark,d3_rainbow_trout,esn,regression,8,1,16,1.1.0,real,True,ok,,2026-09-20T06:58:43Z,1.3944282080046833,12849,4145,,,123,40,8e5677b9212b,9b35ff163190dbaa,9cb3600a7b94,require_all_classes,"{""missing_in_test"": [], ""missing_in_train"": []}"
d3_rainbow_trout|esn|regression|seed08|fold02,m1_benchmark,d3_rainbow_trout,esn,regression,8,2,16,1.1.0,real,True,ok,,2026-09-20T06:59:50Z,1.3575728749856353,12584,4936,,,121,47,8f0b0a39787f,82e71f3f52b66f01,9cb3600a7b94,require_all_classes,"{""missing_in_test"": [], ""missing_in_train"": []}"
d3_rainbow_trout|esn|regression|seed08|fold03,m1_benchmark,d3_rainbow_trout,esn,regression,8,3,16,1.1.0,real,True,ok,,2026-09-20T07:18:51Z,1.3625754578970373,13425,4410,,,129,42,34bbc0b41277,67280cfe54c93a9c,9cb3600a7b94,require_all_classes,"{""missing_in_test"": [], ""missing_in_train"": []}"
d3_rainbow_trout|esn|regression|seed08|fold04,m1_benchmark,d3_rainbow_trout,esn,regression,8,4,16,1.1.0,real,True,ok,,2026-09-20T07:19:51Z,1.349356499966234,13491,4095,,,129,39,09fcc11d97ca,a88dd2fd73625b05,9cb3600a7b94,require_all_classes,"{""missing_in_test"": [], ""missing_in_train"": []}"
d3_rainbow_trout|esn|regression|seed09|fold00,m1_benchmark,d3_rainbow_trout,esn,regression,9,0,16,1.1.0,real,True,ok,,2026-09-20T07:20:51Z,1.376305541023612,12535,5460,,,120,52,a375bf17fa08,1a7e659b0cd05219,da269c7d4228,require_all_classes,"{""missing_in_test"": [], ""missing_in_train"": []}"
d3_rainbow_trout|esn|regression|seed09|fold01,m1_benchmark,d3_rainbow_trout,esn,regression,9,1,16,1.1.0,real,True,ok,,2026-09-20T07:21:50Z,1.3017942081205547,13231,3935,,,126,38,504c72a28909,fdafa293ce4a8aed,da269c7d4228,require_all_classes,"{""missing_in_test"": [], ""missing_in_train"": []}"
d3_rainbow_trout|esn|regression|seed09|fold02,m1_benchmark,d3_rainbow_trout,esn,regression,9,2,16,1.1.0,real,True,ok,,2026-09-20T07:22:49Z,1.3596850829198956,13281,4764,,,127,46,437478619e3d,92652605b758af1c,da269c7d4228,require_all_classes,"{""missing_in_test"": [], ""missing_in_train"": []}"
d3_rainbow_trout|esn|regression|seed09|fold03,m1_benchmark,d3_rainbow_trout,esn,regression,9,3,16,1.1.0,real,True,ok,,2026-09-20T07:23:52Z,1.3773679588921368,14159,3885,,,136,37,929f4fe4f729,0694c59dd98fcb6e,da269c7d4228,require_all_classes,"{""missing_in_test"": [], ""missing_in_train"": []}"
d3_rainbow_trout|esn|regression|seed09|fold04,m1_benchmark,d3_rainbow_trout,esn,regression,9,4,16,1.1.0,real,True,ok,,2026-09-20T07:24:49Z,1.267833833117038,12584,3886,,,121,37,903109ca3407,819f6ad6c83b0df3,da269c7d4228,require_all_classes,"{""missing_in_test"": [], ""missing_in_train"": []}"
d3_rainbow_trout|gru|classification|seed00|fold00,m1_benchmark,d3_rainbow_trout,gru,classification,0,0,16,1.1.0,real,True,ok,,2026-09-20T06:11:26Z,7.283686374779791,12899,3570,,,124,34,439ff90e7bfb,b4bb5fdb7bd8a59e,53ee335aac1a,require_all_classes,"{""missing_in_test"": [], ""missing_in_train"": []}"
d3_rainbow_trout|gru|classification|seed00|fold01,m1_benchmark,d3_rainbow_trout,gru,classification,0,1,16,1.1.0,real,True,ok,,2026-09-20T06:12:34Z,7.120408708229661,12755,5461,,,122,52,505083e6d3e2,b421352921e3d98a,53ee335aac1a,require_all_classes,"{""missing_in_test"": [], ""missing_in_train"": []}"
d3_rainbow_trout|gru|classification|seed00|fold02,m1_benchmark,d3_rainbow_trout,gru,classification,0,2,16,1.1.0,real,True,ok,,2026-09-20T06:13:42Z,7.077064999844879,13441,3714,,,128,36,8b9b123a945a,98c4c66a7493d477,53ee335aac1a,require_all_classes,"{""missing_in_test"": [], ""missing_in_train"": []}"
d3_rainbow_trout|gru|classification|seed00|fold03,m1_benchmark,d3_rainbow_trout,gru,classification,0,3,16,1.1.0,real,True,ok,,2026-09-20T06:14:46Z,6.431988874915987,12745,4775,,,122,46,e95b43ff80fb,8e5c0930deaad3c7,53ee335aac1a,require_all_classes,"{""missing_in_test"": [], ""missing_in_train"": []}"
d3_rainbow_trout|gru|classification|seed00|fold04,m1_benchmark,d3_rainbow_trout,gru,classification,0,4,16,1.1.0,real,True,ok,,2026-09-20T06:15:52Z,7.795818500220776,13950,4410,,,134,42,379c45a723d8,ed9a0889369d2a54,53ee335aac1a,require_all_classes,"{""missing_in_test"": [], ""missing_in_train"": []}"
d3_rainbow_trout|gru|classification|seed01|fold00,m1_benchmark,d3_rainbow_trout,gru,classification,1,0,16,1.1.0,real,True,ok,,2026-09-20T06:17:01Z,6.8880623751319945,12009,5671,,,115,54,c18cd6593630,f539c1250d2451f4,0ee917873708,require_all_classes,"{""missing_in_test"": [], ""missing_in_train"": []}"
d3_rainbow_trout|gru|classification|seed01|fold01,m1_benchmark,d3_rainbow_trout,gru,classification,1,1,16,1.1.0,real,True,ok,,2026-09-20T06:18:15Z,9.363991667050868,13231,4250,,,126,41,f8e1dc317188,e021b76a3c283024,0ee917873708,require_all_classes,"{""missing_in_test"": [], ""missing_in_train"": []}"
d3_rainbow_trout|gru|classification|seed01|fold02,m1_benchmark,d3_rainbow_trout,gru,classification,1,2,16,1.1.0,real,True,ok,,2026-09-20T06:19:40Z,9.140626624692231,13386,4449,,,128,43,a9e97bc346eb,09b150d9d81b963c,0ee917873708,require_all_classes,"{""missing_in_test"": [], ""missing_in_train"": []}"
d3_rainbow_trout|gru|classification|seed01|fold03,m1_benchmark,d3_rainbow_trout,gru,classification,1,3,16,1.1.0,real,True,ok,,2026-09-20T06:21:06Z,8.452653042040765,14370,4095,,,138,39,9ef7afc96896,2dc6db4d9ebcf1b8,0ee917873708,require_all_classes,"{""missing_in_test"": [], ""missing_in_train"": []}"
d3_rainbow_trout|gru|classification|seed01|fold04,m1_benchmark,d3_rainbow_trout,gru,classification,1,4,16,1.1.0,real,True,ok,,2026-09-20T06:22:15Z,6.865275000222027,12794,3465,,,123,33,36b0dd64e0a2,177faa2c5ca37a5f,0ee917873708,require_all_classes,"{""missing_in_test"": [], ""missing_in_train"": []}"
d3_rainbow_trout|gru|classification|seed02|fold00,m1_benchmark,d3_rainbow_trout,gru,classification,2,0,16,1.1.0,real,True,ok,,2026-09-20T06:23:32Z,9.408161917235702,12795,5040,,,123,48,1f0b8d920f24,291e999f1ef1f8d3,a93e587204d3,require_all_classes,"{""missing_in_test"": [], ""missing_in_train"": []}"
d3_rainbow_trout|gru|classification|seed02|fold01,m1_benchmark,d3_rainbow_trout,gru,classification,2,1,16,1.1.0,real,True,ok,,2026-09-20T06:24:40Z,7.721713707782328,13480,4095,,,129,39,0acec8a0e466,602c1d62ed71a34e,a93e587204d3,require_all_classes,"{""missing_in_test"": [], ""missing_in_train"": []}"
d3_rainbow_trout|gru|classification|seed02|fold02,m1_benchmark,d3_rainbow_trout,gru,classification,2,2,16,1.1.0,real,True,ok,,2026-09-20T06:25:57Z,7.201255958992988,13164,4355,,,126,42,1f84fcceee02,f3fa9ef03d601633,a93e587204d3,require_all_classes,"{""missing_in_test"": [], ""missing_in_train"": []}"
d3_rainbow_trout|gru|classification|seed02|fold03,m1_benchmark,d3_rainbow_trout,gru,classification,2,3,16,1.1.0,real,True,ok,,2026-09-20T06:27:00Z,7.134733334183693,13490,4411,,,129,42,f767c80e072e,6d8166f13d83e780,a93e587204d3,require_all_classes,"{""missing_in_test"": [], ""missing_in_train"": []}"
d3_rainbow_trout|gru|classification|seed02|fold04,m1_benchmark,d3_rainbow_trout,gru,classification,2,4,16,1.1.0,real,True,ok,,2026-09-20T06:28:04Z,6.728579749818891,12861,4029,,,123,39,b6dfe5056c8d,69b7e691a08c2f2f,a93e587204d3,require_all_classes,"{""missing_in_test"": [], ""missing_in_train"": []}"
d3_rainbow_trout|gru|classification|seed03|fold00,m1_benchmark,d3_rainbow_trout,gru,classification,3,0,16,1.1.0,real,True,ok,,2026-09-20T06:29:06Z,6.629228583071381,11850,5145,,,114,49,1a6b7c8c8e18,37d3760bc05d1c2b,b1ffcd52027a,require_all_classes,"{""missing_in_test"": [], ""missing_in_train"": []}"
d3_rainbow_trout|gru|classification|seed03|fold01,m1_benchmark,d3_rainbow_trout,gru,classification,3,1,16,1.1.0,real,True,ok,,2026-09-20T06:30:07Z,6.7655150829814374,12584,4935,,,121,47,98a18b117f15,4d09eaf790d9711e,b1ffcd52027a,require_all_classes,"{""missing_in_test"": [], ""missing_in_train"": []}"
d3_rainbow_trout|gru|classification|seed03|fold02,m1_benchmark,d3_rainbow_trout,gru,classification,3,2,16,1.1.0,real,True,ok,,2026-09-20T06:31:17Z,7.53804612532258,13269,4411,,,127,42,04ec709fe01a,cf0b9b6d2f463168,b1ffcd52027a,require_all_classes,"{""missing_in_test"": [], ""missing_in_train"": []}"
d3_rainbow_trout|gru|classification|seed03|fold03,m1_benchmark,d3_rainbow_trout,gru,classification,3,3,16,1.1.0,real,True,ok,,2026-09-20T06:32:25Z,7.593247957993299,14491,4250,,,138,41,c85f428662cd,db326600387e2bb8,b1ffcd52027a,require_all_classes,"{""missing_in_test"": [], ""missing_in_train"": []}"
d3_rainbow_trout|gru|classification|seed03|fold04,m1_benchmark,d3_rainbow_trout,gru,classification,3,4,16,1.1.0,real,True,ok,,2026-09-20T06:33:38Z,7.219321792013943,13596,3189,,,130,31,df046eb01692,e51de82db7671154,b1ffcd52027a,require_all_classes,"{""missing_in_test"": [], ""missing_in_train"": []}"
d3_rainbow_trout|gru|classification|seed04|fold00,m1_benchmark,d3_rainbow_trout,gru,classification,4,0,16,1.1.0,real,True,ok,,2026-09-20T06:34:47Z,7.227452792227268,12059,5040,,,116,48,61704ceeff39,2055abc90e5163bf,3b8b997835e0,require_all_classes,"{""missing_in_test"": [], ""missing_in_train"": []}"
d3_rainbow_trout|gru|classification|seed04|fold01,m1_benchmark,d3_rainbow_trout,gru,classification,4,1,16,1.1.0,real,True,ok,,2026-09-20T06:35:48Z,6.909576333127916,12860,4831,,,123,46,ad613cab2f31,625400e992cb1729,3b8b997835e0,require_all_classes,"{""missing_in_test"": [], ""missing_in_train"": []}"
d3_rainbow_trout|gru|classification|seed04|fold02,m1_benchmark,d3_rainbow_trout,gru,classification,4,2,16,1.1.0,real,True,ok,,2026-09-20T06:36:54Z,7.029603791888803,13336,4239,,,127,41,379348a7151b,a7d9a04db4850e16,3b8b997835e0,require_all_classes,"{""missing_in_test"": [], ""missing_in_train"": []}"
d3_rainbow_trout|gru|classification|seed04|fold03,m1_benchmark,d3_rainbow_trout,gru,classification,4,3,16,1.1.0,real,True,ok,,2026-09-20T06:37:59Z,7.640838124789298,14110,4355,,,135,42,c6083012ffc5,c30d204bdd294c61,3b8b997835e0,require_all_classes,"{""missing_in_test"": [], ""missing_in_train"": []}"
d3_rainbow_trout|gru|classification|seed04|fold04,m1_benchmark,d3_rainbow_trout,gru,classification,4,4,16,1.1.0,real,True,ok,,2026-09-20T06:39:07Z,7.127274665981531,13425,3465,,,129,33,cc7ed899cfca,cfd93d614ffcbc30,3b8b997835e0,require_all_classes,"{""missing_in_test"": [], ""missing_in_train"": []}"
d3_rainbow_trout|gru|classification|seed05|fold00,m1_benchmark,d3_rainbow_trout,gru,classification,5,0,16,1.1.0,real,True,ok,,2026-09-20T06:40:15Z,7.188218499999493,12324,4935,,,118,47,38db515b1e41,58134365bbec6667,191922ae3c2e,require_all_classes,"{""missing_in_test"": [], ""missing_in_train"": []}"
d3_rainbow_trout|gru|classification|seed05|fold01,m1_benchmark,d3_rainbow_trout,gru,classification,5,1,16,1.1.0,real,True,ok,,2026-09-20T06:41:17Z,7.021475958172232,13020,4671,,,124,45,bf7a906f79da,59842601767a69be,191922ae3c2e,require_all_classes,"{""missing_in_test"": [], ""missing_in_train"": []}"
d3_rainbow_trout|gru|classification|seed05|fold02,m1_benchmark,d3_rainbow_trout,gru,classification,5,2,16,1.1.0,real,True,ok,,2026-09-20T06:42:24Z,7.306341750081629,13806,4239,,,132,41,0d7b953d7c62,7bd0a5e2f432d9dd,191922ae3c2e,require_all_classes,"{""missing_in_test"": [], ""missing_in_train"": []}"
d3_rainbow_trout|gru|classification|seed05|fold03,m1_benchmark,d3_rainbow_trout,gru,classification,5,3,16,1.1.0,real,True,ok,,2026-09-20T06:43:33Z,7.364282458089292,13845,3885,,,133,37,92035a5401e3,98dcdfb66da14088,191922ae3c2e,require_all_classes,"{""missing_in_test"": [], ""missing_in_train"": []}"
d3_rainbow_trout|gru|classification|seed05|fold04,m1_benchmark,d3_rainbow_trout,gru,classification,5,4,16,1.1.0,real,True,ok,,2026-09-20T06:44:39Z,6.978129292372614,12795,4200,,,123,40,abf977863430,19610b08992d0763,191922ae3c2e,require_all_classes,"{""missing_in_test"": [], ""missing_in_train"": []}"
d3_rainbow_trout|gru|classification|seed06|fold00,m1_benchmark,d3_rainbow_trout,gru,classification,6,0,16,1.1.0,real,True,ok,,2026-09-20T06:45:50Z,7.747407667338848,13005,3570,,,125,34,ca859e305ed6,117a687b5ca66353,f219c888b793,require_all_classes,"{""missing_in_test"": [], ""missing_in_train"": []}"
d3_rainbow_trout|gru|classification|seed06|fold01,m1_benchmark,d3_rainbow_trout,gru,classification,6,1,16,1.1.0,real,True,ok,,2026-09-20T06:46:57Z,6.696643333882093,12375,5355,,,119,51,1e36b2a21365,5f8dcc74612a76c3,f219c888b793,require_all_classes,"{""missing_in_test"": [], ""missing_in_train"": []}"
d3_rainbow_trout|gru|classification|seed06|fold02,m1_benchmark,d3_rainbow_trout,gru,classification,6,2,16,1.1.0,real,True,ok,,2026-09-20T06:48:00Z,6.953832833096385,13059,4200,,,125,40,663466d18e5f,72bcb2c355c4931e,f219c888b793,require_all_classes,"{""missing_in_test"": [], ""missing_in_train"": []}"
d3_rainbow_trout|gru|classification|seed06|fold03,m1_benchmark,d3_rainbow_trout,gru,classification,6,3,16,1.1.0,real,True,ok,,2026-09-20T06:49:05Z,7.319264959078282,13125,4671,,,125,45,b74b733d6eb8,9ef62ee3062e8df3,f219c888b793,require_all_classes,"{""missing_in_test"": [], ""missing_in_train"": []}"
d3_rainbow_trout|gru|classification|seed06|fold04,m1_benchmark,d3_rainbow_trout,gru,classification,6,4,16,1.1.0,real,True,ok,,2026-09-20T06:50:20Z,8.488458292093128,14226,4134,,,136,40,4237abba1971,32cbc17bf52ab36d,f219c888b793,require_all_classes,"{""missing_in_test"": [], ""missing_in_train"": []}"
d3_rainbow_trout|gru|classification|seed07|fold00,m1_benchmark,d3_rainbow_trout,gru,classification,7,0,16,1.1.0,real,True,ok,,2026-09-20T06:51:32Z,7.712934791110456,13700,3399,,,131,33,4a36cfbf17f0,f5896c70ce26687f,510b236a2d29,require_all_classes,"{""missing_in_test"": [], ""missing_in_train"": []}"
d3_rainbow_trout|gru|classification|seed07|fold01,m1_benchmark,d3_rainbow_trout,gru,classification,7,1,16,1.1.0,real,True,ok,,2026-09-20T06:52:38Z,6.7228571670129895,12639,4831,,,121,46,96d6bc493781,c43d270ebdb20cec,510b236a2d29,require_all_classes,"{""missing_in_test"": [], ""missing_in_train"": []}"
d3_rainbow_trout|gru|classification|seed07|fold02,m1_benchmark,d3_rainbow_trout,gru,classification,7,2,16,1.1.0,real,True,ok,,2026-09-20T06:53:36Z,6.575481708161533,12430,4460,,,119,43,63d5ed679a97,a02905d22386e0bc,510b236a2d29,require_all_classes,"{""missing_in_test"": [], ""missing_in_train"": []}"
d3_rainbow_trout|gru|classification|seed07|fold03,m1_benchmark,d3_rainbow_trout,gru,classification,7,3,16,1.1.0,real,True,ok,,2026-09-20T06:54:34Z,6.744003624655306,12690,5040,,,122,48,82f8e99ea34e,62a65dff620f74b7,510b236a2d29,require_all_classes,"{""missing_in_test"": [], ""missing_in_train"": []}"
d3_rainbow_trout|gru|classification|seed07|fold04,m1_benchmark,d3_rainbow_trout,gru,classification,7,4,16,1.1.0,real,True,ok,,2026-09-20T06:55:35Z,7.70277929212898,14331,4200,,,137,40,4a668330d0d7,64081f09d819c082,510b236a2d29,require_all_classes,"{""missing_in_test"": [], ""missing_in_train"": []}"
d3_rainbow_trout|gru|classification|seed08|fold00,m1_benchmark,d3_rainbow_trout,gru,classification,8,0,16,1.1.0,real,True,ok,,2026-09-20T06:56:50Z,8.951595750171691,13441,4344,,,128,42,68c7c85b41da,133e18dbc831beea,9cb3600a7b94,require_all_classes,"{""missing_in_test"": [], ""missing_in_train"": []}"
d3_rainbow_trout|gru|classification|seed08|fold01,m1_benchmark,d3_rainbow_trout,gru,classification,8,1,16,1.1.0,real,True,ok,,2026-09-20T06:57:57Z,6.743013666942716,12849,4145,,,123,40,8e5677b9212b,dcf0af0704db3bbe,9cb3600a7b94,require_all_classes,"{""missing_in_test"": [], ""missing_in_train"": []}"
d3_rainbow_trout|gru|classification|seed08|fold02,m1_benchmark,d3_rainbow_trout,gru,classification,8,2,16,1.1.0,real,True,ok,,2026-09-20T06:59:00Z,6.677570708096027,12584,4936,,,121,47,8f0b0a39787f,40a6eb240b233095,9cb3600a7b94,require_all_classes,"{""missing_in_test"": [], ""missing_in_train"": []}"
d3_rainbow_trout|gru|classification|seed08|fold03,m1_benchmark,d3_rainbow_trout,gru,classification,8,3,16,1.1.0,real,True,ok,,2026-09-20T07:00:07Z,7.071627541910857,13425,4410,,,129,42,34bbc0b41277,ec4bd1b051e632fe,9cb3600a7b94,require_all_classes,"{""missing_in_test"": [], ""missing_in_train"": []}"
d3_rainbow_trout|gru|classification|seed08|fold04,m1_benchmark,d3_rainbow_trout,gru,classification,8,4,16,1.1.0,real,True,ok,,2026-09-20T07:19:05Z,7.061441916972399,13491,4095,,,129,39,09fcc11d97ca,c911dba41174c046,9cb3600a7b94,require_all_classes,"{""missing_in_test"": [], ""missing_in_train"": []}"
d3_rainbow_trout|gru|classification|seed09|fold00,m1_benchmark,d3_rainbow_trout,gru,classification,9,0,16,1.1.0,real,True,ok,,2026-09-20T07:20:08Z,7.1071038749068975,12535,5460,,,120,52,a375bf17fa08,f78cab0bf474397d,da269c7d4228,require_all_classes,"{""missing_in_test"": [], ""missing_in_train"": []}"
d3_rainbow_trout|gru|classification|seed09|fold01,m1_benchmark,d3_rainbow_trout,gru,classification,9,1,16,1.1.0,real,True,ok,,2026-09-20T07:21:05Z,6.9994969591498375,13231,3935,,,126,38,504c72a28909,dab9ba5b209aea66,da269c7d4228,require_all_classes,"{""missing_in_test"": [], ""missing_in_train"": []}"
d3_rainbow_trout|gru|classification|seed09|fold02,m1_benchmark,d3_rainbow_trout,gru,classification,9,2,16,1.1.0,real,True,ok,,2026-09-20T07:22:04Z,6.9385421252809465,13281,4764,,,127,46,437478619e3d,714a9e1bb70df6fd,da269c7d4228,require_all_classes,"{""missing_in_test"": [], ""missing_in_train"": []}"
d3_rainbow_trout|gru|classification|seed09|fold03,m1_benchmark,d3_rainbow_trout,gru,classification,9,3,16,1.1.0,real,True,ok,,2026-09-20T07:23:05Z,7.408225083723664,14159,3885,,,136,37,929f4fe4f729,a3ff8431bb6351f5,da269c7d4228,require_all_classes,"{""missing_in_test"": [], ""missing_in_train"": []}"
d3_rainbow_trout|gru|classification|seed09|fold04,m1_benchmark,d3_rainbow_trout,gru,classification,9,4,16,1.1.0,real,True,ok,,2026-09-20T07:24:06Z,6.587976290844381,12584,3886,,,121,37,903109ca3407,11d05bc43627cf6b,da269c7d4228,require_all_classes,"{""missing_in_test"": [], ""missing_in_train"": []}"
d3_rainbow_trout|gru|regression|seed00|fold00,m1_benchmark,d3_rainbow_trout,gru,regression,0,0,16,1.1.0,real,True,ok,,2026-09-20T06:11:33Z,6.99889549985528,12899,3570,,,124,34,439ff90e7bfb,f485d44991e6ed80,53ee335aac1a,require_all_classes,"{""missing_in_test"": [], ""missing_in_train"": []}"
d3_rainbow_trout|gru|regression|seed00|fold01,m1_benchmark,d3_rainbow_trout,gru,regression,0,1,16,1.1.0,real,True,ok,,2026-09-20T06:12:41Z,6.6488850000314415,12755,5461,,,122,52,505083e6d3e2,d346cdc72b1b2d1c,53ee335aac1a,require_all_classes,"{""missing_in_test"": [], ""missing_in_train"": []}"
d3_rainbow_trout|gru|regression|seed00|fold02,m1_benchmark,d3_rainbow_trout,gru,regression,0,2,16,1.1.0,real,True,ok,,2026-09-20T06:13:49Z,7.168238416779786,13441,3714,,,128,36,8b9b123a945a,97d7f0d4d5849884,53ee335aac1a,require_all_classes,"{""missing_in_test"": [], ""missing_in_train"": []}"
d3_rainbow_trout|gru|regression|seed00|fold03,m1_benchmark,d3_rainbow_trout,gru,regression,0,3,16,1.1.0,real,True,ok,,2026-09-20T06:14:53Z,6.844211082905531,12745,4775,,,122,46,e95b43ff80fb,0a50c2fccf32c3d7,53ee335aac1a,require_all_classes,"{""missing_in_test"": [], ""missing_in_train"": []}"
d3_rainbow_trout|gru|regression|seed00|fold04,m1_benchmark,d3_rainbow_trout,gru,regression,0,4,16,1.1.0,real,True,ok,,2026-09-20T06:16:00Z,7.8497533751651645,13950,4410,,,134,42,379c45a723d8,cde37af86f20fec1,53ee335aac1a,require_all_classes,"{""missing_in_test"": [], ""missing_in_train"": []}"
d3_rainbow_trout|gru|regression|seed01|fold00,m1_benchmark,d3_rainbow_trout,gru,regression,1,0,16,1.1.0,real,True,ok,,2026-09-20T06:17:07Z,6.302894082851708,12009,5671,,,115,54,c18cd6593630,766d21bc9f89e889,0ee917873708,require_all_classes,"{""missing_in_test"": [], ""missing_in_train"": []}"
d3_rainbow_trout|gru|regression|seed01|fold01,m1_benchmark,d3_rainbow_trout,gru,regression,1,1,16,1.1.0,real,True,ok,,2026-09-20T06:18:24Z,9.08718983316794,13231,4250,,,126,41,f8e1dc317188,1c1032f674969ed0,0ee917873708,require_all_classes,"{""missing_in_test"": [], ""missing_in_train"": []}"
d3_rainbow_trout|gru|regression|seed01|fold02,m1_benchmark,d3_rainbow_trout,gru,regression,1,2,16,1.1.0,real,True,ok,,2026-09-20T06:19:49Z,9.154683250002563,13386,4449,,,128,43,a9e97bc346eb,0f9d490222c1d316,0ee917873708,require_all_classes,"{""missing_in_test"": [], ""missing_in_train"": []}"
d3_rainbow_trout|gru|regression|seed01|fold03,m1_benchmark,d3_rainbow_trout,gru,regression,1,3,16,1.1.0,real,True,ok,,2026-09-20T06:21:14Z,8.741207459010184,14370,4095,,,138,39,9ef7afc96896,69281b26d5a04889,0ee917873708,require_all_classes,"{""missing_in_test"": [], ""missing_in_train"": []}"
d3_rainbow_trout|gru|regression|seed01|fold04,m1_benchmark,d3_rainbow_trout,gru,regression,1,4,16,1.1.0,real,True,ok,,2026-09-20T06:22:22Z,6.7870583748444915,12794,3465,,,123,33,36b0dd64e0a2,19e96561869558d6,0ee917873708,require_all_classes,"{""missing_in_test"": [], ""missing_in_train"": []}"
d3_rainbow_trout|gru|regression|seed02|fold00,m1_benchmark,d3_rainbow_trout,gru,regression,2,0,16,1.1.0,real,True,ok,,2026-09-20T06:23:41Z,8.061950625386089,12795,5040,,,123,48,1f0b8d920f24,9f3d14e9eb2b01fe,a93e587204d3,require_all_classes,"{""missing_in_test"": [], ""missing_in_train"": []}"
d3_rainbow_trout|gru|regression|seed02|fold01,m1_benchmark,d3_rainbow_trout,gru,regression,2,1,16,1.1.0,real,True,ok,,2026-09-20T06:24:48Z,8.216184500139207,13480,4095,,,129,39,0acec8a0e466,add235a8d3e8e152,a93e587204d3,require_all_classes,"{""missing_in_test"": [], ""missing_in_train"": []}"
d3_rainbow_trout|gru|regression|seed02|fold02,m1_benchmark,d3_rainbow_trout,gru,regression,2,2,16,1.1.0,real,True,ok,,2026-09-20T06:26:04Z,6.479761834256351,13164,4355,,,126,42,1f84fcceee02,95f4f354aa1abfc3,a93e587204d3,require_all_classes,"{""missing_in_test"": [], ""missing_in_train"": []}"
d3_rainbow_trout|gru|regression|seed02|fold03,m1_benchmark,d3_rainbow_trout,gru,regression,2,3,16,1.1.0,real,True,ok,,2026-09-20T06:27:07Z,7.151430542115122,13490,4411,,,129,42,f767c80e072e,a0b4e81fac405b77,a93e587204d3,require_all_classes,"{""missing_in_test"": [], ""missing_in_train"": []}"
d3_rainbow_trout|gru|regression|seed02|fold04,m1_benchmark,d3_rainbow_trout,gru,regression,2,4,16,1.1.0,real,True,ok,,2026-09-20T06:28:11Z,6.741774790920317,12861,4029,,,123,39,b6dfe5056c8d,8b8016da18887823,a93e587204d3,require_all_classes,"{""missing_in_test"": [], ""missing_in_train"": []}"
d3_rainbow_trout|gru|regression|seed03|fold00,m1_benchmark,d3_rainbow_trout,gru,regression,3,0,16,1.1.0,real,True,ok,,2026-09-20T06:29:12Z,6.322478167247027,11850,5145,,,114,49,1a6b7c8c8e18,db7a868f0b2d8632,b1ffcd52027a,require_all_classes,"{""missing_in_test"": [], ""missing_in_train"": []}"
d3_rainbow_trout|gru|regression|seed03|fold01,m1_benchmark,d3_rainbow_trout,gru,regression,3,1,16,1.1.0,real,True,ok,,2026-09-20T06:30:14Z,7.539300750009716,12584,4935,,,121,47,98a18b117f15,14a022f61b0d27bf,b1ffcd52027a,require_all_classes,"{""missing_in_test"": [], ""missing_in_train"": []}"
d3_rainbow_trout|gru|regression|seed03|fold02,m1_benchmark,d3_rainbow_trout,gru,regression,3,2,16,1.1.0,real,True,ok,,2026-09-20T06:31:24Z,7.012699749786407,13269,4411,,,127,42,04ec709fe01a,0edcf6ced77e5349,b1ffcd52027a,require_all_classes,"{""missing_in_test"": [], ""missing_in_train"": []}"
d3_rainbow_trout|gru|regression|seed03|fold03,m1_benchmark,d3_rainbow_trout,gru,regression,3,3,16,1.1.0,real,True,ok,,2026-09-20T06:32:33Z,7.994642875157297,14491,4250,,,138,41,c85f428662cd,d7f089fbf5e09a81,b1ffcd52027a,require_all_classes,"{""missing_in_test"": [], ""missing_in_train"": []}"
d3_rainbow_trout|gru|regression|seed03|fold04,m1_benchmark,d3_rainbow_trout,gru,regression,3,4,16,1.1.0,real,True,ok,,2026-09-20T06:33:45Z,7.206775375176221,13596,3189,,,130,31,df046eb01692,9135d20275d55fb1,b1ffcd52027a,require_all_classes,"{""missing_in_test"": [], ""missing_in_train"": []}"
d3_rainbow_trout|gru|regression|seed04|fold00,m1_benchmark,d3_rainbow_trout,gru,regression,4,0,16,1.1.0,real,True,ok,,2026-09-20T06:34:53Z,6.868433209136128,12059,5040,,,116,48,61704ceeff39,b6d0c88c2523d7e5,3b8b997835e0,require_all_classes,"{""missing_in_test"": [], ""missing_in_train"": []}"
d3_rainbow_trout|gru|regression|seed04|fold01,m1_benchmark,d3_rainbow_trout,gru,regression,4,1,16,1.1.0,real,True,ok,,2026-09-20T06:35:55Z,6.799259833060205,12860,4831,,,123,46,ad613cab2f31,e8045ea08c3f5bcf,3b8b997835e0,require_all_classes,"{""missing_in_test"": [], ""missing_in_train"": []}"
d3_rainbow_trout|gru|regression|seed04|fold02,m1_benchmark,d3_rainbow_trout,gru,regression,4,2,16,1.1.0,real,True,ok,,2026-09-20T06:37:01Z,7.044036916922778,13336,4239,,,127,41,379348a7151b,cc4d47e60eeb49fa,3b8b997835e0,require_all_classes,"{""missing_in_test"": [], ""missing_in_train"": []}"
d3_rainbow_trout|gru|regression|seed04|fold03,m1_benchmark,d3_rainbow_trout,gru,regression,4,3,16,1.1.0,real,True,ok,,2026-09-20T06:38:06Z,7.7245371248573065,14110,4355,,,135,42,c6083012ffc5,c1c32170a722aa32,3b8b997835e0,require_all_classes,"{""missing_in_test"": [], ""missing_in_train"": []}"
d3_rainbow_trout|gru|regression|seed04|fold04,m1_benchmark,d3_rainbow_trout,gru,regression,4,4,16,1.1.0,real,True,ok,,2026-09-20T06:39:14Z,7.059981792233884,13425,3465,,,129,33,cc7ed899cfca,219a4a8707aeb06d,3b8b997835e0,require_all_classes,"{""missing_in_test"": [], ""missing_in_train"": []}"
d3_rainbow_trout|gru|regression|seed05|fold00,m1_benchmark,d3_rainbow_trout,gru,regression,5,0,16,1.1.0,real,True,ok,,2026-09-20T06:40:22Z,7.292464083060622,12324,4935,,,118,47,38db515b1e41,5e9ab8895e268e8b,191922ae3c2e,require_all_classes,"{""missing_in_test"": [], ""missing_in_train"": []}"
d3_rainbow_trout|gru|regression|seed05|fold01,m1_benchmark,d3_rainbow_trout,gru,regression,5,1,16,1.1.0,real,True,ok,,2026-09-20T06:41:24Z,7.089422707911581,13020,4671,,,124,45,bf7a906f79da,dcd10961c6103008,191922ae3c2e,require_all_classes,"{""missing_in_test"": [], ""missing_in_train"": []}"
d3_rainbow_trout|gru|regression|seed05|fold02,m1_benchmark,d3_rainbow_trout,gru,regression,5,2,16,1.1.0,real,True,ok,,2026-09-20T06:42:31Z,7.522487916983664,13806,4239,,,132,41,0d7b953d7c62,45ef12ca074e4ca3,191922ae3c2e,require_all_classes,"{""missing_in_test"": [], ""missing_in_train"": []}"
d3_rainbow_trout|gru|regression|seed05|fold03,m1_benchmark,d3_rainbow_trout,gru,regression,5,3,16,1.1.0,real,True,ok,,2026-09-20T06:43:40Z,7.425572958309203,13845,3885,,,133,37,92035a5401e3,0b25840171ed54d7,191922ae3c2e,require_all_classes,"{""missing_in_test"": [], ""missing_in_train"": []}"
d3_rainbow_trout|gru|regression|seed05|fold04,m1_benchmark,d3_rainbow_trout,gru,regression,5,4,16,1.1.0,real,True,ok,,2026-09-20T06:44:48Z,8.093457959126681,12795,4200,,,123,40,abf977863430,406c08fcbc36265c,191922ae3c2e,require_all_classes,"{""missing_in_test"": [], ""missing_in_train"": []}"
d3_rainbow_trout|gru|regression|seed06|fold00,m1_benchmark,d3_rainbow_trout,gru,regression,6,0,16,1.1.0,real,True,ok,,2026-09-20T06:45:58Z,8.38420583307743,13005,3570,,,125,34,ca859e305ed6,2bd2af408c1bbb93,f219c888b793,require_all_classes,"{""missing_in_test"": [], ""missing_in_train"": []}"
d3_rainbow_trout|gru|regression|seed06|fold01,m1_benchmark,d3_rainbow_trout,gru,regression,6,1,16,1.1.0,real,True,ok,,2026-09-20T06:47:04Z,6.902755542192608,12375,5355,,,119,51,1e36b2a21365,ce9103bc076e3422,f219c888b793,require_all_classes,"{""missing_in_test"": [], ""missing_in_train"": []}"
d3_rainbow_trout|gru|regression|seed06|fold02,m1_benchmark,d3_rainbow_trout,gru,regression,6,2,16,1.1.0,real,True,ok,,2026-09-20T06:48:07Z,6.959429583046585,13059,4200,,,125,40,663466d18e5f,bb6bdefef2f05560,f219c888b793,require_all_classes,"{""missing_in_test"": [], ""missing_in_train"": []}"
d3_rainbow_trout|gru|regression|seed06|fold03,m1_benchmark,d3_rainbow_trout,gru,regression,6,3,16,1.1.0,real,True,ok,,2026-09-20T06:49:13Z,7.871200375258923,13125,4671,,,125,45,b74b733d6eb8,a52fcc69cf68421d,f219c888b793,require_all_classes,"{""missing_in_test"": [], ""missing_in_train"": []}"
d3_rainbow_trout|gru|regression|seed06|fold04,m1_benchmark,d3_rainbow_trout,gru,regression,6,4,16,1.1.0,real,True,ok,,2026-09-20T06:50:28Z,7.723394375294447,14226,4134,,,136,40,4237abba1971,3622593b59127681,f219c888b793,require_all_classes,"{""missing_in_test"": [], ""missing_in_train"": []}"
d3_rainbow_trout|gru|regression|seed07|fold00,m1_benchmark,d3_rainbow_trout,gru,regression,7,0,16,1.1.0,real,True,ok,,2026-09-20T06:51:40Z,7.200707458425313,13700,3399,,,131,33,4a36cfbf17f0,e272d657ee43aea6,510b236a2d29,require_all_classes,"{""missing_in_test"": [], ""missing_in_train"": []}"
d3_rainbow_trout|gru|regression|seed07|fold01,m1_benchmark,d3_rainbow_trout,gru,regression,7,1,16,1.1.0,real,True,ok,,2026-09-20T06:52:44Z,6.632406457792968,12639,4831,,,121,46,96d6bc493781,daf30f08b8828e74,510b236a2d29,require_all_classes,"{""missing_in_test"": [], ""missing_in_train"": []}"
d3_rainbow_trout|gru|regression|seed07|fold02,m1_benchmark,d3_rainbow_trout,gru,regression,7,2,16,1.1.0,real,True,ok,,2026-09-20T06:53:43Z,6.538603624794632,12430,4460,,,119,43,63d5ed679a97,65e8372a50f2aab5,510b236a2d29,require_all_classes,"{""missing_in_test"": [], ""missing_in_train"": []}"
d3_rainbow_trout|gru|regression|seed07|fold03,m1_benchmark,d3_rainbow_trout,gru,regression,7,3,16,1.1.0,real,True,ok,,2026-09-20T06:54:40Z,6.660937792155892,12690,5040,,,122,48,82f8e99ea34e,1060040074489c86,510b236a2d29,require_all_classes,"{""missing_in_test"": [], ""missing_in_train"": []}"
d3_rainbow_trout|gru|regression|seed07|fold04,m1_benchmark,d3_rainbow_trout,gru,regression,7,4,16,1.1.0,real,True,ok,,2026-09-20T06:55:43Z,7.935080915689468,14331,4200,,,137,40,4a668330d0d7,edd7f967b8ad9ed3,510b236a2d29,require_all_classes,"{""missing_in_test"": [], ""missing_in_train"": []}"
d3_rainbow_trout|gru|regression|seed08|fold00,m1_benchmark,d3_rainbow_trout,gru,regression,8,0,16,1.1.0,real,True,ok,,2026-09-20T06:56:57Z,6.582440415862948,13441,4344,,,128,42,68c7c85b41da,d5471cf69ba551f7,9cb3600a7b94,require_all_classes,"{""missing_in_test"": [], ""missing_in_train"": []}"
d3_rainbow_trout|gru|regression|seed08|fold01,m1_benchmark,d3_rainbow_trout,gru,regression,8,1,16,1.1.0,real,True,ok,,2026-09-20T06:58:04Z,6.778307999949902,12849,4145,,,123,40,8e5677b9212b,12a7030147ba1abf,9cb3600a7b94,require_all_classes,"{""missing_in_test"": [], ""missing_in_train"": []}"
d3_rainbow_trout|gru|regression|seed08|fold02,m1_benchmark,d3_rainbow_trout,gru,regression,8,2,16,1.1.0,real,True,ok,,2026-09-20T06:59:07Z,6.773784541990608,12584,4936,,,121,47,8f0b0a39787f,851cc92b59de82de,9cb3600a7b94,require_all_classes,"{""missing_in_test"": [], ""missing_in_train"": []}"
d3_rainbow_trout|gru|regression|seed08|fold03,m1_benchmark,d3_rainbow_trout,gru,regression,8,3,16,1.1.0,real,True,ok,,2026-09-20T07:00:15Z,7.796341249719262,13425,4410,,,129,42,34bbc0b41277,50041f0f0b3c591b,9cb3600a7b94,require_all_classes,"{""missing_in_test"": [], ""missing_in_train"": []}"
d3_rainbow_trout|gru|regression|seed08|fold04,m1_benchmark,d3_rainbow_trout,gru,regression,8,4,16,1.1.0,real,True,ok,,2026-09-20T07:19:12Z,7.0131907081231475,13491,4095,,,129,39,09fcc11d97ca,07874a0507633eac,9cb3600a7b94,require_all_classes,"{""missing_in_test"": [], ""missing_in_train"": []}"
d3_rainbow_trout|gru|regression|seed09|fold00,m1_benchmark,d3_rainbow_trout,gru,regression,9,0,16,1.1.0,real,True,ok,,2026-09-20T07:20:14Z,6.603454832918942,12535,5460,,,120,52,a375bf17fa08,bff61d13430d1bb9,da269c7d4228,require_all_classes,"{""missing_in_test"": [], ""missing_in_train"": []}"
d3_rainbow_trout|gru|regression|seed09|fold01,m1_benchmark,d3_rainbow_trout,gru,regression,9,1,16,1.1.0,real,True,ok,,2026-09-20T07:21:12Z,6.8862297078594565,13231,3935,,,126,38,504c72a28909,c09a0f8b727b847b,da269c7d4228,require_all_classes,"{""missing_in_test"": [], ""missing_in_train"": []}"
d3_rainbow_trout|gru|regression|seed09|fold02,m1_benchmark,d3_rainbow_trout,gru,regression,9,2,16,1.1.0,real,True,ok,,2026-09-20T07:22:11Z,6.891090750228614,13281,4764,,,127,46,437478619e3d,5f2c0d731226255c,da269c7d4228,require_all_classes,"{""missing_in_test"": [], ""missing_in_train"": []}"
d3_rainbow_trout|gru|regression|seed09|fold03,m1_benchmark,d3_rainbow_trout,gru,regression,9,3,16,1.1.0,real,True,ok,,2026-09-20T07:23:12Z,7.360660666134208,14159,3885,,,136,37,929f4fe4f729,e74607f907f9420a,da269c7d4228,require_all_classes,"{""missing_in_test"": [], ""missing_in_train"": []}"
d3_rainbow_trout|gru|regression|seed09|fold04,m1_benchmark,d3_rainbow_trout,gru,regression,9,4,16,1.1.0,real,True,ok,,2026-09-20T07:24:12Z,6.603201208170503,12584,3886,,,121,37,903109ca3407,b7acf6722ca6b79a,da269c7d4228,require_all_classes,"{""missing_in_test"": [], ""missing_in_train"": []}"
d3_rainbow_trout|lstm|classification|seed00|fold00,m1_benchmark,d3_rainbow_trout,lstm,classification,0,0,16,1.1.0,real,True,ok,,2026-09-20T06:11:41Z,7.674705000128597,12899,3570,,,124,34,439ff90e7bfb,69b9c22cb1ddb815,53ee335aac1a,require_all_classes,"{""missing_in_test"": [], ""missing_in_train"": []}"
d3_rainbow_trout|lstm|classification|seed00|fold01,m1_benchmark,d3_rainbow_trout,lstm,classification,0,1,16,1.1.0,real,True,ok,,2026-09-20T06:12:49Z,8.093410540837795,12755,5461,,,122,52,505083e6d3e2,9d63d194cb943aeb,53ee335aac1a,require_all_classes,"{""missing_in_test"": [], ""missing_in_train"": []}"
d3_rainbow_trout|lstm|classification|seed00|fold02,m1_benchmark,d3_rainbow_trout,lstm,classification,0,2,16,1.1.0,real,True,ok,,2026-09-20T06:13:57Z,7.719498541671783,13441,3714,,,128,36,8b9b123a945a,3de450db734eb233,53ee335aac1a,require_all_classes,"{""missing_in_test"": [], ""missing_in_train"": []}"
d3_rainbow_trout|lstm|classification|seed00|fold03,m1_benchmark,d3_rainbow_trout,lstm,classification,0,3,16,1.1.0,real,True,ok,,2026-09-20T06:15:01Z,7.849660040810704,12745,4775,,,122,46,e95b43ff80fb,b08e0b7c7ce508b0,53ee335aac1a,require_all_classes,"{""missing_in_test"": [], ""missing_in_train"": []}"
d3_rainbow_trout|lstm|classification|seed00|fold04,m1_benchmark,d3_rainbow_trout,lstm,classification,0,4,16,1.1.0,real,True,ok,,2026-09-20T06:16:08Z,8.138979417271912,13950,4410,,,134,42,379c45a723d8,5a65ab036f25e13b,53ee335aac1a,require_all_classes,"{""missing_in_test"": [], ""missing_in_train"": []}"
d3_rainbow_trout|lstm|classification|seed01|fold00,m1_benchmark,d3_rainbow_trout,lstm,classification,1,0,16,1.1.0,real,True,ok,,2026-09-20T06:17:15Z,7.173929666168988,12009,5671,,,115,54,c18cd6593630,d93b4b9f813af1e6,0ee917873708,require_all_classes,"{""missing_in_test"": [], ""missing_in_train"": []}"
d3_rainbow_trout|lstm|classification|seed01|fold01,m1_benchmark,d3_rainbow_trout,lstm,classification,1,1,16,1.1.0,real,True,ok,,2026-09-20T06:18:33Z,8.990185165777802,13231,4250,,,126,41,f8e1dc317188,c3139837968125fa,0ee917873708,require_all_classes,"{""missing_in_test"": [], ""missing_in_train"": []}"
d3_rainbow_trout|lstm|classification|seed01|fold02,m1_benchmark,d3_rainbow_trout,lstm,classification,1,2,16,1.1.0,real,True,ok,,2026-09-20T06:19:59Z,9.352167624980211,13386,4449,,,128,43,a9e97bc346eb,a56e8695022ee77f,0ee917873708,require_all_classes,"{""missing_in_test"": [], ""missing_in_train"": []}"
d3_rainbow_trout|lstm|classification|seed01|fold03,m1_benchmark,d3_rainbow_trout,lstm,classification,1,3,16,1.1.0,real,True,ok,,2026-09-20T06:21:24Z,9.652054708916694,14370,4095,,,138,39,9ef7afc96896,677fdcabf9e4ae64,0ee917873708,require_all_classes,"{""missing_in_test"": [], ""missing_in_train"": []}"
d3_rainbow_trout|lstm|classification|seed01|fold04,m1_benchmark,d3_rainbow_trout,lstm,classification,1,4,16,1.1.0,real,True,ok,,2026-09-20T06:22:30Z,7.48515454120934,12794,3465,,,123,33,36b0dd64e0a2,5ff53dc189753b9e,0ee917873708,require_all_classes,"{""missing_in_test"": [], ""missing_in_train"": []}"
d3_rainbow_trout|lstm|classification|seed02|fold00,m1_benchmark,d3_rainbow_trout,lstm,classification,2,0,16,1.1.0,real,True,ok,,2026-09-20T06:23:48Z,7.433094541076571,12795,5040,,,123,48,1f0b8d920f24,426db2555c5424d3,a93e587204d3,require_all_classes,"{""missing_in_test"": [], ""missing_in_train"": []}"
d3_rainbow_trout|lstm|classification|seed02|fold01,m1_benchmark,d3_rainbow_trout,lstm,classification,2,1,16,1.1.0,real,True,ok,,2026-09-20T06:24:56Z,8.14992762543261,13480,4095,,,129,39,0acec8a0e466,0b81ffd853d688a8,a93e587204d3,require_all_classes,"{""missing_in_test"": [], ""missing_in_train"": []}"
d3_rainbow_trout|lstm|classification|seed02|fold02,m1_benchmark,d3_rainbow_trout,lstm,classification,2,2,16,1.1.0,real,True,ok,,2026-09-20T06:26:11Z,7.213957749772817,13164,4355,,,126,42,1f84fcceee02,c9164e62d9860267,a93e587204d3,require_all_classes,"{""missing_in_test"": [], ""missing_in_train"": []}"
d3_rainbow_trout|lstm|classification|seed02|fold03,m1_benchmark,d3_rainbow_trout,lstm,classification,2,3,16,1.1.0,real,True,ok,,2026-09-20T06:27:15Z,8.16262308275327,13490,4411,,,129,42,f767c80e072e,0269ec788338cbd0,a93e587204d3,require_all_classes,"{""missing_in_test"": [], ""missing_in_train"": []}"
d3_rainbow_trout|lstm|classification|seed02|fold04,m1_benchmark,d3_rainbow_trout,lstm,classification,2,4,16,1.1.0,real,True,ok,,2026-09-20T06:28:18Z,7.4677909589372575,12861,4029,,,123,39,b6dfe5056c8d,9283d1dd145b3c32,a93e587204d3,require_all_classes,"{""missing_in_test"": [], ""missing_in_train"": []}"
d3_rainbow_trout|lstm|classification|seed03|fold00,m1_benchmark,d3_rainbow_trout,lstm,classification,3,0,16,1.1.0,real,True,ok,,2026-09-20T06:29:19Z,6.995446125045419,11850,5145,,,114,49,1a6b7c8c8e18,49fb65a33fb68209,b1ffcd52027a,require_all_classes,"{""missing_in_test"": [], ""missing_in_train"": []}"
d3_rainbow_trout|lstm|classification|seed03|fold01,m1_benchmark,d3_rainbow_trout,lstm,classification,3,1,16,1.1.0,real,True,ok,,2026-09-20T06:30:22Z,7.806847708765417,12584,4935,,,121,47,98a18b117f15,cab4a5d0bbaf57a7,b1ffcd52027a,require_all_classes,"{""missing_in_test"": [], ""missing_in_train"": []}"
d3_rainbow_trout|lstm|classification|seed03|fold02,m1_benchmark,d3_rainbow_trout,lstm,classification,3,2,16,1.1.0,real,True,ok,,2026-09-20T06:31:32Z,7.817797749768943,13269,4411,,,127,42,04ec709fe01a,28119c06df31078a,b1ffcd52027a,require_all_classes,"{""missing_in_test"": [], ""missing_in_train"": []}"
d3_rainbow_trout|lstm|classification|seed03|fold03,m1_benchmark,d3_rainbow_trout,lstm,classification,3,3,16,1.1.0,real,True,ok,,2026-09-20T06:32:42Z,9.088068208657205,14491,4250,,,138,41,c85f428662cd,146b059034be86e9,b1ffcd52027a,require_all_classes,"{""missing_in_test"": [], ""missing_in_train"": []}"
d3_rainbow_trout|lstm|classification|seed03|fold04,m1_benchmark,d3_rainbow_trout,lstm,classification,3,4,16,1.1.0,real,True,ok,,2026-09-20T06:33:55Z,9.217199708335102,13596,3189,,,130,31,df046eb01692,2e44476aa00ec665,b1ffcd52027a,require_all_classes,"{""missing_in_test"": [], ""missing_in_train"": []}"
d3_rainbow_trout|lstm|classification|seed04|fold00,m1_benchmark,d3_rainbow_trout,lstm,classification,4,0,16,1.1.0,real,True,ok,,2026-09-20T06:35:00Z,6.941086208913475,12059,5040,,,116,48,61704ceeff39,407c70949c4e39f9,3b8b997835e0,require_all_classes,"{""missing_in_test"": [], ""missing_in_train"": []}"
d3_rainbow_trout|lstm|classification|seed04|fold01,m1_benchmark,d3_rainbow_trout,lstm,classification,4,1,16,1.1.0,real,True,ok,,2026-09-20T06:36:03Z,7.450173375196755,12860,4831,,,123,46,ad613cab2f31,012fe3a45b0d09a2,3b8b997835e0,require_all_classes,"{""missing_in_test"": [], ""missing_in_train"": []}"
d3_rainbow_trout|lstm|classification|seed04|fold02,m1_benchmark,d3_rainbow_trout,lstm,classification,4,2,16,1.1.0,real,True,ok,,2026-09-20T06:37:09Z,7.658680292312056,13336,4239,,,127,41,379348a7151b,a989c4ca4bdd491f,3b8b997835e0,require_all_classes,"{""missing_in_test"": [], ""missing_in_train"": []}"
d3_rainbow_trout|lstm|classification|seed04|fold03,m1_benchmark,d3_rainbow_trout,lstm,classification,4,3,16,1.1.0,real,True,ok,,2026-09-20T06:38:15Z,8.271155916154385,14110,4355,,,135,42,c6083012ffc5,210258f92ec30ae1,3b8b997835e0,require_all_classes,"{""missing_in_test"": [], ""missing_in_train"": []}"
d3_rainbow_trout|lstm|classification|seed04|fold04,m1_benchmark,d3_rainbow_trout,lstm,classification,4,4,16,1.1.0,real,True,ok,,2026-09-20T06:39:22Z,7.791703624650836,13425,3465,,,129,33,cc7ed899cfca,68a41330020ed62c,3b8b997835e0,require_all_classes,"{""missing_in_test"": [], ""missing_in_train"": []}"
d3_rainbow_trout|lstm|classification|seed05|fold00,m1_benchmark,d3_rainbow_trout,lstm,classification,5,0,16,1.1.0,real,True,ok,,2026-09-20T06:40:28Z,6.646659125108272,12324,4935,,,118,47,38db515b1e41,b1dda63c9615d46f,191922ae3c2e,require_all_classes,"{""missing_in_test"": [], ""missing_in_train"": []}"
d3_rainbow_trout|lstm|classification|seed05|fold01,m1_benchmark,d3_rainbow_trout,lstm,classification,5,1,16,1.1.0,real,True,ok,,2026-09-20T06:41:31Z,7.3975255424156785,13020,4671,,,124,45,bf7a906f79da,918fe40f46c8fdd7,191922ae3c2e,require_all_classes,"{""missing_in_test"": [], ""missing_in_train"": []}"
d3_rainbow_trout|lstm|classification|seed05|fold02,m1_benchmark,d3_rainbow_trout,lstm,classification,5,2,16,1.1.0,real,True,ok,,2026-09-20T06:42:40Z,8.416388208046556,13806,4239,,,132,41,0d7b953d7c62,b05a87682443b8d2,191922ae3c2e,require_all_classes,"{""missing_in_test"": [], ""missing_in_train"": []}"
d3_rainbow_trout|lstm|classification|seed05|fold03,m1_benchmark,d3_rainbow_trout,lstm,classification,5,3,16,1.1.0,real,True,ok,,2026-09-20T06:43:48Z,8.108043958898634,13845,3885,,,133,37,92035a5401e3,a5438c213c014bdc,191922ae3c2e,require_all_classes,"{""missing_in_test"": [], ""missing_in_train"": []}"
d3_rainbow_trout|lstm|classification|seed05|fold04,m1_benchmark,d3_rainbow_trout,lstm,classification,5,4,16,1.1.0,real,True,ok,,2026-09-20T06:44:55Z,7.925878250040114,12795,4200,,,123,40,abf977863430,95d75d8803286855,191922ae3c2e,require_all_classes,"{""missing_in_test"": [], ""missing_in_train"": []}"
d3_rainbow_trout|lstm|classification|seed06|fold00,m1_benchmark,d3_rainbow_trout,lstm,classification,6,0,16,1.1.0,real,True,ok,,2026-09-20T06:46:07Z,8.583249833900481,13005,3570,,,125,34,ca859e305ed6,d5cc880b57c050f2,f219c888b793,require_all_classes,"{""missing_in_test"": [], ""missing_in_train"": []}"
d3_rainbow_trout|lstm|classification|seed06|fold01,m1_benchmark,d3_rainbow_trout,lstm,classification,6,1,16,1.1.0,real,True,ok,,2026-09-20T06:47:11Z,6.590301167219877,12375,5355,,,119,51,1e36b2a21365,1d88213c3491a092,f219c888b793,require_all_classes,"{""missing_in_test"": [], ""missing_in_train"": []}"
d3_rainbow_trout|lstm|classification|seed06|fold02,m1_benchmark,d3_rainbow_trout,lstm,classification,6,2,16,1.1.0,real,True,ok,,2026-09-20T06:48:14Z,7.578341208864003,13059,4200,,,125,40,663466d18e5f,ddc75756bc596905,f219c888b793,require_all_classes,"{""missing_in_test"": [], ""missing_in_train"": []}"
d3_rainbow_trout|lstm|classification|seed06|fold03,m1_benchmark,d3_rainbow_trout,lstm,classification,6,3,16,1.1.0,real,True,ok,,2026-09-20T06:49:22Z,8.417015249840915,13125,4671,,,125,45,b74b733d6eb8,e3afe249dc1467dd,f219c888b793,require_all_classes,"{""missing_in_test"": [], ""missing_in_train"": []}"
d3_rainbow_trout|lstm|classification|seed06|fold04,m1_benchmark,d3_rainbow_trout,lstm,classification,6,4,16,1.1.0,real,True,ok,,2026-09-20T06:50:36Z,8.140688833314925,14226,4134,,,136,40,4237abba1971,ea2e4c78c43e193c,f219c888b793,require_all_classes,"{""missing_in_test"": [], ""missing_in_train"": []}"
d3_rainbow_trout|lstm|classification|seed07|fold00,m1_benchmark,d3_rainbow_trout,lstm,classification,7,0,16,1.1.0,real,True,ok,,2026-09-20T06:51:48Z,8.166600000113249,13700,3399,,,131,33,4a36cfbf17f0,3635ee26695fe6fd,510b236a2d29,require_all_classes,"{""missing_in_test"": [], ""missing_in_train"": []}"
d3_rainbow_trout|lstm|classification|seed07|fold01,m1_benchmark,d3_rainbow_trout,lstm,classification,7,1,16,1.1.0,real,True,ok,,2026-09-20T06:52:52Z,7.257854165975004,12639,4831,,,121,46,96d6bc493781,2d9d7ddbb322a5e1,510b236a2d29,require_all_classes,"{""missing_in_test"": [], ""missing_in_train"": []}"
d3_rainbow_trout|lstm|classification|seed07|fold02,m1_benchmark,d3_rainbow_trout,lstm,classification,7,2,16,1.1.0,real,True,ok,,2026-09-20T06:53:50Z,7.13714720774442,12430,4460,,,119,43,63d5ed679a97,122fb3022e186c9a,510b236a2d29,require_all_classes,"{""missing_in_test"": [], ""missing_in_train"": []}"
d3_rainbow_trout|lstm|classification|seed07|fold03,m1_benchmark,d3_rainbow_trout,lstm,classification,7,3,16,1.1.0,real,True,ok,,2026-09-20T06:54:48Z,7.353560124989599,12690,5040,,,122,48,82f8e99ea34e,7f20d7e37b39926c,510b236a2d29,require_all_classes,"{""missing_in_test"": [], ""missing_in_train"": []}"
d3_rainbow_trout|lstm|classification|seed07|fold04,m1_benchmark,d3_rainbow_trout,lstm,classification,7,4,16,1.1.0,real,True,ok,,2026-09-20T06:55:52Z,8.800784041639417,14331,4200,,,137,40,4a668330d0d7,efc4c6e3966f747b,510b236a2d29,require_all_classes,"{""missing_in_test"": [], ""missing_in_train"": []}"
d3_rainbow_trout|lstm|classification|seed08|fold00,m1_benchmark,d3_rainbow_trout,lstm,classification,8,0,16,1.1.0,real,True,ok,,2026-09-20T06:57:05Z,8.129379750229418,13441,4344,,,128,42,68c7c85b41da,d9b7c83ce7d51bd5,9cb3600a7b94,require_all_classes,"{""missing_in_test"": [], ""missing_in_train"": []}"
d3_rainbow_trout|lstm|classification|seed08|fold01,m1_benchmark,d3_rainbow_trout,lstm,classification,8,1,16,1.1.0,real,True,ok,,2026-09-20T06:58:11Z,7.432233875151724,12849,4145,,,123,40,8e5677b9212b,8f2cb2a8a02c5c79,9cb3600a7b94,require_all_classes,"{""missing_in_test"": [], ""missing_in_train"": []}"
d3_rainbow_trout|lstm|classification|seed08|fold02,m1_benchmark,d3_rainbow_trout,lstm,classification,8,2,16,1.1.0,real,True,ok,,2026-09-20T06:59:15Z,8.295429124962538,12584,4936,,,121,47,8f0b0a39787f,a920937736eb0874,9cb3600a7b94,require_all_classes,"{""missing_in_test"": [], ""missing_in_train"": []}"
d3_rainbow_trout|lstm|classification|seed08|fold03,m1_benchmark,d3_rainbow_trout,lstm,classification,8,3,16,1.1.0,real,True,ok,,2026-09-20T07:18:19Z,8.714053499978036,13425,4410,,,129,42,34bbc0b41277,cb045b4d7cff1fca,9cb3600a7b94,require_all_classes,"{""missing_in_test"": [], ""missing_in_train"": []}"
d3_rainbow_trout|lstm|classification|seed08|fold04,m1_benchmark,d3_rainbow_trout,lstm,classification,8,4,16,1.1.0,real,True,ok,,2026-09-20T07:19:20Z,7.8584024999290705,13491,4095,,,129,39,09fcc11d97ca,4cc6e7ae7edfea6b,9cb3600a7b94,require_all_classes,"{""missing_in_test"": [], ""missing_in_train"": []}"
d3_rainbow_trout|lstm|classification|seed09|fold00,m1_benchmark,d3_rainbow_trout,lstm,classification,9,0,16,1.1.0,real,True,ok,,2026-09-20T07:20:21Z,7.259544959291816,12535,5460,,,120,52,a375bf17fa08,86814f6467f2af54,da269c7d4228,require_all_classes,"{""missing_in_test"": [], ""missing_in_train"": []}"
d3_rainbow_trout|lstm|classification|seed09|fold01,m1_benchmark,d3_rainbow_trout,lstm,classification,9,1,16,1.1.0,real,True,ok,,2026-09-20T07:21:20Z,7.489989124704152,13231,3935,,,126,38,504c72a28909,ad1ea55452c4432d,da269c7d4228,require_all_classes,"{""missing_in_test"": [], ""missing_in_train"": []}"
d3_rainbow_trout|lstm|classification|seed09|fold02,m1_benchmark,d3_rainbow_trout,lstm,classification,9,2,16,1.1.0,real,True,ok,,2026-09-20T07:22:19Z,7.540778791066259,13281,4764,,,127,46,437478619e3d,74d7a44d7c4341e2,da269c7d4228,require_all_classes,"{""missing_in_test"": [], ""missing_in_train"": []}"
d3_rainbow_trout|lstm|classification|seed09|fold03,m1_benchmark,d3_rainbow_trout,lstm,classification,9,3,16,1.1.0,real,True,ok,,2026-09-20T07:23:20Z,8.038848042022437,14159,3885,,,136,37,929f4fe4f729,89b3289704fd78ae,da269c7d4228,require_all_classes,"{""missing_in_test"": [], ""missing_in_train"": []}"
d3_rainbow_trout|lstm|classification|seed09|fold04,m1_benchmark,d3_rainbow_trout,lstm,classification,9,4,16,1.1.0,real,True,ok,,2026-09-20T07:24:20Z,7.411292208824307,12584,3886,,,121,37,903109ca3407,ecb31b51fbfb8dc3,da269c7d4228,require_all_classes,"{""missing_in_test"": [], ""missing_in_train"": []}"
d3_rainbow_trout|lstm|regression|seed00|fold00,m1_benchmark,d3_rainbow_trout,lstm,regression,0,0,16,1.1.0,real,True,ok,,2026-09-20T06:11:49Z,8.051192916929722,12899,3570,,,124,34,439ff90e7bfb,acf9aef3532f05e6,53ee335aac1a,require_all_classes,"{""missing_in_test"": [], ""missing_in_train"": []}"
d3_rainbow_trout|lstm|regression|seed00|fold01,m1_benchmark,d3_rainbow_trout,lstm,regression,0,1,16,1.1.0,real,True,ok,,2026-09-20T06:12:56Z,7.401662416756153,12755,5461,,,122,52,505083e6d3e2,d25da9948cd71ec0,53ee335aac1a,require_all_classes,"{""missing_in_test"": [], ""missing_in_train"": []}"
d3_rainbow_trout|lstm|regression|seed00|fold02,m1_benchmark,d3_rainbow_trout,lstm,regression,0,2,16,1.1.0,real,True,ok,,2026-09-20T06:14:04Z,7.647553125396371,13441,3714,,,128,36,8b9b123a945a,b04b255a725ae5a8,53ee335aac1a,require_all_classes,"{""missing_in_test"": [], ""missing_in_train"": []}"
d3_rainbow_trout|lstm|regression|seed00|fold03,m1_benchmark,d3_rainbow_trout,lstm,regression,0,3,16,1.1.0,real,True,ok,,2026-09-20T06:15:08Z,7.466551499906927,12745,4775,,,122,46,e95b43ff80fb,ddfd85c689d06e3a,53ee335aac1a,require_all_classes,"{""missing_in_test"": [], ""missing_in_train"": []}"
d3_rainbow_trout|lstm|regression|seed00|fold04,m1_benchmark,d3_rainbow_trout,lstm,regression,0,4,16,1.1.0,real,True,ok,,2026-09-20T06:16:17Z,8.24960554111749,13950,4410,,,134,42,379c45a723d8,9fdbaf136f73f98f,53ee335aac1a,require_all_classes,"{""missing_in_test"": [], ""missing_in_train"": []}"
d3_rainbow_trout|lstm|regression|seed01|fold00,m1_benchmark,d3_rainbow_trout,lstm,regression,1,0,16,1.1.0,real,True,ok,,2026-09-20T06:17:23Z,8.280464166309685,12009,5671,,,115,54,c18cd6593630,76a895c5f7729d4c,0ee917873708,require_all_classes,"{""missing_in_test"": [], ""missing_in_train"": []}"
d3_rainbow_trout|lstm|regression|seed01|fold01,m1_benchmark,d3_rainbow_trout,lstm,regression,1,1,16,1.1.0,real,True,ok,,2026-09-20T06:18:44Z,10.587489208672196,13231,4250,,,126,41,f8e1dc317188,14ab277f85d896ec,0ee917873708,require_all_classes,"{""missing_in_test"": [], ""missing_in_train"": []}"
d3_rainbow_trout|lstm|regression|seed01|fold02,m1_benchmark,d3_rainbow_trout,lstm,regression,1,2,16,1.1.0,real,True,ok,,2026-09-20T06:20:08Z,8.997859040740877,13386,4449,,,128,43,a9e97bc346eb,ed28a1b9c009a3f0,0ee917873708,require_all_classes,"{""missing_in_test"": [], ""missing_in_train"": []}"
d3_rainbow_trout|lstm|regression|seed01|fold03,m1_benchmark,d3_rainbow_trout,lstm,regression,1,3,16,1.1.0,real,True,ok,,2026-09-20T06:21:33Z,8.975988500285894,14370,4095,,,138,39,9ef7afc96896,3a3d262e89994639,0ee917873708,require_all_classes,"{""missing_in_test"": [], ""missing_in_train"": []}"
d3_rainbow_trout|lstm|regression|seed01|fold04,m1_benchmark,d3_rainbow_trout,lstm,regression,1,4,16,1.1.0,real,True,ok,,2026-09-20T06:22:37Z,7.426871541887522,12794,3465,,,123,33,36b0dd64e0a2,36cacafbdb7e1781,0ee917873708,require_all_classes,"{""missing_in_test"": [], ""missing_in_train"": []}"
d3_rainbow_trout|lstm|regression|seed02|fold00,m1_benchmark,d3_rainbow_trout,lstm,regression,2,0,16,1.1.0,real,True,ok,,2026-09-20T06:23:55Z,7.33283470897004,12795,5040,,,123,48,1f0b8d920f24,c21b86f98c643e91,a93e587204d3,require_all_classes,"{""missing_in_test"": [], ""missing_in_train"": []}"
d3_rainbow_trout|lstm|regression|seed02|fold01,m1_benchmark,d3_rainbow_trout,lstm,regression,2,1,16,1.1.0,real,True,ok,,2026-09-20T06:25:06Z,10.017869666218758,13480,4095,,,129,39,0acec8a0e466,dfd19346720e2f8b,a93e587204d3,require_all_classes,"{""missing_in_test"": [], ""missing_in_train"": []}"
d3_rainbow_trout|lstm|regression|seed02|fold02,m1_benchmark,d3_rainbow_trout,lstm,regression,2,2,16,1.1.0,real,True,ok,,2026-09-20T06:26:18Z,7.440366582944989,13164,4355,,,126,42,1f84fcceee02,313867da7150e589,a93e587204d3,require_all_classes,"{""missing_in_test"": [], ""missing_in_train"": []}"
d3_rainbow_trout|lstm|regression|seed02|fold03,m1_benchmark,d3_rainbow_trout,lstm,regression,2,3,16,1.1.0,real,True,ok,,2026-09-20T06:27:23Z,7.897149332799017,13490,4411,,,129,42,f767c80e072e,1d8be19241edc06e,a93e587204d3,require_all_classes,"{""missing_in_test"": [], ""missing_in_train"": []}"
d3_rainbow_trout|lstm|regression|seed02|fold04,m1_benchmark,d3_rainbow_trout,lstm,regression,2,4,16,1.1.0,real,True,ok,,2026-09-20T06:28:26Z,7.5973512921482325,12861,4029,,,123,39,b6dfe5056c8d,09994c545e059b9f,a93e587204d3,require_all_classes,"{""missing_in_test"": [], ""missing_in_train"": []}"
d3_rainbow_trout|lstm|regression|seed03|fold00,m1_benchmark,d3_rainbow_trout,lstm,regression,3,0,16,1.1.0,real,True,ok,,2026-09-20T06:29:26Z,6.862473167013377,11850,5145,,,114,49,1a6b7c8c8e18,91dcda5a3f694f47,b1ffcd52027a,require_all_classes,"{""missing_in_test"": [], ""missing_in_train"": []}"
d3_rainbow_trout|lstm|regression|seed03|fold01,m1_benchmark,d3_rainbow_trout,lstm,regression,3,1,16,1.1.0,real,True,ok,,2026-09-20T06:30:30Z,7.8121657921001315,12584,4935,,,121,47,98a18b117f15,038ec7bec4821958,b1ffcd52027a,require_all_classes,"{""missing_in_test"": [], ""missing_in_train"": []}"
d3_rainbow_trout|lstm|regression|seed03|fold02,m1_benchmark,d3_rainbow_trout,lstm,regression,3,2,16,1.1.0,real,True,ok,,2026-09-20T06:31:39Z,7.471769249998033,13269,4411,,,127,42,04ec709fe01a,2bf9565d765c76c7,b1ffcd52027a,require_all_classes,"{""missing_in_test"": [], ""missing_in_train"": []}"
d3_rainbow_trout|lstm|regression|seed03|fold03,m1_benchmark,d3_rainbow_trout,lstm,regression,3,3,16,1.1.0,real,True,ok,,2026-09-20T06:32:50Z,8.619951624888927,14491,4250,,,138,41,c85f428662cd,b0e64f30f53f0254,b1ffcd52027a,require_all_classes,"{""missing_in_test"": [], ""missing_in_train"": []}"
d3_rainbow_trout|lstm|regression|seed03|fold04,m1_benchmark,d3_rainbow_trout,lstm,regression,3,4,16,1.1.0,real,True,ok,,2026-09-20T06:34:02Z,7.565666958224028,13596,3189,,,130,31,df046eb01692,7b5aa5aa4e11f74b,b1ffcd52027a,require_all_classes,"{""missing_in_test"": [], ""missing_in_train"": []}"
d3_rainbow_trout|lstm|regression|seed04|fold00,m1_benchmark,d3_rainbow_trout,lstm,regression,4,0,16,1.1.0,real,True,ok,,2026-09-20T06:35:07Z,6.355839792173356,12059,5040,,,116,48,61704ceeff39,798e09a73f4a37d4,3b8b997835e0,require_all_classes,"{""missing_in_test"": [], ""missing_in_train"": []}"
d3_rainbow_trout|lstm|regression|seed04|fold01,m1_benchmark,d3_rainbow_trout,lstm,regression,4,1,16,1.1.0,real,True,ok,,2026-09-20T06:36:10Z,7.413340833038092,12860,4831,,,123,46,ad613cab2f31,bd920a340a33bab3,3b8b997835e0,require_all_classes,"{""missing_in_test"": [], ""missing_in_train"": []}"
d3_rainbow_trout|lstm|regression|seed04|fold02,m1_benchmark,d3_rainbow_trout,lstm,regression,4,2,16,1.1.0,real,True,ok,,2026-09-20T06:37:16Z,7.698920915834606,13336,4239,,,127,41,379348a7151b,fa0ac0ff32f077db,3b8b997835e0,require_all_classes,"{""missing_in_test"": [], ""missing_in_train"": []}"
d3_rainbow_trout|lstm|regression|seed04|fold03,m1_benchmark,d3_rainbow_trout,lstm,regression,4,3,16,1.1.0,real,True,ok,,2026-09-20T06:38:23Z,7.8027249169535935,14110,4355,,,135,42,c6083012ffc5,d15929bd63f08974,3b8b997835e0,require_all_classes,"{""missing_in_test"": [], ""missing_in_train"": []}"
d3_rainbow_trout|lstm|regression|seed04|fold04,m1_benchmark,d3_rainbow_trout,lstm,regression,4,4,16,1.1.0,real,True,ok,,2026-09-20T06:39:29Z,7.705535791348666,13425,3465,,,129,33,cc7ed899cfca,296b41c02fd4d639,3b8b997835e0,require_all_classes,"{""missing_in_test"": [], ""missing_in_train"": []}"
d3_rainbow_trout|lstm|regression|seed05|fold00,m1_benchmark,d3_rainbow_trout,lstm,regression,5,0,16,1.1.0,real,True,ok,,2026-09-20T06:40:36Z,7.086970415897667,12324,4935,,,118,47,38db515b1e41,5f086c7397fe537c,191922ae3c2e,require_all_classes,"{""missing_in_test"": [], ""missing_in_train"": []}"
d3_rainbow_trout|lstm|regression|seed05|fold01,m1_benchmark,d3_rainbow_trout,lstm,regression,5,1,16,1.1.0,real,True,ok,,2026-09-20T06:41:39Z,7.432990833185613,13020,4671,,,124,45,bf7a906f79da,c44f9401487e3ba5,191922ae3c2e,require_all_classes,"{""missing_in_test"": [], ""missing_in_train"": []}"
d3_rainbow_trout|lstm|regression|seed05|fold02,m1_benchmark,d3_rainbow_trout,lstm,regression,5,2,16,1.1.0,real,True,ok,,2026-09-20T06:42:48Z,8.18702641595155,13806,4239,,,132,41,0d7b953d7c62,732bef68f4afa689,191922ae3c2e,require_all_classes,"{""missing_in_test"": [], ""missing_in_train"": []}"
d3_rainbow_trout|lstm|regression|seed05|fold03,m1_benchmark,d3_rainbow_trout,lstm,regression,5,3,16,1.1.0,real,True,ok,,2026-09-20T06:43:56Z,8.167844417039305,13845,3885,,,133,37,92035a5401e3,58db3382526564d1,191922ae3c2e,require_all_classes,"{""missing_in_test"": [], ""missing_in_train"": []}"
d3_rainbow_trout|lstm|regression|seed05|fold04,m1_benchmark,d3_rainbow_trout,lstm,regression,5,4,16,1.1.0,real,True,ok,,2026-09-20T06:45:03Z,7.593123500235379,12795,4200,,,123,40,abf977863430,75247d9b7e38ac16,191922ae3c2e,require_all_classes,"{""missing_in_test"": [], ""missing_in_train"": []}"
d3_rainbow_trout|lstm|regression|seed06|fold00,m1_benchmark,d3_rainbow_trout,lstm,regression,6,0,16,1.1.0,real,True,ok,,2026-09-20T06:46:14Z,7.365334166679531,13005,3570,,,125,34,ca859e305ed6,83ac6a6da726f542,f219c888b793,require_all_classes,"{""missing_in_test"": [], ""missing_in_train"": []}"
d3_rainbow_trout|lstm|regression|seed06|fold01,m1_benchmark,d3_rainbow_trout,lstm,regression,6,1,16,1.1.0,real,True,ok,,2026-09-20T06:47:18Z,6.924404290970415,12375,5355,,,119,51,1e36b2a21365,cddf58f84c74151e,f219c888b793,require_all_classes,"{""missing_in_test"": [], ""missing_in_train"": []}"
d3_rainbow_trout|lstm|regression|seed06|fold02,m1_benchmark,d3_rainbow_trout,lstm,regression,6,2,16,1.1.0,real,True,ok,,2026-09-20T06:48:22Z,7.526778624858707,13059,4200,,,125,40,663466d18e5f,fda8c983d13d284a,f219c888b793,require_all_classes,"{""missing_in_test"": [], ""missing_in_train"": []}"
d3_rainbow_trout|lstm|regression|seed06|fold03,m1_benchmark,d3_rainbow_trout,lstm,regression,6,3,16,1.1.0,real,True,ok,,2026-09-20T06:49:30Z,8.147372209001333,13125,4671,,,125,45,b74b733d6eb8,7eef61a1d9cf6daf,f219c888b793,require_all_classes,"{""missing_in_test"": [], ""missing_in_train"": []}"
d3_rainbow_trout|lstm|regression|seed06|fold04,m1_benchmark,d3_rainbow_trout,lstm,regression,6,4,16,1.1.0,real,True,ok,,2026-09-20T06:50:44Z,8.438100415747613,14226,4134,,,136,40,4237abba1971,dce98bb08c57cd3f,f219c888b793,require_all_classes,"{""missing_in_test"": [], ""missing_in_train"": []}"
d3_rainbow_trout|lstm|regression|seed07|fold00,m1_benchmark,d3_rainbow_trout,lstm,regression,7,0,16,1.1.0,real,True,ok,,2026-09-20T06:51:56Z,8.220333707984537,13700,3399,,,131,33,4a36cfbf17f0,ac83405fa97e094c,510b236a2d29,require_all_classes,"{""missing_in_test"": [], ""missing_in_train"": []}"
d3_rainbow_trout|lstm|regression|seed07|fold01,m1_benchmark,d3_rainbow_trout,lstm,regression,7,1,16,1.1.0,real,True,ok,,2026-09-20T06:52:59Z,7.258344667032361,12639,4831,,,121,46,96d6bc493781,5d07642f90277fc3,510b236a2d29,require_all_classes,"{""missing_in_test"": [], ""missing_in_train"": []}"
d3_rainbow_trout|lstm|regression|seed07|fold02,m1_benchmark,d3_rainbow_trout,lstm,regression,7,2,16,1.1.0,real,True,ok,,2026-09-20T06:53:57Z,7.068001249805093,12430,4460,,,119,43,63d5ed679a97,225d1a4d9ef1d820,510b236a2d29,require_all_classes,"{""missing_in_test"": [], ""missing_in_train"": []}"
d3_rainbow_trout|lstm|regression|seed07|fold03,m1_benchmark,d3_rainbow_trout,lstm,regression,7,3,16,1.1.0,real,True,ok,,2026-09-20T06:54:55Z,7.286743707954884,12690,5040,,,122,48,82f8e99ea34e,4b85c7207aa06d34,510b236a2d29,require_all_classes,"{""missing_in_test"": [], ""missing_in_train"": []}"
d3_rainbow_trout|lstm|regression|seed07|fold04,m1_benchmark,d3_rainbow_trout,lstm,regression,7,4,16,1.1.0,real,True,ok,,2026-09-20T06:56:00Z,8.321507500018924,14331,4200,,,137,40,4a668330d0d7,1c7d4965ccb381eb,510b236a2d29,require_all_classes,"{""missing_in_test"": [], ""missing_in_train"": []}"
d3_rainbow_trout|lstm|regression|seed08|fold00,m1_benchmark,d3_rainbow_trout,lstm,regression,8,0,16,1.1.0,real,True,ok,,2026-09-20T06:57:14Z,8.96985450014472,13441,4344,,,128,42,68c7c85b41da,cf88b9a8423e0c47,9cb3600a7b94,require_all_classes,"{""missing_in_test"": [], ""missing_in_train"": []}"
d3_rainbow_trout|lstm|regression|seed08|fold01,m1_benchmark,d3_rainbow_trout,lstm,regression,8,1,16,1.1.0,real,True,ok,,2026-09-20T06:58:18Z,7.290703875012696,12849,4145,,,123,40,8e5677b9212b,731eacf8bdcdf855,9cb3600a7b94,require_all_classes,"{""missing_in_test"": [], ""missing_in_train"": []}"
d3_rainbow_trout|lstm|regression|seed08|fold02,m1_benchmark,d3_rainbow_trout,lstm,regression,8,2,16,1.1.0,real,True,ok,,2026-09-20T06:59:23Z,8.047753834165633,12584,4936,,,121,47,8f0b0a39787f,c3440e904c0795a8,9cb3600a7b94,require_all_classes,"{""missing_in_test"": [], ""missing_in_train"": []}"
d3_rainbow_trout|lstm|regression|seed08|fold03,m1_benchmark,d3_rainbow_trout,lstm,regression,8,3,16,1.1.0,real,True,ok,,2026-09-20T07:18:27Z,7.676344874780625,13425,4410,,,129,42,34bbc0b41277,f401293f86a90331,9cb3600a7b94,require_all_classes,"{""missing_in_test"": [], ""missing_in_train"": []}"
d3_rainbow_trout|lstm|regression|seed08|fold04,m1_benchmark,d3_rainbow_trout,lstm,regression,8,4,16,1.1.0,real,True,ok,,2026-09-20T07:19:28Z,7.872093917336315,13491,4095,,,129,39,09fcc11d97ca,219a88a6be00635f,9cb3600a7b94,require_all_classes,"{""missing_in_test"": [], ""missing_in_train"": []}"
d3_rainbow_trout|lstm|regression|seed09|fold00,m1_benchmark,d3_rainbow_trout,lstm,regression,9,0,16,1.1.0,real,True,ok,,2026-09-20T07:20:29Z,7.148640958126634,12535,5460,,,120,52,a375bf17fa08,191b372320c2f7fe,da269c7d4228,require_all_classes,"{""missing_in_test"": [], ""missing_in_train"": []}"
d3_rainbow_trout|lstm|regression|seed09|fold01,m1_benchmark,d3_rainbow_trout,lstm,regression,9,1,16,1.1.0,real,True,ok,,2026-09-20T07:21:27Z,7.4226532080210745,13231,3935,,,126,38,504c72a28909,f8f109e97e663d1e,da269c7d4228,require_all_classes,"{""missing_in_test"": [], ""missing_in_train"": []}"
d3_rainbow_trout|lstm|regression|seed09|fold02,m1_benchmark,d3_rainbow_trout,lstm,regression,9,2,16,1.1.0,real,True,ok,,2026-09-20T07:22:26Z,7.510262875352055,13281,4764,,,127,46,437478619e3d,d5876c0f04ca029a,da269c7d4228,require_all_classes,"{""missing_in_test"": [], ""missing_in_train"": []}"
d3_rainbow_trout|lstm|regression|seed09|fold03,m1_benchmark,d3_rainbow_trout,lstm,regression,9,3,16,1.1.0,real,True,ok,,2026-09-20T07:23:28Z,8.026630999986082,14159,3885,,,136,37,929f4fe4f729,5c94f3f8faa197c9,da269c7d4228,require_all_classes,"{""missing_in_test"": [], ""missing_in_train"": []}"
d3_rainbow_trout|lstm|regression|seed09|fold04,m1_benchmark,d3_rainbow_trout,lstm,regression,9,4,16,1.1.0,real,True,ok,,2026-09-20T07:24:27Z,7.095860457979143,12584,3886,,,121,37,903109ca3407,857e7786b58b8a8e,da269c7d4228,require_all_classes,"{""missing_in_test"": [], ""missing_in_train"": []}"
d3_rainbow_trout|pca_svm|classification|seed00|fold00,m1_benchmark,d3_rainbow_trout,pca_svm,classification,0,0,16,1.1.0,real,True,ok,,2026-09-20T06:11:18Z,0.4759496250189841,12899,3570,,,124,34,439ff90e7bfb,b6c3d737a3da0074,53ee335aac1a,require_all_classes,"{""missing_in_test"": [], ""missing_in_train"": []}"
d3_rainbow_trout|pca_svm|classification|seed00|fold01,m1_benchmark,d3_rainbow_trout,pca_svm,classification,0,1,16,1.1.0,real,True,ok,,2026-09-20T06:12:26Z,0.7987554580904543,12755,5461,,,122,52,505083e6d3e2,7fdb4d4d7568db49,53ee335aac1a,require_all_classes,"{""missing_in_test"": [], ""missing_in_train"": []}"
d3_rainbow_trout|pca_svm|classification|seed00|fold02,m1_benchmark,d3_rainbow_trout,pca_svm,classification,0,2,16,1.1.0,real,True,ok,,2026-09-20T06:13:34Z,0.5245682913810015,13441,3714,,,128,36,8b9b123a945a,0fdbe923e91e0624,53ee335aac1a,require_all_classes,"{""missing_in_test"": [], ""missing_in_train"": []}"
d3_rainbow_trout|pca_svm|classification|seed00|fold03,m1_benchmark,d3_rainbow_trout,pca_svm,classification,0,3,16,1.1.0,real,True,ok,,2026-09-20T06:14:39Z,0.6696623330935836,12745,4775,,,122,46,e95b43ff80fb,615104102fd9e06f,53ee335aac1a,require_all_classes,"{""missing_in_test"": [], ""missing_in_train"": []}"
d3_rainbow_trout|pca_svm|classification|seed00|fold04,m1_benchmark,d3_rainbow_trout,pca_svm,classification,0,4,16,1.1.0,real,True,ok,,2026-09-20T06:15:43Z,0.6154752499423921,13950,4410,,,134,42,379c45a723d8,65a6a60c7f4a9970,53ee335aac1a,require_all_classes,"{""missing_in_test"": [], ""missing_in_train"": []}"
d3_rainbow_trout|pca_svm|classification|seed01|fold00,m1_benchmark,d3_rainbow_trout,pca_svm,classification,1,0,16,1.1.0,real,True,ok,,2026-09-20T06:16:53Z,0.6607467089779675,12009,5671,,,115,54,c18cd6593630,bc6c8e47a96e4c8e,0ee917873708,require_all_classes,"{""missing_in_test"": [], ""missing_in_train"": []}"
d3_rainbow_trout|pca_svm|classification|seed01|fold01,m1_benchmark,d3_rainbow_trout,pca_svm,classification,1,1,16,1.1.0,real,True,ok,,2026-09-20T06:18:05Z,0.7890497921034694,13231,4250,,,126,41,f8e1dc317188,a74925e5b717ca83,0ee917873708,require_all_classes,"{""missing_in_test"": [], ""missing_in_train"": []}"
d3_rainbow_trout|pca_svm|classification|seed01|fold02,m1_benchmark,d3_rainbow_trout,pca_svm,classification,1,2,16,1.1.0,real,True,ok,,2026-09-20T06:19:30Z,0.7380025000311434,13386,4449,,,128,43,a9e97bc346eb,db7fddfbe128bcad,0ee917873708,require_all_classes,"{""missing_in_test"": [], ""missing_in_train"": []}"
d3_rainbow_trout|pca_svm|classification|seed01|fold03,m1_benchmark,d3_rainbow_trout,pca_svm,classification,1,3,16,1.1.0,real,True,ok,,2026-09-20T06:20:55Z,0.9581226673908532,14370,4095,,,138,39,9ef7afc96896,ce04c1a323f5223a,0ee917873708,require_all_classes,"{""missing_in_test"": [], ""missing_in_train"": []}"
d3_rainbow_trout|pca_svm|classification|seed01|fold04,m1_benchmark,d3_rainbow_trout,pca_svm,classification,1,4,16,1.1.0,real,True,ok,,2026-09-20T06:22:08Z,0.46453329222276807,12794,3465,,,123,33,36b0dd64e0a2,c8f9077c0b2e3d46,0ee917873708,require_all_classes,"{""missing_in_test"": [], ""missing_in_train"": []}"
d3_rainbow_trout|pca_svm|classification|seed02|fold00,m1_benchmark,d3_rainbow_trout,pca_svm,classification,2,0,16,1.1.0,real,True,ok,,2026-09-20T06:23:22Z,0.7652053749188781,12795,5040,,,123,48,1f0b8d920f24,796e8eb70a025dfe,a93e587204d3,require_all_classes,"{""missing_in_test"": [], ""missing_in_train"": []}"
d3_rainbow_trout|pca_svm|classification|seed02|fold01,m1_benchmark,d3_rainbow_trout,pca_svm,classification,2,1,16,1.1.0,real,True,ok,,2026-09-20T06:24:31Z,0.7227827501483262,13480,4095,,,129,39,0acec8a0e466,d2803aa6b7d8fcfd,a93e587204d3,require_all_classes,"{""missing_in_test"": [], ""missing_in_train"": []}"
d3_rainbow_trout|pca_svm|classification|seed02|fold02,m1_benchmark,d3_rainbow_trout,pca_svm,classification,2,2,16,1.1.0,real,True,ok,,2026-09-20T06:25:49Z,0.5927997920662165,13164,4355,,,126,42,1f84fcceee02,4ccb2d0a095ea7d2,a93e587204d3,require_all_classes,"{""missing_in_test"": [], ""missing_in_train"": []}"
d3_rainbow_trout|pca_svm|classification|seed02|fold03,m1_benchmark,d3_rainbow_trout,pca_svm,classification,2,3,16,1.1.0,real,True,ok,,2026-09-20T06:26:52Z,0.6551655000075698,13490,4411,,,129,42,f767c80e072e,3f6b890e9ececc67,a93e587204d3,require_all_classes,"{""missing_in_test"": [], ""missing_in_train"": []}"
d3_rainbow_trout|pca_svm|classification|seed02|fold04,m1_benchmark,d3_rainbow_trout,pca_svm,classification,2,4,16,1.1.0,real,True,ok,,2026-09-20T06:27:57Z,0.5773281250149012,12861,4029,,,123,39,b6dfe5056c8d,0dfb8507ff607637,a93e587204d3,require_all_classes,"{""missing_in_test"": [], ""missing_in_train"": []}"
d3_rainbow_trout|pca_svm|classification|seed03|fold00,m1_benchmark,d3_rainbow_trout,pca_svm,classification,3,0,16,1.1.0,real,True,ok,,2026-09-20T06:28:59Z,0.5368772922083735,11850,5145,,,114,49,1a6b7c8c8e18,d69065c039026cfe,b1ffcd52027a,require_all_classes,"{""missing_in_test"": [], ""missing_in_train"": []}"
d3_rainbow_trout|pca_svm|classification|seed03|fold01,m1_benchmark,d3_rainbow_trout,pca_svm,classification,3,1,16,1.1.0,real,True,ok,,2026-09-20T06:29:59Z,0.5310492496937513,12584,4935,,,121,47,98a18b117f15,ea9e5d7d676b4de2,b1ffcd52027a,require_all_classes,"{""missing_in_test"": [], ""missing_in_train"": []}"
d3_rainbow_trout|pca_svm|classification|seed03|fold02,m1_benchmark,d3_rainbow_trout,pca_svm,classification,3,2,16,1.1.0,real,True,ok,,2026-09-20T06:31:08Z,0.750241625122726,13269,4411,,,127,42,04ec709fe01a,0e98dd3d48ada740,b1ffcd52027a,require_all_classes,"{""missing_in_test"": [], ""missing_in_train"": []}"
d3_rainbow_trout|pca_svm|classification|seed03|fold03,m1_benchmark,d3_rainbow_trout,pca_svm,classification,3,3,16,1.1.0,real,True,ok,,2026-09-20T06:32:16Z,0.8368408330716193,14491,4250,,,138,41,c85f428662cd,dac922d48c3931be,b1ffcd52027a,require_all_classes,"{""missing_in_test"": [], ""missing_in_train"": []}"
d3_rainbow_trout|pca_svm|classification|seed03|fold04,m1_benchmark,d3_rainbow_trout,pca_svm,classification,3,4,16,1.1.0,real,True,ok,,2026-09-20T06:33:30Z,0.6609090408310294,13596,3189,,,130,31,df046eb01692,890cfcf6b3d3374a,b1ffcd52027a,require_all_classes,"{""missing_in_test"": [], ""missing_in_train"": []}"
d3_rainbow_trout|pca_svm|classification|seed04|fold00,m1_benchmark,d3_rainbow_trout,pca_svm,classification,4,0,16,1.1.0,real,True,ok,,2026-09-20T06:34:38Z,0.6208453332073987,12059,5040,,,116,48,61704ceeff39,4851ec0eb7ee9409,3b8b997835e0,require_all_classes,"{""missing_in_test"": [], ""missing_in_train"": []}"
d3_rainbow_trout|pca_svm|classification|seed04|fold01,m1_benchmark,d3_rainbow_trout,pca_svm,classification,4,1,16,1.1.0,real,True,ok,,2026-09-20T06:35:40Z,0.753899541683495,12860,4831,,,123,46,ad613cab2f31,87e7241cffaf2dc7,3b8b997835e0,require_all_classes,"{""missing_in_test"": [], ""missing_in_train"": []}"
d3_rainbow_trout|pca_svm|classification|seed04|fold02,m1_benchmark,d3_rainbow_trout,pca_svm,classification,4,2,16,1.1.0,real,True,ok,,2026-09-20T06:36:46Z,0.6529475417919457,13336,4239,,,127,41,379348a7151b,322784da3a28e7fe,3b8b997835e0,require_all_classes,"{""missing_in_test"": [], ""missing_in_train"": []}"
d3_rainbow_trout|pca_svm|classification|seed04|fold03,m1_benchmark,d3_rainbow_trout,pca_svm,classification,4,3,16,1.1.0,real,True,ok,,2026-09-20T06:37:50Z,0.5913642910309136,14110,4355,,,135,42,c6083012ffc5,d43a49d28b635f02,3b8b997835e0,require_all_classes,"{""missing_in_test"": [], ""missing_in_train"": []}"
d3_rainbow_trout|pca_svm|classification|seed04|fold04,m1_benchmark,d3_rainbow_trout,pca_svm,classification,4,4,16,1.1.0,real,True,ok,,2026-09-20T06:38:59Z,0.5746490838937461,13425,3465,,,129,33,cc7ed899cfca,70d8a2e62224fcde,3b8b997835e0,require_all_classes,"{""missing_in_test"": [], ""missing_in_train"": []}"
d3_rainbow_trout|pca_svm|classification|seed05|fold00,m1_benchmark,d3_rainbow_trout,pca_svm,classification,5,0,16,1.1.0,real,True,ok,,2026-09-20T06:40:06Z,0.6981759169138968,12324,4935,,,118,47,38db515b1e41,52e0974da3697aeb,191922ae3c2e,require_all_classes,"{""missing_in_test"": [], ""missing_in_train"": []}"
d3_rainbow_trout|pca_svm|classification|seed05|fold01,m1_benchmark,d3_rainbow_trout,pca_svm,classification,5,1,16,1.1.0,real,True,ok,,2026-09-20T06:41:09Z,0.6909278333187103,13020,4671,,,124,45,bf7a906f79da,02967839d6e6678a,191922ae3c2e,require_all_classes,"{""missing_in_test"": [], ""missing_in_train"": []}"
d3_rainbow_trout|pca_svm|classification|seed05|fold02,m1_benchmark,d3_rainbow_trout,pca_svm,classification,5,2,16,1.1.0,real,True,ok,,2026-09-20T06:42:15Z,0.7868724591098726,13806,4239,,,132,41,0d7b953d7c62,032927f75018de29,191922ae3c2e,require_all_classes,"{""missing_in_test"": [], ""missing_in_train"": []}"
d3_rainbow_trout|pca_svm|classification|seed05|fold03,m1_benchmark,d3_rainbow_trout,pca_svm,classification,5,3,16,1.1.0,real,True,ok,,2026-09-20T06:43:24Z,0.5406646248884499,13845,3885,,,133,37,92035a5401e3,6fda69ac3520e63b,191922ae3c2e,require_all_classes,"{""missing_in_test"": [], ""missing_in_train"": []}"
d3_rainbow_trout|pca_svm|classification|seed05|fold04,m1_benchmark,d3_rainbow_trout,pca_svm,classification,5,4,16,1.1.0,real,True,ok,,2026-09-20T06:44:32Z,0.6998524582013488,12795,4200,,,123,40,abf977863430,a3143de26d3ae55f,191922ae3c2e,require_all_classes,"{""missing_in_test"": [], ""missing_in_train"": []}"
d3_rainbow_trout|pca_svm|classification|seed06|fold00,m1_benchmark,d3_rainbow_trout,pca_svm,classification,6,0,16,1.1.0,real,True,ok,,2026-09-20T06:45:41Z,0.49823641683906317,13005,3570,,,125,34,ca859e305ed6,fdc76c40132fb1e9,f219c888b793,require_all_classes,"{""missing_in_test"": [], ""missing_in_train"": []}"
d3_rainbow_trout|pca_svm|classification|seed06|fold01,m1_benchmark,d3_rainbow_trout,pca_svm,classification,6,1,16,1.1.0,real,True,ok,,2026-09-20T06:46:50Z,0.7405644170939922,12375,5355,,,119,51,1e36b2a21365,00537edaed95edc9,f219c888b793,require_all_classes,"{""missing_in_test"": [], ""missing_in_train"": []}"
d3_rainbow_trout|pca_svm|classification|seed06|fold02,m1_benchmark,d3_rainbow_trout,pca_svm,classification,6,2,16,1.1.0,real,True,ok,,2026-09-20T06:47:52Z,0.6624072082340717,13059,4200,,,125,40,663466d18e5f,5552301da4db3cfe,f219c888b793,require_all_classes,"{""missing_in_test"": [], ""missing_in_train"": []}"
d3_rainbow_trout|pca_svm|classification|seed06|fold03,m1_benchmark,d3_rainbow_trout,pca_svm,classification,6,3,16,1.1.0,real,True,ok,,2026-09-20T06:48:57Z,0.6875727083534002,13125,4671,,,125,45,b74b733d6eb8,1a8407acf16da4f0,f219c888b793,require_all_classes,"{""missing_in_test"": [], ""missing_in_train"": []}"
d3_rainbow_trout|pca_svm|classification|seed06|fold04,m1_benchmark,d3_rainbow_trout,pca_svm,classification,6,4,16,1.1.0,real,True,ok,,2026-09-20T06:50:11Z,0.7194033754058182,14226,4134,,,136,40,4237abba1971,9f15a80b9ded3e35,f219c888b793,require_all_classes,"{""missing_in_test"": [], ""missing_in_train"": []}"
d3_rainbow_trout|pca_svm|classification|seed07|fold00,m1_benchmark,d3_rainbow_trout,pca_svm,classification,7,0,16,1.1.0,real,True,ok,,2026-09-20T06:51:24Z,0.5187015002593398,13700,3399,,,131,33,4a36cfbf17f0,9a152d5f312bd2fe,510b236a2d29,require_all_classes,"{""missing_in_test"": [], ""missing_in_train"": []}"
d3_rainbow_trout|pca_svm|classification|seed07|fold01,m1_benchmark,d3_rainbow_trout,pca_svm,classification,7,1,16,1.1.0,real,True,ok,,2026-09-20T06:52:30Z,0.6149625000543892,12639,4831,,,121,46,96d6bc493781,53515dbba2246433,510b236a2d29,require_all_classes,"{""missing_in_test"": [], ""missing_in_train"": []}"
d3_rainbow_trout|pca_svm|classification|seed07|fold02,m1_benchmark,d3_rainbow_trout,pca_svm,classification,7,2,16,1.1.0,real,True,ok,,2026-09-20T06:53:29Z,0.6201823749579489,12430,4460,,,119,43,63d5ed679a97,adb49ea4de4f86e6,510b236a2d29,require_all_classes,"{""missing_in_test"": [], ""missing_in_train"": []}"
d3_rainbow_trout|pca_svm|classification|seed07|fold03,m1_benchmark,d3_rainbow_trout,pca_svm,classification,7,3,16,1.1.0,real,True,ok,,2026-09-20T06:54:26Z,0.6040388750843704,12690,5040,,,122,48,82f8e99ea34e,bcce0ca3a20cb481,510b236a2d29,require_all_classes,"{""missing_in_test"": [], ""missing_in_train"": []}"
d3_rainbow_trout|pca_svm|classification|seed07|fold04,m1_benchmark,d3_rainbow_trout,pca_svm,classification,7,4,16,1.1.0,real,True,ok,,2026-09-20T06:55:27Z,0.5868064998649061,14331,4200,,,137,40,4a668330d0d7,c7a906b188feda4e,510b236a2d29,require_all_classes,"{""missing_in_test"": [], ""missing_in_train"": []}"
d3_rainbow_trout|pca_svm|classification|seed08|fold00,m1_benchmark,d3_rainbow_trout,pca_svm,classification,8,0,16,1.1.0,real,True,ok,,2026-09-20T06:56:40Z,0.7648968328721821,13441,4344,,,128,42,68c7c85b41da,1141ff59634c1213,9cb3600a7b94,require_all_classes,"{""missing_in_test"": [], ""missing_in_train"": []}"
d3_rainbow_trout|pca_svm|classification|seed08|fold01,m1_benchmark,d3_rainbow_trout,pca_svm,classification,8,1,16,1.1.0,real,True,ok,,2026-09-20T06:57:49Z,0.5862362091429532,12849,4145,,,123,40,8e5677b9212b,4bf6182953648a01,9cb3600a7b94,require_all_classes,"{""missing_in_test"": [], ""missing_in_train"": []}"
d3_rainbow_trout|pca_svm|classification|seed08|fold02,m1_benchmark,d3_rainbow_trout,pca_svm,classification,8,2,16,1.1.0,real,True,ok,,2026-09-20T06:58:52Z,0.5313934166915715,12584,4936,,,121,47,8f0b0a39787f,6724f30440438da0,9cb3600a7b94,require_all_classes,"{""missing_in_test"": [], ""missing_in_train"": []}"
d3_rainbow_trout|pca_svm|classification|seed08|fold03,m1_benchmark,d3_rainbow_trout,pca_svm,classification,8,3,16,1.1.0,real,True,ok,,2026-09-20T06:59:59Z,0.616437999997288,13425,4410,,,129,42,34bbc0b41277,5aaa6fb58526e54c,9cb3600a7b94,require_all_classes,"{""missing_in_test"": [], ""missing_in_train"": []}"
d3_rainbow_trout|pca_svm|classification|seed08|fold04,m1_benchmark,d3_rainbow_trout,pca_svm,classification,8,4,16,1.1.0,real,True,ok,,2026-09-20T07:18:57Z,0.5184246250428259,13491,4095,,,129,39,09fcc11d97ca,605c5f44da3f823c,9cb3600a7b94,require_all_classes,"{""missing_in_test"": [], ""missing_in_train"": []}"
d3_rainbow_trout|pca_svm|classification|seed09|fold00,m1_benchmark,d3_rainbow_trout,pca_svm,classification,9,0,16,1.1.0,real,True,ok,,2026-09-20T07:20:00Z,0.43096208292990923,12535,5460,,,120,52,a375bf17fa08,5f840d2a0d4dc68c,da269c7d4228,require_all_classes,"{""missing_in_test"": [], ""missing_in_train"": []}"
d3_rainbow_trout|pca_svm|classification|seed09|fold01,m1_benchmark,d3_rainbow_trout,pca_svm,classification,9,1,16,1.1.0,real,True,ok,,2026-09-20T07:20:58Z,0.38541170908138156,13231,3935,,,126,38,504c72a28909,d950e4b30b00c5a0,da269c7d4228,require_all_classes,"{""missing_in_test"": [], ""missing_in_train"": []}"
d3_rainbow_trout|pca_svm|classification|seed09|fold02,m1_benchmark,d3_rainbow_trout,pca_svm,classification,9,2,16,1.1.0,real,True,ok,,2026-09-20T07:21:57Z,0.5773119158111513,13281,4764,,,127,46,437478619e3d,160b35887b80d360,da269c7d4228,require_all_classes,"{""missing_in_test"": [], ""missing_in_train"": []}"
d3_rainbow_trout|pca_svm|classification|seed09|fold03,m1_benchmark,d3_rainbow_trout,pca_svm,classification,9,3,16,1.1.0,real,True,ok,,2026-09-20T07:22:56Z,0.4621251658536494,14159,3885,,,136,37,929f4fe4f729,7525eea0e4b76b83,da269c7d4228,require_all_classes,"{""missing_in_test"": [], ""missing_in_train"": []}"
d3_rainbow_trout|pca_svm|classification|seed09|fold04,m1_benchmark,d3_rainbow_trout,pca_svm,classification,9,4,16,1.1.0,real,True,ok,,2026-09-20T07:23:59Z,0.4282514173537493,12584,3886,,,121,37,903109ca3407,77b7b77a34f69905,da269c7d4228,require_all_classes,"{""missing_in_test"": [], ""missing_in_train"": []}"
d3_rainbow_trout|pca_svm|regression|seed00|fold00,m1_benchmark,d3_rainbow_trout,pca_svm,regression,0,0,16,1.1.0,real,True,ok,,2026-09-20T06:11:19Z,0.7738264580257237,12899,3570,,,124,34,439ff90e7bfb,403316066b120981,53ee335aac1a,require_all_classes,"{""missing_in_test"": [], ""missing_in_train"": []}"
d3_rainbow_trout|pca_svm|regression|seed00|fold01,m1_benchmark,d3_rainbow_trout,pca_svm,regression,0,1,16,1.1.0,real,True,ok,,2026-09-20T06:12:27Z,0.9783445843495429,12755,5461,,,122,52,505083e6d3e2,af61e39ae139569b,53ee335aac1a,require_all_classes,"{""missing_in_test"": [], ""missing_in_train"": []}"
d3_rainbow_trout|pca_svm|regression|seed00|fold02,m1_benchmark,d3_rainbow_trout,pca_svm,regression,0,2,16,1.1.0,real,True,ok,,2026-09-20T06:13:35Z,0.9320061663165689,13441,3714,,,128,36,8b9b123a945a,a102844582a1ef89,53ee335aac1a,require_all_classes,"{""missing_in_test"": [], ""missing_in_train"": []}"
d3_rainbow_trout|pca_svm|regression|seed00|fold03,m1_benchmark,d3_rainbow_trout,pca_svm,regression,0,3,16,1.1.0,real,True,ok,,2026-09-20T06:14:40Z,1.0862239999696612,12745,4775,,,122,46,e95b43ff80fb,f1adf6ae108ede07,53ee335aac1a,require_all_classes,"{""missing_in_test"": [], ""missing_in_train"": []}"
d3_rainbow_trout|pca_svm|regression|seed00|fold04,m1_benchmark,d3_rainbow_trout,pca_svm,regression,0,4,16,1.1.0,real,True,ok,,2026-09-20T06:15:44Z,1.2503947080112994,13950,4410,,,134,42,379c45a723d8,1775abe63aaa339b,53ee335aac1a,require_all_classes,"{""missing_in_test"": [], ""missing_in_train"": []}"
d3_rainbow_trout|pca_svm|regression|seed01|fold00,m1_benchmark,d3_rainbow_trout,pca_svm,regression,1,0,16,1.1.0,real,True,ok,,2026-09-20T06:16:54Z,0.7673037080094218,12009,5671,,,115,54,c18cd6593630,513147dfe2274b06,0ee917873708,require_all_classes,"{""missing_in_test"": [], ""missing_in_train"": []}"
d3_rainbow_trout|pca_svm|regression|seed01|fold01,m1_benchmark,d3_rainbow_trout,pca_svm,regression,1,1,16,1.1.0,real,True,ok,,2026-09-20T06:18:06Z,1.076722249854356,13231,4250,,,126,41,f8e1dc317188,69869b405c29af6c,0ee917873708,require_all_classes,"{""missing_in_test"": [], ""missing_in_train"": []}"
d3_rainbow_trout|pca_svm|regression|seed01|fold02,m1_benchmark,d3_rainbow_trout,pca_svm,regression,1,2,16,1.1.0,real,True,ok,,2026-09-20T06:19:31Z,1.2774243750609457,13386,4449,,,128,43,a9e97bc346eb,9818a1ee10bedf5b,0ee917873708,require_all_classes,"{""missing_in_test"": [], ""missing_in_train"": []}"
d3_rainbow_trout|pca_svm|regression|seed01|fold03,m1_benchmark,d3_rainbow_trout,pca_svm,regression,1,3,16,1.1.0,real,True,ok,,2026-09-20T06:20:57Z,1.8257271670736372,14370,4095,,,138,39,9ef7afc96896,af3d32f7919a9b0d,0ee917873708,require_all_classes,"{""missing_in_test"": [], ""missing_in_train"": []}"
d3_rainbow_trout|pca_svm|regression|seed01|fold04,m1_benchmark,d3_rainbow_trout,pca_svm,regression,1,4,16,1.1.0,real,True,ok,,2026-09-20T06:22:08Z,0.8758939998224378,12794,3465,,,123,33,36b0dd64e0a2,9a1785efb99d0265,0ee917873708,require_all_classes,"{""missing_in_test"": [], ""missing_in_train"": []}"
d3_rainbow_trout|pca_svm|regression|seed02|fold00,m1_benchmark,d3_rainbow_trout,pca_svm,regression,2,0,16,1.1.0,real,True,ok,,2026-09-20T06:23:23Z,1.2514207921922207,12795,5040,,,123,48,1f0b8d920f24,83824da7528e4b86,a93e587204d3,require_all_classes,"{""missing_in_test"": [], ""missing_in_train"": []}"
d3_rainbow_trout|pca_svm|regression|seed02|fold01,m1_benchmark,d3_rainbow_trout,pca_svm,regression,2,1,16,1.1.0,real,True,ok,,2026-09-20T06:24:32Z,0.882987542077899,13480,4095,,,129,39,0acec8a0e466,199ecd1d1114ef46,a93e587204d3,require_all_classes,"{""missing_in_test"": [], ""missing_in_train"": []}"
d3_rainbow_trout|pca_svm|regression|seed02|fold02,m1_benchmark,d3_rainbow_trout,pca_svm,regression,2,2,16,1.1.0,real,True,ok,,2026-09-20T06:25:50Z,0.9297161251306534,13164,4355,,,126,42,1f84fcceee02,e0009d8a252be228,a93e587204d3,require_all_classes,"{""missing_in_test"": [], ""missing_in_train"": []}"
d3_rainbow_trout|pca_svm|regression|seed02|fold03,m1_benchmark,d3_rainbow_trout,pca_svm,regression,2,3,16,1.1.0,real,True,ok,,2026-09-20T06:26:53Z,0.8846288328059018,13490,4411,,,129,42,f767c80e072e,7b217e8c49b5ea1a,a93e587204d3,require_all_classes,"{""missing_in_test"": [], ""missing_in_train"": []}"
d3_rainbow_trout|pca_svm|regression|seed02|fold04,m1_benchmark,d3_rainbow_trout,pca_svm,regression,2,4,16,1.1.0,real,True,ok,,2026-09-20T06:27:58Z,1.0105812917463481,12861,4029,,,123,39,b6dfe5056c8d,7ce577955a46dc01,a93e587204d3,require_all_classes,"{""missing_in_test"": [], ""missing_in_train"": []}"
d3_rainbow_trout|pca_svm|regression|seed03|fold00,m1_benchmark,d3_rainbow_trout,pca_svm,regression,3,0,16,1.1.0,real,True,ok,,2026-09-20T06:29:00Z,0.7437538341619074,11850,5145,,,114,49,1a6b7c8c8e18,ca6b33705c63066e,b1ffcd52027a,require_all_classes,"{""missing_in_test"": [], ""missing_in_train"": []}"
d3_rainbow_trout|pca_svm|regression|seed03|fold01,m1_benchmark,d3_rainbow_trout,pca_svm,regression,3,1,16,1.1.0,real,True,ok,,2026-09-20T06:30:00Z,0.8984639579430223,12584,4935,,,121,47,98a18b117f15,eb24a57d5b9a577b,b1ffcd52027a,require_all_classes,"{""missing_in_test"": [], ""missing_in_train"": []}"
d3_rainbow_trout|pca_svm|regression|seed03|fold02,m1_benchmark,d3_rainbow_trout,pca_svm,regression,3,2,16,1.1.0,real,True,ok,,2026-09-20T06:31:09Z,1.1575160827487707,13269,4411,,,127,42,04ec709fe01a,2b30a04a31964fed,b1ffcd52027a,require_all_classes,"{""missing_in_test"": [], ""missing_in_train"": []}"
d3_rainbow_trout|pca_svm|regression|seed03|fold03,m1_benchmark,d3_rainbow_trout,pca_svm,regression,3,3,16,1.1.0,real,True,ok,,2026-09-20T06:32:17Z,1.2375303753651679,14491,4250,,,138,41,c85f428662cd,78b9f05b9714bde1,b1ffcd52027a,require_all_classes,"{""missing_in_test"": [], ""missing_in_train"": []}"
d3_rainbow_trout|pca_svm|regression|seed03|fold04,m1_benchmark,d3_rainbow_trout,pca_svm,regression,3,4,16,1.1.0,real,True,ok,,2026-09-20T06:33:31Z,1.0582959996536374,13596,3189,,,130,31,df046eb01692,c5db49ac14f09fd4,b1ffcd52027a,require_all_classes,"{""missing_in_test"": [], ""missing_in_train"": []}"
d3_rainbow_trout|pca_svm|regression|seed04|fold00,m1_benchmark,d3_rainbow_trout,pca_svm,regression,4,0,16,1.1.0,real,True,ok,,2026-09-20T06:34:39Z,0.9252098328433931,12059,5040,,,116,48,61704ceeff39,7ff2afd0e2dc8616,3b8b997835e0,require_all_classes,"{""missing_in_test"": [], ""missing_in_train"": []}"
d3_rainbow_trout|pca_svm|regression|seed04|fold01,m1_benchmark,d3_rainbow_trout,pca_svm,regression,4,1,16,1.1.0,real,True,ok,,2026-09-20T06:35:42Z,1.1517070000991225,12860,4831,,,123,46,ad613cab2f31,0291bdecdd5d0b22,3b8b997835e0,require_all_classes,"{""missing_in_test"": [], ""missing_in_train"": []}"
d3_rainbow_trout|pca_svm|regression|seed04|fold02,m1_benchmark,d3_rainbow_trout,pca_svm,regression,4,2,16,1.1.0,real,True,ok,,2026-09-20T06:36:47Z,0.90455162525177,13336,4239,,,127,41,379348a7151b,37a2e1d2e3efd00b,3b8b997835e0,require_all_classes,"{""missing_in_test"": [], ""missing_in_train"": []}"
d3_rainbow_trout|pca_svm|regression|seed04|fold03,m1_benchmark,d3_rainbow_trout,pca_svm,regression,4,3,16,1.1.0,real,True,ok,,2026-09-20T06:37:51Z,1.0184540837071836,14110,4355,,,135,42,c6083012ffc5,594bd6c18f6379df,3b8b997835e0,require_all_classes,"{""missing_in_test"": [], ""missing_in_train"": []}"
d3_rainbow_trout|pca_svm|regression|seed04|fold04,m1_benchmark,d3_rainbow_trout,pca_svm,regression,4,4,16,1.1.0,real,True,ok,,2026-09-20T06:39:00Z,0.8944647079333663,13425,3465,,,129,33,cc7ed899cfca,1cbed1fee688750a,3b8b997835e0,require_all_classes,"{""missing_in_test"": [], ""missing_in_train"": []}"
d3_rainbow_trout|pca_svm|regression|seed05|fold00,m1_benchmark,d3_rainbow_trout,pca_svm,regression,5,0,16,1.1.0,real,True,ok,,2026-09-20T06:40:07Z,1.0346365422010422,12324,4935,,,118,47,38db515b1e41,44f2f55f1fccb3f1,191922ae3c2e,require_all_classes,"{""missing_in_test"": [], ""missing_in_train"": []}"
d3_rainbow_trout|pca_svm|regression|seed05|fold01,m1_benchmark,d3_rainbow_trout,pca_svm,regression,5,1,16,1.1.0,real,True,ok,,2026-09-20T06:41:10Z,1.0019363746978343,13020,4671,,,124,45,bf7a906f79da,ed8b7b93c232c7b1,191922ae3c2e,require_all_classes,"{""missing_in_test"": [], ""missing_in_train"": []}"
d3_rainbow_trout|pca_svm|regression|seed05|fold02,m1_benchmark,d3_rainbow_trout,pca_svm,regression,5,2,16,1.1.0,real,True,ok,,2026-09-20T06:42:17Z,1.2168791252188385,13806,4239,,,132,41,0d7b953d7c62,d17d328a5bb8a736,191922ae3c2e,require_all_classes,"{""missing_in_test"": [], ""missing_in_train"": []}"
d3_rainbow_trout|pca_svm|regression|seed05|fold03,m1_benchmark,d3_rainbow_trout,pca_svm,regression,5,3,16,1.1.0,real,True,ok,,2026-09-20T06:43:25Z,0.8785314168781042,13845,3885,,,133,37,92035a5401e3,60da9709d6898ec2,191922ae3c2e,require_all_classes,"{""missing_in_test"": [], ""missing_in_train"": []}"
d3_rainbow_trout|pca_svm|regression|seed05|fold04,m1_benchmark,d3_rainbow_trout,pca_svm,regression,5,4,16,1.1.0,real,True,ok,,2026-09-20T06:44:32Z,0.891586166806519,12795,4200,,,123,40,abf977863430,e7b314c500335d00,191922ae3c2e,require_all_classes,"{""missing_in_test"": [], ""missing_in_train"": []}"
d3_rainbow_trout|pca_svm|regression|seed06|fold00,m1_benchmark,d3_rainbow_trout,pca_svm,regression,6,0,16,1.1.0,real,True,ok,,2026-09-20T06:45:42Z,1.0655252081342041,13005,3570,,,125,34,ca859e305ed6,4f384a6cf1e45f22,f219c888b793,require_all_classes,"{""missing_in_test"": [], ""missing_in_train"": []}"
d3_rainbow_trout|pca_svm|regression|seed06|fold01,m1_benchmark,d3_rainbow_trout,pca_svm,regression,6,1,16,1.1.0,real,True,ok,,2026-09-20T06:46:50Z,0.9122913749888539,12375,5355,,,119,51,1e36b2a21365,f4ff92b42e864b12,f219c888b793,require_all_classes,"{""missing_in_test"": [], ""missing_in_train"": []}"
d3_rainbow_trout|pca_svm|regression|seed06|fold02,m1_benchmark,d3_rainbow_trout,pca_svm,regression,6,2,16,1.1.0,real,True,ok,,2026-09-20T06:47:53Z,0.940340249799192,13059,4200,,,125,40,663466d18e5f,d78318128bf6ccaa,f219c888b793,require_all_classes,"{""missing_in_test"": [], ""missing_in_train"": []}"
d3_rainbow_trout|pca_svm|regression|seed06|fold03,m1_benchmark,d3_rainbow_trout,pca_svm,regression,6,3,16,1.1.0,real,True,ok,,2026-09-20T06:48:58Z,0.9031982496380806,13125,4671,,,125,45,b74b733d6eb8,90aa55fc11145b57,f219c888b793,require_all_classes,"{""missing_in_test"": [], ""missing_in_train"": []}"
d3_rainbow_trout|pca_svm|regression|seed06|fold04,m1_benchmark,d3_rainbow_trout,pca_svm,regression,6,4,16,1.1.0,real,True,ok,,2026-09-20T06:50:12Z,0.983639667276293,14226,4134,,,136,40,4237abba1971,159ac81beb5d768b,f219c888b793,require_all_classes,"{""missing_in_test"": [], ""missing_in_train"": []}"
d3_rainbow_trout|pca_svm|regression|seed07|fold00,m1_benchmark,d3_rainbow_trout,pca_svm,regression,7,0,16,1.1.0,real,True,ok,,2026-09-20T06:51:25Z,1.06307362485677,13700,3399,,,131,33,4a36cfbf17f0,c145f469e7332d09,510b236a2d29,require_all_classes,"{""missing_in_test"": [], ""missing_in_train"": []}"
d3_rainbow_trout|pca_svm|regression|seed07|fold01,m1_benchmark,d3_rainbow_trout,pca_svm,regression,7,1,16,1.1.0,real,True,ok,,2026-09-20T06:52:31Z,0.8878551670350134,12639,4831,,,121,46,96d6bc493781,461aafd7f3b5e80f,510b236a2d29,require_all_classes,"{""missing_in_test"": [], ""missing_in_train"": []}"
d3_rainbow_trout|pca_svm|regression|seed07|fold02,m1_benchmark,d3_rainbow_trout,pca_svm,regression,7,2,16,1.1.0,real,True,ok,,2026-09-20T06:53:30Z,0.9492914578877389,12430,4460,,,119,43,63d5ed679a97,1ce6119428349a94,510b236a2d29,require_all_classes,"{""missing_in_test"": [], ""missing_in_train"": []}"
d3_rainbow_trout|pca_svm|regression|seed07|fold03,m1_benchmark,d3_rainbow_trout,pca_svm,regression,7,3,16,1.1.0,real,True,ok,,2026-09-20T06:54:27Z,0.9684009589254856,12690,5040,,,122,48,82f8e99ea34e,ef4fbff9f96e3c4d,510b236a2d29,require_all_classes,"{""missing_in_test"": [], ""missing_in_train"": []}"
d3_rainbow_trout|pca_svm|regression|seed07|fold04,m1_benchmark,d3_rainbow_trout,pca_svm,regression,7,4,16,1.1.0,real,True,ok,,2026-09-20T06:55:28Z,1.0925084580667317,14331,4200,,,137,40,4a668330d0d7,f4c08bbb50861998,510b236a2d29,require_all_classes,"{""missing_in_test"": [], ""missing_in_train"": []}"
d3_rainbow_trout|pca_svm|regression|seed08|fold00,m1_benchmark,d3_rainbow_trout,pca_svm,regression,8,0,16,1.1.0,real,True,ok,,2026-09-20T06:56:41Z,1.0279472921974957,13441,4344,,,128,42,68c7c85b41da,9f37f91ba0c60f80,9cb3600a7b94,require_all_classes,"{""missing_in_test"": [], ""missing_in_train"": []}"
d3_rainbow_trout|pca_svm|regression|seed08|fold01,m1_benchmark,d3_rainbow_trout,pca_svm,regression,8,1,16,1.1.0,real,True,ok,,2026-09-20T06:57:50Z,0.8045166246592999,12849,4145,,,123,40,8e5677b9212b,5b35e45b42e2c033,9cb3600a7b94,require_all_classes,"{""missing_in_test"": [], ""missing_in_train"": []}"
d3_rainbow_trout|pca_svm|regression|seed08|fold02,m1_benchmark,d3_rainbow_trout,pca_svm,regression,8,2,16,1.1.0,real,True,ok,,2026-09-20T06:58:53Z,1.0294027081690729,12584,4936,,,121,47,8f0b0a39787f,ef738b6b0e69d174,9cb3600a7b94,require_all_classes,"{""missing_in_test"": [], ""missing_in_train"": []}"
d3_rainbow_trout|pca_svm|regression|seed08|fold03,m1_benchmark,d3_rainbow_trout,pca_svm,regression,8,3,16,1.1.0,real,True,ok,,2026-09-20T07:00:00Z,0.9116872921586037,13425,4410,,,129,42,34bbc0b41277,494777a91d91e4f9,9cb3600a7b94,require_all_classes,"{""missing_in_test"": [], ""missing_in_train"": []}"
d3_rainbow_trout|pca_svm|regression|seed08|fold04,m1_benchmark,d3_rainbow_trout,pca_svm,regression,8,4,16,1.1.0,real,True,ok,,2026-09-20T07:18:58Z,1.078365874942392,13491,4095,,,129,39,09fcc11d97ca,a59303e59b7d5c15,9cb3600a7b94,require_all_classes,"{""missing_in_test"": [], ""missing_in_train"": []}"
d3_rainbow_trout|pca_svm|regression|seed09|fold00,m1_benchmark,d3_rainbow_trout,pca_svm,regression,9,0,16,1.1.0,real,True,ok,,2026-09-20T07:20:00Z,0.8768994999118149,12535,5460,,,120,52,a375bf17fa08,7c3f1165a944e4c9,da269c7d4228,require_all_classes,"{""missing_in_test"": [], ""missing_in_train"": []}"
d3_rainbow_trout|pca_svm|regression|seed09|fold01,m1_benchmark,d3_rainbow_trout,pca_svm,regression,9,1,16,1.1.0,real,True,ok,,2026-09-20T07:20:58Z,0.9250767910853028,13231,3935,,,126,38,504c72a28909,07f0a20213dd8f46,da269c7d4228,require_all_classes,"{""missing_in_test"": [], ""missing_in_train"": []}"
d3_rainbow_trout|pca_svm|regression|seed09|fold02,m1_benchmark,d3_rainbow_trout,pca_svm,regression,9,2,16,1.1.0,real,True,ok,,2026-09-20T07:21:58Z,0.9846541248261929,13281,4764,,,127,46,437478619e3d,d4b6aadaad03c79a,da269c7d4228,require_all_classes,"{""missing_in_test"": [], ""missing_in_train"": []}"
d3_rainbow_trout|pca_svm|regression|seed09|fold03,m1_benchmark,d3_rainbow_trout,pca_svm,regression,9,3,16,1.1.0,real,True,ok,,2026-09-20T07:22:57Z,0.7859132080338895,14159,3885,,,136,37,929f4fe4f729,925842f176b2cbad,da269c7d4228,require_all_classes,"{""missing_in_test"": [], ""missing_in_train"": []}"
d3_rainbow_trout|pca_svm|regression|seed09|fold04,m1_benchmark,d3_rainbow_trout,pca_svm,regression,9,4,16,1.1.0,real,True,ok,,2026-09-20T07:23:59Z,0.7192379580810666,12584,3886,,,121,37,903109ca3407,2f72f8ca9c43c143,da269c7d4228,require_all_classes,"{""missing_in_test"": [], ""missing_in_train"": []}"
d3_rainbow_trout|random_forest|classification|seed00|fold00,m1_benchmark,d3_rainbow_trout,random_forest,classification,0,0,16,1.1.0,real,True,ok,,2026-09-20T06:11:13Z,0.526915792375803,12899,3570,,,124,34,439ff90e7bfb,7506aa44a9679266,53ee335aac1a,require_all_classes,"{""missing_in_test"": [], ""missing_in_train"": []}"
d3_rainbow_trout|random_forest|classification|seed00|fold01,m1_benchmark,d3_rainbow_trout,random_forest,classification,0,1,16,1.1.0,real,True,ok,,2026-09-20T06:12:18Z,0.6632363749668002,12755,5461,,,122,52,505083e6d3e2,6b6b5370e4f1d016,53ee335aac1a,require_all_classes,"{""missing_in_test"": [], ""missing_in_train"": []}"
d3_rainbow_trout|random_forest|classification|seed00|fold02,m1_benchmark,d3_rainbow_trout,random_forest,classification,0,2,16,1.1.0,real,True,ok,,2026-09-20T06:13:25Z,0.6466884580440819,13441,3714,,,128,36,8b9b123a945a,fd7ae8a7f41d6e4c,53ee335aac1a,require_all_classes,"{""missing_in_test"": [], ""missing_in_train"": []}"
d3_rainbow_trout|random_forest|classification|seed00|fold03,m1_benchmark,d3_rainbow_trout,random_forest,classification,0,3,16,1.1.0,real,True,ok,,2026-09-20T06:14:31Z,0.7191917495802045,12745,4775,,,122,46,e95b43ff80fb,bd5f2c05972a9ec0,53ee335aac1a,require_all_classes,"{""missing_in_test"": [], ""missing_in_train"": []}"
d3_rainbow_trout|random_forest|classification|seed00|fold04,m1_benchmark,d3_rainbow_trout,random_forest,classification,0,4,16,1.1.0,real,True,ok,,2026-09-20T06:15:35Z,0.6567917079664767,13950,4410,,,134,42,379c45a723d8,e66f24d660c42d12,53ee335aac1a,require_all_classes,"{""missing_in_test"": [], ""missing_in_train"": []}"
d3_rainbow_trout|random_forest|classification|seed01|fold00,m1_benchmark,d3_rainbow_trout,random_forest,classification,1,0,16,1.1.0,real,True,ok,,2026-09-20T06:16:47Z,0.6093299170024693,12009,5671,,,115,54,c18cd6593630,255fb752e8f43833,0ee917873708,require_all_classes,"{""missing_in_test"": [], ""missing_in_train"": []}"
d3_rainbow_trout|random_forest|classification|seed01|fold01,m1_benchmark,d3_rainbow_trout,random_forest,classification,1,1,16,1.1.0,real,True,ok,,2026-09-20T06:17:55Z,0.8968096668832004,13231,4250,,,126,41,f8e1dc317188,831b7c2f2b617894,0ee917873708,require_all_classes,"{""missing_in_test"": [], ""missing_in_train"": []}"
d3_rainbow_trout|random_forest|classification|seed01|fold02,m1_benchmark,d3_rainbow_trout,random_forest,classification,1,2,16,1.1.0,real,True,ok,,2026-09-20T06:19:19Z,0.8164969999343157,13386,4449,,,128,43,a9e97bc346eb,1c373990b1d5676d,0ee917873708,require_all_classes,"{""missing_in_test"": [], ""missing_in_train"": []}"
d3_rainbow_trout|random_forest|classification|seed01|fold03,m1_benchmark,d3_rainbow_trout,random_forest,classification,1,3,16,1.1.0,real,True,ok,,2026-09-20T06:20:42Z,0.6555415838956833,14370,4095,,,138,39,9ef7afc96896,ae500fcaa2ac57cf,0ee917873708,require_all_classes,"{""missing_in_test"": [], ""missing_in_train"": []}"
d3_rainbow_trout|random_forest|classification|seed01|fold04,m1_benchmark,d3_rainbow_trout,random_forest,classification,1,4,16,1.1.0,real,True,ok,,2026-09-20T06:22:01Z,0.5784169589169323,12794,3465,,,123,33,36b0dd64e0a2,1f96772dd707d39f,0ee917873708,require_all_classes,"{""missing_in_test"": [], ""missing_in_train"": []}"
d3_rainbow_trout|random_forest|classification|seed02|fold00,m1_benchmark,d3_rainbow_trout,random_forest,classification,2,0,16,1.1.0,real,True,ok,,2026-09-20T06:23:15Z,0.522496999707073,12795,5040,,,123,48,1f0b8d920f24,a2eaf648b3c0d678,a93e587204d3,require_all_classes,"{""missing_in_test"": [], ""missing_in_train"": []}"
d3_rainbow_trout|random_forest|classification|seed02|fold01,m1_benchmark,d3_rainbow_trout,random_forest,classification,2,1,16,1.1.0,real,True,ok,,2026-09-20T06:24:23Z,0.6472428748384118,13480,4095,,,129,39,0acec8a0e466,8b58b3030411c0b7,a93e587204d3,require_all_classes,"{""missing_in_test"": [], ""missing_in_train"": []}"
d3_rainbow_trout|random_forest|classification|seed02|fold02,m1_benchmark,d3_rainbow_trout,random_forest,classification,2,2,16,1.1.0,real,True,ok,,2026-09-20T06:25:42Z,0.5177432079799473,13164,4355,,,126,42,1f84fcceee02,0c04ab2c9ab1fa5c,a93e587204d3,require_all_classes,"{""missing_in_test"": [], ""missing_in_train"": []}"
d3_rainbow_trout|random_forest|classification|seed02|fold03,m1_benchmark,d3_rainbow_trout,random_forest,classification,2,3,16,1.1.0,real,True,ok,,2026-09-20T06:26:44Z,0.6549709998071194,13490,4411,,,129,42,f767c80e072e,0027a6f6cb00ea1e,a93e587204d3,require_all_classes,"{""missing_in_test"": [], ""missing_in_train"": []}"
d3_rainbow_trout|random_forest|classification|seed02|fold04,m1_benchmark,d3_rainbow_trout,random_forest,classification,2,4,16,1.1.0,real,True,ok,,2026-09-20T06:27:49Z,0.5902016670443118,12861,4029,,,123,39,b6dfe5056c8d,d0ff1ff22771cdc7,a93e587204d3,require_all_classes,"{""missing_in_test"": [], ""missing_in_train"": []}"
d3_rainbow_trout|random_forest|classification|seed03|fold00,m1_benchmark,d3_rainbow_trout,random_forest,classification,3,0,16,1.1.0,real,True,ok,,2026-09-20T06:28:52Z,0.557880625128746,11850,5145,,,114,49,1a6b7c8c8e18,f9eb171a109515c1,b1ffcd52027a,require_all_classes,"{""missing_in_test"": [], ""missing_in_train"": []}"
d3_rainbow_trout|random_forest|classification|seed03|fold01,m1_benchmark,d3_rainbow_trout,random_forest,classification,3,1,16,1.1.0,real,True,ok,,2026-09-20T06:29:51Z,0.5986450840719044,12584,4935,,,121,47,98a18b117f15,5688447e8cca3722,b1ffcd52027a,require_all_classes,"{""missing_in_test"": [], ""missing_in_train"": []}"
d3_rainbow_trout|random_forest|classification|seed03|fold02,m1_benchmark,d3_rainbow_trout,random_forest,classification,3,2,16,1.1.0,real,True,ok,,2026-09-20T06:31:00Z,0.6178879155777395,13269,4411,,,127,42,04ec709fe01a,174f0fb3add880da,b1ffcd52027a,require_all_classes,"{""missing_in_test"": [], ""missing_in_train"": []}"
d3_rainbow_trout|random_forest|classification|seed03|fold03,m1_benchmark,d3_rainbow_trout,random_forest,classification,3,3,16,1.1.0,real,True,ok,,2026-09-20T06:32:06Z,0.72829629201442,14491,4250,,,138,41,c85f428662cd,ef5839bc4e5e0a93,b1ffcd52027a,require_all_classes,"{""missing_in_test"": [], ""missing_in_train"": []}"
d3_rainbow_trout|random_forest|classification|seed03|fold04,m1_benchmark,d3_rainbow_trout,random_forest,classification,3,4,16,1.1.0,real,True,ok,,2026-09-20T06:33:21Z,0.7854887498542666,13596,3189,,,130,31,df046eb01692,7dbee0187f4f2600,b1ffcd52027a,require_all_classes,"{""missing_in_test"": [], ""missing_in_train"": []}"
d3_rainbow_trout|random_forest|classification|seed04|fold00,m1_benchmark,d3_rainbow_trout,random_forest,classification,4,0,16,1.1.0,real,True,ok,,2026-09-20T06:34:30Z,0.636520333122462,12059,5040,,,116,48,61704ceeff39,f05afd3a310d81aa,3b8b997835e0,require_all_classes,"{""missing_in_test"": [], ""missing_in_train"": []}"
d3_rainbow_trout|random_forest|classification|seed04|fold01,m1_benchmark,d3_rainbow_trout,random_forest,classification,4,1,16,1.1.0,real,True,ok,,2026-09-20T06:35:32Z,0.7733964170329273,12860,4831,,,123,46,ad613cab2f31,f6c2873497b570c1,3b8b997835e0,require_all_classes,"{""missing_in_test"": [], ""missing_in_train"": []}"
d3_rainbow_trout|random_forest|classification|seed04|fold02,m1_benchmark,d3_rainbow_trout,random_forest,classification,4,2,16,1.1.0,real,True,ok,,2026-09-20T06:36:38Z,0.6896711247973144,13336,4239,,,127,41,379348a7151b,fc3ef985c1e2eebf,3b8b997835e0,require_all_classes,"{""missing_in_test"": [], ""missing_in_train"": []}"
d3_rainbow_trout|random_forest|classification|seed04|fold03,m1_benchmark,d3_rainbow_trout,random_forest,classification,4,3,16,1.1.0,real,True,ok,,2026-09-20T06:37:43Z,0.5998205416835845,14110,4355,,,135,42,c6083012ffc5,d3e8ed2d0d9c6bb6,3b8b997835e0,require_all_classes,"{""missing_in_test"": [], ""missing_in_train"": []}"
d3_rainbow_trout|random_forest|classification|seed04|fold04,m1_benchmark,d3_rainbow_trout,random_forest,classification,4,4,16,1.1.0,real,True,ok,,2026-09-20T06:38:51Z,0.6726128337904811,13425,3465,,,129,33,cc7ed899cfca,e07fbf106f79bf61,3b8b997835e0,require_all_classes,"{""missing_in_test"": [], ""missing_in_train"": []}"
d3_rainbow_trout|random_forest|classification|seed05|fold00,m1_benchmark,d3_rainbow_trout,random_forest,classification,5,0,16,1.1.0,real,True,ok,,2026-09-20T06:39:58Z,0.6822190419770777,12324,4935,,,118,47,38db515b1e41,ea871b97728046d0,191922ae3c2e,require_all_classes,"{""missing_in_test"": [], ""missing_in_train"": []}"
d3_rainbow_trout|random_forest|classification|seed05|fold01,m1_benchmark,d3_rainbow_trout,random_forest,classification,5,1,16,1.1.0,real,True,ok,,2026-09-20T06:41:01Z,0.7169595421291888,13020,4671,,,124,45,bf7a906f79da,a28b75c5944394b9,191922ae3c2e,require_all_classes,"{""missing_in_test"": [], ""missing_in_train"": []}"
d3_rainbow_trout|random_forest|classification|seed05|fold02,m1_benchmark,d3_rainbow_trout,random_forest,classification,5,2,16,1.1.0,real,True,ok,,2026-09-20T06:42:06Z,0.6513096247799695,13806,4239,,,132,41,0d7b953d7c62,cc61da96dee91c47,191922ae3c2e,require_all_classes,"{""missing_in_test"": [], ""missing_in_train"": []}"
d3_rainbow_trout|random_forest|classification|seed05|fold03,m1_benchmark,d3_rainbow_trout,random_forest,classification,5,3,16,1.1.0,real,True,ok,,2026-09-20T06:43:16Z,0.6436865413561463,13845,3885,,,133,37,92035a5401e3,223cb0fb9cfd2d90,191922ae3c2e,require_all_classes,"{""missing_in_test"": [], ""missing_in_train"": []}"
d3_rainbow_trout|random_forest|classification|seed05|fold04,m1_benchmark,d3_rainbow_trout,random_forest,classification,5,4,16,1.1.0,real,True,ok,,2026-09-20T06:44:23Z,0.6320532080717385,12795,4200,,,123,40,abf977863430,5c2c868e450ea9af,191922ae3c2e,require_all_classes,"{""missing_in_test"": [], ""missing_in_train"": []}"
d3_rainbow_trout|random_forest|classification|seed06|fold00,m1_benchmark,d3_rainbow_trout,random_forest,classification,6,0,16,1.1.0,real,True,ok,,2026-09-20T06:45:33Z,0.714099083095789,13005,3570,,,125,34,ca859e305ed6,14afbe37571832fa,f219c888b793,require_all_classes,"{""missing_in_test"": [], ""missing_in_train"": []}"
d3_rainbow_trout|random_forest|classification|seed06|fold01,m1_benchmark,d3_rainbow_trout,random_forest,classification,6,1,16,1.1.0,real,True,ok,,2026-09-20T06:46:41Z,0.6652288339100778,12375,5355,,,119,51,1e36b2a21365,f5bea26cf17bf576,f219c888b793,require_all_classes,"{""missing_in_test"": [], ""missing_in_train"": []}"
d3_rainbow_trout|random_forest|classification|seed06|fold02,m1_benchmark,d3_rainbow_trout,random_forest,classification,6,2,16,1.1.0,real,True,ok,,2026-09-20T06:47:43Z,0.6380684580653906,13059,4200,,,125,40,663466d18e5f,6f797014fb650f99,f219c888b793,require_all_classes,"{""missing_in_test"": [], ""missing_in_train"": []}"
d3_rainbow_trout|random_forest|classification|seed06|fold03,m1_benchmark,d3_rainbow_trout,random_forest,classification,6,3,16,1.1.0,real,True,ok,,2026-09-20T06:48:49Z,0.7114324173890054,13125,4671,,,125,45,b74b733d6eb8,440e49fd6821ba3d,f219c888b793,require_all_classes,"{""missing_in_test"": [], ""missing_in_train"": []}"
d3_rainbow_trout|random_forest|classification|seed06|fold04,m1_benchmark,d3_rainbow_trout,random_forest,classification,6,4,16,1.1.0,real,True,ok,,2026-09-20T06:50:01Z,0.7410486661829054,14226,4134,,,136,40,4237abba1971,f8ffc0d2b326622c,f219c888b793,require_all_classes,"{""missing_in_test"": [], ""missing_in_train"": []}"
d3_rainbow_trout|random_forest|classification|seed07|fold00,m1_benchmark,d3_rainbow_trout,random_forest,classification,7,0,16,1.1.0,real,True,ok,,2026-09-20T06:51:15Z,0.6834563752636313,13700,3399,,,131,33,4a36cfbf17f0,6aff7756d74098c3,510b236a2d29,require_all_classes,"{""missing_in_test"": [], ""missing_in_train"": []}"
d3_rainbow_trout|random_forest|classification|seed07|fold01,m1_benchmark,d3_rainbow_trout,random_forest,classification,7,1,16,1.1.0,real,True,ok,,2026-09-20T06:52:22Z,0.5571272089146078,12639,4831,,,121,46,96d6bc493781,379df37a3054f469,510b236a2d29,require_all_classes,"{""missing_in_test"": [], ""missing_in_train"": []}"
d3_rainbow_trout|random_forest|classification|seed07|fold02,m1_benchmark,d3_rainbow_trout,random_forest,classification,7,2,16,1.1.0,real,True,ok,,2026-09-20T06:53:23Z,0.4351912080310285,12430,4460,,,119,43,63d5ed679a97,230d496a820c3fd0,510b236a2d29,require_all_classes,"{""missing_in_test"": [], ""missing_in_train"": []}"
d3_rainbow_trout|random_forest|classification|seed07|fold03,m1_benchmark,d3_rainbow_trout,random_forest,classification,7,3,16,1.1.0,real,True,ok,,2026-09-20T06:54:21Z,0.44925254164263606,12690,5040,,,122,48,82f8e99ea34e,10719447fdeb9ed4,510b236a2d29,require_all_classes,"{""missing_in_test"": [], ""missing_in_train"": []}"
d3_rainbow_trout|random_forest|classification|seed07|fold04,m1_benchmark,d3_rainbow_trout,random_forest,classification,7,4,16,1.1.0,real,True,ok,,2026-09-20T06:55:19Z,0.46373137505725026,14331,4200,,,137,40,4a668330d0d7,3aa718505c7e064e,510b236a2d29,require_all_classes,"{""missing_in_test"": [], ""missing_in_train"": []}"
d3_rainbow_trout|random_forest|classification|seed08|fold00,m1_benchmark,d3_rainbow_trout,random_forest,classification,8,0,16,1.1.0,real,True,ok,,2026-09-20T06:56:31Z,0.7089397497475147,13441,4344,,,128,42,68c7c85b41da,84e592bf668e53f0,9cb3600a7b94,require_all_classes,"{""missing_in_test"": [], ""missing_in_train"": []}"
d3_rainbow_trout|random_forest|classification|seed08|fold01,m1_benchmark,d3_rainbow_trout,random_forest,classification,8,1,16,1.1.0,real,True,ok,,2026-09-20T06:57:40Z,0.6667981250211596,12849,4145,,,123,40,8e5677b9212b,d2664ca0b5f48848,9cb3600a7b94,require_all_classes,"{""missing_in_test"": [], ""missing_in_train"": []}"
d3_rainbow_trout|random_forest|classification|seed08|fold02,m1_benchmark,d3_rainbow_trout,random_forest,classification,8,2,16,1.1.0,real,True,ok,,2026-09-20T06:58:45Z,0.5316495001316071,12584,4936,,,121,47,8f0b0a39787f,c4de00ca0eacff1d,9cb3600a7b94,require_all_classes,"{""missing_in_test"": [], ""missing_in_train"": []}"
d3_rainbow_trout|random_forest|classification|seed08|fold03,m1_benchmark,d3_rainbow_trout,random_forest,classification,8,3,16,1.1.0,real,True,ok,,2026-09-20T06:59:52Z,0.5425097080878913,13425,4410,,,129,42,34bbc0b41277,3a6e7e35150c22b5,9cb3600a7b94,require_all_classes,"{""missing_in_test"": [], ""missing_in_train"": []}"
d3_rainbow_trout|random_forest|classification|seed08|fold04,m1_benchmark,d3_rainbow_trout,random_forest,classification,8,4,16,1.1.0,real,True,ok,,2026-09-20T07:18:52Z,0.45235604187473655,13491,4095,,,129,39,09fcc11d97ca,ec7ef32c06a511f4,9cb3600a7b94,require_all_classes,"{""missing_in_test"": [], ""missing_in_train"": []}"
d3_rainbow_trout|random_forest|classification|seed09|fold00,m1_benchmark,d3_rainbow_trout,random_forest,classification,9,0,16,1.1.0,real,True,ok,,2026-09-20T07:19:55Z,0.4835442495532334,12535,5460,,,120,52,a375bf17fa08,82d45232e538cc81,da269c7d4228,require_all_classes,"{""missing_in_test"": [], ""missing_in_train"": []}"
d3_rainbow_trout|random_forest|classification|seed09|fold01,m1_benchmark,d3_rainbow_trout,random_forest,classification,9,1,16,1.1.0,real,True,ok,,2026-09-20T07:20:53Z,0.44897979218512774,13231,3935,,,126,38,504c72a28909,5f23ef19e9c15e3f,da269c7d4228,require_all_classes,"{""missing_in_test"": [], ""missing_in_train"": []}"
d3_rainbow_trout|random_forest|classification|seed09|fold02,m1_benchmark,d3_rainbow_trout,random_forest,classification,9,2,16,1.1.0,real,True,ok,,2026-09-20T07:21:52Z,0.4486814169213176,13281,4764,,,127,46,437478619e3d,9f679449815ac4c2,da269c7d4228,require_all_classes,"{""missing_in_test"": [], ""missing_in_train"": []}"
d3_rainbow_trout|random_forest|classification|seed09|fold03,m1_benchmark,d3_rainbow_trout,random_forest,classification,9,3,16,1.1.0,real,True,ok,,2026-09-20T07:22:51Z,0.4486847501248121,14159,3885,,,136,37,929f4fe4f729,dcc134c03b45c43e,da269c7d4228,require_all_classes,"{""missing_in_test"": [], ""missing_in_train"": []}"
d3_rainbow_trout|random_forest|classification|seed09|fold04,m1_benchmark,d3_rainbow_trout,random_forest,classification,9,4,16,1.1.0,real,True,ok,,2026-09-20T07:23:54Z,0.44462216598913074,12584,3886,,,121,37,903109ca3407,cf61819a6d92dcad,da269c7d4228,require_all_classes,"{""missing_in_test"": [], ""missing_in_train"": []}"
d3_rainbow_trout|random_forest|regression|seed00|fold00,m1_benchmark,d3_rainbow_trout,random_forest,regression,0,0,16,1.1.0,real,True,ok,,2026-09-20T06:11:18Z,4.515465250238776,12899,3570,,,124,34,439ff90e7bfb,37371dad51a2d948,53ee335aac1a,require_all_classes,"{""missing_in_test"": [], ""missing_in_train"": []}"
d3_rainbow_trout|random_forest|regression|seed00|fold01,m1_benchmark,d3_rainbow_trout,random_forest,regression,0,1,16,1.1.0,real,True,ok,,2026-09-20T06:12:25Z,7.602560208179057,12755,5461,,,122,52,505083e6d3e2,c2da863241e33c51,53ee335aac1a,require_all_classes,"{""missing_in_test"": [], ""missing_in_train"": []}"
d3_rainbow_trout|random_forest|regression|seed00|fold02,m1_benchmark,d3_rainbow_trout,random_forest,regression,0,2,16,1.1.0,real,True,ok,,2026-09-20T06:13:33Z,8.463619000278413,13441,3714,,,128,36,8b9b123a945a,792daf3a41773961,53ee335aac1a,require_all_classes,"{""missing_in_test"": [], ""missing_in_train"": []}"
d3_rainbow_trout|random_forest|regression|seed00|fold03,m1_benchmark,d3_rainbow_trout,random_forest,regression,0,3,16,1.1.0,real,True,ok,,2026-09-20T06:14:38Z,7.405487417243421,12745,4775,,,122,46,e95b43ff80fb,c2cea9066f99763b,53ee335aac1a,require_all_classes,"{""missing_in_test"": [], ""missing_in_train"": []}"
d3_rainbow_trout|random_forest|regression|seed00|fold04,m1_benchmark,d3_rainbow_trout,random_forest,regression,0,4,16,1.1.0,real,True,ok,,2026-09-20T06:15:43Z,7.765989249572158,13950,4410,,,134,42,379c45a723d8,3d40cf6d193ac0c7,53ee335aac1a,require_all_classes,"{""missing_in_test"": [], ""missing_in_train"": []}"
d3_rainbow_trout|random_forest|regression|seed01|fold00,m1_benchmark,d3_rainbow_trout,random_forest,regression,1,0,16,1.1.0,real,True,ok,,2026-09-20T06:16:53Z,6.3072017496451735,12009,5671,,,115,54,c18cd6593630,fc53609cd8d8beee,0ee917873708,require_all_classes,"{""missing_in_test"": [], ""missing_in_train"": []}"
d3_rainbow_trout|random_forest|regression|seed01|fold01,m1_benchmark,d3_rainbow_trout,random_forest,regression,1,1,16,1.1.0,real,True,ok,,2026-09-20T06:18:04Z,8.793638250324875,13231,4250,,,126,41,f8e1dc317188,dc120ec9afe4e8c7,0ee917873708,require_all_classes,"{""missing_in_test"": [], ""missing_in_train"": []}"
d3_rainbow_trout|random_forest|regression|seed01|fold02,m1_benchmark,d3_rainbow_trout,random_forest,regression,1,2,16,1.1.0,real,True,ok,,2026-09-20T06:19:29Z,9.808885999955237,13386,4449,,,128,43,a9e97bc346eb,57d21b1e1eb4eee2,0ee917873708,require_all_classes,"{""missing_in_test"": [], ""missing_in_train"": []}"
d3_rainbow_trout|random_forest|regression|seed01|fold03,m1_benchmark,d3_rainbow_trout,random_forest,regression,1,3,16,1.1.0,real,True,ok,,2026-09-20T06:20:54Z,12.105474750045687,14370,4095,,,138,39,9ef7afc96896,bbf8b9588b77855b,0ee917873708,require_all_classes,"{""missing_in_test"": [], ""missing_in_train"": []}"
d3_rainbow_trout|random_forest|regression|seed01|fold04,m1_benchmark,d3_rainbow_trout,random_forest,regression,1,4,16,1.1.0,real,True,ok,,2026-09-20T06:22:07Z,6.434932583011687,12794,3465,,,123,33,36b0dd64e0a2,c9daf172f1f1f690,0ee917873708,require_all_classes,"{""missing_in_test"": [], ""missing_in_train"": []}"
d3_rainbow_trout|random_forest|regression|seed02|fold00,m1_benchmark,d3_rainbow_trout,random_forest,regression,2,0,16,1.1.0,real,True,ok,,2026-09-20T06:23:21Z,6.177036167122424,12795,5040,,,123,48,1f0b8d920f24,f174cee8c1aa7db2,a93e587204d3,require_all_classes,"{""missing_in_test"": [], ""missing_in_train"": []}"
d3_rainbow_trout|random_forest|regression|seed02|fold01,m1_benchmark,d3_rainbow_trout,random_forest,regression,2,1,16,1.1.0,real,True,ok,,2026-09-20T06:24:31Z,7.889985457994044,13480,4095,,,129,39,0acec8a0e466,e9dd91159676ea8b,a93e587204d3,require_all_classes,"{""missing_in_test"": [], ""missing_in_train"": []}"
d3_rainbow_trout|random_forest|regression|seed02|fold02,m1_benchmark,d3_rainbow_trout,random_forest,regression,2,2,16,1.1.0,real,True,ok,,2026-09-20T06:25:49Z,7.0864468747749925,13164,4355,,,126,42,1f84fcceee02,8adecfacc2b78f5a,a93e587204d3,require_all_classes,"{""missing_in_test"": [], ""missing_in_train"": []}"
d3_rainbow_trout|random_forest|regression|seed02|fold03,m1_benchmark,d3_rainbow_trout,random_forest,regression,2,3,16,1.1.0,real,True,ok,,2026-09-20T06:26:51Z,6.996728959027678,13490,4411,,,129,42,f767c80e072e,88a7f1e46558dea0,a93e587204d3,require_all_classes,"{""missing_in_test"": [], ""missing_in_train"": []}"
d3_rainbow_trout|random_forest|regression|seed02|fold04,m1_benchmark,d3_rainbow_trout,random_forest,regression,2,4,16,1.1.0,real,True,ok,,2026-09-20T06:27:56Z,7.286175500135869,12861,4029,,,123,39,b6dfe5056c8d,e954d73790ec9f2d,a93e587204d3,require_all_classes,"{""missing_in_test"": [], ""missing_in_train"": []}"
d3_rainbow_trout|random_forest|regression|seed03|fold00,m1_benchmark,d3_rainbow_trout,random_forest,regression,3,0,16,1.1.0,real,True,ok,,2026-09-20T06:28:58Z,5.888269250281155,11850,5145,,,114,49,1a6b7c8c8e18,0e9f05c36ec70b3e,b1ffcd52027a,require_all_classes,"{""missing_in_test"": [], ""missing_in_train"": []}"
d3_rainbow_trout|random_forest|regression|seed03|fold01,m1_benchmark,d3_rainbow_trout,random_forest,regression,3,1,16,1.1.0,real,True,ok,,2026-09-20T06:29:58Z,7.349076583050191,12584,4935,,,121,47,98a18b117f15,721f7542533e6af4,b1ffcd52027a,require_all_classes,"{""missing_in_test"": [], ""missing_in_train"": []}"
d3_rainbow_trout|random_forest|regression|seed03|fold02,m1_benchmark,d3_rainbow_trout,random_forest,regression,3,2,16,1.1.0,real,True,ok,,2026-09-20T06:31:07Z,7.3162428750656545,13269,4411,,,127,42,04ec709fe01a,b51405268ea693f8,b1ffcd52027a,require_all_classes,"{""missing_in_test"": [], ""missing_in_train"": []}"
d3_rainbow_trout|random_forest|regression|seed03|fold03,m1_benchmark,d3_rainbow_trout,random_forest,regression,3,3,16,1.1.0,real,True,ok,,2026-09-20T06:32:15Z,9.08813912468031,14491,4250,,,138,41,c85f428662cd,2e10e49a687713e4,b1ffcd52027a,require_all_classes,"{""missing_in_test"": [], ""missing_in_train"": []}"
d3_rainbow_trout|random_forest|regression|seed03|fold04,m1_benchmark,d3_rainbow_trout,random_forest,regression,3,4,16,1.1.0,real,True,ok,,2026-09-20T06:33:29Z,8.618819208815694,13596,3189,,,130,31,df046eb01692,74b2f38e12c6d238,b1ffcd52027a,require_all_classes,"{""missing_in_test"": [], ""missing_in_train"": []}"
d3_rainbow_trout|random_forest|regression|seed04|fold00,m1_benchmark,d3_rainbow_trout,random_forest,regression,4,0,16,1.1.0,real,True,ok,,2026-09-20T06:34:38Z,7.2821823339909315,12059,5040,,,116,48,61704ceeff39,65208ac2faf83ddd,3b8b997835e0,require_all_classes,"{""missing_in_test"": [], ""missing_in_train"": []}"
d3_rainbow_trout|random_forest|regression|seed04|fold01,m1_benchmark,d3_rainbow_trout,random_forest,regression,4,1,16,1.1.0,real,True,ok,,2026-09-20T06:35:40Z,7.980520291719586,12860,4831,,,123,46,ad613cab2f31,d457c0d753bf9668,3b8b997835e0,require_all_classes,"{""missing_in_test"": [], ""missing_in_train"": []}"
d3_rainbow_trout|random_forest|regression|seed04|fold02,m1_benchmark,d3_rainbow_trout,random_forest,regression,4,2,16,1.1.0,real,True,ok,,2026-09-20T06:36:45Z,7.70011179195717,13336,4239,,,127,41,379348a7151b,ee7a99319f1e13ad,3b8b997835e0,require_all_classes,"{""missing_in_test"": [], ""missing_in_train"": []}"
d3_rainbow_trout|random_forest|regression|seed04|fold03,m1_benchmark,d3_rainbow_trout,random_forest,regression,4,3,16,1.1.0,real,True,ok,,2026-09-20T06:37:49Z,6.890740540809929,14110,4355,,,135,42,c6083012ffc5,0d9977deb9225923,3b8b997835e0,require_all_classes,"{""missing_in_test"": [], ""missing_in_train"": []}"
d3_rainbow_trout|random_forest|regression|seed04|fold04,m1_benchmark,d3_rainbow_trout,random_forest,regression,4,4,16,1.1.0,real,True,ok,,2026-09-20T06:38:58Z,6.944339416921139,13425,3465,,,129,33,cc7ed899cfca,c80260c1a875e829,3b8b997835e0,require_all_classes,"{""missing_in_test"": [], ""missing_in_train"": []}"
d3_rainbow_trout|random_forest|regression|seed05|fold00,m1_benchmark,d3_rainbow_trout,random_forest,regression,5,0,16,1.1.0,real,True,ok,,2026-09-20T06:40:06Z,7.393644082825631,12324,4935,,,118,47,38db515b1e41,382bebdbd5fd3c20,191922ae3c2e,require_all_classes,"{""missing_in_test"": [], ""missing_in_train"": []}"
d3_rainbow_trout|random_forest|regression|seed05|fold01,m1_benchmark,d3_rainbow_trout,random_forest,regression,5,1,16,1.1.0,real,True,ok,,2026-09-20T06:41:08Z,6.824742125347257,13020,4671,,,124,45,bf7a906f79da,0f38a606903ba691,191922ae3c2e,require_all_classes,"{""missing_in_test"": [], ""missing_in_train"": []}"
d3_rainbow_trout|random_forest|regression|seed05|fold02,m1_benchmark,d3_rainbow_trout,random_forest,regression,5,2,16,1.1.0,real,True,ok,,2026-09-20T06:42:15Z,9.02271050028503,13806,4239,,,132,41,0d7b953d7c62,c1c08933391bd278,191922ae3c2e,require_all_classes,"{""missing_in_test"": [], ""missing_in_train"": []}"
d3_rainbow_trout|random_forest|regression|seed05|fold03,m1_benchmark,d3_rainbow_trout,random_forest,regression,5,3,16,1.1.0,real,True,ok,,2026-09-20T06:43:24Z,7.610035375226289,13845,3885,,,133,37,92035a5401e3,d5b1f412ed7a3b90,191922ae3c2e,require_all_classes,"{""missing_in_test"": [], ""missing_in_train"": []}"
d3_rainbow_trout|random_forest|regression|seed05|fold04,m1_benchmark,d3_rainbow_trout,random_forest,regression,5,4,16,1.1.0,real,True,ok,,2026-09-20T06:44:31Z,7.757578374817967,12795,4200,,,123,40,abf977863430,2c1fca685de5279e,191922ae3c2e,require_all_classes,"{""missing_in_test"": [], ""missing_in_train"": []}"
d3_rainbow_trout|random_forest|regression|seed06|fold00,m1_benchmark,d3_rainbow_trout,random_forest,regression,6,0,16,1.1.0,real,True,ok,,2026-09-20T06:45:41Z,7.936228416860104,13005,3570,,,125,34,ca859e305ed6,33306e343d98f92a,f219c888b793,require_all_classes,"{""missing_in_test"": [], ""missing_in_train"": []}"
d3_rainbow_trout|random_forest|regression|seed06|fold01,m1_benchmark,d3_rainbow_trout,random_forest,regression,6,1,16,1.1.0,real,True,ok,,2026-09-20T06:46:49Z,7.618464750237763,12375,5355,,,119,51,1e36b2a21365,35e4690e458f8c82,f219c888b793,require_all_classes,"{""missing_in_test"": [], ""missing_in_train"": []}"
d3_rainbow_trout|random_forest|regression|seed06|fold02,m1_benchmark,d3_rainbow_trout,random_forest,regression,6,2,16,1.1.0,real,True,ok,,2026-09-20T06:47:51Z,7.843025042209774,13059,4200,,,125,40,663466d18e5f,a9f37f577e3d6d72,f219c888b793,require_all_classes,"{""missing_in_test"": [], ""missing_in_train"": []}"
d3_rainbow_trout|random_forest|regression|seed06|fold03,m1_benchmark,d3_rainbow_trout,random_forest,regression,6,3,16,1.1.0,real,True,ok,,2026-09-20T06:48:57Z,7.742967207916081,13125,4671,,,125,45,b74b733d6eb8,991d5396969d45a0,f219c888b793,require_all_classes,"{""missing_in_test"": [], ""missing_in_train"": []}"
d3_rainbow_trout|random_forest|regression|seed06|fold04,m1_benchmark,d3_rainbow_trout,random_forest,regression,6,4,16,1.1.0,real,True,ok,,2026-09-20T06:50:10Z,8.689183583017439,14226,4134,,,136,40,4237abba1971,217639df29ea3111,f219c888b793,require_all_classes,"{""missing_in_test"": [], ""missing_in_train"": []}"
d3_rainbow_trout|random_forest|regression|seed07|fold00,m1_benchmark,d3_rainbow_trout,random_forest,regression,7,0,16,1.1.0,real,True,ok,,2026-09-20T06:51:23Z,7.79604774992913,13700,3399,,,131,33,4a36cfbf17f0,9ce093f55d5a7b91,510b236a2d29,require_all_classes,"{""missing_in_test"": [], ""missing_in_train"": []}"
d3_rainbow_trout|random_forest|regression|seed07|fold01,m1_benchmark,d3_rainbow_trout,random_forest,regression,7,1,16,1.1.0,real,True,ok,,2026-09-20T06:52:30Z,7.330179082695395,12639,4831,,,121,46,96d6bc493781,cb419e173e616bd9,510b236a2d29,require_all_classes,"{""missing_in_test"": [], ""missing_in_train"": []}"
d3_rainbow_trout|random_forest|regression|seed07|fold02,m1_benchmark,d3_rainbow_trout,random_forest,regression,7,2,16,1.1.0,real,True,ok,,2026-09-20T06:53:28Z,4.763706333935261,12430,4460,,,119,43,63d5ed679a97,9b73f80bb1b8f6d1,510b236a2d29,require_all_classes,"{""missing_in_test"": [], ""missing_in_train"": []}"
d3_rainbow_trout|random_forest|regression|seed07|fold03,m1_benchmark,d3_rainbow_trout,random_forest,regression,7,3,16,1.1.0,real,True,ok,,2026-09-20T06:54:25Z,4.679913416039199,12690,5040,,,122,48,82f8e99ea34e,fc2e77d1cc364eed,510b236a2d29,require_all_classes,"{""missing_in_test"": [], ""missing_in_train"": []}"
d3_rainbow_trout|random_forest|regression|seed07|fold04,m1_benchmark,d3_rainbow_trout,random_forest,regression,7,4,16,1.1.0,real,True,ok,,2026-09-20T06:55:26Z,6.669191415887326,14331,4200,,,137,40,4a668330d0d7,bd72587affd7f03a,510b236a2d29,require_all_classes,"{""missing_in_test"": [], ""missing_in_train"": []}"
d3_rainbow_trout|random_forest|regression|seed08|fold00,m1_benchmark,d3_rainbow_trout,random_forest,regression,8,0,16,1.1.0,real,True,ok,,2026-09-20T06:56:39Z,8.535471917130053,13441,4344,,,128,42,68c7c85b41da,cf4ef932bff6ab4c,9cb3600a7b94,require_all_classes,"{""missing_in_test"": [], ""missing_in_train"": []}"
d3_rainbow_trout|random_forest|regression|seed08|fold01,m1_benchmark,d3_rainbow_trout,random_forest,regression,8,1,16,1.1.0,real,True,ok,,2026-09-20T06:57:49Z,9.149963709060103,12849,4145,,,123,40,8e5677b9212b,56b9132a6641fbd6,9cb3600a7b94,require_all_classes,"{""missing_in_test"": [], ""missing_in_train"": []}"
d3_rainbow_trout|random_forest|regression|seed08|fold02,m1_benchmark,d3_rainbow_trout,random_forest,regression,8,2,16,1.1.0,real,True,ok,,2026-09-20T06:58:52Z,6.726601083762944,12584,4936,,,121,47,8f0b0a39787f,e9ebf27d8efd5a9a,9cb3600a7b94,require_all_classes,"{""missing_in_test"": [], ""missing_in_train"": []}"
d3_rainbow_trout|random_forest|regression|seed08|fold03,m1_benchmark,d3_rainbow_trout,random_forest,regression,8,3,16,1.1.0,real,True,ok,,2026-09-20T06:59:59Z,7.114499167073518,13425,4410,,,129,42,34bbc0b41277,b8a698eb81e46d26,9cb3600a7b94,require_all_classes,"{""missing_in_test"": [], ""missing_in_train"": []}"
d3_rainbow_trout|random_forest|regression|seed08|fold04,m1_benchmark,d3_rainbow_trout,random_forest,regression,8,4,16,1.1.0,real,True,ok,,2026-09-20T07:18:57Z,4.033724583219737,13491,4095,,,129,39,09fcc11d97ca,29019de32a0eee35,9cb3600a7b94,require_all_classes,"{""missing_in_test"": [], ""missing_in_train"": []}"
d3_rainbow_trout|random_forest|regression|seed09|fold00,m1_benchmark,d3_rainbow_trout,random_forest,regression,9,0,16,1.1.0,real,True,ok,,2026-09-20T07:19:59Z,3.984258916694671,12535,5460,,,120,52,a375bf17fa08,57925548bd541948,da269c7d4228,require_all_classes,"{""missing_in_test"": [], ""missing_in_train"": []}"
d3_rainbow_trout|random_forest|regression|seed09|fold01,m1_benchmark,d3_rainbow_trout,random_forest,regression,9,1,16,1.1.0,real,True,ok,,2026-09-20T07:20:57Z,4.253401291090995,13231,3935,,,126,38,504c72a28909,a8294614f08c1d82,da269c7d4228,require_all_classes,"{""missing_in_test"": [], ""missing_in_train"": []}"
d3_rainbow_trout|random_forest|regression|seed09|fold02,m1_benchmark,d3_rainbow_trout,random_forest,regression,9,2,16,1.1.0,real,True,ok,,2026-09-20T07:21:56Z,4.096454874612391,13281,4764,,,127,46,437478619e3d,355d4495a1b63168,da269c7d4228,require_all_classes,"{""missing_in_test"": [], ""missing_in_train"": []}"
d3_rainbow_trout|random_forest|regression|seed09|fold03,m1_benchmark,d3_rainbow_trout,random_forest,regression,9,3,16,1.1.0,real,True,ok,,2026-09-20T07:22:56Z,4.817565875127912,14159,3885,,,136,37,929f4fe4f729,e95318230318f438,da269c7d4228,require_all_classes,"{""missing_in_test"": [], ""missing_in_train"": []}"
d3_rainbow_trout|random_forest|regression|seed09|fold04,m1_benchmark,d3_rainbow_trout,random_forest,regression,9,4,16,1.1.0,real,True,ok,,2026-09-20T07:23:58Z,4.140819750260562,12584,3886,,,121,37,903109ca3407,c0107060831d7ea8,da269c7d4228,require_all_classes,"{""missing_in_test"": [], ""missing_in_train"": []}"
d3_rainbow_trout|svm_rbf|classification|seed00|fold00,m1_benchmark,d3_rainbow_trout,svm_rbf,classification,0,0,16,1.1.0,real,True,ok,,2026-09-20T06:11:12Z,0.4545589159242809,12899,3570,,,124,34,439ff90e7bfb,7822f1303c24201d,53ee335aac1a,require_all_classes,"{""missing_in_test"": [], ""missing_in_train"": []}"
d3_rainbow_trout|svm_rbf|classification|seed00|fold01,m1_benchmark,d3_rainbow_trout,svm_rbf,classification,0,1,16,1.1.0,real,True,ok,,2026-09-20T06:12:16Z,0.7083370839245617,12755,5461,,,122,52,505083e6d3e2,cd228600c324dc84,53ee335aac1a,require_all_classes,"{""missing_in_test"": [], ""missing_in_train"": []}"
d3_rainbow_trout|svm_rbf|classification|seed00|fold02,m1_benchmark,d3_rainbow_trout,svm_rbf,classification,0,2,16,1.1.0,real,True,ok,,2026-09-20T06:13:24Z,0.4580709170550108,13441,3714,,,128,36,8b9b123a945a,8fabb7a4840d6c17,53ee335aac1a,require_all_classes,"{""missing_in_test"": [], ""missing_in_train"": []}"
d3_rainbow_trout|svm_rbf|classification|seed00|fold03,m1_benchmark,d3_rainbow_trout,svm_rbf,classification,0,3,16,1.1.0,real,True,ok,,2026-09-20T06:14:29Z,0.6132770827971399,12745,4775,,,122,46,e95b43ff80fb,cb6b596c895df797,53ee335aac1a,require_all_classes,"{""missing_in_test"": [], ""missing_in_train"": []}"
d3_rainbow_trout|svm_rbf|classification|seed00|fold04,m1_benchmark,d3_rainbow_trout,svm_rbf,classification,0,4,16,1.1.0,real,True,ok,,2026-09-20T06:15:33Z,0.549857874866575,13950,4410,,,134,42,379c45a723d8,1c062738f2d3373a,53ee335aac1a,require_all_classes,"{""missing_in_test"": [], ""missing_in_train"": []}"
d3_rainbow_trout|svm_rbf|classification|seed01|fold00,m1_benchmark,d3_rainbow_trout,svm_rbf,classification,1,0,16,1.1.0,real,True,ok,,2026-09-20T06:16:45Z,0.5968730831518769,12009,5671,,,115,54,c18cd6593630,73e6b76c11918c9b,0ee917873708,require_all_classes,"{""missing_in_test"": [], ""missing_in_train"": []}"
d3_rainbow_trout|svm_rbf|classification|seed01|fold01,m1_benchmark,d3_rainbow_trout,svm_rbf,classification,1,1,16,1.1.0,real,True,ok,,2026-09-20T06:17:53Z,0.7426494588144124,13231,4250,,,126,41,f8e1dc317188,573ac0e011924d3b,0ee917873708,require_all_classes,"{""missing_in_test"": [], ""missing_in_train"": []}"
d3_rainbow_trout|svm_rbf|classification|seed01|fold02,m1_benchmark,d3_rainbow_trout,svm_rbf,classification,1,2,16,1.1.0,real,True,ok,,2026-09-20T06:19:17Z,0.7683281251229346,13386,4449,,,128,43,a9e97bc346eb,763b91a51dd71a20,0ee917873708,require_all_classes,"{""missing_in_test"": [], ""missing_in_train"": []}"
d3_rainbow_trout|svm_rbf|classification|seed01|fold03,m1_benchmark,d3_rainbow_trout,svm_rbf,classification,1,3,16,1.1.0,real,True,ok,,2026-09-20T06:20:40Z,0.7415724168531597,14370,4095,,,138,39,9ef7afc96896,fdfb6de044c335ed,0ee917873708,require_all_classes,"{""missing_in_test"": [], ""missing_in_train"": []}"
d3_rainbow_trout|svm_rbf|classification|seed01|fold04,m1_benchmark,d3_rainbow_trout,svm_rbf,classification,1,4,16,1.1.0,real,True,ok,,2026-09-20T06:22:00Z,0.4138976247049868,12794,3465,,,123,33,36b0dd64e0a2,4426005be01269ae,0ee917873708,require_all_classes,"{""missing_in_test"": [], ""missing_in_train"": []}"
d3_rainbow_trout|svm_rbf|classification|seed02|fold00,m1_benchmark,d3_rainbow_trout,svm_rbf,classification,2,0,16,1.1.0,real,True,ok,,2026-09-20T06:23:13Z,0.6088946671225131,12795,5040,,,123,48,1f0b8d920f24,0479526eab6bafde,a93e587204d3,require_all_classes,"{""missing_in_test"": [], ""missing_in_train"": []}"
d3_rainbow_trout|svm_rbf|classification|seed02|fold01,m1_benchmark,d3_rainbow_trout,svm_rbf,classification,2,1,16,1.1.0,real,True,ok,,2026-09-20T06:24:21Z,0.5835538753308356,13480,4095,,,129,39,0acec8a0e466,966b94646d3e69f4,a93e587204d3,require_all_classes,"{""missing_in_test"": [], ""missing_in_train"": []}"
d3_rainbow_trout|svm_rbf|classification|seed02|fold02,m1_benchmark,d3_rainbow_trout,svm_rbf,classification,2,2,16,1.1.0,real,True,ok,,2026-09-20T06:25:40Z,0.43654912477359176,13164,4355,,,126,42,1f84fcceee02,2e8a48ff51b38d21,a93e587204d3,require_all_classes,"{""missing_in_test"": [], ""missing_in_train"": []}"
d3_rainbow_trout|svm_rbf|classification|seed02|fold03,m1_benchmark,d3_rainbow_trout,svm_rbf,classification,2,3,16,1.1.0,real,True,ok,,2026-09-20T06:26:43Z,0.6039320421405137,13490,4411,,,129,42,f767c80e072e,bf18a1e2e1aefc00,a93e587204d3,require_all_classes,"{""missing_in_test"": [], ""missing_in_train"": []}"
d3_rainbow_trout|svm_rbf|classification|seed02|fold04,m1_benchmark,d3_rainbow_trout,svm_rbf,classification,2,4,16,1.1.0,real,True,ok,,2026-09-20T06:27:47Z,0.5214730831794441,12861,4029,,,123,39,b6dfe5056c8d,07caa34e96b5fa22,a93e587204d3,require_all_classes,"{""missing_in_test"": [], ""missing_in_train"": []}"
d3_rainbow_trout|svm_rbf|classification|seed03|fold00,m1_benchmark,d3_rainbow_trout,svm_rbf,classification,3,0,16,1.1.0,real,True,ok,,2026-09-20T06:28:51Z,0.502689250279218,11850,5145,,,114,49,1a6b7c8c8e18,072e19011bb7f82f,b1ffcd52027a,require_all_classes,"{""missing_in_test"": [], ""missing_in_train"": []}"
d3_rainbow_trout|svm_rbf|classification|seed03|fold01,m1_benchmark,d3_rainbow_trout,svm_rbf,classification,3,1,16,1.1.0,real,True,ok,,2026-09-20T06:29:50Z,0.5959980841726065,12584,4935,,,121,47,98a18b117f15,5d13808477ea740a,b1ffcd52027a,require_all_classes,"{""missing_in_test"": [], ""missing_in_train"": []}"
d3_rainbow_trout|svm_rbf|classification|seed03|fold02,m1_benchmark,d3_rainbow_trout,svm_rbf,classification,3,2,16,1.1.0,real,True,ok,,2026-09-20T06:30:58Z,0.541409790981561,13269,4411,,,127,42,04ec709fe01a,fcc3a40615cdf18d,b1ffcd52027a,require_all_classes,"{""missing_in_test"": [], ""missing_in_train"": []}"
d3_rainbow_trout|svm_rbf|classification|seed03|fold03,m1_benchmark,d3_rainbow_trout,svm_rbf,classification,3,3,16,1.1.0,real,True,ok,,2026-09-20T06:32:04Z,0.5918811657465994,14491,4250,,,138,41,c85f428662cd,0b39ea9ab623580e,b1ffcd52027a,require_all_classes,"{""missing_in_test"": [], ""missing_in_train"": []}"
d3_rainbow_trout|svm_rbf|classification|seed03|fold04,m1_benchmark,d3_rainbow_trout,svm_rbf,classification,3,4,16,1.1.0,real,True,ok,,2026-09-20T06:33:19Z,0.5312950410880148,13596,3189,,,130,31,df046eb01692,6105e52efa062c8e,b1ffcd52027a,require_all_classes,"{""missing_in_test"": [], ""missing_in_train"": []}"
d3_rainbow_trout|svm_rbf|classification|seed04|fold00,m1_benchmark,d3_rainbow_trout,svm_rbf,classification,4,0,16,1.1.0,real,True,ok,,2026-09-20T06:34:29Z,0.5948695410043001,12059,5040,,,116,48,61704ceeff39,af4e8f81c118fba9,3b8b997835e0,require_all_classes,"{""missing_in_test"": [], ""missing_in_train"": []}"
d3_rainbow_trout|svm_rbf|classification|seed04|fold01,m1_benchmark,d3_rainbow_trout,svm_rbf,classification,4,1,16,1.1.0,real,True,ok,,2026-09-20T06:35:30Z,0.6775742503814399,12860,4831,,,123,46,ad613cab2f31,08ef9f08298ca99e,3b8b997835e0,require_all_classes,"{""missing_in_test"": [], ""missing_in_train"": []}"
d3_rainbow_trout|svm_rbf|classification|seed04|fold02,m1_benchmark,d3_rainbow_trout,svm_rbf,classification,4,2,16,1.1.0,real,True,ok,,2026-09-20T06:36:36Z,0.6065138331614435,13336,4239,,,127,41,379348a7151b,39d5a75ec2b34a20,3b8b997835e0,require_all_classes,"{""missing_in_test"": [], ""missing_in_train"": []}"
d3_rainbow_trout|svm_rbf|classification|seed04|fold03,m1_benchmark,d3_rainbow_trout,svm_rbf,classification,4,3,16,1.1.0,real,True,ok,,2026-09-20T06:37:41Z,0.537028250284493,14110,4355,,,135,42,c6083012ffc5,483c9192069a61f9,3b8b997835e0,require_all_classes,"{""missing_in_test"": [], ""missing_in_train"": []}"
d3_rainbow_trout|svm_rbf|classification|seed04|fold04,m1_benchmark,d3_rainbow_trout,svm_rbf,classification,4,4,16,1.1.0,real,True,ok,,2026-09-20T06:38:50Z,0.4171898327767849,13425,3465,,,129,33,cc7ed899cfca,456a11df8cd50083,3b8b997835e0,require_all_classes,"{""missing_in_test"": [], ""missing_in_train"": []}"
d3_rainbow_trout|svm_rbf|classification|seed05|fold00,m1_benchmark,d3_rainbow_trout,svm_rbf,classification,5,0,16,1.1.0,real,True,ok,,2026-09-20T06:39:57Z,0.6664630421437323,12324,4935,,,118,47,38db515b1e41,9b1613efec1f6329,191922ae3c2e,require_all_classes,"{""missing_in_test"": [], ""missing_in_train"": []}"
d3_rainbow_trout|svm_rbf|classification|seed05|fold01,m1_benchmark,d3_rainbow_trout,svm_rbf,classification,5,1,16,1.1.0,real,True,ok,,2026-09-20T06:41:00Z,0.5935358749702573,13020,4671,,,124,45,bf7a906f79da,8781db7ce90a6007,191922ae3c2e,require_all_classes,"{""missing_in_test"": [], ""missing_in_train"": []}"
d3_rainbow_trout|svm_rbf|classification|seed05|fold02,m1_benchmark,d3_rainbow_trout,svm_rbf,classification,5,2,16,1.1.0,real,True,ok,,2026-09-20T06:42:04Z,0.5776414996944368,13806,4239,,,132,41,0d7b953d7c62,0cabe201cdc99c5a,191922ae3c2e,require_all_classes,"{""missing_in_test"": [], ""missing_in_train"": []}"
d3_rainbow_trout|svm_rbf|classification|seed05|fold03,m1_benchmark,d3_rainbow_trout,svm_rbf,classification,5,3,16,1.1.0,real,True,ok,,2026-09-20T06:43:15Z,0.4851333750411868,13845,3885,,,133,37,92035a5401e3,86fcf93559119195,191922ae3c2e,require_all_classes,"{""missing_in_test"": [], ""missing_in_train"": []}"
d3_rainbow_trout|svm_rbf|classification|seed05|fold04,m1_benchmark,d3_rainbow_trout,svm_rbf,classification,5,4,16,1.1.0,real,True,ok,,2026-09-20T06:44:22Z,0.523280540946871,12795,4200,,,123,40,abf977863430,e896f4c87c452004,191922ae3c2e,require_all_classes,"{""missing_in_test"": [], ""missing_in_train"": []}"
d3_rainbow_trout|svm_rbf|classification|seed06|fold00,m1_benchmark,d3_rainbow_trout,svm_rbf,classification,6,0,16,1.1.0,real,True,ok,,2026-09-20T06:45:31Z,0.46017341688275337,13005,3570,,,125,34,ca859e305ed6,38df9466384eb2e3,f219c888b793,require_all_classes,"{""missing_in_test"": [], ""missing_in_train"": []}"
d3_rainbow_trout|svm_rbf|classification|seed06|fold01,m1_benchmark,d3_rainbow_trout,svm_rbf,classification,6,1,16,1.1.0,real,True,ok,,2026-09-20T06:46:40Z,0.7341118338517845,12375,5355,,,119,51,1e36b2a21365,183ad6841fedf38e,f219c888b793,require_all_classes,"{""missing_in_test"": [], ""missing_in_train"": []}"
d3_rainbow_trout|svm_rbf|classification|seed06|fold02,m1_benchmark,d3_rainbow_trout,svm_rbf,classification,6,2,16,1.1.0,real,True,ok,,2026-09-20T06:47:42Z,0.5400200001895428,13059,4200,,,125,40,663466d18e5f,b5bd204941835b0c,f219c888b793,require_all_classes,"{""missing_in_test"": [], ""missing_in_train"": []}"
d3_rainbow_trout|svm_rbf|classification|seed06|fold03,m1_benchmark,d3_rainbow_trout,svm_rbf,classification,6,3,16,1.1.0,real,True,ok,,2026-09-20T06:48:47Z,0.7394099170342088,13125,4671,,,125,45,b74b733d6eb8,b53ee664f7f56ab9,f219c888b793,require_all_classes,"{""missing_in_test"": [], ""missing_in_train"": []}"
d3_rainbow_trout|svm_rbf|classification|seed06|fold04,m1_benchmark,d3_rainbow_trout,svm_rbf,classification,6,4,16,1.1.0,real,True,ok,,2026-09-20T06:49:59Z,0.5855166250839829,14226,4134,,,136,40,4237abba1971,8541c0a6b5f4473f,f219c888b793,require_all_classes,"{""missing_in_test"": [], ""missing_in_train"": []}"
d3_rainbow_trout|svm_rbf|classification|seed07|fold00,m1_benchmark,d3_rainbow_trout,svm_rbf,classification,7,0,16,1.1.0,real,True,ok,,2026-09-20T06:51:14Z,0.4268074161373079,13700,3399,,,131,33,4a36cfbf17f0,838bcd00573ef265,510b236a2d29,require_all_classes,"{""missing_in_test"": [], ""missing_in_train"": []}"
d3_rainbow_trout|svm_rbf|classification|seed07|fold01,m1_benchmark,d3_rainbow_trout,svm_rbf,classification,7,1,16,1.1.0,real,True,ok,,2026-09-20T06:52:21Z,0.5535175409168005,12639,4831,,,121,46,96d6bc493781,fb8af0125f054444,510b236a2d29,require_all_classes,"{""missing_in_test"": [], ""missing_in_train"": []}"
d3_rainbow_trout|svm_rbf|classification|seed07|fold02,m1_benchmark,d3_rainbow_trout,svm_rbf,classification,7,2,16,1.1.0,real,True,ok,,2026-09-20T06:53:22Z,0.5801857910118997,12430,4460,,,119,43,63d5ed679a97,661ea2f168470dad,510b236a2d29,require_all_classes,"{""missing_in_test"": [], ""missing_in_train"": []}"
d3_rainbow_trout|svm_rbf|classification|seed07|fold03,m1_benchmark,d3_rainbow_trout,svm_rbf,classification,7,3,16,1.1.0,real,True,ok,,2026-09-20T06:54:20Z,0.5335121662355959,12690,5040,,,122,48,82f8e99ea34e,32cee4a30db80a3c,510b236a2d29,require_all_classes,"{""missing_in_test"": [], ""missing_in_train"": []}"
d3_rainbow_trout|svm_rbf|classification|seed07|fold04,m1_benchmark,d3_rainbow_trout,svm_rbf,classification,7,4,16,1.1.0,real,True,ok,,2026-09-20T06:55:18Z,0.4442752501927316,14331,4200,,,137,40,4a668330d0d7,eec1724179dec417,510b236a2d29,require_all_classes,"{""missing_in_test"": [], ""missing_in_train"": []}"
d3_rainbow_trout|svm_rbf|classification|seed08|fold00,m1_benchmark,d3_rainbow_trout,svm_rbf,classification,8,0,16,1.1.0,real,True,ok,,2026-09-20T06:56:29Z,0.6132583748549223,13441,4344,,,128,42,68c7c85b41da,6082102a76853b8d,9cb3600a7b94,require_all_classes,"{""missing_in_test"": [], ""missing_in_train"": []}"
d3_rainbow_trout|svm_rbf|classification|seed08|fold01,m1_benchmark,d3_rainbow_trout,svm_rbf,classification,8,1,16,1.1.0,real,True,ok,,2026-09-20T06:57:38Z,0.5259935003705323,12849,4145,,,123,40,8e5677b9212b,a32232c189c7cf15,9cb3600a7b94,require_all_classes,"{""missing_in_test"": [], ""missing_in_train"": []}"
d3_rainbow_trout|svm_rbf|classification|seed08|fold02,m1_benchmark,d3_rainbow_trout,svm_rbf,classification,8,2,16,1.1.0,real,True,ok,,2026-09-20T06:58:44Z,0.4405415002256632,12584,4936,,,121,47,8f0b0a39787f,2357f290d9290b9f,9cb3600a7b94,require_all_classes,"{""missing_in_test"": [], ""missing_in_train"": []}"
d3_rainbow_trout|svm_rbf|classification|seed08|fold03,m1_benchmark,d3_rainbow_trout,svm_rbf,classification,8,3,16,1.1.0,real,True,ok,,2026-09-20T06:59:50Z,0.4645641250535846,13425,4410,,,129,42,34bbc0b41277,968c93edbd0fce8a,9cb3600a7b94,require_all_classes,"{""missing_in_test"": [], ""missing_in_train"": []}"
d3_rainbow_trout|svm_rbf|classification|seed08|fold04,m1_benchmark,d3_rainbow_trout,svm_rbf,classification,8,4,16,1.1.0,real,True,ok,,2026-09-20T07:18:51Z,0.5420943326316774,13491,4095,,,129,39,09fcc11d97ca,8a96c821e55995ff,9cb3600a7b94,require_all_classes,"{""missing_in_test"": [], ""missing_in_train"": []}"
d3_rainbow_trout|svm_rbf|classification|seed09|fold00,m1_benchmark,d3_rainbow_trout,svm_rbf,classification,9,0,16,1.1.0,real,True,ok,,2026-09-20T07:19:54Z,0.5251767081208527,12535,5460,,,120,52,a375bf17fa08,052a7afa8cace11c,da269c7d4228,require_all_classes,"{""missing_in_test"": [], ""missing_in_train"": []}"
d3_rainbow_trout|svm_rbf|classification|seed09|fold01,m1_benchmark,d3_rainbow_trout,svm_rbf,classification,9,1,16,1.1.0,real,True,ok,,2026-09-20T07:20:52Z,0.4784098747186363,13231,3935,,,126,38,504c72a28909,ae0cf2190b1c7f67,da269c7d4228,require_all_classes,"{""missing_in_test"": [], ""missing_in_train"": []}"
d3_rainbow_trout|svm_rbf|classification|seed09|fold02,m1_benchmark,d3_rainbow_trout,svm_rbf,classification,9,2,16,1.1.0,real,True,ok,,2026-09-20T07:21:51Z,0.5730046252720058,13281,4764,,,127,46,437478619e3d,f05c4a0f5c79034a,da269c7d4228,require_all_classes,"{""missing_in_test"": [], ""missing_in_train"": []}"
d3_rainbow_trout|svm_rbf|classification|seed09|fold03,m1_benchmark,d3_rainbow_trout,svm_rbf,classification,9,3,16,1.1.0,real,True,ok,,2026-09-20T07:22:50Z,0.45865804236382246,14159,3885,,,136,37,929f4fe4f729,497ed824f8721f64,da269c7d4228,require_all_classes,"{""missing_in_test"": [], ""missing_in_train"": []}"
d3_rainbow_trout|svm_rbf|classification|seed09|fold04,m1_benchmark,d3_rainbow_trout,svm_rbf,classification,9,4,16,1.1.0,real,True,ok,,2026-09-20T07:23:53Z,0.45834520924836397,12584,3886,,,121,37,903109ca3407,bf97f9231cffa149,da269c7d4228,require_all_classes,"{""missing_in_test"": [], ""missing_in_train"": []}"
d3_rainbow_trout|svm_rbf|regression|seed00|fold00,m1_benchmark,d3_rainbow_trout,svm_rbf,regression,0,0,16,1.1.0,real,True,ok,,2026-09-20T06:11:12Z,0.6346150422468781,12899,3570,,,124,34,439ff90e7bfb,0133ceb179b390f1,53ee335aac1a,require_all_classes,"{""missing_in_test"": [], ""missing_in_train"": []}"
d3_rainbow_trout|svm_rbf|regression|seed00|fold01,m1_benchmark,d3_rainbow_trout,svm_rbf,regression,0,1,16,1.1.0,real,True,ok,,2026-09-20T06:12:17Z,0.919925875030458,12755,5461,,,122,52,505083e6d3e2,1927084c64692603,53ee335aac1a,require_all_classes,"{""missing_in_test"": [], ""missing_in_train"": []}"
d3_rainbow_trout|svm_rbf|regression|seed00|fold02,m1_benchmark,d3_rainbow_trout,svm_rbf,regression,0,2,16,1.1.0,real,True,ok,,2026-09-20T06:13:24Z,0.602450208272785,13441,3714,,,128,36,8b9b123a945a,272dd6b161c00da5,53ee335aac1a,require_all_classes,"{""missing_in_test"": [], ""missing_in_train"": []}"
d3_rainbow_trout|svm_rbf|regression|seed00|fold03,m1_benchmark,d3_rainbow_trout,svm_rbf,regression,0,3,16,1.1.0,real,True,ok,,2026-09-20T06:14:30Z,0.8519073338247836,12745,4775,,,122,46,e95b43ff80fb,c3606fad6e9bd1cd,53ee335aac1a,require_all_classes,"{""missing_in_test"": [], ""missing_in_train"": []}"
d3_rainbow_trout|svm_rbf|regression|seed00|fold04,m1_benchmark,d3_rainbow_trout,svm_rbf,regression,0,4,16,1.1.0,real,True,ok,,2026-09-20T06:15:34Z,0.9110927088186145,13950,4410,,,134,42,379c45a723d8,00e4ea083de8930a,53ee335aac1a,require_all_classes,"{""missing_in_test"": [], ""missing_in_train"": []}"
d3_rainbow_trout|svm_rbf|regression|seed01|fold00,m1_benchmark,d3_rainbow_trout,svm_rbf,regression,1,0,16,1.1.0,real,True,ok,,2026-09-20T06:16:46Z,0.5983534161932766,12009,5671,,,115,54,c18cd6593630,7f3a18efee4337ba,0ee917873708,require_all_classes,"{""missing_in_test"": [], ""missing_in_train"": []}"
d3_rainbow_trout|svm_rbf|regression|seed01|fold01,m1_benchmark,d3_rainbow_trout,svm_rbf,regression,1,1,16,1.1.0,real,True,ok,,2026-09-20T06:17:54Z,1.0687297922559083,13231,4250,,,126,41,f8e1dc317188,ae7a2a6759667f4d,0ee917873708,require_all_classes,"{""missing_in_test"": [], ""missing_in_train"": []}"
d3_rainbow_trout|svm_rbf|regression|seed01|fold02,m1_benchmark,d3_rainbow_trout,svm_rbf,regression,1,2,16,1.1.0,real,True,ok,,2026-09-20T06:19:19Z,1.0936910407617688,13386,4449,,,128,43,a9e97bc346eb,52494ed881106494,0ee917873708,require_all_classes,"{""missing_in_test"": [], ""missing_in_train"": []}"
d3_rainbow_trout|svm_rbf|regression|seed01|fold03,m1_benchmark,d3_rainbow_trout,svm_rbf,regression,1,3,16,1.1.0,real,True,ok,,2026-09-20T06:20:42Z,1.2388104172423482,14370,4095,,,138,39,9ef7afc96896,c97b2fcab6b467d2,0ee917873708,require_all_classes,"{""missing_in_test"": [], ""missing_in_train"": []}"
d3_rainbow_trout|svm_rbf|regression|seed01|fold04,m1_benchmark,d3_rainbow_trout,svm_rbf,regression,1,4,16,1.1.0,real,True,ok,,2026-09-20T06:22:00Z,0.5374229163862765,12794,3465,,,123,33,36b0dd64e0a2,5cd59e98b90b80ca,0ee917873708,require_all_classes,"{""missing_in_test"": [], ""missing_in_train"": []}"
d3_rainbow_trout|svm_rbf|regression|seed02|fold00,m1_benchmark,d3_rainbow_trout,svm_rbf,regression,2,0,16,1.1.0,real,True,ok,,2026-09-20T06:23:14Z,0.8386570829898119,12795,5040,,,123,48,1f0b8d920f24,47120d479178aa4e,a93e587204d3,require_all_classes,"{""missing_in_test"": [], ""missing_in_train"": []}"
d3_rainbow_trout|svm_rbf|regression|seed02|fold01,m1_benchmark,d3_rainbow_trout,svm_rbf,regression,2,1,16,1.1.0,real,True,ok,,2026-09-20T06:24:22Z,0.8000632091425359,13480,4095,,,129,39,0acec8a0e466,f1495123705fc62c,a93e587204d3,require_all_classes,"{""missing_in_test"": [], ""missing_in_train"": []}"
d3_rainbow_trout|svm_rbf|regression|seed02|fold02,m1_benchmark,d3_rainbow_trout,svm_rbf,regression,2,2,16,1.1.0,real,True,ok,,2026-09-20T06:25:41Z,0.5959154171869159,13164,4355,,,126,42,1f84fcceee02,f01b2fa75b3e6f8e,a93e587204d3,require_all_classes,"{""missing_in_test"": [], ""missing_in_train"": []}"
d3_rainbow_trout|svm_rbf|regression|seed02|fold03,m1_benchmark,d3_rainbow_trout,svm_rbf,regression,2,3,16,1.1.0,real,True,ok,,2026-09-20T06:26:43Z,0.8700578329153359,13490,4411,,,129,42,f767c80e072e,956aed8de45e2156,a93e587204d3,require_all_classes,"{""missing_in_test"": [], ""missing_in_train"": []}"
d3_rainbow_trout|svm_rbf|regression|seed02|fold04,m1_benchmark,d3_rainbow_trout,svm_rbf,regression,2,4,16,1.1.0,real,True,ok,,2026-09-20T06:27:48Z,0.6889381250366569,12861,4029,,,123,39,b6dfe5056c8d,606ded82b6cbf036,a93e587204d3,require_all_classes,"{""missing_in_test"": [], ""missing_in_train"": []}"
d3_rainbow_trout|svm_rbf|regression|seed03|fold00,m1_benchmark,d3_rainbow_trout,svm_rbf,regression,3,0,16,1.1.0,real,True,ok,,2026-09-20T06:28:52Z,0.5609121252782643,11850,5145,,,114,49,1a6b7c8c8e18,95019110932e71c2,b1ffcd52027a,require_all_classes,"{""missing_in_test"": [], ""missing_in_train"": []}"
d3_rainbow_trout|svm_rbf|regression|seed03|fold01,m1_benchmark,d3_rainbow_trout,svm_rbf,regression,3,1,16,1.1.0,real,True,ok,,2026-09-20T06:29:50Z,0.8942523328587413,12584,4935,,,121,47,98a18b117f15,d2d93782e00e850c,b1ffcd52027a,require_all_classes,"{""missing_in_test"": [], ""missing_in_train"": []}"
d3_rainbow_trout|svm_rbf|regression|seed03|fold02,m1_benchmark,d3_rainbow_trout,svm_rbf,regression,3,2,16,1.1.0,real,True,ok,,2026-09-20T06:30:59Z,0.8768991669639945,13269,4411,,,127,42,04ec709fe01a,77262c2acf73155e,b1ffcd52027a,require_all_classes,"{""missing_in_test"": [], ""missing_in_train"": []}"
d3_rainbow_trout|svm_rbf|regression|seed03|fold03,m1_benchmark,d3_rainbow_trout,svm_rbf,regression,3,3,16,1.1.0,real,True,ok,,2026-09-20T06:32:05Z,0.9914888329803944,14491,4250,,,138,41,c85f428662cd,063c47437e674447,b1ffcd52027a,require_all_classes,"{""missing_in_test"": [], ""missing_in_train"": []}"
d3_rainbow_trout|svm_rbf|regression|seed03|fold04,m1_benchmark,d3_rainbow_trout,svm_rbf,regression,3,4,16,1.1.0,real,True,ok,,2026-09-20T06:33:20Z,0.7914645001292229,13596,3189,,,130,31,df046eb01692,8c5338fc4de7e1aa,b1ffcd52027a,require_all_classes,"{""missing_in_test"": [], ""missing_in_train"": []}"
d3_rainbow_trout|svm_rbf|regression|seed04|fold00,m1_benchmark,d3_rainbow_trout,svm_rbf,regression,4,0,16,1.1.0,real,True,ok,,2026-09-20T06:34:30Z,0.6688633747398853,12059,5040,,,116,48,61704ceeff39,701a05228d475bb8,3b8b997835e0,require_all_classes,"{""missing_in_test"": [], ""missing_in_train"": []}"
d3_rainbow_trout|svm_rbf|regression|seed04|fold01,m1_benchmark,d3_rainbow_trout,svm_rbf,regression,4,1,16,1.1.0,real,True,ok,,2026-09-20T06:35:31Z,0.9957610829733312,12860,4831,,,123,46,ad613cab2f31,70855c0f241e5765,3b8b997835e0,require_all_classes,"{""missing_in_test"": [], ""missing_in_train"": []}"
d3_rainbow_trout|svm_rbf|regression|seed04|fold02,m1_benchmark,d3_rainbow_trout,svm_rbf,regression,4,2,16,1.1.0,real,True,ok,,2026-09-20T06:36:37Z,0.7052253750152886,13336,4239,,,127,41,379348a7151b,c34fdb534074ee25,3b8b997835e0,require_all_classes,"{""missing_in_test"": [], ""missing_in_train"": []}"
d3_rainbow_trout|svm_rbf|regression|seed04|fold03,m1_benchmark,d3_rainbow_trout,svm_rbf,regression,4,3,16,1.1.0,real,True,ok,,2026-09-20T06:37:42Z,0.830898332875222,14110,4355,,,135,42,c6083012ffc5,1b387ad3b9e5d67d,3b8b997835e0,require_all_classes,"{""missing_in_test"": [], ""missing_in_train"": []}"
d3_rainbow_trout|svm_rbf|regression|seed04|fold04,m1_benchmark,d3_rainbow_trout,svm_rbf,regression,4,4,16,1.1.0,real,True,ok,,2026-09-20T06:38:51Z,0.7248275419697165,13425,3465,,,129,33,cc7ed899cfca,062be1fe5fe3a243,3b8b997835e0,require_all_classes,"{""missing_in_test"": [], ""missing_in_train"": []}"
d3_rainbow_trout|svm_rbf|regression|seed05|fold00,m1_benchmark,d3_rainbow_trout,svm_rbf,regression,5,0,16,1.1.0,real,True,ok,,2026-09-20T06:39:58Z,0.8226053337566555,12324,4935,,,118,47,38db515b1e41,e9617c8293f906b2,191922ae3c2e,require_all_classes,"{""missing_in_test"": [], ""missing_in_train"": []}"
d3_rainbow_trout|svm_rbf|regression|seed05|fold01,m1_benchmark,d3_rainbow_trout,svm_rbf,regression,5,1,16,1.1.0,real,True,ok,,2026-09-20T06:41:01Z,0.8165639159269631,13020,4671,,,124,45,bf7a906f79da,6c0da3acaf26f5ef,191922ae3c2e,require_all_classes,"{""missing_in_test"": [], ""missing_in_train"": []}"
d3_rainbow_trout|svm_rbf|regression|seed05|fold02,m1_benchmark,d3_rainbow_trout,svm_rbf,regression,5,2,16,1.1.0,real,True,ok,,2026-09-20T06:42:05Z,0.8607709999196231,13806,4239,,,132,41,0d7b953d7c62,7d726a67781d35ef,191922ae3c2e,require_all_classes,"{""missing_in_test"": [], ""missing_in_train"": []}"
d3_rainbow_trout|svm_rbf|regression|seed05|fold03,m1_benchmark,d3_rainbow_trout,svm_rbf,regression,5,3,16,1.1.0,real,True,ok,,2026-09-20T06:43:16Z,0.727396166883409,13845,3885,,,133,37,92035a5401e3,7f3b2ff0478d4006,191922ae3c2e,require_all_classes,"{""missing_in_test"": [], ""missing_in_train"": []}"
d3_rainbow_trout|svm_rbf|regression|seed05|fold04,m1_benchmark,d3_rainbow_trout,svm_rbf,regression,5,4,16,1.1.0,real,True,ok,,2026-09-20T06:44:22Z,0.6705456669442356,12795,4200,,,123,40,abf977863430,30fe669cbcf2b62d,191922ae3c2e,require_all_classes,"{""missing_in_test"": [], ""missing_in_train"": []}"
d3_rainbow_trout|svm_rbf|regression|seed06|fold00,m1_benchmark,d3_rainbow_trout,svm_rbf,regression,6,0,16,1.1.0,real,True,ok,,2026-09-20T06:45:32Z,0.7876916253007948,13005,3570,,,125,34,ca859e305ed6,3fbf22de79341634,f219c888b793,require_all_classes,"{""missing_in_test"": [], ""missing_in_train"": []}"
d3_rainbow_trout|svm_rbf|regression|seed06|fold01,m1_benchmark,d3_rainbow_trout,svm_rbf,regression,6,1,16,1.1.0,real,True,ok,,2026-09-20T06:46:40Z,0.9039989579468966,12375,5355,,,119,51,1e36b2a21365,bba3b489e4244ccb,f219c888b793,require_all_classes,"{""missing_in_test"": [], ""missing_in_train"": []}"
d3_rainbow_trout|svm_rbf|regression|seed06|fold02,m1_benchmark,d3_rainbow_trout,svm_rbf,regression,6,2,16,1.1.0,real,True,ok,,2026-09-20T06:47:43Z,0.7111872499808669,13059,4200,,,125,40,663466d18e5f,47f4fa95ef3de8e5,f219c888b793,require_all_classes,"{""missing_in_test"": [], ""missing_in_train"": []}"
d3_rainbow_trout|svm_rbf|regression|seed06|fold03,m1_benchmark,d3_rainbow_trout,svm_rbf,regression,6,3,16,1.1.0,real,True,ok,,2026-09-20T06:48:48Z,0.9497258751653135,13125,4671,,,125,45,b74b733d6eb8,345aa37d68221dc2,f219c888b793,require_all_classes,"{""missing_in_test"": [], ""missing_in_train"": []}"
d3_rainbow_trout|svm_rbf|regression|seed06|fold04,m1_benchmark,d3_rainbow_trout,svm_rbf,regression,6,4,16,1.1.0,real,True,ok,,2026-09-20T06:50:00Z,0.9984608329832554,14226,4134,,,136,40,4237abba1971,566c72c879f02c26,f219c888b793,require_all_classes,"{""missing_in_test"": [], ""missing_in_train"": []}"
d3_rainbow_trout|svm_rbf|regression|seed07|fold00,m1_benchmark,d3_rainbow_trout,svm_rbf,regression,7,0,16,1.1.0,real,True,ok,,2026-09-20T06:51:15Z,0.6999479159712791,13700,3399,,,131,33,4a36cfbf17f0,9eea5d37a1ca7228,510b236a2d29,require_all_classes,"{""missing_in_test"": [], ""missing_in_train"": []}"
d3_rainbow_trout|svm_rbf|regression|seed07|fold01,m1_benchmark,d3_rainbow_trout,svm_rbf,regression,7,1,16,1.1.0,real,True,ok,,2026-09-20T06:52:22Z,0.7416647090576589,12639,4831,,,121,46,96d6bc493781,dd39b0f96e073663,510b236a2d29,require_all_classes,"{""missing_in_test"": [], ""missing_in_train"": []}"
d3_rainbow_trout|svm_rbf|regression|seed07|fold02,m1_benchmark,d3_rainbow_trout,svm_rbf,regression,7,2,16,1.1.0,real,True,ok,,2026-09-20T06:53:23Z,0.72950983280316,12430,4460,,,119,43,63d5ed679a97,baf156a3855e6979,510b236a2d29,require_all_classes,"{""missing_in_test"": [], ""missing_in_train"": []}"
d3_rainbow_trout|svm_rbf|regression|seed07|fold03,m1_benchmark,d3_rainbow_trout,svm_rbf,regression,7,3,16,1.1.0,real,True,ok,,2026-09-20T06:54:20Z,0.5843864581547678,12690,5040,,,122,48,82f8e99ea34e,faca08521acc67a4,510b236a2d29,require_all_classes,"{""missing_in_test"": [], ""missing_in_train"": []}"
d3_rainbow_trout|svm_rbf|regression|seed07|fold04,m1_benchmark,d3_rainbow_trout,svm_rbf,regression,7,4,16,1.1.0,real,True,ok,,2026-09-20T06:55:19Z,0.7764664590358734,14331,4200,,,137,40,4a668330d0d7,caa6e48822896530,510b236a2d29,require_all_classes,"{""missing_in_test"": [], ""missing_in_train"": []}"
d3_rainbow_trout|svm_rbf|regression|seed08|fold00,m1_benchmark,d3_rainbow_trout,svm_rbf,regression,8,0,16,1.1.0,real,True,ok,,2026-09-20T06:56:30Z,0.7668415419757366,13441,4344,,,128,42,68c7c85b41da,9f2f6017025c40d1,9cb3600a7b94,require_all_classes,"{""missing_in_test"": [], ""missing_in_train"": []}"
d3_rainbow_trout|svm_rbf|regression|seed08|fold01,m1_benchmark,d3_rainbow_trout,svm_rbf,regression,8,1,16,1.1.0,real,True,ok,,2026-09-20T06:57:39Z,0.6564219170249999,12849,4145,,,123,40,8e5677b9212b,67dc812cf92be4aa,9cb3600a7b94,require_all_classes,"{""missing_in_test"": [], ""missing_in_train"": []}"
d3_rainbow_trout|svm_rbf|regression|seed08|fold02,m1_benchmark,d3_rainbow_trout,svm_rbf,regression,8,2,16,1.1.0,real,True,ok,,2026-09-20T06:58:44Z,0.6375986249186099,12584,4936,,,121,47,8f0b0a39787f,3b06eafe2716aead,9cb3600a7b94,require_all_classes,"{""missing_in_test"": [], ""missing_in_train"": []}"
d3_rainbow_trout|svm_rbf|regression|seed08|fold03,m1_benchmark,d3_rainbow_trout,svm_rbf,regression,8,3,16,1.1.0,real,True,ok,,2026-09-20T06:59:51Z,0.7429740829393268,13425,4410,,,129,42,34bbc0b41277,751847d306d002c0,9cb3600a7b94,require_all_classes,"{""missing_in_test"": [], ""missing_in_train"": []}"
d3_rainbow_trout|svm_rbf|regression|seed08|fold04,m1_benchmark,d3_rainbow_trout,svm_rbf,regression,8,4,16,1.1.0,real,True,ok,,2026-09-20T07:18:52Z,0.715115875005722,13491,4095,,,129,39,09fcc11d97ca,2aed6aa45013a2fd,9cb3600a7b94,require_all_classes,"{""missing_in_test"": [], ""missing_in_train"": []}"
d3_rainbow_trout|svm_rbf|regression|seed09|fold00,m1_benchmark,d3_rainbow_trout,svm_rbf,regression,9,0,16,1.1.0,real,True,ok,,2026-09-20T07:19:55Z,0.7115095839835703,12535,5460,,,120,52,a375bf17fa08,dd29e44b7eba479c,da269c7d4228,require_all_classes,"{""missing_in_test"": [], ""missing_in_train"": []}"
d3_rainbow_trout|svm_rbf|regression|seed09|fold01,m1_benchmark,d3_rainbow_trout,svm_rbf,regression,9,1,16,1.1.0,real,True,ok,,2026-09-20T07:20:52Z,0.6890806667506695,13231,3935,,,126,38,504c72a28909,7e796ac5677e30f0,da269c7d4228,require_all_classes,"{""missing_in_test"": [], ""missing_in_train"": []}"
d3_rainbow_trout|svm_rbf|regression|seed09|fold02,m1_benchmark,d3_rainbow_trout,svm_rbf,regression,9,2,16,1.1.0,real,True,ok,,2026-09-20T07:21:51Z,0.7989435000345111,13281,4764,,,127,46,437478619e3d,14bdb6c772469466,da269c7d4228,require_all_classes,"{""missing_in_test"": [], ""missing_in_train"": []}"
d3_rainbow_trout|svm_rbf|regression|seed09|fold03,m1_benchmark,d3_rainbow_trout,svm_rbf,regression,9,3,16,1.1.0,real,True,ok,,2026-09-20T07:22:51Z,0.6457638749852777,14159,3885,,,136,37,929f4fe4f729,d339cf03177b960b,da269c7d4228,require_all_classes,"{""missing_in_test"": [], ""missing_in_train"": []}"
d3_rainbow_trout|svm_rbf|regression|seed09|fold04,m1_benchmark,d3_rainbow_trout,svm_rbf,regression,9,4,16,1.1.0,real,True,ok,,2026-09-20T07:23:54Z,0.5569432498887181,12584,3886,,,121,37,903109ca3407,a2a3bc58525a196c,da269c7d4228,require_all_classes,"{""missing_in_test"": [], ""missing_in_train"": []}"
d3_rainbow_trout|tcn|classification|seed00|fold00,m1_benchmark,d3_rainbow_trout,tcn,classification,0,0,16,1.1.0,real,True,ok,,2026-09-20T06:12:04Z,6.984575290698558,12899,3570,,,124,34,439ff90e7bfb,08a33afe5dbe430d,53ee335aac1a,require_all_classes,"{""missing_in_test"": [], ""missing_in_train"": []}"
d3_rainbow_trout|tcn|classification|seed00|fold01,m1_benchmark,d3_rainbow_trout,tcn,classification,0,1,16,1.1.0,real,True,ok,,2026-09-20T06:13:12Z,6.834079124964774,12755,5461,,,122,52,505083e6d3e2,775b5e052d1c5021,53ee335aac1a,require_all_classes,"{""missing_in_test"": [], ""missing_in_train"": []}"
d3_rainbow_trout|tcn|classification|seed00|fold02,m1_benchmark,d3_rainbow_trout,tcn,classification,0,2,16,1.1.0,real,True,ok,,2026-09-20T06:14:18Z,6.40234929183498,13441,3714,,,128,36,8b9b123a945a,86cbc62ad3459459,53ee335aac1a,require_all_classes,"{""missing_in_test"": [], ""missing_in_train"": []}"
d3_rainbow_trout|tcn|classification|seed00|fold03,m1_benchmark,d3_rainbow_trout,tcn,classification,0,3,16,1.1.0,real,True,ok,,2026-09-20T06:15:22Z,6.386773833073676,12745,4775,,,122,46,e95b43ff80fb,add73d802d86b077,53ee335aac1a,require_all_classes,"{""missing_in_test"": [], ""missing_in_train"": []}"
d3_rainbow_trout|tcn|classification|seed00|fold04,m1_benchmark,d3_rainbow_trout,tcn,classification,0,4,16,1.1.0,real,True,ok,,2026-09-20T06:16:32Z,7.148634084034711,13950,4410,,,134,42,379c45a723d8,f7082f2e9355766f,53ee335aac1a,require_all_classes,"{""missing_in_test"": [], ""missing_in_train"": []}"
d3_rainbow_trout|tcn|classification|seed01|fold00,m1_benchmark,d3_rainbow_trout,tcn,classification,1,0,16,1.1.0,real,True,ok,,2026-09-20T06:17:41Z,8.43902429100126,12009,5671,,,115,54,c18cd6593630,6da5411b0def6ef2,0ee917873708,require_all_classes,"{""missing_in_test"": [], ""missing_in_train"": []}"
d3_rainbow_trout|tcn|classification|seed01|fold01,m1_benchmark,d3_rainbow_trout,tcn,classification,1,1,16,1.1.0,real,True,ok,,2026-09-20T06:19:05Z,9.215079041663557,13231,4250,,,126,41,f8e1dc317188,2adf6786c0ff6f74,0ee917873708,require_all_classes,"{""missing_in_test"": [], ""missing_in_train"": []}"
d3_rainbow_trout|tcn|classification|seed01|fold02,m1_benchmark,d3_rainbow_trout,tcn,classification,1,2,16,1.1.0,real,True,ok,,2026-09-20T06:20:26Z,8.819528332911432,13386,4449,,,128,43,a9e97bc346eb,e8d58a02fa800fae,0ee917873708,require_all_classes,"{""missing_in_test"": [], ""missing_in_train"": []}"
d3_rainbow_trout|tcn|classification|seed01|fold03,m1_benchmark,d3_rainbow_trout,tcn,classification,1,3,16,1.1.0,real,True,ok,,2026-09-20T06:21:49Z,7.291293917223811,14370,4095,,,138,39,9ef7afc96896,b105343c6bc3a1f1,0ee917873708,require_all_classes,"{""missing_in_test"": [], ""missing_in_train"": []}"
d3_rainbow_trout|tcn|classification|seed01|fold04,m1_benchmark,d3_rainbow_trout,tcn,classification,1,4,16,1.1.0,real,True,ok,,2026-09-20T06:22:51Z,6.613448292016983,12794,3465,,,123,33,36b0dd64e0a2,5ba324caa50a2773,0ee917873708,require_all_classes,"{""missing_in_test"": [], ""missing_in_train"": []}"
d3_rainbow_trout|tcn|classification|seed02|fold00,m1_benchmark,d3_rainbow_trout,tcn,classification,2,0,16,1.1.0,real,True,ok,,2026-09-20T06:24:10Z,6.49154012510553,12795,5040,,,123,48,1f0b8d920f24,a8dfa1020dd4519a,a93e587204d3,require_all_classes,"{""missing_in_test"": [], ""missing_in_train"": []}"
d3_rainbow_trout|tcn|classification|seed02|fold01,m1_benchmark,d3_rainbow_trout,tcn,classification,2,1,16,1.1.0,real,True,ok,,2026-09-20T06:25:29Z,6.921341041103005,13480,4095,,,129,39,0acec8a0e466,1abde819bc50e1eb,a93e587204d3,require_all_classes,"{""missing_in_test"": [], ""missing_in_train"": []}"
d3_rainbow_trout|tcn|classification|seed02|fold02,m1_benchmark,d3_rainbow_trout,tcn,classification,2,2,16,1.1.0,real,True,ok,,2026-09-20T06:26:32Z,6.3038538340479136,13164,4355,,,126,42,1f84fcceee02,40e02c4d0a8b8a1e,a93e587204d3,require_all_classes,"{""missing_in_test"": [], ""missing_in_train"": []}"
d3_rainbow_trout|tcn|classification|seed02|fold03,m1_benchmark,d3_rainbow_trout,tcn,classification,2,3,16,1.1.0,real,True,ok,,2026-09-20T06:27:37Z,6.389350083190948,13490,4411,,,129,42,f767c80e072e,12e104fd494f48db,a93e587204d3,require_all_classes,"{""missing_in_test"": [], ""missing_in_train"": []}"
d3_rainbow_trout|tcn|classification|seed02|fold04,m1_benchmark,d3_rainbow_trout,tcn,classification,2,4,16,1.1.0,real,True,ok,,2026-09-20T06:28:40Z,6.147954209242016,12861,4029,,,123,39,b6dfe5056c8d,2b9a999d43a95409,a93e587204d3,require_all_classes,"{""missing_in_test"": [], ""missing_in_train"": []}"
d3_rainbow_trout|tcn|classification|seed03|fold00,m1_benchmark,d3_rainbow_trout,tcn,classification,3,0,16,1.1.0,real,True,ok,,2026-09-20T06:29:39Z,6.060905457939953,11850,5145,,,114,49,1a6b7c8c8e18,5f1b57116f53d38e,b1ffcd52027a,require_all_classes,"{""missing_in_test"": [], ""missing_in_train"": []}"
d3_rainbow_trout|tcn|classification|seed03|fold01,m1_benchmark,d3_rainbow_trout,tcn,classification,3,1,16,1.1.0,real,True,ok,,2026-09-20T06:30:46Z,7.220310290809721,12584,4935,,,121,47,98a18b117f15,d8cc3293c9c8711e,b1ffcd52027a,require_all_classes,"{""missing_in_test"": [], ""missing_in_train"": []}"
d3_rainbow_trout|tcn|classification|seed03|fold02,m1_benchmark,d3_rainbow_trout,tcn,classification,3,2,16,1.1.0,real,True,ok,,2026-09-20T06:31:54Z,6.662552707828581,13269,4411,,,127,42,04ec709fe01a,2ebb1951fd990a89,b1ffcd52027a,require_all_classes,"{""missing_in_test"": [], ""missing_in_train"": []}"
d3_rainbow_trout|tcn|classification|seed03|fold03,m1_benchmark,d3_rainbow_trout,tcn,classification,3,3,16,1.1.0,real,True,ok,,2026-09-20T06:33:08Z,7.868632541038096,14491,4250,,,138,41,c85f428662cd,c41f242128f2979a,b1ffcd52027a,require_all_classes,"{""missing_in_test"": [], ""missing_in_train"": []}"
d3_rainbow_trout|tcn|classification|seed03|fold04,m1_benchmark,d3_rainbow_trout,tcn,classification,3,4,16,1.1.0,real,True,ok,,2026-09-20T06:34:17Z,6.643735042307526,13596,3189,,,130,31,df046eb01692,96894d816b151398,b1ffcd52027a,require_all_classes,"{""missing_in_test"": [], ""missing_in_train"": []}"
d3_rainbow_trout|tcn|classification|seed04|fold00,m1_benchmark,d3_rainbow_trout,tcn,classification,4,0,16,1.1.0,real,True,ok,,2026-09-20T06:35:20Z,5.93909354088828,12059,5040,,,116,48,61704ceeff39,2e816e3cbf2ac8aa,3b8b997835e0,require_all_classes,"{""missing_in_test"": [], ""missing_in_train"": []}"
d3_rainbow_trout|tcn|classification|seed04|fold01,m1_benchmark,d3_rainbow_trout,tcn,classification,4,1,16,1.1.0,real,True,ok,,2026-09-20T06:36:24Z,6.4812522497959435,12860,4831,,,123,46,ad613cab2f31,b036b45dd89f62f9,3b8b997835e0,require_all_classes,"{""missing_in_test"": [], ""missing_in_train"": []}"
d3_rainbow_trout|tcn|classification|seed04|fold02,m1_benchmark,d3_rainbow_trout,tcn,classification,4,2,16,1.1.0,real,True,ok,,2026-09-20T06:37:30Z,6.336236167233437,13336,4239,,,127,41,379348a7151b,81e5a77cc36fb315,3b8b997835e0,require_all_classes,"{""missing_in_test"": [], ""missing_in_train"": []}"
d3_rainbow_trout|tcn|classification|seed04|fold03,m1_benchmark,d3_rainbow_trout,tcn,classification,4,3,16,1.1.0,real,True,ok,,2026-09-20T06:38:39Z,7.034834458027035,14110,4355,,,135,42,c6083012ffc5,59d3f196dacf00de,3b8b997835e0,require_all_classes,"{""missing_in_test"": [], ""missing_in_train"": []}"
d3_rainbow_trout|tcn|classification|seed04|fold04,m1_benchmark,d3_rainbow_trout,tcn,classification,4,4,16,1.1.0,real,True,ok,,2026-09-20T06:39:44Z,6.853568624705076,13425,3465,,,129,33,cc7ed899cfca,8ddc771ce41645e5,3b8b997835e0,require_all_classes,"{""missing_in_test"": [], ""missing_in_train"": []}"
d3_rainbow_trout|tcn|classification|seed05|fold00,m1_benchmark,d3_rainbow_trout,tcn,classification,5,0,16,1.1.0,real,True,ok,,2026-09-20T06:40:49Z,6.278311541769654,12324,4935,,,118,47,38db515b1e41,499de0d732ddff9f,191922ae3c2e,require_all_classes,"{""missing_in_test"": [], ""missing_in_train"": []}"
d3_rainbow_trout|tcn|classification|seed05|fold01,m1_benchmark,d3_rainbow_trout,tcn,classification,5,1,16,1.1.0,real,True,ok,,2026-09-20T06:41:53Z,6.5439470410346985,13020,4671,,,124,45,bf7a906f79da,a0423a8e6bb325af,191922ae3c2e,require_all_classes,"{""missing_in_test"": [], ""missing_in_train"": []}"
d3_rainbow_trout|tcn|classification|seed05|fold02,m1_benchmark,d3_rainbow_trout,tcn,classification,5,2,16,1.1.0,real,True,ok,,2026-09-20T06:43:04Z,7.100941374897957,13806,4239,,,132,41,0d7b953d7c62,6137c483ce6cb4b8,191922ae3c2e,require_all_classes,"{""missing_in_test"": [], ""missing_in_train"": []}"
d3_rainbow_trout|tcn|classification|seed05|fold03,m1_benchmark,d3_rainbow_trout,tcn,classification,5,3,16,1.1.0,real,True,ok,,2026-09-20T06:44:11Z,6.8545106668025255,13845,3885,,,133,37,92035a5401e3,aa4c30becd0d4deb,191922ae3c2e,require_all_classes,"{""missing_in_test"": [], ""missing_in_train"": []}"
d3_rainbow_trout|tcn|classification|seed05|fold04,m1_benchmark,d3_rainbow_trout,tcn,classification,5,4,16,1.1.0,real,True,ok,,2026-09-20T06:45:18Z,6.8877086248248816,12795,4200,,,123,40,abf977863430,bdc1f5c4c7cf452b,191922ae3c2e,require_all_classes,"{""missing_in_test"": [], ""missing_in_train"": []}"
d3_rainbow_trout|tcn|classification|seed06|fold00,m1_benchmark,d3_rainbow_trout,tcn,classification,6,0,16,1.1.0,real,True,ok,,2026-09-20T06:46:29Z,6.614474083296955,13005,3570,,,125,34,ca859e305ed6,5d735fb643bbc99c,f219c888b793,require_all_classes,"{""missing_in_test"": [], ""missing_in_train"": []}"
d3_rainbow_trout|tcn|classification|seed06|fold01,m1_benchmark,d3_rainbow_trout,tcn,classification,6,1,16,1.1.0,real,True,ok,,2026-09-20T06:47:32Z,6.262363708112389,12375,5355,,,119,51,1e36b2a21365,7cf69dea122baf61,f219c888b793,require_all_classes,"{""missing_in_test"": [], ""missing_in_train"": []}"
d3_rainbow_trout|tcn|classification|seed06|fold02,m1_benchmark,d3_rainbow_trout,tcn,classification,6,2,16,1.1.0,real,True,ok,,2026-09-20T06:48:36Z,6.583093082997948,13059,4200,,,125,40,663466d18e5f,e032ac4a58afbb01,f219c888b793,require_all_classes,"{""missing_in_test"": [], ""missing_in_train"": []}"
d3_rainbow_trout|tcn|classification|seed06|fold03,m1_benchmark,d3_rainbow_trout,tcn,classification,6,3,16,1.1.0,real,True,ok,,2026-09-20T06:49:47Z,7.720692874863744,13125,4671,,,125,45,b74b733d6eb8,b3aeaf5899134a49,f219c888b793,require_all_classes,"{""missing_in_test"": [], ""missing_in_train"": []}"
d3_rainbow_trout|tcn|classification|seed06|fold04,m1_benchmark,d3_rainbow_trout,tcn,classification,6,4,16,1.1.0,real,True,ok,,2026-09-20T06:51:01Z,7.744902082718909,14226,4134,,,136,40,4237abba1971,2cc1e60e61b84f06,f219c888b793,require_all_classes,"{""missing_in_test"": [], ""missing_in_train"": []}"
d3_rainbow_trout|tcn|classification|seed07|fold00,m1_benchmark,d3_rainbow_trout,tcn,classification,7,0,16,1.1.0,real,True,ok,,2026-09-20T06:52:11Z,6.551094708964229,13700,3399,,,131,33,4a36cfbf17f0,df4712095dc3e55e,510b236a2d29,require_all_classes,"{""missing_in_test"": [], ""missing_in_train"": []}"
d3_rainbow_trout|tcn|classification|seed07|fold01,m1_benchmark,d3_rainbow_trout,tcn,classification,7,1,16,1.1.0,real,True,ok,,2026-09-20T06:53:12Z,6.014888667035848,12639,4831,,,121,46,96d6bc493781,96568f8f5111a748,510b236a2d29,require_all_classes,"{""missing_in_test"": [], ""missing_in_train"": []}"
d3_rainbow_trout|tcn|classification|seed07|fold02,m1_benchmark,d3_rainbow_trout,tcn,classification,7,2,16,1.1.0,real,True,ok,,2026-09-20T06:54:10Z,5.943280250299722,12430,4460,,,119,43,63d5ed679a97,e7df6a847b49b163,510b236a2d29,require_all_classes,"{""missing_in_test"": [], ""missing_in_train"": []}"
d3_rainbow_trout|tcn|classification|seed07|fold03,m1_benchmark,d3_rainbow_trout,tcn,classification,7,3,16,1.1.0,real,True,ok,,2026-09-20T06:55:08Z,6.078618042171001,12690,5040,,,122,48,82f8e99ea34e,2a19068313072784,510b236a2d29,require_all_classes,"{""missing_in_test"": [], ""missing_in_train"": []}"
d3_rainbow_trout|tcn|classification|seed07|fold04,m1_benchmark,d3_rainbow_trout,tcn,classification,7,4,16,1.1.0,real,True,ok,,2026-09-20T06:56:16Z,7.101713040843606,14331,4200,,,137,40,4a668330d0d7,c9df9f3cadc4f4be,510b236a2d29,require_all_classes,"{""missing_in_test"": [], ""missing_in_train"": []}"
d3_rainbow_trout|tcn|classification|seed08|fold00,m1_benchmark,d3_rainbow_trout,tcn,classification,8,0,16,1.1.0,real,True,ok,,2026-09-20T06:57:28Z,6.42414900008589,13441,4344,,,128,42,68c7c85b41da,79187c5906d81a9f,9cb3600a7b94,require_all_classes,"{""missing_in_test"": [], ""missing_in_train"": []}"
d3_rainbow_trout|tcn|classification|seed08|fold01,m1_benchmark,d3_rainbow_trout,tcn,classification,8,1,16,1.1.0,real,True,ok,,2026-09-20T06:58:33Z,7.050330583006144,12849,4145,,,123,40,8e5677b9212b,b3cf329ce6b590c1,9cb3600a7b94,require_all_classes,"{""missing_in_test"": [], ""missing_in_train"": []}"
d3_rainbow_trout|tcn|classification|seed08|fold02,m1_benchmark,d3_rainbow_trout,tcn,classification,8,2,16,1.1.0,real,True,ok,,2026-09-20T06:59:38Z,6.765036583412439,12584,4936,,,121,47,8f0b0a39787f,700b8c6649726b12,9cb3600a7b94,require_all_classes,"{""missing_in_test"": [], ""missing_in_train"": []}"
d3_rainbow_trout|tcn|classification|seed08|fold03,m1_benchmark,d3_rainbow_trout,tcn,classification,8,3,16,1.1.0,real,True,ok,,2026-09-20T07:18:41Z,6.43436974985525,13425,4410,,,129,42,34bbc0b41277,37332ee4287361c7,9cb3600a7b94,require_all_classes,"{""missing_in_test"": [], ""missing_in_train"": []}"
d3_rainbow_trout|tcn|classification|seed08|fold04,m1_benchmark,d3_rainbow_trout,tcn,classification,8,4,16,1.1.0,real,True,ok,,2026-09-20T07:19:42Z,6.318130000028759,13491,4095,,,129,39,09fcc11d97ca,689f618ce9c0d01b,9cb3600a7b94,require_all_classes,"{""missing_in_test"": [], ""missing_in_train"": []}"
d3_rainbow_trout|tcn|classification|seed09|fold00,m1_benchmark,d3_rainbow_trout,tcn,classification,9,0,16,1.1.0,real,True,ok,,2026-09-20T07:20:42Z,6.163179459050298,12535,5460,,,120,52,a375bf17fa08,e2a9e08f7b579d3c,da269c7d4228,require_all_classes,"{""missing_in_test"": [], ""missing_in_train"": []}"
d3_rainbow_trout|tcn|classification|seed09|fold01,m1_benchmark,d3_rainbow_trout,tcn,classification,9,1,16,1.1.0,real,True,ok,,2026-09-20T07:21:41Z,6.178059916943312,13231,3935,,,126,38,504c72a28909,d4b8ae79dd5f5ad8,da269c7d4228,require_all_classes,"{""missing_in_test"": [], ""missing_in_train"": []}"
d3_rainbow_trout|tcn|classification|seed09|fold02,m1_benchmark,d3_rainbow_trout,tcn,classification,9,2,16,1.1.0,real,True,ok,,2026-09-20T07:22:40Z,6.243674542289227,13281,4764,,,127,46,437478619e3d,5e5f684a95c2199d,da269c7d4228,require_all_classes,"{""missing_in_test"": [], ""missing_in_train"": []}"
d3_rainbow_trout|tcn|classification|seed09|fold03,m1_benchmark,d3_rainbow_trout,tcn,classification,9,3,16,1.1.0,real,True,ok,,2026-09-20T07:23:43Z,6.660868417005986,14159,3885,,,136,37,929f4fe4f729,023362bebcedc264,da269c7d4228,require_all_classes,"{""missing_in_test"": [], ""missing_in_train"": []}"
d3_rainbow_trout|tcn|classification|seed09|fold04,m1_benchmark,d3_rainbow_trout,tcn,classification,9,4,16,1.1.0,real,True,ok,,2026-09-20T07:24:40Z,5.907729791942984,12584,3886,,,121,37,903109ca3407,f0cbc052fa401f85,da269c7d4228,require_all_classes,"{""missing_in_test"": [], ""missing_in_train"": []}"
d3_rainbow_trout|tcn|regression|seed00|fold00,m1_benchmark,d3_rainbow_trout,tcn,regression,0,0,16,1.1.0,real,True,ok,,2026-09-20T06:12:12Z,7.490808750037104,12899,3570,,,124,34,439ff90e7bfb,14926a98d5aee3ad,53ee335aac1a,require_all_classes,"{""missing_in_test"": [], ""missing_in_train"": []}"
d3_rainbow_trout|tcn|regression|seed00|fold01,m1_benchmark,d3_rainbow_trout,tcn,regression,0,1,16,1.1.0,real,True,ok,,2026-09-20T06:13:19Z,7.316065208055079,12755,5461,,,122,52,505083e6d3e2,d80a7dd3613c2119,53ee335aac1a,require_all_classes,"{""missing_in_test"": [], ""missing_in_train"": []}"
d3_rainbow_trout|tcn|regression|seed00|fold02,m1_benchmark,d3_rainbow_trout,tcn,regression,0,2,16,1.1.0,real,True,ok,,2026-09-20T06:14:25Z,6.648915708065033,13441,3714,,,128,36,8b9b123a945a,8f3fb34023888af8,53ee335aac1a,require_all_classes,"{""missing_in_test"": [], ""missing_in_train"": []}"
d3_rainbow_trout|tcn|regression|seed00|fold03,m1_benchmark,d3_rainbow_trout,tcn,regression,0,3,16,1.1.0,real,True,ok,,2026-09-20T06:15:29Z,6.452366834040731,12745,4775,,,122,46,e95b43ff80fb,e6ff9573b31734f9,53ee335aac1a,require_all_classes,"{""missing_in_test"": [], ""missing_in_train"": []}"
d3_rainbow_trout|tcn|regression|seed00|fold04,m1_benchmark,d3_rainbow_trout,tcn,regression,0,4,16,1.1.0,real,True,ok,,2026-09-20T06:16:39Z,7.103324708994478,13950,4410,,,134,42,379c45a723d8,94de4bbe7ff36603,53ee335aac1a,require_all_classes,"{""missing_in_test"": [], ""missing_in_train"": []}"
d3_rainbow_trout|tcn|regression|seed01|fold00,m1_benchmark,d3_rainbow_trout,tcn,regression,1,0,16,1.1.0,real,True,ok,,2026-09-20T06:17:49Z,7.491302542388439,12009,5671,,,115,54,c18cd6593630,947a568a9cbc40d3,0ee917873708,require_all_classes,"{""missing_in_test"": [], ""missing_in_train"": []}"
d3_rainbow_trout|tcn|regression|seed01|fold01,m1_benchmark,d3_rainbow_trout,tcn,regression,1,1,16,1.1.0,real,True,ok,,2026-09-20T06:19:12Z,7.608157459180802,13231,4250,,,126,41,f8e1dc317188,ca59231e45e1d8e0,0ee917873708,require_all_classes,"{""missing_in_test"": [], ""missing_in_train"": []}"
d3_rainbow_trout|tcn|regression|seed01|fold02,m1_benchmark,d3_rainbow_trout,tcn,regression,1,2,16,1.1.0,real,True,ok,,2026-09-20T06:20:35Z,8.891813000198454,13386,4449,,,128,43,a9e97bc346eb,9dafa553bd7bf437,0ee917873708,require_all_classes,"{""missing_in_test"": [], ""missing_in_train"": []}"
d3_rainbow_trout|tcn|regression|seed01|fold03,m1_benchmark,d3_rainbow_trout,tcn,regression,1,3,16,1.1.0,real,True,ok,,2026-09-20T06:21:56Z,7.064626957755536,14370,4095,,,138,39,9ef7afc96896,a78e40a84037c602,0ee917873708,require_all_classes,"{""missing_in_test"": [], ""missing_in_train"": []}"
d3_rainbow_trout|tcn|regression|seed01|fold04,m1_benchmark,d3_rainbow_trout,tcn,regression,1,4,16,1.1.0,real,True,ok,,2026-09-20T06:22:58Z,6.697360124904662,12794,3465,,,123,33,36b0dd64e0a2,7faa67072b01ce4c,0ee917873708,require_all_classes,"{""missing_in_test"": [], ""missing_in_train"": []}"
d3_rainbow_trout|tcn|regression|seed02|fold00,m1_benchmark,d3_rainbow_trout,tcn,regression,2,0,16,1.1.0,real,True,ok,,2026-09-20T06:24:17Z,6.4867079998366535,12795,5040,,,123,48,1f0b8d920f24,96d551f806366653,a93e587204d3,require_all_classes,"{""missing_in_test"": [], ""missing_in_train"": []}"
d3_rainbow_trout|tcn|regression|seed02|fold01,m1_benchmark,d3_rainbow_trout,tcn,regression,2,1,16,1.1.0,real,True,ok,,2026-09-20T06:25:36Z,7.35103441728279,13480,4095,,,129,39,0acec8a0e466,604ea21d5a9fac21,a93e587204d3,require_all_classes,"{""missing_in_test"": [], ""missing_in_train"": []}"
d3_rainbow_trout|tcn|regression|seed02|fold02,m1_benchmark,d3_rainbow_trout,tcn,regression,2,2,16,1.1.0,real,True,ok,,2026-09-20T06:26:39Z,6.344625957775861,13164,4355,,,126,42,1f84fcceee02,3beeb3b658306300,a93e587204d3,require_all_classes,"{""missing_in_test"": [], ""missing_in_train"": []}"
d3_rainbow_trout|tcn|regression|seed02|fold03,m1_benchmark,d3_rainbow_trout,tcn,regression,2,3,16,1.1.0,real,True,ok,,2026-09-20T06:27:44Z,6.4320519170723855,13490,4411,,,129,42,f767c80e072e,75c2249510d6c936,a93e587204d3,require_all_classes,"{""missing_in_test"": [], ""missing_in_train"": []}"
d3_rainbow_trout|tcn|regression|seed02|fold04,m1_benchmark,d3_rainbow_trout,tcn,regression,2,4,16,1.1.0,real,True,ok,,2026-09-20T06:28:46Z,6.071981624700129,12861,4029,,,123,39,b6dfe5056c8d,a03f70e4f0e62efb,a93e587204d3,require_all_classes,"{""missing_in_test"": [], ""missing_in_train"": []}"
d3_rainbow_trout|tcn|regression|seed03|fold00,m1_benchmark,d3_rainbow_trout,tcn,regression,3,0,16,1.1.0,real,True,ok,,2026-09-20T06:29:46Z,6.224555000197142,11850,5145,,,114,49,1a6b7c8c8e18,953d2a51fbab13d6,b1ffcd52027a,require_all_classes,"{""missing_in_test"": [], ""missing_in_train"": []}"
d3_rainbow_trout|tcn|regression|seed03|fold01,m1_benchmark,d3_rainbow_trout,tcn,regression,3,1,16,1.1.0,real,True,ok,,2026-09-20T06:30:54Z,7.840857333969325,12584,4935,,,121,47,98a18b117f15,65f8b8bfe40ab2f1,b1ffcd52027a,require_all_classes,"{""missing_in_test"": [], ""missing_in_train"": []}"
d3_rainbow_trout|tcn|regression|seed03|fold02,m1_benchmark,d3_rainbow_trout,tcn,regression,3,2,16,1.1.0,real,True,ok,,2026-09-20T06:32:00Z,6.474031124729663,13269,4411,,,127,42,04ec709fe01a,876ce37084015fba,b1ffcd52027a,require_all_classes,"{""missing_in_test"": [], ""missing_in_train"": []}"
d3_rainbow_trout|tcn|regression|seed03|fold03,m1_benchmark,d3_rainbow_trout,tcn,regression,3,3,16,1.1.0,real,True,ok,,2026-09-20T06:33:15Z,7.161473124753684,14491,4250,,,138,41,c85f428662cd,4621f9a58c8a6032,b1ffcd52027a,require_all_classes,"{""missing_in_test"": [], ""missing_in_train"": []}"
d3_rainbow_trout|tcn|regression|seed03|fold04,m1_benchmark,d3_rainbow_trout,tcn,regression,3,4,16,1.1.0,real,True,ok,,2026-09-20T06:34:24Z,6.608434166293591,13596,3189,,,130,31,df046eb01692,0b2af0c8c91906db,b1ffcd52027a,require_all_classes,"{""missing_in_test"": [], ""missing_in_train"": []}"
d3_rainbow_trout|tcn|regression|seed04|fold00,m1_benchmark,d3_rainbow_trout,tcn,regression,4,0,16,1.1.0,real,True,ok,,2026-09-20T06:35:26Z,5.988332082983106,12059,5040,,,116,48,61704ceeff39,18413703b2badd71,3b8b997835e0,require_all_classes,"{""missing_in_test"": [], ""missing_in_train"": []}"
d3_rainbow_trout|tcn|regression|seed04|fold01,m1_benchmark,d3_rainbow_trout,tcn,regression,4,1,16,1.1.0,real,True,ok,,2026-09-20T06:36:31Z,6.475744625087827,12860,4831,,,123,46,ad613cab2f31,6c570ce4968864fe,3b8b997835e0,require_all_classes,"{""missing_in_test"": [], ""missing_in_train"": []}"
d3_rainbow_trout|tcn|regression|seed04|fold02,m1_benchmark,d3_rainbow_trout,tcn,regression,4,2,16,1.1.0,real,True,ok,,2026-09-20T06:37:37Z,6.738649292383343,13336,4239,,,127,41,379348a7151b,d284d47ca7555cfa,3b8b997835e0,require_all_classes,"{""missing_in_test"": [], ""missing_in_train"": []}"
d3_rainbow_trout|tcn|regression|seed04|fold03,m1_benchmark,d3_rainbow_trout,tcn,regression,4,3,16,1.1.0,real,True,ok,,2026-09-20T06:38:46Z,7.109543291851878,14110,4355,,,135,42,c6083012ffc5,bc32ba2a314949a5,3b8b997835e0,require_all_classes,"{""missing_in_test"": [], ""missing_in_train"": []}"
d3_rainbow_trout|tcn|regression|seed04|fold04,m1_benchmark,d3_rainbow_trout,tcn,regression,4,4,16,1.1.0,real,True,ok,,2026-09-20T06:39:51Z,6.663483541924506,13425,3465,,,129,33,cc7ed899cfca,1ae091ad5bc288c2,3b8b997835e0,require_all_classes,"{""missing_in_test"": [], ""missing_in_train"": []}"
d3_rainbow_trout|tcn|regression|seed05|fold00,m1_benchmark,d3_rainbow_trout,tcn,regression,5,0,16,1.1.0,real,True,ok,,2026-09-20T06:40:56Z,6.242070250213146,12324,4935,,,118,47,38db515b1e41,52dfd77d9038fb85,191922ae3c2e,require_all_classes,"{""missing_in_test"": [], ""missing_in_train"": []}"
d3_rainbow_trout|tcn|regression|seed05|fold01,m1_benchmark,d3_rainbow_trout,tcn,regression,5,1,16,1.1.0,real,True,ok,,2026-09-20T06:42:00Z,6.790165999904275,13020,4671,,,124,45,bf7a906f79da,cfd48069a642b1ac,191922ae3c2e,require_all_classes,"{""missing_in_test"": [], ""missing_in_train"": []}"
d3_rainbow_trout|tcn|regression|seed05|fold02,m1_benchmark,d3_rainbow_trout,tcn,regression,5,2,16,1.1.0,real,True,ok,,2026-09-20T06:43:11Z,7.126837000250816,13806,4239,,,132,41,0d7b953d7c62,71ac3bf2f83ee2bf,191922ae3c2e,require_all_classes,"{""missing_in_test"": [], ""missing_in_train"": []}"
d3_rainbow_trout|tcn|regression|seed05|fold03,m1_benchmark,d3_rainbow_trout,tcn,regression,5,3,16,1.1.0,real,True,ok,,2026-09-20T06:44:18Z,6.670392208732665,13845,3885,,,133,37,92035a5401e3,66a506fb21d91946,191922ae3c2e,require_all_classes,"{""missing_in_test"": [], ""missing_in_train"": []}"
d3_rainbow_trout|tcn|regression|seed05|fold04,m1_benchmark,d3_rainbow_trout,tcn,regression,5,4,16,1.1.0,real,True,ok,,2026-09-20T06:45:25Z,6.795294584240764,12795,4200,,,123,40,abf977863430,6262a06233ae9fa0,191922ae3c2e,require_all_classes,"{""missing_in_test"": [], ""missing_in_train"": []}"
d3_rainbow_trout|tcn|regression|seed06|fold00,m1_benchmark,d3_rainbow_trout,tcn,regression,6,0,16,1.1.0,real,True,ok,,2026-09-20T06:46:36Z,6.467756791040301,13005,3570,,,125,34,ca859e305ed6,9adfef8b197fc680,f219c888b793,require_all_classes,"{""missing_in_test"": [], ""missing_in_train"": []}"
d3_rainbow_trout|tcn|regression|seed06|fold01,m1_benchmark,d3_rainbow_trout,tcn,regression,6,1,16,1.1.0,real,True,ok,,2026-09-20T06:47:38Z,6.2333479593507946,12375,5355,,,119,51,1e36b2a21365,5a4e99ef49eac7d2,f219c888b793,require_all_classes,"{""missing_in_test"": [], ""missing_in_train"": []}"
d3_rainbow_trout|tcn|regression|seed06|fold02,m1_benchmark,d3_rainbow_trout,tcn,regression,6,2,16,1.1.0,real,True,ok,,2026-09-20T06:48:43Z,6.602474624756724,13059,4200,,,125,40,663466d18e5f,d464774ec25953b2,f219c888b793,require_all_classes,"{""missing_in_test"": [], ""missing_in_train"": []}"
d3_rainbow_trout|tcn|regression|seed06|fold03,m1_benchmark,d3_rainbow_trout,tcn,regression,6,3,16,1.1.0,real,True,ok,,2026-09-20T06:49:55Z,8.188195124734193,13125,4671,,,125,45,b74b733d6eb8,a44fea39784a2dfc,f219c888b793,require_all_classes,"{""missing_in_test"": [], ""missing_in_train"": []}"
d3_rainbow_trout|tcn|regression|seed06|fold04,m1_benchmark,d3_rainbow_trout,tcn,regression,6,4,16,1.1.0,real,True,ok,,2026-09-20T06:51:08Z,7.417156625073403,14226,4134,,,136,40,4237abba1971,2053c161365ecc4b,f219c888b793,require_all_classes,"{""missing_in_test"": [], ""missing_in_train"": []}"
d3_rainbow_trout|tcn|regression|seed07|fold00,m1_benchmark,d3_rainbow_trout,tcn,regression,7,0,16,1.1.0,real,True,ok,,2026-09-20T06:52:17Z,6.518841082695872,13700,3399,,,131,33,4a36cfbf17f0,b31d5ef39ca78f46,510b236a2d29,require_all_classes,"{""missing_in_test"": [], ""missing_in_train"": []}"
d3_rainbow_trout|tcn|regression|seed07|fold01,m1_benchmark,d3_rainbow_trout,tcn,regression,7,1,16,1.1.0,real,True,ok,,2026-09-20T06:53:18Z,5.8961918340064585,12639,4831,,,121,46,96d6bc493781,ee250b90d1a94069,510b236a2d29,require_all_classes,"{""missing_in_test"": [], ""missing_in_train"": []}"
d3_rainbow_trout|tcn|regression|seed07|fold02,m1_benchmark,d3_rainbow_trout,tcn,regression,7,2,16,1.1.0,real,True,ok,,2026-09-20T06:54:16Z,5.94085625000298,12430,4460,,,119,43,63d5ed679a97,88671b81aa0118f4,510b236a2d29,require_all_classes,"{""missing_in_test"": [], ""missing_in_train"": []}"
d3_rainbow_trout|tcn|regression|seed07|fold03,m1_benchmark,d3_rainbow_trout,tcn,regression,7,3,16,1.1.0,real,True,ok,,2026-09-20T06:55:14Z,5.943790375255048,12690,5040,,,122,48,82f8e99ea34e,9ec63bf2f06427ac,510b236a2d29,require_all_classes,"{""missing_in_test"": [], ""missing_in_train"": []}"
d3_rainbow_trout|tcn|regression|seed07|fold04,m1_benchmark,d3_rainbow_trout,tcn,regression,7,4,16,1.1.0,real,True,ok,,2026-09-20T06:56:23Z,6.956416291184723,14331,4200,,,137,40,4a668330d0d7,d6efc6edaf2b76cf,510b236a2d29,require_all_classes,"{""missing_in_test"": [], ""missing_in_train"": []}"
d3_rainbow_trout|tcn|regression|seed08|fold00,m1_benchmark,d3_rainbow_trout,tcn,regression,8,0,16,1.1.0,real,True,ok,,2026-09-20T06:57:34Z,6.510332124773413,13441,4344,,,128,42,68c7c85b41da,a14241f4fb9aaadd,9cb3600a7b94,require_all_classes,"{""missing_in_test"": [], ""missing_in_train"": []}"
d3_rainbow_trout|tcn|regression|seed08|fold01,m1_benchmark,d3_rainbow_trout,tcn,regression,8,1,16,1.1.0,real,True,ok,,2026-09-20T06:58:40Z,6.879954458680004,12849,4145,,,123,40,8e5677b9212b,f15b75d262d0534b,9cb3600a7b94,require_all_classes,"{""missing_in_test"": [], ""missing_in_train"": []}"
d3_rainbow_trout|tcn|regression|seed08|fold02,m1_benchmark,d3_rainbow_trout,tcn,regression,8,2,16,1.1.0,real,True,ok,,2026-09-20T06:59:46Z,8.329980583395809,12584,4936,,,121,47,8f0b0a39787f,fb5e74452399c04c,9cb3600a7b94,require_all_classes,"{""missing_in_test"": [], ""missing_in_train"": []}"
d3_rainbow_trout|tcn|regression|seed08|fold03,m1_benchmark,d3_rainbow_trout,tcn,regression,8,3,16,1.1.0,real,True,ok,,2026-09-20T07:18:47Z,6.385171792004257,13425,4410,,,129,42,34bbc0b41277,270a3694df8e59d1,9cb3600a7b94,require_all_classes,"{""missing_in_test"": [], ""missing_in_train"": []}"
d3_rainbow_trout|tcn|regression|seed08|fold04,m1_benchmark,d3_rainbow_trout,tcn,regression,8,4,16,1.1.0,real,True,ok,,2026-09-20T07:19:48Z,6.2403338751755655,13491,4095,,,129,39,09fcc11d97ca,f6ea43c0d9899cc6,9cb3600a7b94,require_all_classes,"{""missing_in_test"": [], ""missing_in_train"": []}"
d3_rainbow_trout|tcn|regression|seed09|fold00,m1_benchmark,d3_rainbow_trout,tcn,regression,9,0,16,1.1.0,real,True,ok,,2026-09-20T07:20:48Z,5.947349959053099,12535,5460,,,120,52,a375bf17fa08,d3086013979a54f4,da269c7d4228,require_all_classes,"{""missing_in_test"": [], ""missing_in_train"": []}"
d3_rainbow_trout|tcn|regression|seed09|fold01,m1_benchmark,d3_rainbow_trout,tcn,regression,9,1,16,1.1.0,real,True,ok,,2026-09-20T07:21:47Z,6.10888145910576,13231,3935,,,126,38,504c72a28909,febebf30006769af,da269c7d4228,require_all_classes,"{""missing_in_test"": [], ""missing_in_train"": []}"
d3_rainbow_trout|tcn|regression|seed09|fold02,m1_benchmark,d3_rainbow_trout,tcn,regression,9,2,16,1.1.0,real,True,ok,,2026-09-20T07:22:46Z,6.172666208818555,13281,4764,,,127,46,437478619e3d,c9007c89662c573c,da269c7d4228,require_all_classes,"{""missing_in_test"": [], ""missing_in_train"": []}"
d3_rainbow_trout|tcn|regression|seed09|fold03,m1_benchmark,d3_rainbow_trout,tcn,regression,9,3,16,1.1.0,real,True,ok,,2026-09-20T07:23:49Z,6.551458374597132,14159,3885,,,136,37,929f4fe4f729,828c7942c930cfe6,da269c7d4228,require_all_classes,"{""missing_in_test"": [], ""missing_in_train"": []}"
d3_rainbow_trout|tcn|regression|seed09|fold04,m1_benchmark,d3_rainbow_trout,tcn,regression,9,4,16,1.1.0,real,True,ok,,2026-09-20T07:24:46Z,5.8820230001583695,12584,3886,,,121,37,903109ca3407,e08c3f611d4ffdac,da269c7d4228,require_all_classes,"{""missing_in_test"": [], ""missing_in_train"": []}"
