run_id,experiment,dataset,model,task,seed,fold_id,window_length,protocol_version,evidence_class,protocol_compliant,status,n_train_windows,n_test_windows,n_train_specimens,n_test_specimens,n_train_sessions,n_test_sessions,duration_s,accuracy,auroc,auroc_defined,auroc_n_classes_scored,balanced_accuracy,empty_class_policy,macro_f1,mae,r2,rmse
d2_beef_uncontrolled|cnn1d|classification|seed00|fold00,m1_benchmark,d2_beef_uncontrolled,cnn1d,classification,0,0,16,1.1.0,real,True,ok,6435,2145,3,1,3,1,2.2570442501455545,0.7048951048951049,0.8001725810076145,True,4.0,0.639609500805153,require_all_classes,0.6323567617668735,,,
d2_beef_uncontrolled|cnn1d|classification|seed00|fold01,m1_benchmark,d2_beef_uncontrolled,cnn1d,classification,0,1,16,1.1.0,real,True,ok,6435,2145,3,1,3,1,2.263914457987994,0.5435897435897435,0.8042024589989533,True,4.0,0.486231884057971,require_all_classes,0.400875131502324,,,
d2_beef_uncontrolled|cnn1d|classification|seed00|fold02,m1_benchmark,d2_beef_uncontrolled,cnn1d,classification,0,2,16,1.1.0,real,True,ok,6435,2145,3,1,3,1,2.351611000020057,0.8368298368298368,0.9105569834470343,True,4.0,0.7953703703703704,require_all_classes,0.7881343228599009,,,
d2_beef_uncontrolled|cnn1d|classification|seed00|fold03,m1_benchmark,d2_beef_uncontrolled,cnn1d,classification,0,3,16,1.1.0,real,True,ok,6435,2145,3,1,3,1,2.198055791668594,0.14825174825174825,0.381914972982418,True,4.0,0.2295707070707071,require_all_classes,0.1408288105970012,,,
d2_beef_uncontrolled|cnn1d|classification|seed00|fold04,m1_benchmark,d2_beef_uncontrolled,cnn1d,classification,0,4,16,1.1.0,real,True,ok,6435,2145,3,1,3,1,2.1831227079965174,0.6046620046620047,0.8594119174709172,True,4.0,0.6696296296296296,require_all_classes,0.5711118230528385,,,
d2_beef_uncontrolled|cnn1d|classification|seed01|fold00,m1_benchmark,d2_beef_uncontrolled,cnn1d,classification,1,0,16,1.1.0,real,True,ok,6435,2145,3,1,3,1,2.1907351249828935,0.3916083916083916,0.5490282315945325,True,4.0,0.25,require_all_classes,0.1407035175879397,,,
d2_beef_uncontrolled|cnn1d|classification|seed01|fold01,m1_benchmark,d2_beef_uncontrolled,cnn1d,classification,1,1,16,1.1.0,real,True,ok,6435,2145,3,1,3,1,2.2526131672784686,0.4097902097902098,0.6972720586397664,True,4.0,0.49772727272727274,require_all_classes,0.27459116115677495,,,
d2_beef_uncontrolled|cnn1d|classification|seed01|fold02,m1_benchmark,d2_beef_uncontrolled,cnn1d,classification,1,2,16,1.1.0,real,True,ok,6435,2145,3,1,3,1,2.1856619999744,0.6326340326340326,0.8799460032824223,True,4.0,0.6889673913043479,require_all_classes,0.5969262141442111,,,
d2_beef_uncontrolled|cnn1d|classification|seed01|fold03,m1_benchmark,d2_beef_uncontrolled,cnn1d,classification,1,3,16,1.1.0,real,True,ok,6435,2145,3,1,3,1,2.1991082089953125,0.765034965034965,0.9277190198411267,True,4.0,0.6801932367149759,require_all_classes,0.6544102997729695,,,
d2_beef_uncontrolled|cnn1d|classification|seed01|fold04,m1_benchmark,d2_beef_uncontrolled,cnn1d,classification,1,4,16,1.1.0,real,True,ok,6435,2145,3,1,3,1,2.2806496247649193,0.6489510489510489,0.8628460356338421,True,4.0,0.6111801242236025,require_all_classes,0.5601638904564559,,,
d2_beef_uncontrolled|cnn1d|classification|seed02|fold00,m1_benchmark,d2_beef_uncontrolled,cnn1d,classification,2,0,16,1.1.0,real,True,ok,6435,2145,3,1,3,1,2.5416189590469003,0.6815850815850816,0.8215666002871432,True,4.0,0.633840579710145,require_all_classes,0.6328433680653204,,,
d2_beef_uncontrolled|cnn1d|classification|seed02|fold01,m1_benchmark,d2_beef_uncontrolled,cnn1d,classification,2,1,16,1.1.0,real,True,ok,6435,2145,3,1,3,1,2.3141420423053205,0.45874125874125876,0.8313182555300505,True,4.0,0.35434782608695653,require_all_classes,0.2950745330750643,,,
d2_beef_uncontrolled|cnn1d|classification|seed02|fold02,m1_benchmark,d2_beef_uncontrolled,cnn1d,classification,2,2,16,1.1.0,real,True,ok,6435,2145,3,1,3,1,2.1992354169487953,0.8111888111888111,0.9483472690730241,True,4.0,0.763425925925926,require_all_classes,0.7329877783584197,,,
d2_beef_uncontrolled|cnn1d|classification|seed02|fold03,m1_benchmark,d2_beef_uncontrolled,cnn1d,classification,2,3,16,1.1.0,real,True,ok,6435,2145,3,1,3,1,2.204968084115535,0.19953379953379954,0.5551912249583317,True,4.0,0.3159090909090909,require_all_classes,0.1675212518636906,,,
d2_beef_uncontrolled|cnn1d|classification|seed02|fold04,m1_benchmark,d2_beef_uncontrolled,cnn1d,classification,2,4,16,1.1.0,real,True,ok,6435,2145,3,1,3,1,2.1889785421080887,0.43403263403263403,0.8720608078079682,True,4.0,0.48985507246376814,require_all_classes,0.3737438431787379,,,
d2_beef_uncontrolled|cnn1d|classification|seed03|fold00,m1_benchmark,d2_beef_uncontrolled,cnn1d,classification,3,0,16,1.1.0,real,True,ok,6435,2145,3,1,3,1,2.1895892922766507,0.16083916083916083,0.6154657721484162,True,4.0,0.25,require_all_classes,0.06927710843373494,,,
d2_beef_uncontrolled|cnn1d|classification|seed03|fold01,m1_benchmark,d2_beef_uncontrolled,cnn1d,classification,3,1,16,1.1.0,real,True,ok,6435,2145,3,1,3,1,2.252163500059396,0.8303030303030303,0.9745102440253376,True,4.0,0.882914653784219,require_all_classes,0.8468519424940875,,,
d2_beef_uncontrolled|cnn1d|classification|seed03|fold02,m1_benchmark,d2_beef_uncontrolled,cnn1d,classification,3,2,16,1.1.0,real,True,ok,6435,2145,3,1,3,1,2.3670354578644037,0.38741258741258744,0.7167685878641994,True,4.0,0.475,require_all_classes,0.3397227579299543,,,
d2_beef_uncontrolled|cnn1d|classification|seed03|fold03,m1_benchmark,d2_beef_uncontrolled,cnn1d,classification,3,3,16,1.1.0,real,True,ok,6435,2145,3,1,3,1,2.2032312089577317,0.827972027972028,0.9604644476363657,True,4.0,0.7849867724867725,require_all_classes,0.7724466955625766,,,
d2_beef_uncontrolled|cnn1d|classification|seed03|fold04,m1_benchmark,d2_beef_uncontrolled,cnn1d,classification,3,4,16,1.1.0,real,True,ok,6435,2145,3,1,3,1,2.3229569997638464,0.06386946386946386,0.44817910605697553,True,4.0,0.051893939393939395,require_all_classes,0.03330092367525522,,,
d2_beef_uncontrolled|cnn1d|classification|seed04|fold00,m1_benchmark,d2_beef_uncontrolled,cnn1d,classification,4,0,16,1.1.0,real,True,ok,6435,2145,3,1,3,1,2.202606167178601,0.7151515151515152,0.8846013006769933,True,4.0,0.6411876006441224,require_all_classes,0.6310081409799382,,,
d2_beef_uncontrolled|cnn1d|classification|seed04|fold01,m1_benchmark,d2_beef_uncontrolled,cnn1d,classification,4,1,16,1.1.0,real,True,ok,6435,2145,3,1,3,1,2.399487417191267,0.3916083916083916,0.5047758899502433,True,4.0,0.25,require_all_classes,0.1407035175879397,,,
d2_beef_uncontrolled|cnn1d|classification|seed04|fold02,m1_benchmark,d2_beef_uncontrolled,cnn1d,classification,4,2,16,1.1.0,real,True,ok,6435,2145,3,1,3,1,2.194408915936947,0.22284382284382284,0.49105842659003707,True,4.0,0.34290404040404043,require_all_classes,0.18319459072383304,,,
d2_beef_uncontrolled|cnn1d|classification|seed04|fold03,m1_benchmark,d2_beef_uncontrolled,cnn1d,classification,4,3,16,1.1.0,real,True,ok,6435,2145,3,1,3,1,2.4380319169722497,0.3878787878787879,0.6703060373231129,True,4.0,0.475462962962963,require_all_classes,0.3480679985155409,,,
d2_beef_uncontrolled|cnn1d|classification|seed04|fold04,m1_benchmark,d2_beef_uncontrolled,cnn1d,classification,4,4,16,1.1.0,real,True,ok,6435,2145,3,1,3,1,2.182696457952261,0.6284382284382284,0.918239945361345,True,4.0,0.575462962962963,require_all_classes,0.5290163493201256,,,
d2_beef_uncontrolled|cnn1d|classification|seed05|fold00,m1_benchmark,d2_beef_uncontrolled,cnn1d,classification,5,0,16,1.1.0,real,True,ok,6435,2145,3,1,3,1,2.223234707955271,0.5524475524475524,0.9011335243346037,True,4.0,0.5,require_all_classes,0.37332998440556214,,,
d2_beef_uncontrolled|cnn1d|classification|seed05|fold01,m1_benchmark,d2_beef_uncontrolled,cnn1d,classification,5,1,16,1.1.0,real,True,ok,6435,2145,3,1,3,1,2.269402083940804,0.7347319347319348,0.8241572745435124,True,4.0,0.686441798941799,require_all_classes,0.6729854184769626,,,
d2_beef_uncontrolled|cnn1d|classification|seed05|fold02,m1_benchmark,d2_beef_uncontrolled,cnn1d,classification,5,2,16,1.1.0,real,True,ok,6435,2145,3,1,3,1,2.2070115408860147,0.49184149184149184,0.8274211932750533,True,4.0,0.5499496779388084,require_all_classes,0.4790185425203033,,,
d2_beef_uncontrolled|cnn1d|classification|seed05|fold03,m1_benchmark,d2_beef_uncontrolled,cnn1d,classification,5,3,16,1.1.0,real,True,ok,6435,2145,3,1,3,1,2.2086824583821,0.7934731934731934,0.9076915144076455,True,4.0,0.6998188405797101,require_all_classes,0.6681718478396546,,,
d2_beef_uncontrolled|cnn1d|classification|seed05|fold04,m1_benchmark,d2_beef_uncontrolled,cnn1d,classification,5,4,16,1.1.0,real,True,ok,6435,2145,3,1,3,1,2.1908446247689426,0.14825174825174825,0.49081047539026,True,4.0,0.25007575757575756,require_all_classes,0.25435594951009144,,,
d2_beef_uncontrolled|cnn1d|classification|seed06|fold00,m1_benchmark,d2_beef_uncontrolled,cnn1d,classification,6,0,16,1.1.0,real,True,ok,6435,2145,3,1,3,1,2.2162225414067507,0.7184149184149184,0.8071864548295827,True,4.0,0.6458454106280194,require_all_classes,0.6349867308916547,,,
d2_beef_uncontrolled|cnn1d|classification|seed06|fold01,m1_benchmark,d2_beef_uncontrolled,cnn1d,classification,6,1,16,1.1.0,real,True,ok,6435,2145,3,1,3,1,2.208736749831587,0.3916083916083916,0.5113671497584541,True,4.0,0.25,require_all_classes,0.1407035175879397,,,
d2_beef_uncontrolled|cnn1d|classification|seed06|fold02,m1_benchmark,d2_beef_uncontrolled,cnn1d,classification,6,2,16,1.1.0,real,True,ok,6435,2145,3,1,3,1,2.2076627081260085,0.21678321678321677,0.5448399380646067,True,4.0,0.34090909090909094,require_all_classes,0.18486590038314177,,,
d2_beef_uncontrolled|cnn1d|classification|seed06|fold03,m1_benchmark,d2_beef_uncontrolled,cnn1d,classification,6,3,16,1.1.0,real,True,ok,6435,2145,3,1,3,1,2.1819246248342097,0.7505827505827506,0.8122819087013631,True,4.0,0.7029761904761904,require_all_classes,0.6911753800676875,,,
d2_beef_uncontrolled|cnn1d|classification|seed06|fold04,m1_benchmark,d2_beef_uncontrolled,cnn1d,classification,6,4,16,1.1.0,real,True,ok,6435,2145,3,1,3,1,2.184252165723592,0.4405594405594406,0.8882191751568469,True,4.0,0.5,require_all_classes,0.36757453073242546,,,
d2_beef_uncontrolled|cnn1d|classification|seed07|fold00,m1_benchmark,d2_beef_uncontrolled,cnn1d,classification,7,0,16,1.1.0,real,True,ok,6435,2145,3,1,3,1,2.2430763337761164,0.7235431235431236,0.9105136438520327,True,4.0,0.6488888888888888,require_all_classes,0.6363883064483413,,,
d2_beef_uncontrolled|cnn1d|classification|seed07|fold01,m1_benchmark,d2_beef_uncontrolled,cnn1d,classification,7,1,16,1.1.0,real,True,ok,6435,2145,3,1,3,1,2.2698797499760985,0.06340326340326341,0.3233467098292254,True,4.0,0.051515151515151514,require_all_classes,0.033073929961089495,,,
d2_beef_uncontrolled|cnn1d|classification|seed07|fold02,m1_benchmark,d2_beef_uncontrolled,cnn1d,classification,7,2,16,1.1.0,real,True,ok,6435,2145,3,1,3,1,2.2747508329339325,0.3916083916083916,0.5758592778784913,True,4.0,0.25,require_all_classes,0.1407035175879397,,,
d2_beef_uncontrolled|cnn1d|classification|seed07|fold03,m1_benchmark,d2_beef_uncontrolled,cnn1d,classification,7,3,16,1.1.0,real,True,ok,6435,2145,3,1,3,1,2.2006160840392113,0.393006993006993,0.7100432408260304,True,4.0,0.48055555555555557,require_all_classes,0.34401082908873004,,,
d2_beef_uncontrolled|cnn1d|classification|seed07|fold04,m1_benchmark,d2_beef_uncontrolled,cnn1d,classification,7,4,16,1.1.0,real,True,ok,6435,2145,3,1,3,1,2.3620990002527833,0.6265734265734266,0.9056595361580941,True,4.0,0.5736111111111111,require_all_classes,0.526002418825111,,,
d2_beef_uncontrolled|cnn1d|classification|seed08|fold00,m1_benchmark,d2_beef_uncontrolled,cnn1d,classification,8,0,16,1.1.0,real,True,ok,6435,2145,3,1,3,1,2.3541827918961644,0.8256410256410256,0.9403131030353389,True,4.0,0.7858465608465609,require_all_classes,0.7837363719385692,,,
d2_beef_uncontrolled|cnn1d|classification|seed08|fold01,m1_benchmark,d2_beef_uncontrolled,cnn1d,classification,8,1,16,1.1.0,real,True,ok,6435,2145,3,1,3,1,2.22199762519449,0.08904428904428904,0.3313311533218402,True,4.0,0.07234848484848484,require_all_classes,0.050555849655902596,,,
d2_beef_uncontrolled|cnn1d|classification|seed08|fold02,m1_benchmark,d2_beef_uncontrolled,cnn1d,classification,8,2,16,1.1.0,real,True,ok,6435,2145,3,1,3,1,2.1948313750326633,0.4405594405594406,0.8774296881984462,True,4.0,0.5,require_all_classes,0.36616561181434604,,,
d2_beef_uncontrolled|cnn1d|classification|seed08|fold03,m1_benchmark,d2_beef_uncontrolled,cnn1d,classification,8,3,16,1.1.0,real,True,ok,6435,2145,3,1,3,1,2.186189207714051,0.772960372960373,0.8744324573265356,True,4.0,0.692427536231884,require_all_classes,0.6673567641147186,,,
d2_beef_uncontrolled|cnn1d|classification|seed08|fold04,m1_benchmark,d2_beef_uncontrolled,cnn1d,classification,8,4,16,1.1.0,real,True,ok,6435,2145,3,1,3,1,2.26238395832479,0.5058275058275058,0.6626512847023059,True,4.0,0.427536231884058,require_all_classes,0.36091179017691455,,,
d2_beef_uncontrolled|cnn1d|classification|seed09|fold00,m1_benchmark,d2_beef_uncontrolled,cnn1d,classification,9,0,16,1.1.0,real,True,ok,6435,2145,3,1,3,1,2.197927583940327,0.5524475524475524,0.9029281423423184,True,4.0,0.5,require_all_classes,0.37865445364622086,,,
d2_beef_uncontrolled|cnn1d|classification|seed09|fold01,m1_benchmark,d2_beef_uncontrolled,cnn1d,classification,9,1,16,1.1.0,real,True,ok,6435,2145,3,1,3,1,2.185702458024025,0.8116550116550116,0.9344602288153999,True,4.0,0.7611197377501726,require_all_classes,0.7248109621207424,,,
d2_beef_uncontrolled|cnn1d|classification|seed09|fold02,m1_benchmark,d2_beef_uncontrolled,cnn1d,classification,9,2,16,1.1.0,real,True,ok,6435,2145,3,1,3,1,2.1877320003695786,0.38927738927738925,0.6869239236668376,True,4.0,0.4444444444444444,require_all_classes,0.3442252851711026,,,
d2_beef_uncontrolled|cnn1d|classification|seed09|fold03,m1_benchmark,d2_beef_uncontrolled,cnn1d,classification,9,3,16,1.1.0,real,True,ok,6435,2145,3,1,3,1,2.1974200839176774,0.828904428904429,0.9885756456953119,True,4.0,0.8755636070853463,require_all_classes,0.8420429725857083,,,
d2_beef_uncontrolled|cnn1d|classification|seed09|fold04,m1_benchmark,d2_beef_uncontrolled,cnn1d,classification,9,4,16,1.1.0,real,True,ok,6435,2145,3,1,3,1,2.2086688331328332,0.3808857808857809,0.7779957791340504,True,4.0,0.4681018518518518,require_all_classes,0.3349976789004854,,,
d2_beef_uncontrolled|cnn1d|regression|seed00|fold00,m1_benchmark,d2_beef_uncontrolled,cnn1d,regression,0,0,16,1.1.0,real,True,ok,6435,2145,3,1,3,1,2.2250529159791768,,,,,,,,0.29767672593971084,0.8179993056995283,0.404845806820249
d2_beef_uncontrolled|cnn1d|regression|seed00|fold01,m1_benchmark,d2_beef_uncontrolled,cnn1d,regression,0,1,16,1.1.0,real,True,ok,6435,2145,3,1,3,1,2.196418416220695,,,,,,,,1.5407456879411037,-2.328256993532543,1.701023715984651
d2_beef_uncontrolled|cnn1d|regression|seed00|fold02,m1_benchmark,d2_beef_uncontrolled,cnn1d,regression,0,2,16,1.1.0,real,True,ok,6435,2145,3,1,3,1,2.258689499925822,,,,,,,,0.47321305578268674,0.6065560065636979,0.5899284647240396
d2_beef_uncontrolled|cnn1d|regression|seed00|fold03,m1_benchmark,d2_beef_uncontrolled,cnn1d,regression,0,3,16,1.1.0,real,True,ok,6435,2145,3,1,3,1,2.1723087076097727,,,,,,,,2.536527910130402,-10.460640960793059,2.8232559673739157
d2_beef_uncontrolled|cnn1d|regression|seed00|fold04,m1_benchmark,d2_beef_uncontrolled,cnn1d,regression,0,4,16,1.1.0,real,True,ok,6435,2145,3,1,3,1,2.1568005001172423,,,,,,,,1.942718285694858,-4.03552670390723,2.0390211885966196
d2_beef_uncontrolled|cnn1d|regression|seed01|fold00,m1_benchmark,d2_beef_uncontrolled,cnn1d,regression,1,0,16,1.1.0,real,True,ok,6435,2145,3,1,3,1,2.1440828749909997,,,,,,,,6.93708493750203,-55.16293470598083,6.987580731760816
d2_beef_uncontrolled|cnn1d|regression|seed01|fold01,m1_benchmark,d2_beef_uncontrolled,cnn1d,regression,1,1,16,1.1.0,real,True,ok,6435,2145,3,1,3,1,2.2010327079333365,,,,,,,,3.0768634501152277,-17.120684039846033,3.5500387627225125
d2_beef_uncontrolled|cnn1d|regression|seed01|fold02,m1_benchmark,d2_beef_uncontrolled,cnn1d,regression,1,2,16,1.1.0,real,True,ok,6435,2145,3,1,3,1,2.151379708200693,,,,,,,,2.077227910079358,-4.555949578961224,2.1417976365227913
d2_beef_uncontrolled|cnn1d|regression|seed01|fold03,m1_benchmark,d2_beef_uncontrolled,cnn1d,regression,1,3,16,1.1.0,real,True,ok,6435,2145,3,1,3,1,2.1589337908662856,,,,,,,,0.30524859231830886,0.7350302558961421,0.4884850381644734
d2_beef_uncontrolled|cnn1d|regression|seed01|fold04,m1_benchmark,d2_beef_uncontrolled,cnn1d,regression,1,4,16,1.1.0,real,True,ok,6435,2145,3,1,3,1,2.1831107498146594,,,,,,,,0.22199424938118442,0.902078833952478,0.29430401053408667
d2_beef_uncontrolled|cnn1d|regression|seed02|fold00,m1_benchmark,d2_beef_uncontrolled,cnn1d,regression,2,0,16,1.1.0,real,True,ok,6435,2145,3,1,3,1,2.2481100419536233,,,,,,,,0.2833711785334511,0.8313595713617266,0.38970319982288604
d2_beef_uncontrolled|cnn1d|regression|seed02|fold01,m1_benchmark,d2_beef_uncontrolled,cnn1d,regression,2,1,16,1.1.0,real,True,ok,6435,2145,3,1,3,1,2.2719106250442564,,,,,,,,2.255958281714454,-5.599887314151505,2.3953567418709607
d2_beef_uncontrolled|cnn1d|regression|seed02|fold02,m1_benchmark,d2_beef_uncontrolled,cnn1d,regression,2,2,16,1.1.0,real,True,ok,6435,2145,3,1,3,1,2.1633044159971178,,,,,,,,0.4374383447285507,0.6299272124775563,0.5721388883729814
d2_beef_uncontrolled|cnn1d|regression|seed02|fold03,m1_benchmark,d2_beef_uncontrolled,cnn1d,regression,2,3,16,1.1.0,real,True,ok,6435,2145,3,1,3,1,2.1775885419920087,,,,,,,,2.573935225744273,-10.522813681059588,2.830903536587514
d2_beef_uncontrolled|cnn1d|regression|seed02|fold04,m1_benchmark,d2_beef_uncontrolled,cnn1d,regression,2,4,16,1.1.0,real,True,ok,6435,2145,3,1,3,1,2.162605583202094,,,,,,,,1.383762471503902,-1.6089921367472382,1.467694518269629
d2_beef_uncontrolled|cnn1d|regression|seed03|fold00,m1_benchmark,d2_beef_uncontrolled,cnn1d,regression,3,0,16,1.1.0,real,True,ok,6435,2145,3,1,3,1,2.1670164577662945,,,,,,,,3.623897690890407,-15.272543511018725,3.761228019755962
d2_beef_uncontrolled|cnn1d|regression|seed03|fold01,m1_benchmark,d2_beef_uncontrolled,cnn1d,regression,3,1,16,1.1.0,real,True,ok,6435,2145,3,1,3,1,2.1824821671471,,,,,,,,0.6155961799496882,0.40329420740778,0.7330494124394862
d2_beef_uncontrolled|cnn1d|regression|seed03|fold02,m1_benchmark,d2_beef_uncontrolled,cnn1d,regression,3,2,16,1.1.0,real,True,ok,6435,2145,3,1,3,1,2.3000730839557946,,,,,,,,0.2634423856079889,0.8791158651817237,0.31592496086077104
d2_beef_uncontrolled|cnn1d|regression|seed03|fold03,m1_benchmark,d2_beef_uncontrolled,cnn1d,regression,3,3,16,1.1.0,real,True,ok,6435,2145,3,1,3,1,2.1699235420674086,,,,,,,,0.41150915520893055,0.6853661481924167,0.5275463415911837
d2_beef_uncontrolled|cnn1d|regression|seed03|fold04,m1_benchmark,d2_beef_uncontrolled,cnn1d,regression,3,4,16,1.1.0,real,True,ok,6435,2145,3,1,3,1,2.2231879169121385,,,,,,,,2.751344477344462,-13.071899629727845,3.128399195781317
d2_beef_uncontrolled|cnn1d|regression|seed04|fold00,m1_benchmark,d2_beef_uncontrolled,cnn1d,regression,4,0,16,1.1.0,real,True,ok,6435,2145,3,1,3,1,2.2466309159062803,,,,,,,,0.31110474767633406,0.8007873005752049,0.42355677537449277
d2_beef_uncontrolled|cnn1d|regression|seed04|fold01,m1_benchmark,d2_beef_uncontrolled,cnn1d,regression,4,1,16,1.1.0,real,True,ok,6435,2145,3,1,3,1,2.2310257498174906,,,,,,,,5.098440618354534,-30.6493853301654,5.245472107053795
d2_beef_uncontrolled|cnn1d|regression|seed04|fold02,m1_benchmark,d2_beef_uncontrolled,cnn1d,regression,4,2,16,1.1.0,real,True,ok,6435,2145,3,1,3,1,2.1442569592036307,,,,,,,,3.6519955316774,-24.308007936505863,4.195413604612363
d2_beef_uncontrolled|cnn1d|regression|seed04|fold03,m1_benchmark,d2_beef_uncontrolled,cnn1d,regression,4,3,16,1.1.0,real,True,ok,6435,2145,3,1,3,1,2.2348951250314713,,,,,,,,1.0100349815044378,-0.5728843592444619,1.1395875187201963
d2_beef_uncontrolled|cnn1d|regression|seed04|fold04,m1_benchmark,d2_beef_uncontrolled,cnn1d,regression,4,4,16,1.1.0,real,True,ok,6435,2145,3,1,3,1,2.15241179196164,,,,,,,,0.573039904062486,0.40855594465543454,0.7232937754567067
d2_beef_uncontrolled|cnn1d|regression|seed05|fold00,m1_benchmark,d2_beef_uncontrolled,cnn1d,regression,5,0,16,1.1.0,real,True,ok,6435,2145,3,1,3,1,2.1717255413532257,,,,,,,,1.046459071463994,-0.798401274387941,1.2503892834218986
d2_beef_uncontrolled|cnn1d|regression|seed05|fold01,m1_benchmark,d2_beef_uncontrolled,cnn1d,regression,5,1,16,1.1.0,real,True,ok,6435,2145,3,1,3,1,2.1881434163078666,,,,,,,,0.41256057865589163,0.7477916166267795,0.4723214307008712
d2_beef_uncontrolled|cnn1d|regression|seed05|fold02,m1_benchmark,d2_beef_uncontrolled,cnn1d,regression,5,2,16,1.1.0,real,True,ok,6435,2145,3,1,3,1,2.168742749840021,,,,,,,,1.2566734172361789,-1.2291015516094852,1.3566387387761927
d2_beef_uncontrolled|cnn1d|regression|seed05|fold03,m1_benchmark,d2_beef_uncontrolled,cnn1d,regression,5,3,16,1.1.0,real,True,ok,6435,2145,3,1,3,1,2.1787908747792244,,,,,,,,0.38715610356355656,0.7372732209450037,0.4864131347989298
d2_beef_uncontrolled|cnn1d|regression|seed05|fold04,m1_benchmark,d2_beef_uncontrolled,cnn1d,regression,5,4,16,1.1.0,real,True,ok,6435,2145,3,1,3,1,2.222537084016949,,,,,,,,3.234279046092199,-18.718524763444545,3.7032498274719057
d2_beef_uncontrolled|cnn1d|regression|seed06|fold00,m1_benchmark,d2_beef_uncontrolled,cnn1d,regression,6,0,16,1.1.0,real,True,ok,6435,2145,3,1,3,1,2.1650675837881863,,,,,,,,0.3544467458628641,0.7784975220577782,0.4466243710074254
d2_beef_uncontrolled|cnn1d|regression|seed06|fold01,m1_benchmark,d2_beef_uncontrolled,cnn1d,regression,6,1,16,1.1.0,real,True,ok,6435,2145,3,1,3,1,2.154280500020832,,,,,,,,5.193001707690155,-31.146683078226893,5.286521787249804
d2_beef_uncontrolled|cnn1d|regression|seed06|fold02,m1_benchmark,d2_beef_uncontrolled,cnn1d,regression,6,2,16,1.1.0,real,True,ok,6435,2145,3,1,3,1,2.1389548340812325,,,,,,,,4.387905674863263,-30.455078491474154,4.677256506463852
d2_beef_uncontrolled|cnn1d|regression|seed06|fold03,m1_benchmark,d2_beef_uncontrolled,cnn1d,regression,6,3,16,1.1.0,real,True,ok,6435,2145,3,1,3,1,2.1448197080753744,,,,,,,,0.33796712488724767,0.7758908467652558,0.44523335201815173
d2_beef_uncontrolled|cnn1d|regression|seed06|fold04,m1_benchmark,d2_beef_uncontrolled,cnn1d,regression,6,4,16,1.1.0,real,True,ok,6435,2145,3,1,3,1,2.155407916288823,,,,,,,,1.7878011017387916,-3.191895736760449,1.8603922562825836
d2_beef_uncontrolled|cnn1d|regression|seed07|fold00,m1_benchmark,d2_beef_uncontrolled,cnn1d,regression,7,0,16,1.1.0,real,True,ok,6435,2145,3,1,3,1,2.1620010416954756,,,,,,,,0.3855509120274489,0.7649669261078558,0.4600633244527546
d2_beef_uncontrolled|cnn1d|regression|seed07|fold01,m1_benchmark,d2_beef_uncontrolled,cnn1d,regression,7,1,16,1.1.0,real,True,ok,6435,2145,3,1,3,1,2.2602222077548504,,,,,,,,2.839538402136527,-13.532793525845225,3.1792183237097023
d2_beef_uncontrolled|cnn1d|regression|seed07|fold02,m1_benchmark,d2_beef_uncontrolled,cnn1d,regression,7,2,16,1.1.0,real,True,ok,6435,2145,3,1,3,1,2.2150586247444153,,,,,,,,2.723112654203156,-8.330282911441845,2.8480614033520055
d2_beef_uncontrolled|cnn1d|regression|seed07|fold03,m1_benchmark,d2_beef_uncontrolled,cnn1d,regression,7,3,16,1.1.0,real,True,ok,6435,2145,3,1,3,1,2.2368707908317447,,,,,,,,0.36995095254264704,0.751240134250107,0.4531995228735606
d2_beef_uncontrolled|cnn1d|regression|seed07|fold04,m1_benchmark,d2_beef_uncontrolled,cnn1d,regression,7,4,16,1.1.0,real,True,ok,6435,2145,3,1,3,1,2.2060737921856344,,,,,,,,0.6372874874135791,0.33370628669433433,0.7676986023244388
d2_beef_uncontrolled|cnn1d|regression|seed08|fold00,m1_benchmark,d2_beef_uncontrolled,cnn1d,regression,8,0,16,1.1.0,real,True,ok,6435,2145,3,1,3,1,2.303210707847029,,,,,,,,0.4398136566337675,0.6430749669109224,0.5618836518454813
d2_beef_uncontrolled|cnn1d|regression|seed08|fold01,m1_benchmark,d2_beef_uncontrolled,cnn1d,regression,8,1,16,1.1.0,real,True,ok,6435,2145,3,1,3,1,2.172809333074838,,,,,,,,1.5354212971491323,-3.180139881211913,1.7050660559409847
d2_beef_uncontrolled|cnn1d|regression|seed08|fold02,m1_benchmark,d2_beef_uncontrolled,cnn1d,regression,8,2,16,1.1.0,real,True,ok,6435,2145,3,1,3,1,2.174656332936138,,,,,,,,1.9593852768525453,-4.196671546913756,2.071390219228745
d2_beef_uncontrolled|cnn1d|regression|seed08|fold03,m1_benchmark,d2_beef_uncontrolled,cnn1d,regression,8,3,16,1.1.0,real,True,ok,6435,2145,3,1,3,1,2.1483285413123667,,,,,,,,0.3619909674678108,0.7490967033494327,0.47534212886189114
d2_beef_uncontrolled|cnn1d|regression|seed08|fold04,m1_benchmark,d2_beef_uncontrolled,cnn1d,regression,8,4,16,1.1.0,real,True,ok,6435,2145,3,1,3,1,2.2136901249177754,,,,,,,,1.444613987740438,-2.067723465637563,1.6330897245498321
d2_beef_uncontrolled|cnn1d|regression|seed09|fold00,m1_benchmark,d2_beef_uncontrolled,cnn1d,regression,9,0,16,1.1.0,real,True,ok,6435,2145,3,1,3,1,2.1624870412051678,,,,,,,,1.010982420686002,-0.6397764038929519,1.1939723194053886
d2_beef_uncontrolled|cnn1d|regression|seed09|fold01,m1_benchmark,d2_beef_uncontrolled,cnn1d,regression,9,1,16,1.1.0,real,True,ok,6435,2145,3,1,3,1,2.1530806249938905,,,,,,,,0.39044626818423805,0.7164553607375574,0.5008049497026817
d2_beef_uncontrolled|cnn1d|regression|seed09|fold02,m1_benchmark,d2_beef_uncontrolled,cnn1d,regression,9,2,16,1.1.0,real,True,ok,6435,2145,3,1,3,1,2.1809878749772906,,,,,,,,2.56366556003217,-9.606990388994697,2.7160758176455753
d2_beef_uncontrolled|cnn1d|regression|seed09|fold03,m1_benchmark,d2_beef_uncontrolled,cnn1d,regression,9,3,16,1.1.0,real,True,ok,6435,2145,3,1,3,1,2.2494875001721084,,,,,,,,0.6404244081686213,0.23584808868645624,0.8295507779263405
d2_beef_uncontrolled|cnn1d|regression|seed09|fold04,m1_benchmark,d2_beef_uncontrolled,cnn1d,regression,9,4,16,1.1.0,real,True,ok,6435,2145,3,1,3,1,2.148847207892686,,,,,,,,0.7524666008767189,-0.01693434187015508,0.9163170000800239
d2_beef_uncontrolled|esn|classification|seed00|fold00,m1_benchmark,d2_beef_uncontrolled,esn,classification,0,0,16,1.1.0,real,True,ok,6435,2145,3,1,3,1,0.8824059581384063,0.6041958041958042,0.7289984674918963,True,4.0,0.47430958132045087,require_all_classes,0.46787016775820084,,,
d2_beef_uncontrolled|esn|classification|seed00|fold01,m1_benchmark,d2_beef_uncontrolled,esn,classification,0,1,16,1.1.0,real,True,ok,6435,2145,3,1,3,1,0.8578878329135478,0.08018648018648018,0.33417886075011255,True,4.0,0.10238095238095238,require_all_classes,0.08565737051792828,,,
d2_beef_uncontrolled|esn|classification|seed00|fold02,m1_benchmark,d2_beef_uncontrolled,esn,classification,0,2,16,1.1.0,real,True,ok,6435,2145,3,1,3,1,0.8748496668413281,0.46293706293706294,0.5879718262376501,True,4.0,0.3440016103059581,require_all_classes,0.31514975759599423,,,
d2_beef_uncontrolled|esn|classification|seed00|fold03,m1_benchmark,d2_beef_uncontrolled,esn,classification,0,3,16,1.1.0,real,True,ok,6435,2145,3,1,3,1,0.843637874815613,0.358974358974359,0.5368921021516665,True,4.0,0.4271212121212121,require_all_classes,0.25258445945945945,,,
d2_beef_uncontrolled|esn|classification|seed00|fold04,m1_benchmark,d2_beef_uncontrolled,esn,classification,0,4,16,1.1.0,real,True,ok,6435,2145,3,1,3,1,0.828815583139658,0.14918414918414918,0.45986009880420464,True,4.0,0.14703703703703705,require_all_classes,0.08689845869109267,,,
d2_beef_uncontrolled|esn|classification|seed01|fold00,m1_benchmark,d2_beef_uncontrolled,esn,classification,1,0,16,1.1.0,real,True,ok,6435,2145,3,1,3,1,0.8316936250776052,0.2745920745920746,0.681899928367419,True,4.0,0.32261904761904764,require_all_classes,0.20663085167124318,,,
d2_beef_uncontrolled|esn|classification|seed01|fold01,m1_benchmark,d2_beef_uncontrolled,esn,classification,1,1,16,1.1.0,real,True,ok,6435,2145,3,1,3,1,0.8519057920202613,0.06806526806526807,0.42357339922565335,True,4.0,0.09303030303030303,require_all_classes,0.08217311589308116,,,
d2_beef_uncontrolled|esn|classification|seed01|fold02,m1_benchmark,d2_beef_uncontrolled,esn,classification,1,2,16,1.1.0,real,True,ok,6435,2145,3,1,3,1,0.8669121251441538,0.10862470862470862,0.5412788676766653,True,4.0,0.13789653784219003,require_all_classes,0.17801333848977552,,,
d2_beef_uncontrolled|esn|classification|seed01|fold03,m1_benchmark,d2_beef_uncontrolled,esn,classification,1,3,16,1.1.0,real,True,ok,6435,2145,3,1,3,1,0.857286375015974,0.06340326340326341,0.3740666091070828,True,4.0,0.05407407407407408,require_all_classes,0.06128654970760234,,,
d2_beef_uncontrolled|esn|classification|seed01|fold04,m1_benchmark,d2_beef_uncontrolled,esn,classification,1,4,16,1.1.0,real,True,ok,6435,2145,3,1,3,1,0.8383237910456955,0.4857808857808858,0.642953479331392,True,4.0,0.4148076259489303,require_all_classes,0.41350313891897894,,,
d2_beef_uncontrolled|esn|classification|seed02|fold00,m1_benchmark,d2_beef_uncontrolled,esn,classification,2,0,16,1.1.0,real,True,ok,6435,2145,3,1,3,1,0.9024587916210294,0.5053613053613054,0.5826898734198221,True,4.0,0.39902777777777776,require_all_classes,0.3676567027719897,,,
d2_beef_uncontrolled|esn|classification|seed02|fold01,m1_benchmark,d2_beef_uncontrolled,esn,classification,2,1,16,1.1.0,real,True,ok,6435,2145,3,1,3,1,0.8818412921391428,0.23263403263403262,0.49452274294292303,True,4.0,0.3232789855072464,require_all_classes,0.18750011226937688,,,
d2_beef_uncontrolled|esn|classification|seed02|fold02,m1_benchmark,d2_beef_uncontrolled,esn,classification,2,2,16,1.1.0,real,True,ok,6435,2145,3,1,3,1,0.8331227921880782,0.33706293706293705,0.400319635131255,True,4.0,0.22708333333333333,require_all_classes,0.19779623718459344,,,
d2_beef_uncontrolled|esn|classification|seed02|fold03,m1_benchmark,d2_beef_uncontrolled,esn,classification,2,3,16,1.1.0,real,True,ok,6435,2145,3,1,3,1,0.8515286250039935,0.17529137529137528,0.38103341111655437,True,4.0,0.14535353535353535,require_all_classes,0.08406776783203426,,,
d2_beef_uncontrolled|esn|classification|seed02|fold04,m1_benchmark,d2_beef_uncontrolled,esn,classification,2,4,16,1.1.0,real,True,ok,6435,2145,3,1,3,1,0.8380091250874102,0.10442890442890443,0.3879480808319821,True,4.0,0.12200098814229249,require_all_classes,0.08153904591426889,,,
d2_beef_uncontrolled|esn|classification|seed03|fold00,m1_benchmark,d2_beef_uncontrolled,esn,classification,3,0,16,1.1.0,real,True,ok,6435,2145,3,1,3,1,0.8413871247321367,0.3972027972027972,0.6737310947082954,True,4.0,0.2566022544283414,require_all_classes,0.15569425333047401,,,
d2_beef_uncontrolled|esn|classification|seed03|fold01,m1_benchmark,d2_beef_uncontrolled,esn,classification,3,1,16,1.1.0,real,True,ok,6435,2145,3,1,3,1,0.8650551247410476,0.6060606060606061,0.7274436883572832,True,4.0,0.604182769726248,require_all_classes,0.53843582150452,,,
d2_beef_uncontrolled|esn|classification|seed03|fold02,m1_benchmark,d2_beef_uncontrolled,esn,classification,3,2,16,1.1.0,real,True,ok,6435,2145,3,1,3,1,0.8508535828441381,0.1076923076923077,0.30419484384781703,True,4.0,0.12185990338164251,require_all_classes,0.11187526803101777,,,
d2_beef_uncontrolled|esn|classification|seed03|fold03,m1_benchmark,d2_beef_uncontrolled,esn,classification,3,3,16,1.1.0,real,True,ok,6435,2145,3,1,3,1,0.8451424585655332,0.4662004662004662,0.7214777043622282,True,4.0,0.44942201518288477,require_all_classes,0.49648090550411306,,,
d2_beef_uncontrolled|esn|classification|seed03|fold04,m1_benchmark,d2_beef_uncontrolled,esn,classification,3,4,16,1.1.0,real,True,ok,6435,2145,3,1,3,1,0.8529261248186231,0.11515151515151516,0.4304503955552481,True,4.0,0.08473958333333334,require_all_classes,0.07356745526439247,,,
d2_beef_uncontrolled|esn|classification|seed04|fold00,m1_benchmark,d2_beef_uncontrolled,esn,classification,4,0,16,1.1.0,real,True,ok,6435,2145,3,1,3,1,0.9090477088466287,0.4303030303030303,0.6255416996547158,True,4.0,0.3478703703703704,require_all_classes,0.267443058847779,,,
d2_beef_uncontrolled|esn|classification|seed04|fold01,m1_benchmark,d2_beef_uncontrolled,esn,classification,4,1,16,1.1.0,real,True,ok,6435,2145,3,1,3,1,0.844516540877521,0.20233100233100232,0.5021909531376328,True,4.0,0.26014492753623186,require_all_classes,0.10209238222519211,,,
d2_beef_uncontrolled|esn|classification|seed04|fold02,m1_benchmark,d2_beef_uncontrolled,esn,classification,4,2,16,1.1.0,real,True,ok,6435,2145,3,1,3,1,0.9322248753160238,0.21025641025641026,0.4323629086331111,True,4.0,0.18037878787878786,require_all_classes,0.12854670418971592,,,
d2_beef_uncontrolled|esn|classification|seed04|fold03,m1_benchmark,d2_beef_uncontrolled,esn,classification,4,3,16,1.1.0,real,True,ok,6435,2145,3,1,3,1,0.8539723749272525,0.22703962703962705,0.46831328198501443,True,4.0,0.2196762919045528,require_all_classes,0.2351725907042491,,,
d2_beef_uncontrolled|esn|classification|seed04|fold04,m1_benchmark,d2_beef_uncontrolled,esn,classification,4,4,16,1.1.0,real,True,ok,6435,2145,3,1,3,1,0.8511830838397145,0.3016317016317016,0.6906319009560147,True,4.0,0.32653554175293303,require_all_classes,0.23682082514536154,,,
d2_beef_uncontrolled|esn|classification|seed05|fold00,m1_benchmark,d2_beef_uncontrolled,esn,classification,5,0,16,1.1.0,real,True,ok,6435,2145,3,1,3,1,0.8553234171122313,0.1958041958041958,0.553969157487221,True,4.0,0.25,require_all_classes,0.085995085995086,,,
d2_beef_uncontrolled|esn|classification|seed05|fold01,m1_benchmark,d2_beef_uncontrolled,esn,classification,5,1,16,1.1.0,real,True,ok,6435,2145,3,1,3,1,0.8623320418410003,0.48438228438228437,0.5425704143737358,True,4.0,0.3671080630319761,require_all_classes,0.3400833757980755,,,
d2_beef_uncontrolled|esn|classification|seed05|fold02,m1_benchmark,d2_beef_uncontrolled,esn,classification,5,2,16,1.1.0,real,True,ok,6435,2145,3,1,3,1,0.857070832978934,0.29277389277389276,0.5453904231370472,True,4.0,0.30822463768115943,require_all_classes,0.2030895879692222,,,
d2_beef_uncontrolled|esn|classification|seed05|fold03,m1_benchmark,d2_beef_uncontrolled,esn,classification,5,3,16,1.1.0,real,True,ok,6435,2145,3,1,3,1,0.8376539158634841,0.5743589743589743,0.7010064233388917,True,4.0,0.5104609500805153,require_all_classes,0.46410343476996585,,,
d2_beef_uncontrolled|esn|classification|seed05|fold04,m1_benchmark,d2_beef_uncontrolled,esn,classification,5,4,16,1.1.0,real,True,ok,6435,2145,3,1,3,1,0.8677415000274777,0.0,0.35286038269151043,True,4.0,0.0,require_all_classes,0.0,,,
d2_beef_uncontrolled|esn|classification|seed06|fold00,m1_benchmark,d2_beef_uncontrolled,esn,classification,6,0,16,1.1.0,real,True,ok,6435,2145,3,1,3,1,0.8386840000748634,0.43496503496503497,0.5957224464189844,True,4.0,0.34983695652173913,require_all_classes,0.38201868231865,,,
d2_beef_uncontrolled|esn|classification|seed06|fold01,m1_benchmark,d2_beef_uncontrolled,esn,classification,6,1,16,1.1.0,real,True,ok,6435,2145,3,1,3,1,0.8470405000261962,0.1958041958041958,0.29831955161098184,True,4.0,0.25,require_all_classes,0.08187134502923976,,,
d2_beef_uncontrolled|esn|classification|seed06|fold02,m1_benchmark,d2_beef_uncontrolled,esn,classification,6,2,16,1.1.0,real,True,ok,6435,2145,3,1,3,1,0.8322116248309612,0.14731934731934732,0.27921673095503574,True,4.0,0.23287878787878788,require_all_classes,0.11918606294741621,,,
d2_beef_uncontrolled|esn|classification|seed06|fold03,m1_benchmark,d2_beef_uncontrolled,esn,classification,6,3,16,1.1.0,real,True,ok,6435,2145,3,1,3,1,0.8260078746825457,0.45268065268065266,0.4989698883189567,True,4.0,0.32080026455026456,require_all_classes,0.2681150168713008,,,
d2_beef_uncontrolled|esn|classification|seed06|fold04,m1_benchmark,d2_beef_uncontrolled,esn,classification,6,4,16,1.1.0,real,True,ok,6435,2145,3,1,3,1,0.8272568327374756,0.08438228438228439,0.3021727789363997,True,4.0,0.0758543771043771,require_all_classes,0.05406361319583052,,,
d2_beef_uncontrolled|esn|classification|seed07|fold00,m1_benchmark,d2_beef_uncontrolled,esn,classification,7,0,16,1.1.0,real,True,ok,6435,2145,3,1,3,1,0.8429191671311855,0.5920745920745921,0.6484699717592095,True,4.0,0.49316425120772944,require_all_classes,0.46994193558683167,,,
d2_beef_uncontrolled|esn|classification|seed07|fold01,m1_benchmark,d2_beef_uncontrolled,esn,classification,7,1,16,1.1.0,real,True,ok,6435,2145,3,1,3,1,0.8579187910072505,0.2205128205128205,0.44651572584273447,True,4.0,0.31553030303030305,require_all_classes,0.18536327574508066,,,
d2_beef_uncontrolled|esn|classification|seed07|fold02,m1_benchmark,d2_beef_uncontrolled,esn,classification,7,2,16,1.1.0,real,True,ok,6435,2145,3,1,3,1,0.8674143748357892,0.4097902097902098,0.6038246346341738,True,4.0,0.26805555555555555,require_all_classes,0.18958448716043713,,,
d2_beef_uncontrolled|esn|classification|seed07|fold03,m1_benchmark,d2_beef_uncontrolled,esn,classification,7,3,16,1.1.0,real,True,ok,6435,2145,3,1,3,1,0.8776734159328043,0.2386946386946387,0.5086792743553943,True,4.0,0.23300925925925928,require_all_classes,0.14310605668770043,,,
d2_beef_uncontrolled|esn|classification|seed07|fold04,m1_benchmark,d2_beef_uncontrolled,esn,classification,7,4,16,1.1.0,real,True,ok,6435,2145,3,1,3,1,0.8693951671011746,0.28764568764568765,0.4683639101121446,True,4.0,0.3175925925925926,require_all_classes,0.26443049802402246,,,
d2_beef_uncontrolled|esn|classification|seed08|fold00,m1_benchmark,d2_beef_uncontrolled,esn,classification,8,0,16,1.1.0,real,True,ok,6435,2145,3,1,3,1,0.8983289999887347,0.6093240093240093,0.7049772083559664,True,4.0,0.49759891879457097,require_all_classes,0.4570545854777704,,,
d2_beef_uncontrolled|esn|classification|seed08|fold01,m1_benchmark,d2_beef_uncontrolled,esn,classification,8,1,16,1.1.0,real,True,ok,6435,2145,3,1,3,1,0.8675010842271149,0.5142191142191143,0.54136837181457,True,4.0,0.3041666666666667,require_all_classes,0.2594200694529642,,,
d2_beef_uncontrolled|esn|classification|seed08|fold02,m1_benchmark,d2_beef_uncontrolled,esn,classification,8,2,16,1.1.0,real,True,ok,6435,2145,3,1,3,1,0.8547125002369285,0.41025641025641024,0.3987506627307169,True,4.0,0.37962962962962965,require_all_classes,0.27947413921817654,,,
d2_beef_uncontrolled|esn|classification|seed08|fold03,m1_benchmark,d2_beef_uncontrolled,esn,classification,8,3,16,1.1.0,real,True,ok,6435,2145,3,1,3,1,0.859949667006731,0.5468531468531469,0.6169307024135414,True,4.0,0.3763888888888889,require_all_classes,0.34804079425902346,,,
d2_beef_uncontrolled|esn|classification|seed08|fold04,m1_benchmark,d2_beef_uncontrolled,esn,classification,8,4,16,1.1.0,real,True,ok,6435,2145,3,1,3,1,0.8715520827099681,0.351981351981352,0.6188048706880798,True,4.0,0.49275362318840576,require_all_classes,0.33123087114598526,,,
d2_beef_uncontrolled|esn|classification|seed09|fold00,m1_benchmark,d2_beef_uncontrolled,esn,classification,9,0,16,1.1.0,real,True,ok,6435,2145,3,1,3,1,0.8445072076283395,0.2013986013986014,0.6655485738006732,True,4.0,0.25555555555555554,require_all_classes,0.09972754537390349,,,
d2_beef_uncontrolled|esn|classification|seed09|fold01,m1_benchmark,d2_beef_uncontrolled,esn,classification,9,1,16,1.1.0,real,True,ok,6435,2145,3,1,3,1,0.8381732082925737,0.5459207459207459,0.739129347616653,True,4.0,0.47628536922015186,require_all_classes,0.492665325976249,,,
d2_beef_uncontrolled|esn|classification|seed09|fold02,m1_benchmark,d2_beef_uncontrolled,esn,classification,9,2,16,1.1.0,real,True,ok,6435,2145,3,1,3,1,0.8628546250984073,0.20652680652680652,0.6475167429027167,True,4.0,0.3041666666666667,require_all_classes,0.1563358468998322,,,
d2_beef_uncontrolled|esn|classification|seed09|fold03,m1_benchmark,d2_beef_uncontrolled,esn,classification,9,3,16,1.1.0,real,True,ok,6435,2145,3,1,3,1,0.845252166967839,0.5664335664335665,0.7584889931276679,True,4.0,0.5404307568438004,require_all_classes,0.48691170349791396,,,
d2_beef_uncontrolled|esn|classification|seed09|fold04,m1_benchmark,d2_beef_uncontrolled,esn,classification,9,4,16,1.1.0,real,True,ok,6435,2145,3,1,3,1,0.8338060420937836,0.2545454545454545,0.7100116458939822,True,4.0,0.2543478260869565,require_all_classes,0.11746189358129656,,,
d2_beef_uncontrolled|esn|regression|seed00|fold00,m1_benchmark,d2_beef_uncontrolled,esn,regression,0,0,16,1.1.0,real,True,ok,6435,2145,3,1,3,1,0.6744955419562757,,,,,,,,0.36058659082646216,0.6269213139038164,0.5796333194669707
d2_beef_uncontrolled|esn|regression|seed00|fold01,m1_benchmark,d2_beef_uncontrolled,esn,regression,0,1,16,1.1.0,real,True,ok,6435,2145,3,1,3,1,0.6631486248224974,,,,,,,,9.234278030015588,-127.74223285797325,10.579434658754058
d2_beef_uncontrolled|esn|regression|seed00|fold02,m1_benchmark,d2_beef_uncontrolled,esn,regression,0,2,16,1.1.0,real,True,ok,6435,2145,3,1,3,1,0.7026103329844773,,,,,,,,0.8877346608735917,-0.9820372101597559,1.3240786836428649
d2_beef_uncontrolled|esn|regression|seed00|fold03,m1_benchmark,d2_beef_uncontrolled,esn,regression,0,3,16,1.1.0,real,True,ok,6435,2145,3,1,3,1,0.6766688749194145,,,,,,,,2.9817817506947555,-13.919830403853952,3.2212745722259877
d2_beef_uncontrolled|esn|regression|seed00|fold04,m1_benchmark,d2_beef_uncontrolled,esn,regression,0,4,16,1.1.0,real,True,ok,6435,2145,3,1,3,1,0.6480876668356359,,,,,,,,1.8271342684818308,-5.7280485472631835,2.356914592846277
d2_beef_uncontrolled|esn|regression|seed01|fold00,m1_benchmark,d2_beef_uncontrolled,esn,regression,1,0,16,1.1.0,real,True,ok,6435,2145,3,1,3,1,0.6565848332829773,,,,,,,,2.698747019829387,-9.306345208524013,2.99332783717186
d2_beef_uncontrolled|esn|regression|seed01|fold01,m1_benchmark,d2_beef_uncontrolled,esn,regression,1,1,16,1.1.0,real,True,ok,6435,2145,3,1,3,1,0.6544792922213674,,,,,,,,4.404618854918909,-31.86901556267945,4.7812246479408795
d2_beef_uncontrolled|esn|regression|seed01|fold02,m1_benchmark,d2_beef_uncontrolled,esn,regression,1,2,16,1.1.0,real,True,ok,6435,2145,3,1,3,1,0.6798681672662497,,,,,,,,2.146611628985785,-11.051569817134476,3.1544314759386443
d2_beef_uncontrolled|esn|regression|seed01|fold03,m1_benchmark,d2_beef_uncontrolled,esn,regression,1,3,16,1.1.0,real,True,ok,6435,2145,3,1,3,1,0.658286000136286,,,,,,,,1.0416351826218233,-1.2950052606917684,1.4376228460253437
d2_beef_uncontrolled|esn|regression|seed01|fold04,m1_benchmark,d2_beef_uncontrolled,esn,regression,1,4,16,1.1.0,real,True,ok,6435,2145,3,1,3,1,0.6478701252490282,,,,,,,,0.9510832790782018,-2.083237806698362,1.6514346912822828
d2_beef_uncontrolled|esn|regression|seed02|fold00,m1_benchmark,d2_beef_uncontrolled,esn,regression,2,0,16,1.1.0,real,True,ok,6435,2145,3,1,3,1,0.6993530420586467,,,,,,,,0.6087590400888,0.22616721135383255,0.8347889406515576
d2_beef_uncontrolled|esn|regression|seed02|fold01,m1_benchmark,d2_beef_uncontrolled,esn,regression,2,1,16,1.1.0,real,True,ok,6435,2145,3,1,3,1,0.6680120415985584,,,,,,,,2.7142317905473843,-11.948721842200253,3.355176666839651
d2_beef_uncontrolled|esn|regression|seed02|fold02,m1_benchmark,d2_beef_uncontrolled,esn,regression,2,2,16,1.1.0,real,True,ok,6435,2145,3,1,3,1,0.6548544578254223,,,,,,,,0.9812208065673302,-1.50310201401647,1.4879802504148865
d2_beef_uncontrolled|esn|regression|seed02|fold03,m1_benchmark,d2_beef_uncontrolled,esn,regression,2,3,16,1.1.0,real,True,ok,6435,2145,3,1,3,1,0.6725993338041008,,,,,,,,10.644612705313294,-206.75095238410358,12.020355522924474
d2_beef_uncontrolled|esn|regression|seed02|fold04,m1_benchmark,d2_beef_uncontrolled,esn,regression,2,4,16,1.1.0,real,True,ok,6435,2145,3,1,3,1,0.656227458268404,,,,,,,,1.6775989564727796,-4.540309054011191,2.138780830147912
d2_beef_uncontrolled|esn|regression|seed03|fold00,m1_benchmark,d2_beef_uncontrolled,esn,regression,3,0,16,1.1.0,real,True,ok,6435,2145,3,1,3,1,0.663548874668777,,,,,,,,10.181109345145313,-128.04738868803375,10.591965377361008
d2_beef_uncontrolled|esn|regression|seed03|fold01,m1_benchmark,d2_beef_uncontrolled,esn,regression,3,1,16,1.1.0,real,True,ok,6435,2145,3,1,3,1,0.6609317907132208,,,,,,,,1.2057233576168072,-8.865133897222497,2.9806063007111034
d2_beef_uncontrolled|esn|regression|seed03|fold02,m1_benchmark,d2_beef_uncontrolled,esn,regression,3,2,16,1.1.0,real,True,ok,6435,2145,3,1,3,1,0.7039038329385221,,,,,,,,2.2860139546299076,-6.779522643655065,2.534403511860374
d2_beef_uncontrolled|esn|regression|seed03|fold03,m1_benchmark,d2_beef_uncontrolled,esn,regression,3,3,16,1.1.0,real,True,ok,6435,2145,3,1,3,1,0.6615226659923792,,,,,,,,0.4682140039228526,0.47915993184196937,0.6787503798947201
d2_beef_uncontrolled|esn|regression|seed03|fold04,m1_benchmark,d2_beef_uncontrolled,esn,regression,3,4,16,1.1.0,real,True,ok,6435,2145,3,1,3,1,0.6837365413084626,,,,,,,,2.9580460438669993,-15.063384375234573,3.3424454409773787
d2_beef_uncontrolled|esn|regression|seed04|fold00,m1_benchmark,d2_beef_uncontrolled,esn,regression,4,0,16,1.1.0,real,True,ok,6435,2145,3,1,3,1,0.6673849588260055,,,,,,,,0.7151612803679028,-0.5309410548038234,1.1741737252590372
d2_beef_uncontrolled|esn|regression|seed04|fold01,m1_benchmark,d2_beef_uncontrolled,esn,regression,4,1,16,1.1.0,real,True,ok,6435,2145,3,1,3,1,0.6776831252500415,,,,,,,,1.3161994317680317,-2.49293969229533,1.7425991012882482
d2_beef_uncontrolled|esn|regression|seed04|fold02,m1_benchmark,d2_beef_uncontrolled,esn,regression,4,2,16,1.1.0,real,True,ok,6435,2145,3,1,3,1,0.7111080000177026,,,,,,,,4.016104487345989,-25.579782769375,4.2995352589845774
d2_beef_uncontrolled|esn|regression|seed04|fold03,m1_benchmark,d2_beef_uncontrolled,esn,regression,4,3,16,1.1.0,real,True,ok,6435,2145,3,1,3,1,0.6540681249462068,,,,,,,,1.0396985336835218,-1.576496595941391,1.458525658242557
d2_beef_uncontrolled|esn|regression|seed04|fold04,m1_benchmark,d2_beef_uncontrolled,esn,regression,4,4,16,1.1.0,real,True,ok,6435,2145,3,1,3,1,0.6635419172234833,,,,,,,,1.7691263534330481,-3.746015240119447,2.0489079915486386
d2_beef_uncontrolled|esn|regression|seed05|fold00,m1_benchmark,d2_beef_uncontrolled,esn,regression,5,0,16,1.1.0,real,True,ok,6435,2145,3,1,3,1,0.6600368749350309,,,,,,,,15.500949933255523,-286.53528285648633,15.810569510493849
d2_beef_uncontrolled|esn|regression|seed05|fold01,m1_benchmark,d2_beef_uncontrolled,esn,regression,5,1,16,1.1.0,real,True,ok,6435,2145,3,1,3,1,0.6779810828156769,,,,,,,,1.2856077328462068,-3.2027677245582638,1.9280823824079725
d2_beef_uncontrolled|esn|regression|seed05|fold02,m1_benchmark,d2_beef_uncontrolled,esn,regression,5,2,16,1.1.0,real,True,ok,6435,2145,3,1,3,1,0.6642499580048025,,,,,,,,2.6616689817309998,-12.50757878135993,3.33955070392207
d2_beef_uncontrolled|esn|regression|seed05|fold03,m1_benchmark,d2_beef_uncontrolled,esn,regression,5,3,16,1.1.0,real,True,ok,6435,2145,3,1,3,1,0.6652266667224467,,,,,,,,0.5836906109446828,0.07876356160384546,0.910832832044751
d2_beef_uncontrolled|esn|regression|seed05|fold04,m1_benchmark,d2_beef_uncontrolled,esn,regression,5,4,16,1.1.0,real,True,ok,6435,2145,3,1,3,1,0.6587577499449253,,,,,,,,6.256571878508074,-59.87627914811604,6.506835854600156
d2_beef_uncontrolled|esn|regression|seed06|fold00,m1_benchmark,d2_beef_uncontrolled,esn,regression,6,0,16,1.1.0,real,True,ok,6435,2145,3,1,3,1,0.6795095829293132,,,,,,,,0.5408362143725556,0.31506529003023087,0.7853761536686852
d2_beef_uncontrolled|esn|regression|seed06|fold01,m1_benchmark,d2_beef_uncontrolled,esn,regression,6,1,16,1.1.0,real,True,ok,6435,2145,3,1,3,1,0.6640189159661531,,,,,,,,6.711582785712384,-54.73331063895826,6.960803320455991
d2_beef_uncontrolled|esn|regression|seed06|fold02,m1_benchmark,d2_beef_uncontrolled,esn,regression,6,2,16,1.1.0,real,True,ok,6435,2145,3,1,3,1,0.6598562081344426,,,,,,,,3.802341250340783,-28.44030561164431,4.524983064985244
d2_beef_uncontrolled|esn|regression|seed06|fold03,m1_benchmark,d2_beef_uncontrolled,esn,regression,6,3,16,1.1.0,real,True,ok,6435,2145,3,1,3,1,0.6553193749859929,,,,,,,,0.9110140071827383,-1.0503553393482146,1.3467049576398917
d2_beef_uncontrolled|esn|regression|seed06|fold04,m1_benchmark,d2_beef_uncontrolled,esn,regression,6,4,16,1.1.0,real,True,ok,6435,2145,3,1,3,1,0.656036333180964,,,,,,,,2.205398220831538,-11.886020381674436,3.261810256913281
d2_beef_uncontrolled|esn|regression|seed07|fold00,m1_benchmark,d2_beef_uncontrolled,esn,regression,7,0,16,1.1.0,real,True,ok,6435,2145,3,1,3,1,0.6547819999977946,,,,,,,,0.4901696538722045,0.48942623682726705,0.6780822405621365
d2_beef_uncontrolled|esn|regression|seed07|fold01,m1_benchmark,d2_beef_uncontrolled,esn,regression,7,1,16,1.1.0,real,True,ok,6435,2145,3,1,3,1,0.6552825407125056,,,,,,,,1.9564102198298474,-20.63445056082617,3.878990681012129
d2_beef_uncontrolled|esn|regression|seed07|fold02,m1_benchmark,d2_beef_uncontrolled,esn,regression,7,2,16,1.1.0,real,True,ok,6435,2145,3,1,3,1,0.6803888748399913,,,,,,,,4.122262370281592,-22.37901776212343,4.508323507305547
d2_beef_uncontrolled|esn|regression|seed07|fold03,m1_benchmark,d2_beef_uncontrolled,esn,regression,7,3,16,1.1.0,real,True,ok,6435,2145,3,1,3,1,0.6623361660167575,,,,,,,,3.9054684899828245,-20.27916354873766,4.191568455647433
d2_beef_uncontrolled|esn|regression|seed07|fold04,m1_benchmark,d2_beef_uncontrolled,esn,regression,7,4,16,1.1.0,real,True,ok,6435,2145,3,1,3,1,0.7172656250186265,,,,,,,,1.6418963549115406,-5.841005287852658,2.4599022809520603
d2_beef_uncontrolled|esn|regression|seed08|fold00,m1_benchmark,d2_beef_uncontrolled,esn,regression,8,0,16,1.1.0,real,True,ok,6435,2145,3,1,3,1,0.7094530421309173,,,,,,,,1.2435865185455415,-3.8465200690310715,2.070488868043134
d2_beef_uncontrolled|esn|regression|seed08|fold01,m1_benchmark,d2_beef_uncontrolled,esn,regression,8,1,16,1.1.0,real,True,ok,6435,2145,3,1,3,1,0.6838860837742686,,,,,,,,2.330998048581959,-8.557358771591002,2.5781889682647647
d2_beef_uncontrolled|esn|regression|seed08|fold02,m1_benchmark,d2_beef_uncontrolled,esn,regression,8,2,16,1.1.0,real,True,ok,6435,2145,3,1,3,1,0.6835608342662454,,,,,,,,2.507741379072261,-10.004288555858368,3.014256957922488
d2_beef_uncontrolled|esn|regression|seed08|fold03,m1_benchmark,d2_beef_uncontrolled,esn,regression,8,3,16,1.1.0,real,True,ok,6435,2145,3,1,3,1,0.6601473339833319,,,,,,,,0.5503938794928468,0.2029952120001487,0.8471953985485859
d2_beef_uncontrolled|esn|regression|seed08|fold04,m1_benchmark,d2_beef_uncontrolled,esn,regression,8,4,16,1.1.0,real,True,ok,6435,2145,3,1,3,1,0.6595432497560978,,,,,,,,3.569253152856757,-20.46712120554705,4.3200507250341635
d2_beef_uncontrolled|esn|regression|seed09|fold00,m1_benchmark,d2_beef_uncontrolled,esn,regression,9,0,16,1.1.0,real,True,ok,6435,2145,3,1,3,1,0.6612899578176439,,,,,,,,4.189657221799499,-24.011320951196026,4.663051980056992
d2_beef_uncontrolled|esn|regression|seed09|fold01,m1_benchmark,d2_beef_uncontrolled,esn,regression,9,1,16,1.1.0,real,True,ok,6435,2145,3,1,3,1,0.6570967077277601,,,,,,,,0.9138669798160398,-1.5165406987162529,1.4919692468201322
d2_beef_uncontrolled|esn|regression|seed09|fold02,m1_benchmark,d2_beef_uncontrolled,esn,regression,9,2,16,1.1.0,real,True,ok,6435,2145,3,1,3,1,0.6606166670098901,,,,,,,,7.287173138201744,-84.08726121342663,7.692687201343747
d2_beef_uncontrolled|esn|regression|seed09|fold03,m1_benchmark,d2_beef_uncontrolled,esn,regression,9,3,16,1.1.0,real,True,ok,6435,2145,3,1,3,1,0.6528306249529123,,,,,,,,0.6882273906495547,-0.004694976451963706,0.9511964887334297
d2_beef_uncontrolled|esn|regression|seed09|fold04,m1_benchmark,d2_beef_uncontrolled,esn,regression,9,4,16,1.1.0,real,True,ok,6435,2145,3,1,3,1,0.6548709170892835,,,,,,,,0.9217319019231596,-0.5840177794490358,1.1436136043317147
d2_beef_uncontrolled|gru|classification|seed00|fold00,m1_benchmark,d2_beef_uncontrolled,gru,classification,0,0,16,1.1.0,real,True,ok,6435,2145,3,1,3,1,4.019356958102435,0.6480186480186481,0.8627001199777404,True,4.0,0.606159420289855,require_all_classes,0.6167550642943043,,,
d2_beef_uncontrolled|gru|classification|seed00|fold01,m1_benchmark,d2_beef_uncontrolled,gru,classification,0,1,16,1.1.0,real,True,ok,6435,2145,3,1,3,1,3.4658110830932856,0.5524475524475524,0.9821258173514242,True,4.0,0.5,require_all_classes,0.3406033518943924,,,
d2_beef_uncontrolled|gru|classification|seed00|fold02,m1_benchmark,d2_beef_uncontrolled,gru,classification,0,2,16,1.1.0,real,True,ok,6435,2145,3,1,3,1,3.4972878326661885,0.7850815850815851,0.9363850606869091,True,4.0,0.743287037037037,require_all_classes,0.7564076748875723,,,
d2_beef_uncontrolled|gru|classification|seed00|fold03,m1_benchmark,d2_beef_uncontrolled,gru,classification,0,3,16,1.1.0,real,True,ok,6435,2145,3,1,3,1,3.5051365001127124,0.2153846153846154,0.5986680375693103,True,4.0,0.3397727272727273,require_all_classes,0.18380339245515678,,,
d2_beef_uncontrolled|gru|classification|seed00|fold04,m1_benchmark,d2_beef_uncontrolled,gru,classification,0,4,16,1.1.0,real,True,ok,6435,2145,3,1,3,1,3.4337894581258297,0.4470862470862471,0.8232793550239697,True,4.0,0.529074074074074,require_all_classes,0.4244557533331937,,,
d2_beef_uncontrolled|gru|classification|seed01|fold00,m1_benchmark,d2_beef_uncontrolled,gru,classification,1,0,16,1.1.0,real,True,ok,6435,2145,3,1,3,1,3.8312728330492973,0.5794871794871795,0.8962258714755762,True,4.0,0.5719461697722568,require_all_classes,0.5343375145424374,,,
d2_beef_uncontrolled|gru|classification|seed01|fold01,m1_benchmark,d2_beef_uncontrolled,gru,classification,1,1,16,1.1.0,real,True,ok,6435,2145,3,1,3,1,3.4153867908753455,0.2834498834498835,0.6045825850378459,True,4.0,0.3950757575757576,require_all_classes,0.23789793947372034,,,
d2_beef_uncontrolled|gru|classification|seed01|fold02,m1_benchmark,d2_beef_uncontrolled,gru,classification,1,2,16,1.1.0,real,True,ok,6435,2145,3,1,3,1,3.430645499844104,0.5314685314685315,0.8550462538119713,True,4.0,0.6028703703703704,require_all_classes,0.5040078877902628,,,
d2_beef_uncontrolled|gru|classification|seed01|fold03,m1_benchmark,d2_beef_uncontrolled,gru,classification,1,3,16,1.1.0,real,True,ok,6435,2145,3,1,3,1,3.4707116670906544,0.764102564102564,0.9107884854250725,True,4.0,0.6756038647342995,require_all_classes,0.6505610088480323,,,
d2_beef_uncontrolled|gru|classification|seed01|fold04,m1_benchmark,d2_beef_uncontrolled,gru,classification,1,4,16,1.1.0,real,True,ok,6435,2145,3,1,3,1,3.4775368752889335,0.6955710955710955,0.8026730188378342,True,4.0,0.6801256613756614,require_all_classes,0.621756202234732,,,
d2_beef_uncontrolled|gru|classification|seed02|fold00,m1_benchmark,d2_beef_uncontrolled,gru,classification,2,0,16,1.1.0,real,True,ok,6435,2145,3,1,3,1,3.917212124913931,0.6708624708624709,0.8864610841509095,True,4.0,0.6661231884057971,require_all_classes,0.6800753955863771,,,
d2_beef_uncontrolled|gru|classification|seed02|fold01,m1_benchmark,d2_beef_uncontrolled,gru,classification,2,1,16,1.1.0,real,True,ok,6435,2145,3,1,3,1,3.900374417193234,0.5524475524475524,0.9304187764910751,True,4.0,0.5,require_all_classes,0.38854380122950816,,,
d2_beef_uncontrolled|gru|classification|seed02|fold02,m1_benchmark,d2_beef_uncontrolled,gru,classification,2,2,16,1.1.0,real,True,ok,6435,2145,3,1,3,1,3.509793124627322,0.8037296037296038,0.9268661231985995,True,4.0,0.7645171957671958,require_all_classes,0.7636957669825724,,,
d2_beef_uncontrolled|gru|classification|seed02|fold03,m1_benchmark,d2_beef_uncontrolled,gru,classification,2,3,16,1.1.0,real,True,ok,6435,2145,3,1,3,1,3.411834124941379,0.2540792540792541,0.5701048185250722,True,4.0,0.3712121212121212,require_all_classes,0.21383363471971067,,,
d2_beef_uncontrolled|gru|classification|seed02|fold04,m1_benchmark,d2_beef_uncontrolled,gru,classification,2,4,16,1.1.0,real,True,ok,6435,2145,3,1,3,1,3.3802821659483016,0.4037296037296037,0.8351570668089862,True,4.0,0.49046296296296293,require_all_classes,0.3621204184761984,,,
d2_beef_uncontrolled|gru|classification|seed03|fold00,m1_benchmark,d2_beef_uncontrolled,gru,classification,3,0,16,1.1.0,real,True,ok,6435,2145,3,1,3,1,4.459469749592245,0.16083916083916083,0.7371933153731693,True,4.0,0.25,require_all_classes,0.06927710843373494,,,
d2_beef_uncontrolled|gru|classification|seed03|fold01,m1_benchmark,d2_beef_uncontrolled,gru,classification,3,1,16,1.1.0,real,True,ok,6435,2145,3,1,3,1,3.3956925831735134,0.8116550116550116,0.9717812451261746,True,4.0,0.8529790660225443,require_all_classes,0.8198490232531324,,,
d2_beef_uncontrolled|gru|classification|seed03|fold02,m1_benchmark,d2_beef_uncontrolled,gru,classification,3,2,16,1.1.0,real,True,ok,6435,2145,3,1,3,1,3.847601708956063,0.39487179487179486,0.7791583577422833,True,4.0,0.4824074074074074,require_all_classes,0.3459861706495069,,,
d2_beef_uncontrolled|gru|classification|seed03|fold03,m1_benchmark,d2_beef_uncontrolled,gru,classification,3,3,16,1.1.0,real,True,ok,6435,2145,3,1,3,1,3.4477729997597635,0.828904428904429,0.9025939444484354,True,4.0,0.785515873015873,require_all_classes,0.772920465340374,,,
d2_beef_uncontrolled|gru|classification|seed03|fold04,m1_benchmark,d2_beef_uncontrolled,gru,classification,3,4,16,1.1.0,real,True,ok,6435,2145,3,1,3,1,3.5218763751909137,0.2125874125874126,0.54199810069517,True,4.0,0.32212121212121214,require_all_classes,0.29521777811791494,,,
d2_beef_uncontrolled|gru|classification|seed04|fold00,m1_benchmark,d2_beef_uncontrolled,gru,classification,4,0,16,1.1.0,real,True,ok,6435,2145,3,1,3,1,3.9061414171010256,0.717016317016317,0.919618049035229,True,4.0,0.6713486312399356,require_all_classes,0.6849268333763505,,,
d2_beef_uncontrolled|gru|classification|seed04|fold01,m1_benchmark,d2_beef_uncontrolled,gru,classification,4,1,16,1.1.0,real,True,ok,6435,2145,3,1,3,1,3.4484525001607835,0.496037296037296,0.9555869999592005,True,4.0,0.41231884057971013,require_all_classes,0.3489553528974054,,,
d2_beef_uncontrolled|gru|classification|seed04|fold02,m1_benchmark,d2_beef_uncontrolled,gru,classification,4,2,16,1.1.0,real,True,ok,6435,2145,3,1,3,1,3.4532175408676267,0.21445221445221446,0.701146637885918,True,4.0,0.3390151515151515,require_all_classes,0.15307986967241988,,,
d2_beef_uncontrolled|gru|classification|seed04|fold03,m1_benchmark,d2_beef_uncontrolled,gru,classification,4,3,16,1.1.0,real,True,ok,6435,2145,3,1,3,1,3.6698634577915072,0.3944055944055944,0.7307751241882563,True,4.0,0.48194444444444445,require_all_classes,0.345491224963918,,,
d2_beef_uncontrolled|gru|classification|seed04|fold04,m1_benchmark,d2_beef_uncontrolled,gru,classification,4,4,16,1.1.0,real,True,ok,6435,2145,3,1,3,1,3.3814775408245623,0.6634032634032634,0.8858181642378632,True,4.0,0.6094001610305958,require_all_classes,0.5729191250005842,,,
d2_beef_uncontrolled|gru|classification|seed05|fold00,m1_benchmark,d2_beef_uncontrolled,gru,classification,5,0,16,1.1.0,real,True,ok,6435,2145,3,1,3,1,3.9127481672912836,0.5207459207459207,0.958945553980909,True,4.0,0.4797619047619047,require_all_classes,0.32728089231725416,,,
d2_beef_uncontrolled|gru|classification|seed05|fold01,m1_benchmark,d2_beef_uncontrolled,gru,classification,5,1,16,1.1.0,real,True,ok,6435,2145,3,1,3,1,3.4297383748926222,0.6671328671328671,0.8943942232976623,True,4.0,0.6102254428341385,require_all_classes,0.5826446932583162,,,
d2_beef_uncontrolled|gru|classification|seed05|fold02,m1_benchmark,d2_beef_uncontrolled,gru,classification,5,2,16,1.1.0,real,True,ok,6435,2145,3,1,3,1,3.6428216248750687,0.41864801864801865,0.7987341489805717,True,4.0,0.5042612721417069,require_all_classes,0.3828924392789058,,,
d2_beef_uncontrolled|gru|classification|seed05|fold03,m1_benchmark,d2_beef_uncontrolled,gru,classification,5,3,16,1.1.0,real,True,ok,6435,2145,3,1,3,1,3.4090160001069307,0.7375291375291375,0.9264982689877695,True,4.0,0.6740942028985507,require_all_classes,0.6591073911563867,,,
d2_beef_uncontrolled|gru|classification|seed05|fold04,m1_benchmark,d2_beef_uncontrolled,gru,classification,5,4,16,1.1.0,real,True,ok,6435,2145,3,1,3,1,3.452885292004794,0.17296037296037295,0.5314431043936737,True,4.0,0.3053030303030303,require_all_classes,0.1387113219669811,,,
d2_beef_uncontrolled|gru|classification|seed06|fold00,m1_benchmark,d2_beef_uncontrolled,gru,classification,6,0,16,1.1.0,real,True,ok,6435,2145,3,1,3,1,3.99687962513417,0.751981351981352,0.8096522717249561,True,4.0,0.6643639291465379,require_all_classes,0.6447516465673804,,,
d2_beef_uncontrolled|gru|classification|seed06|fold01,m1_benchmark,d2_beef_uncontrolled,gru,classification,6,1,16,1.1.0,real,True,ok,6435,2145,3,1,3,1,3.4038303340785205,0.5324009324009324,0.8765146328890145,True,4.0,0.612202380952381,require_all_classes,0.4733772941190516,,,
d2_beef_uncontrolled|gru|classification|seed06|fold02,m1_benchmark,d2_beef_uncontrolled,gru,classification,6,2,16,1.1.0,real,True,ok,6435,2145,3,1,3,1,3.5280379578471184,0.20606060606060606,0.6103612651863942,True,4.0,0.3321969696969697,require_all_classes,0.17675195366027352,,,
d2_beef_uncontrolled|gru|classification|seed06|fold03,m1_benchmark,d2_beef_uncontrolled,gru,classification,6,3,16,1.1.0,real,True,ok,6435,2145,3,1,3,1,3.4314541672356427,0.703030303030303,0.9184014372894401,True,4.0,0.6574735449735449,require_all_classes,0.6538827165634876,,,
d2_beef_uncontrolled|gru|classification|seed06|fold04,m1_benchmark,d2_beef_uncontrolled,gru,classification,6,4,16,1.1.0,real,True,ok,6435,2145,3,1,3,1,3.4079984589479864,0.3804195804195804,0.7550791559855655,True,4.0,0.46703703703703703,require_all_classes,0.3427474491464645,,,
d2_beef_uncontrolled|gru|classification|seed07|fold00,m1_benchmark,d2_beef_uncontrolled,gru,classification,7,0,16,1.1.0,real,True,ok,6435,2145,3,1,3,1,3.869344832841307,0.7053613053613054,0.9272713330758453,True,4.0,0.6501831723027376,require_all_classes,0.644498289709137,,,
d2_beef_uncontrolled|gru|classification|seed07|fold01,m1_benchmark,d2_beef_uncontrolled,gru,classification,7,1,16,1.1.0,real,True,ok,6435,2145,3,1,3,1,3.41697591682896,0.17435897435897435,0.5306981190855087,True,4.0,0.30643939393939396,require_all_classes,0.17009593344282561,,,
d2_beef_uncontrolled|gru|classification|seed07|fold02,m1_benchmark,d2_beef_uncontrolled,gru,classification,7,2,16,1.1.0,real,True,ok,6435,2145,3,1,3,1,3.4832205842249095,0.5324009324009324,0.8859902855710058,True,4.0,0.48720238095238094,require_all_classes,0.3453232451998798,,,
d2_beef_uncontrolled|gru|classification|seed07|fold03,m1_benchmark,d2_beef_uncontrolled,gru,classification,7,3,16,1.1.0,real,True,ok,6435,2145,3,1,3,1,4.0638053747825325,0.393006993006993,0.821023834708336,True,4.0,0.48055555555555557,require_all_classes,0.34401082908873004,,,
d2_beef_uncontrolled|gru|classification|seed07|fold04,m1_benchmark,d2_beef_uncontrolled,gru,classification,7,4,16,1.1.0,real,True,ok,6435,2145,3,1,3,1,5.742702624760568,0.6363636363636364,0.7981423872509672,True,4.0,0.5807165861513688,require_all_classes,0.5461304792187145,,,
d2_beef_uncontrolled|gru|classification|seed08|fold00,m1_benchmark,d2_beef_uncontrolled,gru,classification,8,0,16,1.1.0,real,True,ok,6435,2145,3,1,3,1,3.924829540774226,0.7972027972027972,0.9302838230479281,True,4.0,0.7551213480561306,require_all_classes,0.7602422306917312,,,
d2_beef_uncontrolled|gru|classification|seed08|fold01,m1_benchmark,d2_beef_uncontrolled,gru,classification,8,1,16,1.1.0,real,True,ok,6435,2145,3,1,3,1,3.415863291826099,0.22004662004662004,0.6158296655180528,True,4.0,0.34356060606060607,require_all_classes,0.1873504441691206,,,
d2_beef_uncontrolled|gru|classification|seed08|fold02,m1_benchmark,d2_beef_uncontrolled,gru,classification,8,2,16,1.1.0,real,True,ok,6435,2145,3,1,3,1,3.415582791902125,0.41585081585081585,0.7220490990253309,True,4.0,0.501712962962963,require_all_classes,0.38021104385338567,,,
d2_beef_uncontrolled|gru|classification|seed08|fold03,m1_benchmark,d2_beef_uncontrolled,gru,classification,8,3,16,1.1.0,real,True,ok,6435,2145,3,1,3,1,3.40154662495479,0.6904428904428904,0.8169250626305729,True,4.0,0.6288546698872786,require_all_classes,0.6321128522406477,,,
d2_beef_uncontrolled|gru|classification|seed08|fold04,m1_benchmark,d2_beef_uncontrolled,gru,classification,8,4,16,1.1.0,real,True,ok,6435,2145,3,1,3,1,3.5457790424115956,0.5524475524475524,0.9935642880236192,True,4.0,0.5,require_all_classes,0.3752846753439061,,,
d2_beef_uncontrolled|gru|classification|seed09|fold00,m1_benchmark,d2_beef_uncontrolled,gru,classification,9,0,16,1.1.0,real,True,ok,6435,2145,3,1,3,1,3.893902374897152,0.524941724941725,0.9573013191396686,True,4.0,0.4824404761904762,require_all_classes,0.34165830163283295,,,
d2_beef_uncontrolled|gru|classification|seed09|fold01,m1_benchmark,d2_beef_uncontrolled,gru,classification,9,1,16,1.1.0,real,True,ok,6435,2145,3,1,3,1,3.382825625129044,0.7934731934731934,0.946409364431541,True,4.0,0.761618645042558,require_all_classes,0.7646637278784106,,,
d2_beef_uncontrolled|gru|classification|seed09|fold02,m1_benchmark,d2_beef_uncontrolled,gru,classification,9,2,16,1.1.0,real,True,ok,6435,2145,3,1,3,1,3.396301624830812,0.32727272727272727,0.5311944107014082,True,4.0,0.43068181818181817,require_all_classes,0.27722449270118454,,,
d2_beef_uncontrolled|gru|classification|seed09|fold03,m1_benchmark,d2_beef_uncontrolled,gru,classification,9,3,16,1.1.0,real,True,ok,6435,2145,3,1,3,1,3.45485308393836,0.8466200466200466,0.996131023776599,True,4.0,0.8930917874396135,require_all_classes,0.8581666199626024,,,
d2_beef_uncontrolled|gru|classification|seed09|fold04,m1_benchmark,d2_beef_uncontrolled,gru,classification,9,4,16,1.1.0,real,True,ok,6435,2145,3,1,3,1,3.3982223751954734,0.37715617715617716,0.7419758742117983,True,4.0,0.4648148148148148,require_all_classes,0.32766932068752364,,,
d2_beef_uncontrolled|gru|regression|seed00|fold00,m1_benchmark,d2_beef_uncontrolled,gru,regression,0,0,16,1.1.0,real,True,ok,6435,2145,3,1,3,1,3.472212958149612,,,,,,,,0.1512712092610459,0.9314223466760271,0.24851032250822527
d2_beef_uncontrolled|gru|regression|seed00|fold01,m1_benchmark,d2_beef_uncontrolled,gru,regression,0,1,16,1.1.0,real,True,ok,6435,2145,3,1,3,1,3.4746233336627483,,,,,,,,2.719149389977645,-8.22504920983005,2.83195460686612
d2_beef_uncontrolled|gru|regression|seed00|fold02,m1_benchmark,d2_beef_uncontrolled,gru,regression,0,2,16,1.1.0,real,True,ok,6435,2145,3,1,3,1,3.4415907920338213,,,,,,,,0.13315909497254164,0.9539651556588179,0.20179073938339678
d2_beef_uncontrolled|gru|regression|seed00|fold03,m1_benchmark,d2_beef_uncontrolled,gru,regression,0,3,16,1.1.0,real,True,ok,6435,2145,3,1,3,1,3.5472497502341866,,,,,,,,1.7405181403973353,-4.296727841101533,1.9193299063124565
d2_beef_uncontrolled|gru|regression|seed00|fold04,m1_benchmark,d2_beef_uncontrolled,gru,regression,0,4,16,1.1.0,real,True,ok,6435,2145,3,1,3,1,3.362538832705468,,,,,,,,0.36714735194431464,0.6449175733264074,0.5414568803429578
d2_beef_uncontrolled|gru|regression|seed01|fold00,m1_benchmark,d2_beef_uncontrolled,gru,regression,1,0,16,1.1.0,real,True,ok,6435,2145,3,1,3,1,3.3757668752223253,,,,,,,,2.1801587678162155,-5.437944530857765,2.365786543936507
d2_beef_uncontrolled|gru|regression|seed01|fold01,m1_benchmark,d2_beef_uncontrolled,gru,regression,1,1,16,1.1.0,real,True,ok,6435,2145,3,1,3,1,3.366867042146623,,,,,,,,2.125439615120885,-7.435297495760885,2.422121937308465
d2_beef_uncontrolled|gru|regression|seed01|fold02,m1_benchmark,d2_beef_uncontrolled,gru,regression,1,2,16,1.1.0,real,True,ok,6435,2145,3,1,3,1,3.4031372079625726,,,,,,,,0.15854307261504652,0.8772510330404666,0.3183524599101839
d2_beef_uncontrolled|gru|regression|seed01|fold03,m1_benchmark,d2_beef_uncontrolled,gru,regression,1,3,16,1.1.0,real,True,ok,6435,2145,3,1,3,1,3.3850737079046667,,,,,,,,0.21254343954562416,0.9134541651227469,0.27917479695983866
d2_beef_uncontrolled|gru|regression|seed01|fold04,m1_benchmark,d2_beef_uncontrolled,gru,regression,1,4,16,1.1.0,real,True,ok,6435,2145,3,1,3,1,3.445980708114803,,,,,,,,0.26419574441043414,0.7866007629131939,0.4344645272562639
d2_beef_uncontrolled|gru|regression|seed02|fold00,m1_benchmark,d2_beef_uncontrolled,gru,regression,2,0,16,1.1.0,real,True,ok,6435,2145,3,1,3,1,3.4880798337981105,,,,,,,,0.13263901152127236,0.9433340309309655,0.22589898687794197
d2_beef_uncontrolled|gru|regression|seed02|fold01,m1_benchmark,d2_beef_uncontrolled,gru,regression,2,1,16,1.1.0,real,True,ok,6435,2145,3,1,3,1,3.6829552496783435,,,,,,,,1.5325265805308699,-2.3489079339424435,1.7062927529475942
d2_beef_uncontrolled|gru|regression|seed02|fold02,m1_benchmark,d2_beef_uncontrolled,gru,regression,2,2,16,1.1.0,real,True,ok,6435,2145,3,1,3,1,3.414055749773979,,,,,,,,0.23860188320076164,0.8412492798535022,0.3747276540093141
d2_beef_uncontrolled|gru|regression|seed02|fold03,m1_benchmark,d2_beef_uncontrolled,gru,regression,2,3,16,1.1.0,real,True,ok,6435,2145,3,1,3,1,3.388291792012751,,,,,,,,2.4236463214902804,-10.456862739881721,2.8227905586742015
d2_beef_uncontrolled|gru|regression|seed02|fold04,m1_benchmark,d2_beef_uncontrolled,gru,regression,2,4,16,1.1.0,real,True,ok,6435,2145,3,1,3,1,3.3879676670767367,,,,,,,,0.31795111585336244,0.8466845284200167,0.35578880493441983
d2_beef_uncontrolled|gru|regression|seed03|fold00,m1_benchmark,d2_beef_uncontrolled,gru,regression,3,0,16,1.1.0,real,True,ok,6435,2145,3,1,3,1,4.420735917054117,,,,,,,,1.4691916486403525,-2.26094198633519,1.6837339866162486
d2_beef_uncontrolled|gru|regression|seed03|fold01,m1_benchmark,d2_beef_uncontrolled,gru,regression,3,1,16,1.1.0,real,True,ok,6435,2145,3,1,3,1,3.704322417266667,,,,,,,,0.14092249250110486,0.9318339429069273,0.24776343305596876
d2_beef_uncontrolled|gru|regression|seed03|fold02,m1_benchmark,d2_beef_uncontrolled,gru,regression,3,2,16,1.1.0,real,True,ok,6435,2145,3,1,3,1,3.56203274987638,,,,,,,,0.9529436166028395,-0.5812618960333362,1.1426183384254616
d2_beef_uncontrolled|gru|regression|seed03|fold03,m1_benchmark,d2_beef_uncontrolled,gru,regression,3,3,16,1.1.0,real,True,ok,6435,2145,3,1,3,1,3.401757124811411,,,,,,,,0.21464901401458863,0.8271558715787286,0.3910076079123827
d2_beef_uncontrolled|gru|regression|seed03|fold04,m1_benchmark,d2_beef_uncontrolled,gru,regression,3,4,16,1.1.0,real,True,ok,6435,2145,3,1,3,1,3.5231734588742256,,,,,,,,1.5193326028567842,-3.0204262754555318,1.6721754863759837
d2_beef_uncontrolled|gru|regression|seed04|fold00,m1_benchmark,d2_beef_uncontrolled,gru,regression,4,0,16,1.1.0,real,True,ok,6435,2145,3,1,3,1,3.502429874613881,,,,,,,,0.12341353336443854,0.9396007215214536,0.23322172239234648
d2_beef_uncontrolled|gru|regression|seed04|fold01,m1_benchmark,d2_beef_uncontrolled,gru,regression,4,1,16,1.1.0,real,True,ok,6435,2145,3,1,3,1,3.4260213747620583,,,,,,,,3.279254492467801,-12.824944676087975,3.46683875715378
d2_beef_uncontrolled|gru|regression|seed04|fold02,m1_benchmark,d2_beef_uncontrolled,gru,regression,4,2,16,1.1.0,real,True,ok,6435,2145,3,1,3,1,3.422227208968252,,,,,,,,1.5806510170803403,-3.336767149993239,1.7367161924112813
d2_beef_uncontrolled|gru|regression|seed04|fold03,m1_benchmark,d2_beef_uncontrolled,gru,regression,4,3,16,1.1.0,real,True,ok,6435,2145,3,1,3,1,3.663077542092651,,,,,,,,0.707153722549351,0.0870805492383625,0.8681914753318091
d2_beef_uncontrolled|gru|regression|seed04|fold04,m1_benchmark,d2_beef_uncontrolled,gru,regression,4,4,16,1.1.0,real,True,ok,6435,2145,3,1,3,1,3.3940135003067553,,,,,,,,0.3250642567793432,0.7729892920070879,0.44810631438479515
d2_beef_uncontrolled|gru|regression|seed05|fold00,m1_benchmark,d2_beef_uncontrolled,gru,regression,5,0,16,1.1.0,real,True,ok,6435,2145,3,1,3,1,3.429482209030539,,,,,,,,1.508477668867112,-2.563841662365807,1.7601964563316914
d2_beef_uncontrolled|gru|regression|seed05|fold01,m1_benchmark,d2_beef_uncontrolled,gru,regression,5,1,16,1.1.0,real,True,ok,6435,2145,3,1,3,1,3.4206007909961045,,,,,,,,0.18359714288633722,0.926612096063001,0.25478281639788314
d2_beef_uncontrolled|gru|regression|seed05|fold02,m1_benchmark,d2_beef_uncontrolled,gru,regression,5,2,16,1.1.0,real,True,ok,6435,2145,3,1,3,1,3.6949669998139143,,,,,,,,0.18742561983149864,0.9230119862692523,0.25212205866547754
d2_beef_uncontrolled|gru|regression|seed05|fold03,m1_benchmark,d2_beef_uncontrolled,gru,regression,5,3,16,1.1.0,real,True,ok,6435,2145,3,1,3,1,3.392770125064999,,,,,,,,0.11379482748020821,0.9487291028231979,0.214876331886775
d2_beef_uncontrolled|gru|regression|seed05|fold04,m1_benchmark,d2_beef_uncontrolled,gru,regression,5,4,16,1.1.0,real,True,ok,6435,2145,3,1,3,1,3.415672875009477,,,,,,,,1.8322537256500573,-4.879791805327191,2.02221242973251
d2_beef_uncontrolled|gru|regression|seed06|fold00,m1_benchmark,d2_beef_uncontrolled,gru,regression,6,0,16,1.1.0,real,True,ok,6435,2145,3,1,3,1,3.4603978749364614,,,,,,,,0.12099234682335024,0.9478541460359313,0.21670204767207532
d2_beef_uncontrolled|gru|regression|seed06|fold01,m1_benchmark,d2_beef_uncontrolled,gru,regression,6,1,16,1.1.0,real,True,ok,6435,2145,3,1,3,1,3.3649539588950574,,,,,,,,3.9299109054369037,-18.376355700459616,4.104289544310827
d2_beef_uncontrolled|gru|regression|seed06|fold02,m1_benchmark,d2_beef_uncontrolled,gru,regression,6,2,16,1.1.0,real,True,ok,6435,2145,3,1,3,1,3.385449499823153,,,,,,,,1.7762610887249226,-4.504552706377508,1.9566214866254483
d2_beef_uncontrolled|gru|regression|seed06|fold03,m1_benchmark,d2_beef_uncontrolled,gru,regression,6,3,16,1.1.0,real,True,ok,6435,2145,3,1,3,1,3.373846000060439,,,,,,,,0.32000196118227725,0.7299617429545919,0.48873173509187073
d2_beef_uncontrolled|gru|regression|seed06|fold04,m1_benchmark,d2_beef_uncontrolled,gru,regression,6,4,16,1.1.0,real,True,ok,6435,2145,3,1,3,1,3.367958374787122,,,,,,,,0.21098785463489692,0.8956880605628923,0.2934717468707681
d2_beef_uncontrolled|gru|regression|seed07|fold00,m1_benchmark,d2_beef_uncontrolled,gru,regression,7,0,16,1.1.0,real,True,ok,6435,2145,3,1,3,1,3.3931547082029283,,,,,,,,0.12412993404913482,0.9469151493118768,0.21864443253854035
d2_beef_uncontrolled|gru|regression|seed07|fold01,m1_benchmark,d2_beef_uncontrolled,gru,regression,7,1,16,1.1.0,real,True,ok,6435,2145,3,1,3,1,3.3830454577691853,,,,,,,,1.7398615386871383,-3.9767250515685175,1.8604483825359472
d2_beef_uncontrolled|gru|regression|seed07|fold02,m1_benchmark,d2_beef_uncontrolled,gru,regression,7,2,16,1.1.0,real,True,ok,6435,2145,3,1,3,1,3.45336658321321,,,,,,,,1.0218088394113531,-0.6926885725511878,1.213082878657353
d2_beef_uncontrolled|gru|regression|seed07|fold03,m1_benchmark,d2_beef_uncontrolled,gru,regression,7,3,16,1.1.0,real,True,ok,6435,2145,3,1,3,1,3.4247482498176396,,,,,,,,0.8071051612846356,-0.25293929850527386,1.0171015183742518
d2_beef_uncontrolled|gru|regression|seed07|fold04,m1_benchmark,d2_beef_uncontrolled,gru,regression,7,4,16,1.1.0,real,True,ok,6435,2145,3,1,3,1,3.7090484998188913,,,,,,,,0.587084109697034,0.027621314025822352,0.9274181853172402
d2_beef_uncontrolled|gru|regression|seed08|fold00,m1_benchmark,d2_beef_uncontrolled,gru,regression,8,0,16,1.1.0,real,True,ok,6435,2145,3,1,3,1,3.445547957904637,,,,,,,,0.19004878207187406,0.8761609279342171,0.3309685571918012
d2_beef_uncontrolled|gru|regression|seed08|fold01,m1_benchmark,d2_beef_uncontrolled,gru,regression,8,1,16,1.1.0,real,True,ok,6435,2145,3,1,3,1,3.394510041922331,,,,,,,,1.4770999880038969,-3.154580043654235,1.699845173696074
d2_beef_uncontrolled|gru|regression|seed08|fold02,m1_benchmark,d2_beef_uncontrolled,gru,regression,8,2,16,1.1.0,real,True,ok,6435,2145,3,1,3,1,3.4039788329973817,,,,,,,,0.34381303502034505,0.7656433830717385,0.4398837281050404
d2_beef_uncontrolled|gru|regression|seed08|fold03,m1_benchmark,d2_beef_uncontrolled,gru,regression,8,3,16,1.1.0,real,True,ok,6435,2145,3,1,3,1,3.3672417090274394,,,,,,,,0.13119783153772058,0.9528628235884429,0.20603210757322604
d2_beef_uncontrolled|gru|regression|seed08|fold04,m1_benchmark,d2_beef_uncontrolled,gru,regression,8,4,16,1.1.0,real,True,ok,6435,2145,3,1,3,1,3.5128563749603927,,,,,,,,3.991156661265595,-19.696699687982363,4.241822496606233
d2_beef_uncontrolled|gru|regression|seed09|fold00,m1_benchmark,d2_beef_uncontrolled,gru,regression,9,0,16,1.1.0,real,True,ok,6435,2145,3,1,3,1,3.374355750158429,,,,,,,,1.3777991466415298,-1.9393107604497524,1.598544366508809
d2_beef_uncontrolled|gru|regression|seed09|fold01,m1_benchmark,d2_beef_uncontrolled,gru,regression,9,1,16,1.1.0,real,True,ok,6435,2145,3,1,3,1,3.401119124609977,,,,,,,,0.15805034561676182,0.9314800403402563,0.24618775128683323
d2_beef_uncontrolled|gru|regression|seed09|fold02,m1_benchmark,d2_beef_uncontrolled,gru,regression,9,2,16,1.1.0,real,True,ok,6435,2145,3,1,3,1,3.3792881672270596,,,,,,,,1.7300648625849202,-4.16849394474376,1.895954047540435
d2_beef_uncontrolled|gru|regression|seed09|fold03,m1_benchmark,d2_beef_uncontrolled,gru,regression,9,3,16,1.1.0,real,True,ok,6435,2145,3,1,3,1,3.3665302079170942,,,,,,,,0.13143337053441323,0.9473441034030754,0.21775925854616213
d2_beef_uncontrolled|gru|regression|seed09|fold04,m1_benchmark,d2_beef_uncontrolled,gru,regression,9,4,16,1.1.0,real,True,ok,6435,2145,3,1,3,1,3.382630791980773,,,,,,,,0.6840954354213514,0.09561061944879135,0.8641258839921706
d2_beef_uncontrolled|lstm|classification|seed00|fold00,m1_benchmark,d2_beef_uncontrolled,lstm,classification,0,0,16,1.1.0,real,True,ok,6435,2145,3,1,3,1,3.8606468341313303,0.8041958041958042,0.8707462582753253,True,4.0,0.7501368760064412,require_all_classes,0.7739611806184976,,,
d2_beef_uncontrolled|lstm|classification|seed00|fold01,m1_benchmark,d2_beef_uncontrolled,lstm,classification,0,1,16,1.1.0,real,True,ok,6435,2145,3,1,3,1,3.762499541975558,0.49230769230769234,0.8447682365858558,True,4.0,0.4616071428571429,require_all_classes,0.32617155009605947,,,
d2_beef_uncontrolled|lstm|classification|seed00|fold02,m1_benchmark,d2_beef_uncontrolled,lstm,classification,0,2,16,1.1.0,real,True,ok,6435,2145,3,1,3,1,3.7225961252115667,0.7594405594405594,0.9356994156768721,True,4.0,0.7228922245226593,require_all_classes,0.7157039888776086,,,
d2_beef_uncontrolled|lstm|classification|seed00|fold03,m1_benchmark,d2_beef_uncontrolled,lstm,classification,0,3,16,1.1.0,real,True,ok,6435,2145,3,1,3,1,3.81026962492615,0.28717948717948716,0.7593107276484465,True,4.0,0.3981060606060606,require_all_classes,0.2410627289572938,,,
d2_beef_uncontrolled|lstm|classification|seed00|fold04,m1_benchmark,d2_beef_uncontrolled,lstm,classification,0,4,16,1.1.0,real,True,ok,6435,2145,3,1,3,1,3.7029845830984414,0.5599067599067599,0.7999159902095248,True,4.0,0.6037878787878788,require_all_classes,0.5392227642541713,,,
d2_beef_uncontrolled|lstm|classification|seed01|fold00,m1_benchmark,d2_beef_uncontrolled,lstm,classification,1,0,16,1.1.0,real,True,ok,6435,2145,3,1,3,1,3.673101874999702,0.5524475524475524,0.8927161358684252,True,4.0,0.5,require_all_classes,0.3839204349055715,,,
d2_beef_uncontrolled|lstm|classification|seed01|fold01,m1_benchmark,d2_beef_uncontrolled,lstm,classification,1,1,16,1.1.0,real,True,ok,6435,2145,3,1,3,1,3.7005764576606452,0.27645687645687644,0.6573163332342207,True,4.0,0.3893939393939394,require_all_classes,0.23203683109343487,,,
d2_beef_uncontrolled|lstm|classification|seed01|fold02,m1_benchmark,d2_beef_uncontrolled,lstm,classification,1,2,16,1.1.0,real,True,ok,6435,2145,3,1,3,1,3.7314059580676258,0.6065268065268066,0.8114222978533673,True,4.0,0.6512077294685991,require_all_classes,0.5739830594139903,,,
d2_beef_uncontrolled|lstm|classification|seed01|fold03,m1_benchmark,d2_beef_uncontrolled,lstm,classification,1,3,16,1.1.0,real,True,ok,6435,2145,3,1,3,1,3.65931662498042,0.7627039627039627,0.7809533564534088,True,4.0,0.6763083735909823,require_all_classes,0.6512031487955174,,,
d2_beef_uncontrolled|lstm|classification|seed01|fold04,m1_benchmark,d2_beef_uncontrolled,lstm,classification,1,4,16,1.1.0,real,True,ok,6435,2145,3,1,3,1,3.687111666891724,0.7058275058275059,0.8028040133743146,True,4.0,0.6752976190476191,require_all_classes,0.605278500829386,,,
d2_beef_uncontrolled|lstm|classification|seed02|fold00,m1_benchmark,d2_beef_uncontrolled,lstm,classification,2,0,16,1.1.0,real,True,ok,6435,2145,3,1,3,1,3.880589332897216,0.7156177156177156,0.8073354885765017,True,4.0,0.6439090177133655,require_all_classes,0.6143121419967058,,,
d2_beef_uncontrolled|lstm|classification|seed02|fold01,m1_benchmark,d2_beef_uncontrolled,lstm,classification,2,1,16,1.1.0,real,True,ok,6435,2145,3,1,3,1,3.816526584327221,0.5431235431235432,0.8654621154722051,True,4.0,0.4855072463768116,require_all_classes,0.4004320502749411,,,
d2_beef_uncontrolled|lstm|classification|seed02|fold02,m1_benchmark,d2_beef_uncontrolled,lstm,classification,2,2,16,1.1.0,real,True,ok,6435,2145,3,1,3,1,3.764523500110954,0.7766899766899766,0.8370321186820424,True,4.0,0.7381326201978377,require_all_classes,0.7384726406207507,,,
d2_beef_uncontrolled|lstm|classification|seed02|fold03,m1_benchmark,d2_beef_uncontrolled,lstm,classification,2,3,16,1.1.0,real,True,ok,6435,2145,3,1,3,1,3.725775874685496,0.30023310023310024,0.6934921389032059,True,4.0,0.4087121212121212,require_all_classes,0.252375716860459,,,
d2_beef_uncontrolled|lstm|classification|seed02|fold04,m1_benchmark,d2_beef_uncontrolled,lstm,classification,2,4,16,1.1.0,real,True,ok,6435,2145,3,1,3,1,3.708242333959788,0.5081585081585082,0.7826067136163711,True,4.0,0.5738909017713365,require_all_classes,0.49806130300794593,,,
d2_beef_uncontrolled|lstm|classification|seed03|fold00,m1_benchmark,d2_beef_uncontrolled,lstm,classification,3,0,16,1.1.0,real,True,ok,6435,2145,3,1,3,1,3.914240207988769,0.16083916083916083,0.6765670869381607,True,4.0,0.25,require_all_classes,0.06927710843373494,,,
d2_beef_uncontrolled|lstm|classification|seed03|fold01,m1_benchmark,d2_beef_uncontrolled,lstm,classification,3,1,16,1.1.0,real,True,ok,6435,2145,3,1,3,1,4.289504167158157,0.8219114219114219,0.9909217253838387,True,4.0,0.86006038647343,require_all_classes,0.8286840390116783,,,
d2_beef_uncontrolled|lstm|classification|seed03|fold02,m1_benchmark,d2_beef_uncontrolled,lstm,classification,3,2,16,1.1.0,real,True,ok,6435,2145,3,1,3,1,3.7859676657244563,0.3995337995337995,0.8054551050286237,True,4.0,0.48703703703703705,require_all_classes,0.350977339977446,,,
d2_beef_uncontrolled|lstm|classification|seed03|fold03,m1_benchmark,d2_beef_uncontrolled,lstm,classification,3,3,16,1.1.0,real,True,ok,6435,2145,3,1,3,1,3.791278332937509,0.8046620046620047,0.8283636646574354,True,4.0,0.7626653439153439,require_all_classes,0.7527760281622973,,,
d2_beef_uncontrolled|lstm|classification|seed03|fold04,m1_benchmark,d2_beef_uncontrolled,lstm,classification,3,4,16,1.1.0,real,True,ok,6435,2145,3,1,3,1,3.8982457080855966,0.24382284382284383,0.47281329450045173,True,4.0,0.3628787878787879,require_all_classes,0.2057244355408281,,,
d2_beef_uncontrolled|lstm|classification|seed04|fold00,m1_benchmark,d2_beef_uncontrolled,lstm,classification,4,0,16,1.1.0,real,True,ok,6435,2145,3,1,3,1,3.7632619999349117,0.6951048951048951,0.8282193334278019,True,4.0,0.642079307568438,require_all_classes,0.6475936429328429,,,
d2_beef_uncontrolled|lstm|classification|seed04|fold01,m1_benchmark,d2_beef_uncontrolled,lstm,classification,4,1,16,1.1.0,real,True,ok,6435,2145,3,1,3,1,3.7234788751229644,0.5473193473193473,0.7669124386343149,True,4.0,0.4967261904761905,require_all_classes,0.3474791095357189,,,
d2_beef_uncontrolled|lstm|classification|seed04|fold02,m1_benchmark,d2_beef_uncontrolled,lstm,classification,4,2,16,1.1.0,real,True,ok,6435,2145,3,1,3,1,3.7040419592522085,0.24708624708624707,0.7611182980559428,True,4.0,0.36553030303030304,require_all_classes,0.20044439665985736,,,
d2_beef_uncontrolled|lstm|classification|seed04|fold03,m1_benchmark,d2_beef_uncontrolled,lstm,classification,4,3,16,1.1.0,real,True,ok,6435,2145,3,1,3,1,4.072909291833639,0.3967365967365967,0.7248958967415584,True,4.0,0.4842592592592593,require_all_classes,0.3479734586210366,,,
d2_beef_uncontrolled|lstm|classification|seed04|fold04,m1_benchmark,d2_beef_uncontrolled,lstm,classification,4,4,16,1.1.0,real,True,ok,6435,2145,3,1,3,1,3.681119458284229,0.6088578088578088,0.8222209163646185,True,4.0,0.537962962962963,require_all_classes,0.5125494169298925,,,
d2_beef_uncontrolled|lstm|classification|seed05|fold00,m1_benchmark,d2_beef_uncontrolled,lstm,classification,5,0,16,1.1.0,real,True,ok,6435,2145,3,1,3,1,3.668145707808435,0.5132867132867133,0.9079124020297126,True,4.0,0.475,require_all_classes,0.33632307412128937,,,
d2_beef_uncontrolled|lstm|classification|seed05|fold01,m1_benchmark,d2_beef_uncontrolled,lstm,classification,5,1,16,1.1.0,real,True,ok,6435,2145,3,1,3,1,3.710720125120133,0.6144522144522144,0.8697826213636247,True,4.0,0.5249209224752703,require_all_classes,0.5213140455261127,,,
d2_beef_uncontrolled|lstm|classification|seed05|fold02,m1_benchmark,d2_beef_uncontrolled,lstm,classification,5,2,16,1.1.0,real,True,ok,6435,2145,3,1,3,1,3.7793340417556465,0.45034965034965035,0.876446059232293,True,4.0,0.531286231884058,require_all_classes,0.43436670690450013,,,
d2_beef_uncontrolled|lstm|classification|seed05|fold03,m1_benchmark,d2_beef_uncontrolled,lstm,classification,5,3,16,1.1.0,real,True,ok,6435,2145,3,1,3,1,3.8406660831533372,0.7417249417249417,0.9271064699910666,True,4.0,0.7061674718196458,require_all_classes,0.713660958504394,,,
d2_beef_uncontrolled|lstm|classification|seed05|fold04,m1_benchmark,d2_beef_uncontrolled,lstm,classification,5,4,16,1.1.0,real,True,ok,6435,2145,3,1,3,1,3.699952958151698,0.17482517482517482,0.6971803624111759,True,4.0,0.3068181818181818,require_all_classes,0.1248559417480814,,,
d2_beef_uncontrolled|lstm|classification|seed06|fold00,m1_benchmark,d2_beef_uncontrolled,lstm,classification,6,0,16,1.1.0,real,True,ok,6435,2145,3,1,3,1,5.562723125331104,0.8242424242424242,0.9427948000786085,True,4.0,0.7946819645732689,require_all_classes,0.8053349150707502,,,
d2_beef_uncontrolled|lstm|classification|seed06|fold01,m1_benchmark,d2_beef_uncontrolled,lstm,classification,6,1,16,1.1.0,real,True,ok,6435,2145,3,1,3,1,3.7151345419697464,0.40559440559440557,0.7485177878659444,True,4.0,0.2717391304347826,require_all_classes,0.18344262295081967,,,
d2_beef_uncontrolled|lstm|classification|seed06|fold02,m1_benchmark,d2_beef_uncontrolled,lstm,classification,6,2,16,1.1.0,real,True,ok,6435,2145,3,1,3,1,3.75045158341527,0.20792540792540792,0.6269980661926742,True,4.0,0.33371212121212124,require_all_classes,0.17815807820846308,,,
d2_beef_uncontrolled|lstm|classification|seed06|fold03,m1_benchmark,d2_beef_uncontrolled,lstm,classification,6,3,16,1.1.0,real,True,ok,6435,2145,3,1,3,1,3.6693733339197934,0.6857808857808858,0.8741396401357991,True,4.0,0.6320450885668276,require_all_classes,0.6178149212283137,,,
d2_beef_uncontrolled|lstm|classification|seed06|fold04,m1_benchmark,d2_beef_uncontrolled,lstm,classification,6,4,16,1.1.0,real,True,ok,6435,2145,3,1,3,1,3.6792926248162985,0.5272727272727272,0.7823782343381902,True,4.0,0.6005434782608696,require_all_classes,0.5064383097905226,,,
d2_beef_uncontrolled|lstm|classification|seed07|fold00,m1_benchmark,d2_beef_uncontrolled,lstm,classification,7,0,16,1.1.0,real,True,ok,6435,2145,3,1,3,1,3.703557041939348,0.7011655011655011,0.9405922372906842,True,4.0,0.6483071658615136,require_all_classes,0.6452511312291745,,,
d2_beef_uncontrolled|lstm|classification|seed07|fold01,m1_benchmark,d2_beef_uncontrolled,lstm,classification,7,1,16,1.1.0,real,True,ok,6435,2145,3,1,3,1,3.671418083831668,0.16596736596736597,0.6047355191382768,True,4.0,0.2996212121212121,require_all_classes,0.1318105176372893,,,
d2_beef_uncontrolled|lstm|classification|seed07|fold02,m1_benchmark,d2_beef_uncontrolled,lstm,classification,7,2,16,1.1.0,real,True,ok,6435,2145,3,1,3,1,3.7793366252444685,0.16083916083916083,0.8241231010798808,True,4.0,0.25,require_all_classes,0.0731862537123462,,,
d2_beef_uncontrolled|lstm|classification|seed07|fold03,m1_benchmark,d2_beef_uncontrolled,lstm,classification,7,3,16,1.1.0,real,True,ok,6435,2145,3,1,3,1,3.7209744579158723,0.39766899766899766,0.8025103634825059,True,4.0,0.48439814814814813,require_all_classes,0.3561075190599409,,,
d2_beef_uncontrolled|lstm|classification|seed07|fold04,m1_benchmark,d2_beef_uncontrolled,lstm,classification,7,4,16,1.1.0,real,True,ok,6435,2145,3,1,3,1,3.8024526247754693,0.6298368298368299,0.83864320426878,True,4.0,0.5731884057971015,require_all_classes,0.5355802723617393,,,
d2_beef_uncontrolled|lstm|classification|seed08|fold00,m1_benchmark,d2_beef_uncontrolled,lstm,classification,8,0,16,1.1.0,real,True,ok,6435,2145,3,1,3,1,3.7996491249650717,0.8158508158508159,0.9291622836593867,True,4.0,0.773209972394755,require_all_classes,0.7574207564295068,,,
d2_beef_uncontrolled|lstm|classification|seed08|fold01,m1_benchmark,d2_beef_uncontrolled,lstm,classification,8,1,16,1.1.0,real,True,ok,6435,2145,3,1,3,1,3.7044646251015365,0.21678321678321677,0.728072425777251,True,4.0,0.34090909090909094,require_all_classes,0.18486590038314177,,,
d2_beef_uncontrolled|lstm|classification|seed08|fold02,m1_benchmark,d2_beef_uncontrolled,lstm,classification,8,2,16,1.1.0,real,True,ok,6435,2145,3,1,3,1,3.7250337917357683,0.40326340326340326,0.8137258490709878,True,4.0,0.47903985507246377,require_all_classes,0.3732156136925797,,,
d2_beef_uncontrolled|lstm|classification|seed08|fold03,m1_benchmark,d2_beef_uncontrolled,lstm,classification,8,3,16,1.1.0,real,True,ok,6435,2145,3,1,3,1,3.68026441661641,0.7375291375291375,0.8428487513800262,True,4.0,0.6594685990338165,require_all_classes,0.6436976050365952,,,
d2_beef_uncontrolled|lstm|classification|seed08|fold04,m1_benchmark,d2_beef_uncontrolled,lstm,classification,8,4,16,1.1.0,real,True,ok,6435,2145,3,1,3,1,3.710316542070359,0.5524475524475524,0.9535677283063951,True,4.0,0.5,require_all_classes,0.3794332004019758,,,
d2_beef_uncontrolled|lstm|classification|seed09|fold00,m1_benchmark,d2_beef_uncontrolled,lstm,classification,9,0,16,1.1.0,real,True,ok,6435,2145,3,1,3,1,3.681725792121142,0.5524475524475524,0.9644449633339884,True,4.0,0.5,require_all_classes,0.34870688890971396,,,
d2_beef_uncontrolled|lstm|classification|seed09|fold01,m1_benchmark,d2_beef_uncontrolled,lstm,classification,9,1,16,1.1.0,real,True,ok,6435,2145,3,1,3,1,3.6782180829904974,0.7822843822843822,0.8646151086858291,True,4.0,0.7389809063722108,require_all_classes,0.7422500472093128,,,
d2_beef_uncontrolled|lstm|classification|seed09|fold02,m1_benchmark,d2_beef_uncontrolled,lstm,classification,9,2,16,1.1.0,real,True,ok,6435,2145,3,1,3,1,3.6705173342488706,0.3463869463869464,0.408312756097813,True,4.0,0.44621212121212117,require_all_classes,0.2962684023235705,,,
d2_beef_uncontrolled|lstm|classification|seed09|fold03,m1_benchmark,d2_beef_uncontrolled,lstm,classification,9,3,16,1.1.0,real,True,ok,6435,2145,3,1,3,1,3.686940500047058,0.862937062937063,0.9977513968556642,True,4.0,0.8847101449275362,require_all_classes,0.8604619341442381,,,
d2_beef_uncontrolled|lstm|classification|seed09|fold04,m1_benchmark,d2_beef_uncontrolled,lstm,classification,9,4,16,1.1.0,real,True,ok,6435,2145,3,1,3,1,3.6768380417488515,0.3902097902097902,0.7849410762443033,True,4.0,0.47726851851851854,require_all_classes,0.3453520709216402,,,
d2_beef_uncontrolled|lstm|regression|seed00|fold00,m1_benchmark,d2_beef_uncontrolled,lstm,regression,0,0,16,1.1.0,real,True,ok,6435,2145,3,1,3,1,3.7969636246562004,,,,,,,,0.11097286211950097,0.9449651422082798,0.22262403367698952
d2_beef_uncontrolled|lstm|regression|seed00|fold01,m1_benchmark,d2_beef_uncontrolled,lstm,regression,0,1,16,1.1.0,real,True,ok,6435,2145,3,1,3,1,3.729091249871999,,,,,,,,2.2309932709678133,-5.44948451976599,2.367905925906821
d2_beef_uncontrolled|lstm|regression|seed00|fold02,m1_benchmark,d2_beef_uncontrolled,lstm,regression,0,2,16,1.1.0,real,True,ok,6435,2145,3,1,3,1,3.7311692917719483,,,,,,,,0.2659310314171868,0.7943744707598989,0.4264777798507362
d2_beef_uncontrolled|lstm|regression|seed00|fold03,m1_benchmark,d2_beef_uncontrolled,lstm,regression,0,3,16,1.1.0,real,True,ok,6435,2145,3,1,3,1,3.7275046659633517,,,,,,,,2.2680152142177565,-7.702956510240691,2.4602498150685217
d2_beef_uncontrolled|lstm|regression|seed00|fold04,m1_benchmark,d2_beef_uncontrolled,lstm,regression,0,4,16,1.1.0,real,True,ok,6435,2145,3,1,3,1,3.6471504168584943,,,,,,,,0.22419555902193986,0.8842800382594721,0.3091031477930699
d2_beef_uncontrolled|lstm|regression|seed01|fold00,m1_benchmark,d2_beef_uncontrolled,lstm,regression,1,0,16,1.1.0,real,True,ok,6435,2145,3,1,3,1,3.627676083240658,,,,,,,,3.418207686232943,-13.716406587340058,3.5768673226495604
d2_beef_uncontrolled|lstm|regression|seed01|fold01,m1_benchmark,d2_beef_uncontrolled,lstm,regression,1,1,16,1.1.0,real,True,ok,6435,2145,3,1,3,1,3.669459832832217,,,,,,,,2.2778853693699417,-9.02499189392497,2.640509998060726
d2_beef_uncontrolled|lstm|regression|seed01|fold02,m1_benchmark,d2_beef_uncontrolled,lstm,regression,1,2,16,1.1.0,real,True,ok,6435,2145,3,1,3,1,3.6493689161725342,,,,,,,,0.25988137095814595,0.853399829667179,0.3479096897037513
d2_beef_uncontrolled|lstm|regression|seed01|fold03,m1_benchmark,d2_beef_uncontrolled,lstm,regression,1,3,16,1.1.0,real,True,ok,6435,2145,3,1,3,1,3.7314284997992218,,,,,,,,0.160761188763281,0.9208946387556051,0.266904614371363
d2_beef_uncontrolled|lstm|regression|seed01|fold04,m1_benchmark,d2_beef_uncontrolled,lstm,regression,1,4,16,1.1.0,real,True,ok,6435,2145,3,1,3,1,3.6990422499366105,,,,,,,,0.2614024737318183,0.7620964526955785,0.45873127593535984
d2_beef_uncontrolled|lstm|regression|seed02|fold00,m1_benchmark,d2_beef_uncontrolled,lstm,regression,2,0,16,1.1.0,real,True,ok,6435,2145,3,1,3,1,3.8247500001452863,,,,,,,,0.12148074782396197,0.9377848368969425,0.23670162806427048
d2_beef_uncontrolled|lstm|regression|seed02|fold01,m1_benchmark,d2_beef_uncontrolled,lstm,regression,2,1,16,1.1.0,real,True,ok,6435,2145,3,1,3,1,3.7728697499260306,,,,,,,,1.961359977832983,-5.11195043491377,2.305111056722468
d2_beef_uncontrolled|lstm|regression|seed02|fold02,m1_benchmark,d2_beef_uncontrolled,lstm,regression,2,2,16,1.1.0,real,True,ok,6435,2145,3,1,3,1,3.6708910004235804,,,,,,,,0.1875684922110389,0.8818251300143151,0.32331098352817406
d2_beef_uncontrolled|lstm|regression|seed02|fold03,m1_benchmark,d2_beef_uncontrolled,lstm,regression,2,3,16,1.1.0,real,True,ok,6435,2145,3,1,3,1,3.690930875018239,,,,,,,,1.8366384534504223,-5.251007367237695,2.0850708011094246
d2_beef_uncontrolled|lstm|regression|seed02|fold04,m1_benchmark,d2_beef_uncontrolled,lstm,regression,2,4,16,1.1.0,real,True,ok,6435,2145,3,1,3,1,3.8104765843600035,,,,,,,,0.23994769529594365,0.8169479378051703,0.3887644995610613
d2_beef_uncontrolled|lstm|regression|seed03|fold00,m1_benchmark,d2_beef_uncontrolled,lstm,regression,3,0,16,1.1.0,real,True,ok,6435,2145,3,1,3,1,3.8370124171487987,,,,,,,,2.2682510234085616,-6.4737699689116965,2.5490115624066756
d2_beef_uncontrolled|lstm|regression|seed03|fold01,m1_benchmark,d2_beef_uncontrolled,lstm,regression,3,1,16,1.1.0,real,True,ok,6435,2145,3,1,3,1,3.9706429997459054,,,,,,,,0.13848093063491043,0.9531490312121261,0.2054056620832916
d2_beef_uncontrolled|lstm|regression|seed03|fold02,m1_benchmark,d2_beef_uncontrolled,lstm,regression,3,2,16,1.1.0,real,True,ok,6435,2145,3,1,3,1,3.88187204208225,,,,,,,,0.7662467913675377,-0.12329965238208751,0.9630461498710714
d2_beef_uncontrolled|lstm|regression|seed03|fold03,m1_benchmark,d2_beef_uncontrolled,lstm,regression,3,3,16,1.1.0,real,True,ok,6435,2145,3,1,3,1,3.7807889580726624,,,,,,,,0.1640208782489575,0.916516690543243,0.27174259644840987
d2_beef_uncontrolled|lstm|regression|seed03|fold04,m1_benchmark,d2_beef_uncontrolled,lstm,regression,3,4,16,1.1.0,real,True,ok,6435,2145,3,1,3,1,3.9815701660700142,,,,,,,,1.8244735760501682,-4.780342786167635,2.0050379545454007
d2_beef_uncontrolled|lstm|regression|seed04|fold00,m1_benchmark,d2_beef_uncontrolled,lstm,regression,4,0,16,1.1.0,real,True,ok,6435,2145,3,1,3,1,3.6657187906093895,,,,,,,,0.1420726537700666,0.9315903232892454,0.24820578076665614
d2_beef_uncontrolled|lstm|regression|seed04|fold01,m1_benchmark,d2_beef_uncontrolled,lstm,regression,4,1,16,1.1.0,real,True,ok,6435,2145,3,1,3,1,3.734527708031237,,,,,,,,4.2827969888394595,-21.957149397827123,4.467462567623196
d2_beef_uncontrolled|lstm|regression|seed04|fold02,m1_benchmark,d2_beef_uncontrolled,lstm,regression,4,2,16,1.1.0,real,True,ok,6435,2145,3,1,3,1,3.7887814580462873,,,,,,,,2.4022557470839256,-9.91448953183237,2.755164382914064
d2_beef_uncontrolled|lstm|regression|seed04|fold03,m1_benchmark,d2_beef_uncontrolled,lstm,regression,4,3,16,1.1.0,real,True,ok,6435,2145,3,1,3,1,4.031249499879777,,,,,,,,0.7567598416600901,-0.059630226052994395,0.935354965538211
d2_beef_uncontrolled|lstm|regression|seed04|fold04,m1_benchmark,d2_beef_uncontrolled,lstm,regression,4,4,16,1.1.0,real,True,ok,6435,2145,3,1,3,1,3.6550917089916766,,,,,,,,0.2918816187997756,0.7198650335184995,0.49778470993036283
d2_beef_uncontrolled|lstm|regression|seed05|fold00,m1_benchmark,d2_beef_uncontrolled,lstm,regression,5,0,16,1.1.0,real,True,ok,6435,2145,3,1,3,1,3.8397818747907877,,,,,,,,1.2232435703464741,-1.4454603047910801,1.4580830147228534
d2_beef_uncontrolled|lstm|regression|seed05|fold01,m1_benchmark,d2_beef_uncontrolled,lstm,regression,5,1,16,1.1.0,real,True,ok,6435,2145,3,1,3,1,3.6756958747282624,,,,,,,,0.23347957649530163,0.8816582863664436,0.3235391342249384
d2_beef_uncontrolled|lstm|regression|seed05|fold02,m1_benchmark,d2_beef_uncontrolled,lstm,regression,5,2,16,1.1.0,real,True,ok,6435,2145,3,1,3,1,3.6852498748339713,,,,,,,,0.4773639772086953,0.5226808615414873,0.6277745582574961
d2_beef_uncontrolled|lstm|regression|seed05|fold03,m1_benchmark,d2_beef_uncontrolled,lstm,regression,5,3,16,1.1.0,real,True,ok,6435,2145,3,1,3,1,3.698051707819104,,,,,,,,0.11309225420747859,0.9652659654361537,0.17686045547235
d2_beef_uncontrolled|lstm|regression|seed05|fold04,m1_benchmark,d2_beef_uncontrolled,lstm,regression,5,4,16,1.1.0,real,True,ok,6435,2145,3,1,3,1,3.6993294171988964,,,,,,,,1.6952740711422982,-3.971007464753412,1.859379373098284
d2_beef_uncontrolled|lstm|regression|seed06|fold00,m1_benchmark,d2_beef_uncontrolled,lstm,regression,6,0,16,1.1.0,real,True,ok,6435,2145,3,1,3,1,4.10644800029695,,,,,,,,0.12227951187905267,0.9449437678330638,0.22266726071425486
d2_beef_uncontrolled|lstm|regression|seed06|fold01,m1_benchmark,d2_beef_uncontrolled,lstm,regression,6,1,16,1.1.0,real,True,ok,6435,2145,3,1,3,1,3.7184490421786904,,,,,,,,4.182635819120014,-20.46201914755891,4.319537324590829
d2_beef_uncontrolled|lstm|regression|seed06|fold02,m1_benchmark,d2_beef_uncontrolled,lstm,regression,6,2,16,1.1.0,real,True,ok,6435,2145,3,1,3,1,3.644455458968878,,,,,,,,1.8193517101885468,-5.002931955511823,2.04327824696189
d2_beef_uncontrolled|lstm|regression|seed06|fold03,m1_benchmark,d2_beef_uncontrolled,lstm,regression,6,3,16,1.1.0,real,True,ok,6435,2145,3,1,3,1,3.650431958027184,,,,,,,,0.3109544545669577,0.7275908450108368,0.4908725443320511
d2_beef_uncontrolled|lstm|regression|seed06|fold04,m1_benchmark,d2_beef_uncontrolled,lstm,regression,6,4,16,1.1.0,real,True,ok,6435,2145,3,1,3,1,3.66390512464568,,,,,,,,0.3760284718431716,0.7277337472471113,0.4741286446297332
d2_beef_uncontrolled|lstm|regression|seed07|fold00,m1_benchmark,d2_beef_uncontrolled,lstm,regression,7,0,16,1.1.0,real,True,ok,6435,2145,3,1,3,1,3.65217566723004,,,,,,,,0.11251978007186891,0.9597796550642933,0.1903163143041677
d2_beef_uncontrolled|lstm|regression|seed07|fold01,m1_benchmark,d2_beef_uncontrolled,lstm,regression,7,1,16,1.1.0,real,True,ok,6435,2145,3,1,3,1,3.666997415944934,,,,,,,,1.552905279363064,-3.675418749822148,1.8032504874579938
d2_beef_uncontrolled|lstm|regression|seed07|fold02,m1_benchmark,d2_beef_uncontrolled,lstm,regression,7,2,16,1.1.0,real,True,ok,6435,2145,3,1,3,1,3.7275920840911567,,,,,,,,2.500562129136711,-8.486260866235689,2.8717688055981094
d2_beef_uncontrolled|lstm|regression|seed07|fold03,m1_benchmark,d2_beef_uncontrolled,lstm,regression,7,3,16,1.1.0,real,True,ok,6435,2145,3,1,3,1,3.7015120000578463,,,,,,,,0.7994486656864402,-0.1881453837632725,0.99045347395117
d2_beef_uncontrolled|lstm|regression|seed07|fold04,m1_benchmark,d2_beef_uncontrolled,lstm,regression,7,4,16,1.1.0,real,True,ok,6435,2145,3,1,3,1,3.8380357497371733,,,,,,,,0.286695157338505,0.763353186231915,0.45751803983214306
d2_beef_uncontrolled|lstm|regression|seed08|fold00,m1_benchmark,d2_beef_uncontrolled,lstm,regression,8,0,16,1.1.0,real,True,ok,6435,2145,3,1,3,1,3.8665359169244766,,,,,,,,0.184390839598075,0.8719325208930644,0.33657148785314417
d2_beef_uncontrolled|lstm|regression|seed08|fold01,m1_benchmark,d2_beef_uncontrolled,lstm,regression,8,1,16,1.1.0,real,True,ok,6435,2145,3,1,3,1,3.6940911673009396,,,,,,,,2.1293336135671055,-8.037320883470159,2.5070653385900594
d2_beef_uncontrolled|lstm|regression|seed08|fold02,m1_benchmark,d2_beef_uncontrolled,lstm,regression,8,2,16,1.1.0,real,True,ok,6435,2145,3,1,3,1,3.6987117077223957,,,,,,,,0.3234214334145457,0.7820558232013848,0.424201228519923
d2_beef_uncontrolled|lstm|regression|seed08|fold03,m1_benchmark,d2_beef_uncontrolled,lstm,regression,8,3,16,1.1.0,real,True,ok,6435,2145,3,1,3,1,3.669068249873817,,,,,,,,0.12898892516883154,0.9371665946696035,0.23787479213844556
d2_beef_uncontrolled|lstm|regression|seed08|fold04,m1_benchmark,d2_beef_uncontrolled,lstm,regression,8,4,16,1.1.0,real,True,ok,6435,2145,3,1,3,1,3.6926144580356777,,,,,,,,1.2274597886383194,-1.606346498542238,1.5052825188473289
d2_beef_uncontrolled|lstm|regression|seed09|fold00,m1_benchmark,d2_beef_uncontrolled,lstm,regression,9,0,16,1.1.0,real,True,ok,6435,2145,3,1,3,1,3.651436749845743,,,,,,,,3.0719587618619753,-11.15225656307282,3.2503520834627544
d2_beef_uncontrolled|lstm|regression|seed09|fold01,m1_benchmark,d2_beef_uncontrolled,lstm,regression,9,1,16,1.1.0,real,True,ok,6435,2145,3,1,3,1,3.6634914590977132,,,,,,,,0.14067211423344236,0.9357384252243716,0.23841499910817363
d2_beef_uncontrolled|lstm|regression|seed09|fold02,m1_benchmark,d2_beef_uncontrolled,lstm,regression,9,2,16,1.1.0,real,True,ok,6435,2145,3,1,3,1,3.64426195807755,,,,,,,,2.6336363114890156,-10.665064611408043,2.8483239098294963
d2_beef_uncontrolled|lstm|regression|seed09|fold03,m1_benchmark,d2_beef_uncontrolled,lstm,regression,9,3,16,1.1.0,real,True,ok,6435,2145,3,1,3,1,3.7803485840559006,,,,,,,,0.16412824734327275,0.8861081708113485,0.3202575722618824
d2_beef_uncontrolled|lstm|regression|seed09|fold04,m1_benchmark,d2_beef_uncontrolled,lstm,regression,9,4,16,1.1.0,real,True,ok,6435,2145,3,1,3,1,3.6669573336839676,,,,,,,,0.7855700875592462,-0.0677547119107087,0.9389339344668972
d2_beef_uncontrolled|pca_svm|classification|seed00|fold00,m1_benchmark,d2_beef_uncontrolled,pca_svm,classification,0,0,16,1.1.0,real,True,ok,6435,2145,3,1,3,1,0.3500774591229856,0.7645687645687645,0.9438302426001115,True,4.0,0.7560567632850241,require_all_classes,0.760947953909236,,,
d2_beef_uncontrolled|pca_svm|classification|seed00|fold01,m1_benchmark,d2_beef_uncontrolled,pca_svm,classification,0,1,16,1.1.0,real,True,ok,6435,2145,3,1,3,1,0.3283017077483237,0.16083916083916083,0.7877799964553154,True,4.0,0.25,require_all_classes,0.06927710843373494,,,
d2_beef_uncontrolled|pca_svm|classification|seed00|fold02,m1_benchmark,d2_beef_uncontrolled,pca_svm,classification,0,2,16,1.1.0,real,True,ok,6435,2145,3,1,3,1,0.26805633399635553,0.7403263403263404,0.9294200346545809,True,4.0,0.6838940648723257,require_all_classes,0.6819910262302515,,,
d2_beef_uncontrolled|pca_svm|classification|seed00|fold03,m1_benchmark,d2_beef_uncontrolled,pca_svm,classification,0,3,16,1.1.0,real,True,ok,6435,2145,3,1,3,1,0.29767537536099553,0.3132867132867133,0.8591416063545578,True,4.0,0.4193181818181818,require_all_classes,0.2603993590637934,,,
d2_beef_uncontrolled|pca_svm|classification|seed00|fold04,m1_benchmark,d2_beef_uncontrolled,pca_svm,classification,0,4,16,1.1.0,real,True,ok,6435,2145,3,1,3,1,0.3803777080029249,0.600932400932401,0.8011890801965927,True,4.0,0.5994235836627141,require_all_classes,0.5265455941228108,,,
d2_beef_uncontrolled|pca_svm|classification|seed01|fold00,m1_benchmark,d2_beef_uncontrolled,pca_svm,classification,1,0,16,1.1.0,real,True,ok,6435,2145,3,1,3,1,0.33465020870789886,0.16083916083916083,0.5960778504149004,True,4.0,0.25,require_all_classes,0.06927710843373494,,,
d2_beef_uncontrolled|pca_svm|classification|seed01|fold01,m1_benchmark,d2_beef_uncontrolled,pca_svm,classification,1,1,16,1.1.0,real,True,ok,6435,2145,3,1,3,1,0.2906221663579345,0.3132867132867133,0.8591416063545578,True,4.0,0.4193181818181818,require_all_classes,0.2603993590637934,,,
d2_beef_uncontrolled|pca_svm|classification|seed01|fold02,m1_benchmark,d2_beef_uncontrolled,pca_svm,classification,1,2,16,1.1.0,real,True,ok,6435,2145,3,1,3,1,0.3673041658475995,0.600932400932401,0.8011890801965927,True,4.0,0.5994235836627141,require_all_classes,0.5265455941228108,,,
d2_beef_uncontrolled|pca_svm|classification|seed01|fold03,m1_benchmark,d2_beef_uncontrolled,pca_svm,classification,1,3,16,1.1.0,real,True,ok,6435,2145,3,1,3,1,0.2875072918832302,0.7752913752913753,0.919217009680008,True,4.0,0.6927334943639292,require_all_classes,0.6660325436772461,,,
d2_beef_uncontrolled|pca_svm|classification|seed01|fold04,m1_benchmark,d2_beef_uncontrolled,pca_svm,classification,1,4,16,1.1.0,real,True,ok,6435,2145,3,1,3,1,0.3552001668140292,0.703030303030303,0.9173182325911662,True,4.0,0.6484385783298827,require_all_classes,0.6349741928485256,,,
d2_beef_uncontrolled|pca_svm|classification|seed02|fold00,m1_benchmark,d2_beef_uncontrolled,pca_svm,classification,2,0,16,1.1.0,real,True,ok,6435,2145,3,1,3,1,0.37076699966564775,0.7645687645687645,0.9438302426001115,True,4.0,0.7560567632850241,require_all_classes,0.760947953909236,,,
d2_beef_uncontrolled|pca_svm|classification|seed02|fold01,m1_benchmark,d2_beef_uncontrolled,pca_svm,classification,2,1,16,1.1.0,real,True,ok,6435,2145,3,1,3,1,0.3608152908273041,0.16083916083916083,0.7877799964553154,True,4.0,0.25,require_all_classes,0.06927710843373494,,,
d2_beef_uncontrolled|pca_svm|classification|seed02|fold02,m1_benchmark,d2_beef_uncontrolled,pca_svm,classification,2,2,16,1.1.0,real,True,ok,6435,2145,3,1,3,1,0.3215473750606179,0.7403263403263404,0.9294200346545809,True,4.0,0.6838940648723257,require_all_classes,0.6819910262302515,,,
d2_beef_uncontrolled|pca_svm|classification|seed02|fold03,m1_benchmark,d2_beef_uncontrolled,pca_svm,classification,2,3,16,1.1.0,real,True,ok,6435,2145,3,1,3,1,0.2737892922013998,0.3132867132867133,0.8591416063545578,True,4.0,0.4193181818181818,require_all_classes,0.2603993590637934,,,
d2_beef_uncontrolled|pca_svm|classification|seed02|fold04,m1_benchmark,d2_beef_uncontrolled,pca_svm,classification,2,4,16,1.1.0,real,True,ok,6435,2145,3,1,3,1,0.32289445819333196,0.600932400932401,0.8011890801965927,True,4.0,0.5994235836627141,require_all_classes,0.5265455941228108,,,
d2_beef_uncontrolled|pca_svm|classification|seed03|fold00,m1_benchmark,d2_beef_uncontrolled,pca_svm,classification,3,0,16,1.1.0,real,True,ok,6435,2145,3,1,3,1,0.4136003749445081,0.16083916083916083,0.8925090010130177,True,4.0,0.25,require_all_classes,0.06927710843373494,,,
d2_beef_uncontrolled|pca_svm|classification|seed03|fold01,m1_benchmark,d2_beef_uncontrolled,pca_svm,classification,3,1,16,1.1.0,real,True,ok,6435,2145,3,1,3,1,0.3344637919217348,0.806993006993007,0.9387372953510246,True,4.0,0.7476247987117552,require_all_classes,0.7629408316914741,,,
d2_beef_uncontrolled|pca_svm|classification|seed03|fold02,m1_benchmark,d2_beef_uncontrolled,pca_svm,classification,3,2,16,1.1.0,real,True,ok,6435,2145,3,1,3,1,0.2276515420526266,0.3944055944055944,0.7703232181587718,True,4.0,0.4717391304347826,require_all_classes,0.34851610578739084,,,
d2_beef_uncontrolled|pca_svm|classification|seed03|fold03,m1_benchmark,d2_beef_uncontrolled,pca_svm,classification,3,3,16,1.1.0,real,True,ok,6435,2145,3,1,3,1,0.2519379174336791,0.7403263403263404,0.9294200346545809,True,4.0,0.6838940648723257,require_all_classes,0.6819910262302515,,,
d2_beef_uncontrolled|pca_svm|classification|seed03|fold04,m1_benchmark,d2_beef_uncontrolled,pca_svm,classification,3,4,16,1.1.0,real,True,ok,6435,2145,3,1,3,1,0.30332479206845164,0.1641025641025641,0.4765138887594412,True,4.0,0.2981060606060606,require_all_classes,0.13084219095296334,,,
d2_beef_uncontrolled|pca_svm|classification|seed04|fold00,m1_benchmark,d2_beef_uncontrolled,pca_svm,classification,4,0,16,1.1.0,real,True,ok,6435,2145,3,1,3,1,0.3451191666536033,0.7645687645687645,0.9438302426001115,True,4.0,0.7560567632850241,require_all_classes,0.760947953909236,,,
d2_beef_uncontrolled|pca_svm|classification|seed04|fold01,m1_benchmark,d2_beef_uncontrolled,pca_svm,classification,4,1,16,1.1.0,real,True,ok,6435,2145,3,1,3,1,0.2911578328348696,0.16083916083916083,0.5960778504149004,True,4.0,0.25,require_all_classes,0.06927710843373494,,,
d2_beef_uncontrolled|pca_svm|classification|seed04|fold02,m1_benchmark,d2_beef_uncontrolled,pca_svm,classification,4,2,16,1.1.0,real,True,ok,6435,2145,3,1,3,1,0.26820304058492184,0.3132867132867133,0.8591416063545578,True,4.0,0.4193181818181818,require_all_classes,0.2603993590637934,,,
d2_beef_uncontrolled|pca_svm|classification|seed04|fold03,m1_benchmark,d2_beef_uncontrolled,pca_svm,classification,4,3,16,1.1.0,real,True,ok,6435,2145,3,1,3,1,0.2564058746211231,0.3944055944055944,0.7703232181587718,True,4.0,0.4717391304347826,require_all_classes,0.34851610578739084,,,
d2_beef_uncontrolled|pca_svm|classification|seed04|fold04,m1_benchmark,d2_beef_uncontrolled,pca_svm,classification,4,4,16,1.1.0,real,True,ok,6435,2145,3,1,3,1,0.2616533748805523,0.6027972027972028,0.860990188718626,True,4.0,0.5086553945249598,require_all_classes,0.49063528114016935,,,
d2_beef_uncontrolled|pca_svm|classification|seed05|fold00,m1_benchmark,d2_beef_uncontrolled,pca_svm,classification,5,0,16,1.1.0,real,True,ok,6435,2145,3,1,3,1,0.31843824964016676,0.16083916083916083,0.7877799964553154,True,4.0,0.25,require_all_classes,0.06927710843373494,,,
d2_beef_uncontrolled|pca_svm|classification|seed05|fold01,m1_benchmark,d2_beef_uncontrolled,pca_svm,classification,5,1,16,1.1.0,real,True,ok,6435,2145,3,1,3,1,0.2222689581103623,0.6834498834498834,0.9215896844202633,True,4.0,0.6295893719806764,require_all_classes,0.6043833442143235,,,
d2_beef_uncontrolled|pca_svm|classification|seed05|fold02,m1_benchmark,d2_beef_uncontrolled,pca_svm,classification,5,2,16,1.1.0,real,True,ok,6435,2145,3,1,3,1,0.3546949583105743,0.600932400932401,0.8011890801965927,True,4.0,0.5994235836627141,require_all_classes,0.5265455941228108,,,
d2_beef_uncontrolled|pca_svm|classification|seed05|fold03,m1_benchmark,d2_beef_uncontrolled,pca_svm,classification,5,3,16,1.1.0,real,True,ok,6435,2145,3,1,3,1,0.27024779096245766,0.7897435897435897,0.9385397140832002,True,4.0,0.7716968599033817,require_all_classes,0.7754649696113173,,,
d2_beef_uncontrolled|pca_svm|classification|seed05|fold04,m1_benchmark,d2_beef_uncontrolled,pca_svm,classification,5,4,16,1.1.0,real,True,ok,6435,2145,3,1,3,1,0.29042558278888464,0.1641025641025641,0.4765138887594412,True,4.0,0.2981060606060606,require_all_classes,0.13084219095296334,,,
d2_beef_uncontrolled|pca_svm|classification|seed06|fold00,m1_benchmark,d2_beef_uncontrolled,pca_svm,classification,6,0,16,1.1.0,real,True,ok,6435,2145,3,1,3,1,0.3422939581796527,0.7645687645687645,0.9438302426001115,True,4.0,0.7560567632850241,require_all_classes,0.760947953909236,,,
d2_beef_uncontrolled|pca_svm|classification|seed06|fold01,m1_benchmark,d2_beef_uncontrolled,pca_svm,classification,6,1,16,1.1.0,real,True,ok,6435,2145,3,1,3,1,0.2910861670970917,0.16083916083916083,0.5960778504149004,True,4.0,0.25,require_all_classes,0.06927710843373494,,,
d2_beef_uncontrolled|pca_svm|classification|seed06|fold02,m1_benchmark,d2_beef_uncontrolled,pca_svm,classification,6,2,16,1.1.0,real,True,ok,6435,2145,3,1,3,1,0.2808037092909217,0.14685314685314685,0.7407352705228379,True,4.0,0.28409090909090906,require_all_classes,0.1093421052631579,,,
d2_beef_uncontrolled|pca_svm|classification|seed06|fold03,m1_benchmark,d2_beef_uncontrolled,pca_svm,classification,6,3,16,1.1.0,real,True,ok,6435,2145,3,1,3,1,0.2426648335531354,0.6834498834498834,0.9215896844202633,True,4.0,0.6295893719806764,require_all_classes,0.6043833442143235,,,
d2_beef_uncontrolled|pca_svm|classification|seed06|fold04,m1_benchmark,d2_beef_uncontrolled,pca_svm,classification,6,4,16,1.1.0,real,True,ok,6435,2145,3,1,3,1,0.3210047078318894,0.600932400932401,0.8011890801965927,True,4.0,0.5994235836627141,require_all_classes,0.5265455941228108,,,
d2_beef_uncontrolled|pca_svm|classification|seed07|fold00,m1_benchmark,d2_beef_uncontrolled,pca_svm,classification,7,0,16,1.1.0,real,True,ok,6435,2145,3,1,3,1,0.2566317920573056,0.7897435897435897,0.9385397140832002,True,4.0,0.7716968599033817,require_all_classes,0.7754649696113173,,,
d2_beef_uncontrolled|pca_svm|classification|seed07|fold01,m1_benchmark,d2_beef_uncontrolled,pca_svm,classification,7,1,16,1.1.0,real,True,ok,6435,2145,3,1,3,1,0.28179724980145693,0.1641025641025641,0.4765138887594412,True,4.0,0.2981060606060606,require_all_classes,0.13084219095296334,,,
d2_beef_uncontrolled|pca_svm|classification|seed07|fold02,m1_benchmark,d2_beef_uncontrolled,pca_svm,classification,7,2,16,1.1.0,real,True,ok,6435,2145,3,1,3,1,0.2997013330459595,0.16083916083916083,0.8708474347358784,True,4.0,0.25,require_all_classes,0.06927710843373494,,,
d2_beef_uncontrolled|pca_svm|classification|seed07|fold03,m1_benchmark,d2_beef_uncontrolled,pca_svm,classification,7,3,16,1.1.0,real,True,ok,6435,2145,3,1,3,1,0.28367129201069474,0.3944055944055944,0.7703232181587718,True,4.0,0.4717391304347826,require_all_classes,0.34851610578739084,,,
d2_beef_uncontrolled|pca_svm|classification|seed07|fold04,m1_benchmark,d2_beef_uncontrolled,pca_svm,classification,7,4,16,1.1.0,real,True,ok,6435,2145,3,1,3,1,0.5236049997620285,0.6027972027972028,0.860990188718626,True,4.0,0.5086553945249598,require_all_classes,0.49063528114016935,,,
d2_beef_uncontrolled|pca_svm|classification|seed08|fold00,m1_benchmark,d2_beef_uncontrolled,pca_svm,classification,8,0,16,1.1.0,real,True,ok,6435,2145,3,1,3,1,0.35356937488541007,0.7403263403263404,0.9294200346545809,True,4.0,0.6838940648723257,require_all_classes,0.6819910262302515,,,
d2_beef_uncontrolled|pca_svm|classification|seed08|fold01,m1_benchmark,d2_beef_uncontrolled,pca_svm,classification,8,1,16,1.1.0,real,True,ok,6435,2145,3,1,3,1,0.3422808749601245,0.3132867132867133,0.8591416063545578,True,4.0,0.4193181818181818,require_all_classes,0.2603993590637934,,,
d2_beef_uncontrolled|pca_svm|classification|seed08|fold02,m1_benchmark,d2_beef_uncontrolled,pca_svm,classification,8,2,16,1.1.0,real,True,ok,6435,2145,3,1,3,1,0.42463412461802363,0.600932400932401,0.8011890801965927,True,4.0,0.5994235836627141,require_all_classes,0.5265455941228108,,,
d2_beef_uncontrolled|pca_svm|classification|seed08|fold03,m1_benchmark,d2_beef_uncontrolled,pca_svm,classification,8,3,16,1.1.0,real,True,ok,6435,2145,3,1,3,1,0.3768802504055202,0.7645687645687645,0.9438302426001115,True,4.0,0.7560567632850241,require_all_classes,0.760947953909236,,,
d2_beef_uncontrolled|pca_svm|classification|seed08|fold04,m1_benchmark,d2_beef_uncontrolled,pca_svm,classification,8,4,16,1.1.0,real,True,ok,6435,2145,3,1,3,1,0.3486464167945087,0.16083916083916083,0.7877799964553154,True,4.0,0.25,require_all_classes,0.06927710843373494,,,
d2_beef_uncontrolled|pca_svm|classification|seed09|fold00,m1_benchmark,d2_beef_uncontrolled,pca_svm,classification,9,0,16,1.1.0,real,True,ok,6435,2145,3,1,3,1,0.3325879997573793,0.16083916083916083,0.7877799964553154,True,4.0,0.25,require_all_classes,0.06927710843373494,,,
d2_beef_uncontrolled|pca_svm|classification|seed09|fold01,m1_benchmark,d2_beef_uncontrolled,pca_svm,classification,9,1,16,1.1.0,real,True,ok,6435,2145,3,1,3,1,0.25850112503394485,0.7403263403263404,0.9294200346545809,True,4.0,0.6838940648723257,require_all_classes,0.6819910262302515,,,
d2_beef_uncontrolled|pca_svm|classification|seed09|fold02,m1_benchmark,d2_beef_uncontrolled,pca_svm,classification,9,2,16,1.1.0,real,True,ok,6435,2145,3,1,3,1,0.27313954196870327,0.15384615384615385,0.7890361100584008,True,4.0,0.2897727272727273,require_all_classes,0.1182963251525776,,,
d2_beef_uncontrolled|pca_svm|classification|seed09|fold03,m1_benchmark,d2_beef_uncontrolled,pca_svm,classification,9,3,16,1.1.0,real,True,ok,6435,2145,3,1,3,1,0.31914058281108737,0.806993006993007,0.9387372953510246,True,4.0,0.7476247987117552,require_all_classes,0.7629408316914741,,,
d2_beef_uncontrolled|pca_svm|classification|seed09|fold04,m1_benchmark,d2_beef_uncontrolled,pca_svm,classification,9,4,16,1.1.0,real,True,ok,6435,2145,3,1,3,1,0.29700687527656555,0.3995337995337995,0.764991060438633,True,4.0,0.4797101449275362,require_all_classes,0.35774324742964114,,,
d2_beef_uncontrolled|pca_svm|regression|seed00|fold00,m1_benchmark,d2_beef_uncontrolled,pca_svm,regression,0,0,16,1.1.0,real,True,ok,6435,2145,3,1,3,1,0.2153653339482844,,,,,,,,0.2290973608987245,0.9187187009324767,0.27055056242859904
d2_beef_uncontrolled|pca_svm|regression|seed00|fold01,m1_benchmark,d2_beef_uncontrolled,pca_svm,regression,0,1,16,1.1.0,real,True,ok,6435,2145,3,1,3,1,0.16877212515100837,,,,,,,,0.7600307677248398,0.3026863691688375,0.778602904369335
d2_beef_uncontrolled|pca_svm|regression|seed00|fold02,m1_benchmark,d2_beef_uncontrolled,pca_svm,regression,0,2,16,1.1.0,real,True,ok,6435,2145,3,1,3,1,0.21991012524813414,,,,,,,,0.33672829237470137,0.7824302374203057,0.43868942052996873
d2_beef_uncontrolled|pca_svm|regression|seed00|fold03,m1_benchmark,d2_beef_uncontrolled,pca_svm,regression,0,3,16,1.1.0,real,True,ok,6435,2145,3,1,3,1,0.16348670795559883,,,,,,,,1.1564398803953757,-1.6083192897064635,1.3468715449662265
d2_beef_uncontrolled|pca_svm|regression|seed00|fold04,m1_benchmark,d2_beef_uncontrolled,pca_svm,regression,0,4,16,1.1.0,real,True,ok,6435,2145,3,1,3,1,0.22379666613414884,,,,,,,,1.1126192363164136,-0.8874551320680972,1.2483535635777239
d2_beef_uncontrolled|pca_svm|regression|seed01|fold00,m1_benchmark,d2_beef_uncontrolled,pca_svm,regression,1,0,16,1.1.0,real,True,ok,6435,2145,3,1,3,1,0.20486383326351643,,,,,,,,1.070740940375232,-0.7354356716776522,1.2283049501466488
d2_beef_uncontrolled|pca_svm|regression|seed01|fold01,m1_benchmark,d2_beef_uncontrolled,pca_svm,regression,1,1,16,1.1.0,real,True,ok,6435,2145,3,1,3,1,0.1684121247380972,,,,,,,,1.1564398803953757,-1.6083192897064635,1.3468715449662265
d2_beef_uncontrolled|pca_svm|regression|seed01|fold02,m1_benchmark,d2_beef_uncontrolled,pca_svm,regression,1,2,16,1.1.0,real,True,ok,6435,2145,3,1,3,1,0.2237765002064407,,,,,,,,1.1126192363164136,-0.8874551320680972,1.2483535635777239
d2_beef_uncontrolled|pca_svm|regression|seed01|fold03,m1_benchmark,d2_beef_uncontrolled,pca_svm,regression,1,3,16,1.1.0,real,True,ok,6435,2145,3,1,3,1,0.2130242921411991,,,,,,,,0.20589109155131605,0.8983638009903829,0.30253618808083493
d2_beef_uncontrolled|pca_svm|regression|seed01|fold04,m1_benchmark,d2_beef_uncontrolled,pca_svm,regression,1,4,16,1.1.0,real,True,ok,6435,2145,3,1,3,1,0.18227258371189237,,,,,,,,0.47397555462921015,0.462931511894657,0.6892435772912882
d2_beef_uncontrolled|pca_svm|regression|seed02|fold00,m1_benchmark,d2_beef_uncontrolled,pca_svm,regression,2,0,16,1.1.0,real,True,ok,6435,2145,3,1,3,1,0.22809079196304083,,,,,,,,0.2290973608987245,0.9187187009324767,0.27055056242859904
d2_beef_uncontrolled|pca_svm|regression|seed02|fold01,m1_benchmark,d2_beef_uncontrolled,pca_svm,regression,2,1,16,1.1.0,real,True,ok,6435,2145,3,1,3,1,0.1941469577141106,,,,,,,,0.7600307677248398,0.3026863691688375,0.778602904369335
d2_beef_uncontrolled|pca_svm|regression|seed02|fold02,m1_benchmark,d2_beef_uncontrolled,pca_svm,regression,2,2,16,1.1.0,real,True,ok,6435,2145,3,1,3,1,0.2409959170036018,,,,,,,,0.33672829237470137,0.7824302374203057,0.43868942052996873
d2_beef_uncontrolled|pca_svm|regression|seed02|fold03,m1_benchmark,d2_beef_uncontrolled,pca_svm,regression,2,3,16,1.1.0,real,True,ok,6435,2145,3,1,3,1,0.14989687455818057,,,,,,,,1.1564398803953757,-1.6083192897064635,1.3468715449662265
d2_beef_uncontrolled|pca_svm|regression|seed02|fold04,m1_benchmark,d2_beef_uncontrolled,pca_svm,regression,2,4,16,1.1.0,real,True,ok,6435,2145,3,1,3,1,0.21063370816409588,,,,,,,,1.1126192363164136,-0.8874551320680972,1.2483535635777239
d2_beef_uncontrolled|pca_svm|regression|seed03|fold00,m1_benchmark,d2_beef_uncontrolled,pca_svm,regression,3,0,16,1.1.0,real,True,ok,6435,2145,3,1,3,1,0.26537483278661966,,,,,,,,0.8883435918595151,-0.12438366307131643,0.9886878689410372
d2_beef_uncontrolled|pca_svm|regression|seed03|fold01,m1_benchmark,d2_beef_uncontrolled,pca_svm,regression,3,1,16,1.1.0,real,True,ok,6435,2145,3,1,3,1,0.2210982497781515,,,,,,,,0.4459285084407205,0.7043929935561163,0.5159534072510539
d2_beef_uncontrolled|pca_svm|regression|seed03|fold02,m1_benchmark,d2_beef_uncontrolled,pca_svm,regression,3,2,16,1.1.0,real,True,ok,6435,2145,3,1,3,1,0.17500533303245902,,,,,,,,0.9907122913666054,-0.7217800888807566,1.1923070933488944
d2_beef_uncontrolled|pca_svm|regression|seed03|fold03,m1_benchmark,d2_beef_uncontrolled,pca_svm,regression,3,3,16,1.1.0,real,True,ok,6435,2145,3,1,3,1,0.21361791715025902,,,,,,,,0.33672829237470137,0.7824302374203057,0.43868942052996873
d2_beef_uncontrolled|pca_svm|regression|seed03|fold04,m1_benchmark,d2_beef_uncontrolled,pca_svm,regression,3,4,16,1.1.0,real,True,ok,6435,2145,3,1,3,1,0.20234587509185076,,,,,,,,1.064042282728599,-1.181515355872171,1.231756714515901
d2_beef_uncontrolled|pca_svm|regression|seed04|fold00,m1_benchmark,d2_beef_uncontrolled,pca_svm,regression,4,0,16,1.1.0,real,True,ok,6435,2145,3,1,3,1,0.21699587488546968,,,,,,,,0.2290973608987245,0.9187187009324767,0.27055056242859904
d2_beef_uncontrolled|pca_svm|regression|seed04|fold01,m1_benchmark,d2_beef_uncontrolled,pca_svm,regression,4,1,16,1.1.0,real,True,ok,6435,2145,3,1,3,1,0.19275637529790401,,,,,,,,1.070740940375232,-0.7354356716776522,1.2283049501466488
d2_beef_uncontrolled|pca_svm|regression|seed04|fold02,m1_benchmark,d2_beef_uncontrolled,pca_svm,regression,4,2,16,1.1.0,real,True,ok,6435,2145,3,1,3,1,0.1668764166533947,,,,,,,,1.1564398803953757,-1.6083192897064635,1.3468715449662265
d2_beef_uncontrolled|pca_svm|regression|seed04|fold03,m1_benchmark,d2_beef_uncontrolled,pca_svm,regression,4,3,16,1.1.0,real,True,ok,6435,2145,3,1,3,1,0.1900938330218196,,,,,,,,0.9907122913666054,-0.7217800888807566,1.1923070933488944
d2_beef_uncontrolled|pca_svm|regression|seed04|fold04,m1_benchmark,d2_beef_uncontrolled,pca_svm,regression,4,4,16,1.1.0,real,True,ok,6435,2145,3,1,3,1,0.19374720891937613,,,,,,,,0.3366164819302012,0.7345516026694001,0.4845604298723388
d2_beef_uncontrolled|pca_svm|regression|seed05|fold00,m1_benchmark,d2_beef_uncontrolled,pca_svm,regression,5,0,16,1.1.0,real,True,ok,6435,2145,3,1,3,1,0.16193995904177427,,,,,,,,0.7600307677248398,0.3026863691688375,0.778602904369335
d2_beef_uncontrolled|pca_svm|regression|seed05|fold01,m1_benchmark,d2_beef_uncontrolled,pca_svm,regression,5,1,16,1.1.0,real,True,ok,6435,2145,3,1,3,1,0.16470066597685218,,,,,,,,0.43653899298685517,0.6530512180547857,0.5539755224007445
d2_beef_uncontrolled|pca_svm|regression|seed05|fold02,m1_benchmark,d2_beef_uncontrolled,pca_svm,regression,5,2,16,1.1.0,real,True,ok,6435,2145,3,1,3,1,0.22569274995476007,,,,,,,,1.1126192363164136,-0.8874551320680972,1.2483535635777239
d2_beef_uncontrolled|pca_svm|regression|seed05|fold03,m1_benchmark,d2_beef_uncontrolled,pca_svm,regression,5,3,16,1.1.0,real,True,ok,6435,2145,3,1,3,1,0.2158980001695454,,,,,,,,0.2302749240547794,0.9166639587774369,0.273948896926818
d2_beef_uncontrolled|pca_svm|regression|seed05|fold04,m1_benchmark,d2_beef_uncontrolled,pca_svm,regression,5,4,16,1.1.0,real,True,ok,6435,2145,3,1,3,1,0.1927322498522699,,,,,,,,1.064042282728599,-1.181515355872171,1.231756714515901
d2_beef_uncontrolled|pca_svm|regression|seed06|fold00,m1_benchmark,d2_beef_uncontrolled,pca_svm,regression,6,0,16,1.1.0,real,True,ok,6435,2145,3,1,3,1,0.2179852919653058,,,,,,,,0.2290973608987245,0.9187187009324767,0.27055056242859904
d2_beef_uncontrolled|pca_svm|regression|seed06|fold01,m1_benchmark,d2_beef_uncontrolled,pca_svm,regression,6,1,16,1.1.0,real,True,ok,6435,2145,3,1,3,1,0.18980229133740067,,,,,,,,1.070740940375232,-0.7354356716776522,1.2283049501466488
d2_beef_uncontrolled|pca_svm|regression|seed06|fold02,m1_benchmark,d2_beef_uncontrolled,pca_svm,regression,6,2,16,1.1.0,real,True,ok,6435,2145,3,1,3,1,0.2224381249397993,,,,,,,,0.852459709210545,-0.3919185012811597,0.9839039518679351
d2_beef_uncontrolled|pca_svm|regression|seed06|fold03,m1_benchmark,d2_beef_uncontrolled,pca_svm,regression,6,3,16,1.1.0,real,True,ok,6435,2145,3,1,3,1,0.16395025001838803,,,,,,,,0.43653899298685517,0.6530512180547857,0.5539755224007445
d2_beef_uncontrolled|pca_svm|regression|seed06|fold04,m1_benchmark,d2_beef_uncontrolled,pca_svm,regression,6,4,16,1.1.0,real,True,ok,6435,2145,3,1,3,1,0.21077695908024907,,,,,,,,1.1126192363164136,-0.8874551320680972,1.2483535635777239
d2_beef_uncontrolled|pca_svm|regression|seed07|fold00,m1_benchmark,d2_beef_uncontrolled,pca_svm,regression,7,0,16,1.1.0,real,True,ok,6435,2145,3,1,3,1,0.22183825029060245,,,,,,,,0.2302749240547794,0.9166639587774369,0.273948896926818
d2_beef_uncontrolled|pca_svm|regression|seed07|fold01,m1_benchmark,d2_beef_uncontrolled,pca_svm,regression,7,1,16,1.1.0,real,True,ok,6435,2145,3,1,3,1,0.20151629205793142,,,,,,,,1.064042282728599,-1.181515355872171,1.231756714515901
d2_beef_uncontrolled|pca_svm|regression|seed07|fold02,m1_benchmark,d2_beef_uncontrolled,pca_svm,regression,7,2,16,1.1.0,real,True,ok,6435,2145,3,1,3,1,0.16906770784407854,,,,,,,,0.9099497752109921,-0.0868039854145326,0.9720252648016445
d2_beef_uncontrolled|pca_svm|regression|seed07|fold03,m1_benchmark,d2_beef_uncontrolled,pca_svm,regression,7,3,16,1.1.0,real,True,ok,6435,2145,3,1,3,1,0.2075657919049263,,,,,,,,0.9907122913666054,-0.7217800888807566,1.1923070933488944
d2_beef_uncontrolled|pca_svm|regression|seed07|fold04,m1_benchmark,d2_beef_uncontrolled,pca_svm,regression,7,4,16,1.1.0,real,True,ok,6435,2145,3,1,3,1,0.24696941580623388,,,,,,,,0.3366164819302012,0.7345516026694001,0.4845604298723388
d2_beef_uncontrolled|pca_svm|regression|seed08|fold00,m1_benchmark,d2_beef_uncontrolled,pca_svm,regression,8,0,16,1.1.0,real,True,ok,6435,2145,3,1,3,1,0.2806884585879743,,,,,,,,0.33672829237470137,0.7824302374203057,0.43868942052996873
d2_beef_uncontrolled|pca_svm|regression|seed08|fold01,m1_benchmark,d2_beef_uncontrolled,pca_svm,regression,8,1,16,1.1.0,real,True,ok,6435,2145,3,1,3,1,0.168462208006531,,,,,,,,1.1564398803953757,-1.6083192897064635,1.3468715449662265
d2_beef_uncontrolled|pca_svm|regression|seed08|fold02,m1_benchmark,d2_beef_uncontrolled,pca_svm,regression,8,2,16,1.1.0,real,True,ok,6435,2145,3,1,3,1,0.23393566673621535,,,,,,,,1.1126192363164136,-0.8874551320680972,1.2483535635777239
d2_beef_uncontrolled|pca_svm|regression|seed08|fold03,m1_benchmark,d2_beef_uncontrolled,pca_svm,regression,8,3,16,1.1.0,real,True,ok,6435,2145,3,1,3,1,0.21715220902115107,,,,,,,,0.2290973608987245,0.9187187009324767,0.27055056242859904
d2_beef_uncontrolled|pca_svm|regression|seed08|fold04,m1_benchmark,d2_beef_uncontrolled,pca_svm,regression,8,4,16,1.1.0,real,True,ok,6435,2145,3,1,3,1,0.161399541888386,,,,,,,,0.7600307677248398,0.3026863691688375,0.778602904369335
d2_beef_uncontrolled|pca_svm|regression|seed09|fold00,m1_benchmark,d2_beef_uncontrolled,pca_svm,regression,9,0,16,1.1.0,real,True,ok,6435,2145,3,1,3,1,0.15923495776951313,,,,,,,,0.7600307677248398,0.3026863691688375,0.778602904369335
d2_beef_uncontrolled|pca_svm|regression|seed09|fold01,m1_benchmark,d2_beef_uncontrolled,pca_svm,regression,9,1,16,1.1.0,real,True,ok,6435,2145,3,1,3,1,0.21919212536886334,,,,,,,,0.33672829237470137,0.7824302374203057,0.43868942052996873
d2_beef_uncontrolled|pca_svm|regression|seed09|fold02,m1_benchmark,d2_beef_uncontrolled,pca_svm,regression,9,2,16,1.1.0,real,True,ok,6435,2145,3,1,3,1,0.21206420892849565,,,,,,,,1.1457024728038256,-1.5536640072425683,1.332685519499056
d2_beef_uncontrolled|pca_svm|regression|seed09|fold03,m1_benchmark,d2_beef_uncontrolled,pca_svm,regression,9,3,16,1.1.0,real,True,ok,6435,2145,3,1,3,1,0.20969741605222225,,,,,,,,0.4459285084407205,0.7043929935561163,0.5159534072510539
d2_beef_uncontrolled|pca_svm|regression|seed09|fold04,m1_benchmark,d2_beef_uncontrolled,pca_svm,regression,9,4,16,1.1.0,real,True,ok,6435,2145,3,1,3,1,0.16153295803815126,,,,,,,,0.33296450668764593,0.8170664343173824,0.38863864822019967
d2_beef_uncontrolled|random_forest|classification|seed00|fold00,m1_benchmark,d2_beef_uncontrolled,random_forest,classification,0,0,16,1.1.0,real,True,ok,6435,2145,3,1,3,1,0.6616292502731085,0.7417249417249417,0.9266452082841169,True,4.0,0.7139371980676329,require_all_classes,0.7219971105421188,,,
d2_beef_uncontrolled|random_forest|classification|seed00|fold01,m1_benchmark,d2_beef_uncontrolled,random_forest,classification,0,1,16,1.1.0,real,True,ok,6435,2145,3,1,3,1,0.5958028328604996,0.6578088578088578,0.9090354436649548,True,4.0,0.6359083850931677,require_all_classes,0.6322365143623387,,,
d2_beef_uncontrolled|random_forest|classification|seed00|fold02,m1_benchmark,d2_beef_uncontrolled,random_forest,classification,0,2,16,1.1.0,real,True,ok,6435,2145,3,1,3,1,0.5831657079979777,0.6298368298368299,0.8561339363572429,True,4.0,0.5331521739130435,require_all_classes,0.5130358619970606,,,
d2_beef_uncontrolled|random_forest|classification|seed00|fold03,m1_benchmark,d2_beef_uncontrolled,random_forest,classification,0,3,16,1.1.0,real,True,ok,6435,2145,3,1,3,1,0.5859619160182774,0.25874125874125875,0.7347521126585599,True,4.0,0.3841919191919192,require_all_classes,0.37266052510876696,,,
d2_beef_uncontrolled|random_forest|classification|seed00|fold04,m1_benchmark,d2_beef_uncontrolled,random_forest,classification,0,4,16,1.1.0,real,True,ok,6435,2145,3,1,3,1,0.5446537500247359,0.36363636363636365,0.8723184499524465,True,4.0,0.39355237154150197,require_all_classes,0.3418062472259329,,,
d2_beef_uncontrolled|random_forest|classification|seed01|fold00,m1_benchmark,d2_beef_uncontrolled,random_forest,classification,1,0,16,1.1.0,real,True,ok,6435,2145,3,1,3,1,0.6795274997130036,0.6629370629370629,0.889753432591176,True,4.0,0.6824232229123534,require_all_classes,0.6512599689187077,,,
d2_beef_uncontrolled|random_forest|classification|seed01|fold01,m1_benchmark,d2_beef_uncontrolled,random_forest,classification,1,1,16,1.1.0,real,True,ok,6435,2145,3,1,3,1,0.5538803748786449,0.27972027972027974,0.7344979512854194,True,4.0,0.4164646464646464,require_all_classes,0.3935876851185846,,,
d2_beef_uncontrolled|random_forest|classification|seed01|fold02,m1_benchmark,d2_beef_uncontrolled,random_forest,classification,1,2,16,1.1.0,real,True,ok,6435,2145,3,1,3,1,0.5321781253442168,0.3617715617715618,0.8696860781874547,True,4.0,0.39230731225296445,require_all_classes,0.3395691751111724,,,
d2_beef_uncontrolled|random_forest|classification|seed01|fold03,m1_benchmark,d2_beef_uncontrolled,random_forest,classification,1,3,16,1.1.0,real,True,ok,6435,2145,3,1,3,1,0.6017527082003653,0.676923076923077,0.8965248633677957,True,4.0,0.6498148148148147,require_all_classes,0.6478569042602769,,,
d2_beef_uncontrolled|random_forest|classification|seed01|fold04,m1_benchmark,d2_beef_uncontrolled,random_forest,classification,1,4,16,1.1.0,real,True,ok,6435,2145,3,1,3,1,0.6235940000042319,0.6223776223776224,0.8870580897122521,True,4.0,0.504221302047389,require_all_classes,0.4786406436711099,,,
d2_beef_uncontrolled|random_forest|classification|seed02|fold00,m1_benchmark,d2_beef_uncontrolled,random_forest,classification,2,0,16,1.1.0,real,True,ok,6435,2145,3,1,3,1,0.6835577092133462,0.7412587412587412,0.9290922689159739,True,4.0,0.7125020128824477,require_all_classes,0.7197887503635949,,,
d2_beef_uncontrolled|random_forest|classification|seed02|fold01,m1_benchmark,d2_beef_uncontrolled,random_forest,classification,2,1,16,1.1.0,real,True,ok,6435,2145,3,1,3,1,0.6649441672489047,0.6564102564102564,0.9049478416635277,True,4.0,0.6342520703933747,require_all_classes,0.6309306369262486,,,
d2_beef_uncontrolled|random_forest|classification|seed02|fold02,m1_benchmark,d2_beef_uncontrolled,random_forest,classification,2,2,16,1.1.0,real,True,ok,6435,2145,3,1,3,1,0.5757089168764651,0.6293706293706294,0.8569550738433138,True,4.0,0.5319041867954911,require_all_classes,0.511244437380801,,,
d2_beef_uncontrolled|random_forest|classification|seed02|fold03,m1_benchmark,d2_beef_uncontrolled,random_forest,classification,2,3,16,1.1.0,real,True,ok,6435,2145,3,1,3,1,0.5521933753043413,0.27972027972027974,0.745025419306347,True,4.0,0.41944444444444445,require_all_classes,0.39314977979375093,,,
d2_beef_uncontrolled|random_forest|classification|seed02|fold04,m1_benchmark,d2_beef_uncontrolled,random_forest,classification,2,4,16,1.1.0,real,True,ok,6435,2145,3,1,3,1,0.5310040828771889,0.3627039627039627,0.8725302409253924,True,4.0,0.39279479578392623,require_all_classes,0.34043623404509626,,,
d2_beef_uncontrolled|random_forest|classification|seed03|fold00,m1_benchmark,d2_beef_uncontrolled,random_forest,classification,3,0,16,1.1.0,real,True,ok,6435,2145,3,1,3,1,0.6756617082282901,0.7440559440559441,0.9160011711248663,True,4.0,0.7579580745341614,require_all_classes,0.7479595669668848,,,
d2_beef_uncontrolled|random_forest|classification|seed03|fold01,m1_benchmark,d2_beef_uncontrolled,random_forest,classification,3,1,16,1.1.0,real,True,ok,6435,2145,3,1,3,1,0.548616582993418,0.6913752913752914,0.9383920101455746,True,4.0,0.617590579710145,require_all_classes,0.6261972462528502,,,
d2_beef_uncontrolled|random_forest|classification|seed03|fold02,m1_benchmark,d2_beef_uncontrolled,random_forest,classification,3,2,16,1.1.0,real,True,ok,6435,2145,3,1,3,1,0.5870617916807532,0.4801864801864802,0.8217790547867136,True,4.0,0.5209963768115942,require_all_classes,0.4719750118325705,,,
d2_beef_uncontrolled|random_forest|classification|seed03|fold03,m1_benchmark,d2_beef_uncontrolled,random_forest,classification,3,3,16,1.1.0,real,True,ok,6435,2145,3,1,3,1,0.6205706656910479,0.6289044289044289,0.8380324178420357,True,4.0,0.5317028985507246,require_all_classes,0.5118492959316747,,,
d2_beef_uncontrolled|random_forest|classification|seed03|fold04,m1_benchmark,d2_beef_uncontrolled,random_forest,classification,3,4,16,1.1.0,real,True,ok,6435,2145,3,1,3,1,0.7061423328705132,0.41864801864801865,0.8354174863710343,True,4.0,0.508080808080808,require_all_classes,0.4382144871284305,,,
d2_beef_uncontrolled|random_forest|classification|seed04|fold00,m1_benchmark,d2_beef_uncontrolled,random_forest,classification,4,0,16,1.1.0,real,True,ok,6435,2145,3,1,3,1,0.8072160831652582,0.7426573426573426,0.9303244309106662,True,4.0,0.7145551529790661,require_all_classes,0.7221391814455406,,,
d2_beef_uncontrolled|random_forest|classification|seed04|fold01,m1_benchmark,d2_beef_uncontrolled,random_forest,classification,4,1,16,1.1.0,real,True,ok,6435,2145,3,1,3,1,0.5997616671957076,0.6489510489510489,0.8868680828329345,True,4.0,0.6654258684149988,require_all_classes,0.63544122152555,,,
d2_beef_uncontrolled|random_forest|classification|seed04|fold02,m1_benchmark,d2_beef_uncontrolled,random_forest,classification,4,2,16,1.1.0,real,True,ok,6435,2145,3,1,3,1,0.6038969168439507,0.27226107226107227,0.7430044990136713,True,4.0,0.40386363636363637,require_all_classes,0.38703480708436133,,,
d2_beef_uncontrolled|random_forest|classification|seed04|fold03,m1_benchmark,d2_beef_uncontrolled,random_forest,classification,4,3,16,1.1.0,real,True,ok,6435,2145,3,1,3,1,0.6068754587322474,0.48438228438228437,0.8153246152521648,True,4.0,0.5256702898550725,require_all_classes,0.4760115064422218,,,
d2_beef_uncontrolled|random_forest|classification|seed04|fold04,m1_benchmark,d2_beef_uncontrolled,random_forest,classification,4,4,16,1.1.0,real,True,ok,6435,2145,3,1,3,1,0.5712202917784452,0.6932400932400933,0.9109866260652743,True,4.0,0.6867724867724868,require_all_classes,0.6975715341053128,,,
d2_beef_uncontrolled|random_forest|classification|seed05|fold00,m1_benchmark,d2_beef_uncontrolled,random_forest,classification,5,0,16,1.1.0,real,True,ok,6435,2145,3,1,3,1,0.7480557500384748,0.6601398601398601,0.9006459517206487,True,4.0,0.6394021739130434,require_all_classes,0.6360406545117789,,,
d2_beef_uncontrolled|random_forest|classification|seed05|fold01,m1_benchmark,d2_beef_uncontrolled,random_forest,classification,5,1,16,1.1.0,real,True,ok,6435,2145,3,1,3,1,0.5414977911859751,0.5324009324009324,0.8584293413052164,True,4.0,0.4599436392914654,require_all_classes,0.42415528595190244,,,
d2_beef_uncontrolled|random_forest|classification|seed05|fold02,m1_benchmark,d2_beef_uncontrolled,random_forest,classification,5,2,16,1.1.0,real,True,ok,6435,2145,3,1,3,1,0.5792664578184485,0.358974358974359,0.8704665388703371,True,4.0,0.39007246376811594,require_all_classes,0.33491522078960345,,,
d2_beef_uncontrolled|random_forest|classification|seed05|fold03,m1_benchmark,d2_beef_uncontrolled,random_forest,classification,5,3,16,1.1.0,real,True,ok,6435,2145,3,1,3,1,0.536470833234489,0.7184149184149184,0.9147889913698384,True,4.0,0.6572222222222223,require_all_classes,0.6321714880600673,,,
d2_beef_uncontrolled|random_forest|classification|seed05|fold04,m1_benchmark,d2_beef_uncontrolled,random_forest,classification,5,4,16,1.1.0,real,True,ok,6435,2145,3,1,3,1,0.5928702922537923,0.4013986013986014,0.8088802084241437,True,4.0,0.4937121212121212,require_all_classes,0.4159879272619405,,,
d2_beef_uncontrolled|random_forest|classification|seed06|fold00,m1_benchmark,d2_beef_uncontrolled,random_forest,classification,6,0,16,1.1.0,real,True,ok,6435,2145,3,1,3,1,0.7507957075722516,0.7435897435897436,0.9298444939766162,True,4.0,0.7150483091787441,require_all_classes,0.7218802533760912,,,
d2_beef_uncontrolled|random_forest|classification|seed06|fold01,m1_benchmark,d2_beef_uncontrolled,random_forest,classification,6,1,16,1.1.0,real,True,ok,6435,2145,3,1,3,1,0.6101782913319767,0.6559440559440559,0.8857851015030487,True,4.0,0.673031688520819,require_all_classes,0.6436535480251773,,,
d2_beef_uncontrolled|random_forest|classification|seed06|fold02,m1_benchmark,d2_beef_uncontrolled,random_forest,classification,6,2,16,1.1.0,real,True,ok,6435,2145,3,1,3,1,0.6286015422083437,0.31655011655011656,0.7325435959386462,True,4.0,0.39151515151515154,require_all_classes,0.35748692630715106,,,
d2_beef_uncontrolled|random_forest|classification|seed06|fold03,m1_benchmark,d2_beef_uncontrolled,random_forest,classification,6,3,16,1.1.0,real,True,ok,6435,2145,3,1,3,1,0.5183657919988036,0.5314685314685315,0.8673123084374591,True,4.0,0.45823268921095006,require_all_classes,0.4284025106735111,,,
d2_beef_uncontrolled|random_forest|classification|seed06|fold04,m1_benchmark,d2_beef_uncontrolled,random_forest,classification,6,4,16,1.1.0,real,True,ok,6435,2145,3,1,3,1,0.5481644161045551,0.3613053613053613,0.872166089377755,True,4.0,0.391582674571805,require_all_classes,0.33883070282462247,,,
d2_beef_uncontrolled|random_forest|classification|seed07|fold00,m1_benchmark,d2_beef_uncontrolled,random_forest,classification,7,0,16,1.1.0,real,True,ok,6435,2145,3,1,3,1,0.6187751251272857,0.7123543123543123,0.9034091879398358,True,4.0,0.6526851851851851,require_all_classes,0.6271351127898463,,,
d2_beef_uncontrolled|random_forest|classification|seed07|fold01,m1_benchmark,d2_beef_uncontrolled,random_forest,classification,7,1,16,1.1.0,real,True,ok,6435,2145,3,1,3,1,0.5653491672128439,0.42144522144522145,0.8384216733482466,True,4.0,0.5099242424242424,require_all_classes,0.44489371403233097,,,
d2_beef_uncontrolled|random_forest|classification|seed07|fold02,m1_benchmark,d2_beef_uncontrolled,random_forest,classification,7,2,16,1.1.0,real,True,ok,6435,2145,3,1,3,1,0.5946869170293212,0.6466200466200466,0.8163686898947796,True,4.0,0.632324016563147,require_all_classes,0.5776068070543598,,,
d2_beef_uncontrolled|random_forest|classification|seed07|fold03,m1_benchmark,d2_beef_uncontrolled,random_forest,classification,7,3,16,1.1.0,real,True,ok,6435,2145,3,1,3,1,0.7426296658813953,0.48158508158508156,0.8256906514663099,True,4.0,0.5216304347826087,require_all_classes,0.4722148165697449,,,
d2_beef_uncontrolled|random_forest|classification|seed07|fold04,m1_benchmark,d2_beef_uncontrolled,random_forest,classification,7,4,16,1.1.0,real,True,ok,6435,2145,3,1,3,1,0.6680724578909576,0.6913752913752914,0.904653397807228,True,4.0,0.6848214285714286,require_all_classes,0.6947959038304966,,,
d2_beef_uncontrolled|random_forest|classification|seed08|fold00,m1_benchmark,d2_beef_uncontrolled,random_forest,classification,8,0,16,1.1.0,real,True,ok,6435,2145,3,1,3,1,0.7421633750200272,0.6284382284382284,0.865105752623614,True,4.0,0.5315016103059581,require_all_classes,0.5113510298833934,,,
d2_beef_uncontrolled|random_forest|classification|seed08|fold01,m1_benchmark,d2_beef_uncontrolled,random_forest,classification,8,1,16,1.1.0,real,True,ok,6435,2145,3,1,3,1,0.7767871669493616,0.26573426573426573,0.7396649389246219,True,4.0,0.3925252525252525,require_all_classes,0.3790361288088052,,,
d2_beef_uncontrolled|random_forest|classification|seed08|fold02,m1_benchmark,d2_beef_uncontrolled,random_forest,classification,8,2,16,1.1.0,real,True,ok,6435,2145,3,1,3,1,0.5941764581948519,0.36083916083916084,0.8723893258904214,True,4.0,0.39158761528326747,require_all_classes,0.33783996011310935,,,
d2_beef_uncontrolled|random_forest|classification|seed08|fold03,m1_benchmark,d2_beef_uncontrolled,random_forest,classification,8,3,16,1.1.0,real,True,ok,6435,2145,3,1,3,1,0.6565189170651138,0.7398601398601399,0.9291171748216107,True,4.0,0.711622383252818,require_all_classes,0.719852743371284,,,
d2_beef_uncontrolled|random_forest|classification|seed08|fold04,m1_benchmark,d2_beef_uncontrolled,random_forest,classification,8,4,16,1.1.0,real,True,ok,6435,2145,3,1,3,1,0.7047227919101715,0.6554778554778555,0.9134073093225182,True,4.0,0.6325439958592133,require_all_classes,0.6286922428803872,,,
d2_beef_uncontrolled|random_forest|classification|seed09|fold00,m1_benchmark,d2_beef_uncontrolled,random_forest,classification,9,0,16,1.1.0,real,True,ok,6435,2145,3,1,3,1,0.6715822499245405,0.6559440559440559,0.9037151351480222,True,4.0,0.6332298136645963,require_all_classes,0.6299177651956517,,,
d2_beef_uncontrolled|random_forest|classification|seed09|fold01,m1_benchmark,d2_beef_uncontrolled,random_forest,classification,9,1,16,1.1.0,real,True,ok,6435,2145,3,1,3,1,0.5588002917356789,0.6307692307692307,0.8505774857527474,True,4.0,0.5335547504025765,require_all_classes,0.5129226455210498,,,
d2_beef_uncontrolled|random_forest|classification|seed09|fold02,m1_benchmark,d2_beef_uncontrolled,random_forest,classification,9,2,16,1.1.0,real,True,ok,6435,2145,3,1,3,1,0.5198848750442266,0.6512820512820513,0.8007795828744386,True,4.0,0.5312373737373737,require_all_classes,0.529478716583266,,,
d2_beef_uncontrolled|random_forest|classification|seed09|fold03,m1_benchmark,d2_beef_uncontrolled,random_forest,classification,9,3,16,1.1.0,real,True,ok,6435,2145,3,1,3,1,0.5722891250625253,0.7743589743589744,0.9336083030766187,True,4.0,0.7420189210950081,require_all_classes,0.7581342343574174,,,
d2_beef_uncontrolled|random_forest|classification|seed09|fold04,m1_benchmark,d2_beef_uncontrolled,random_forest,classification,9,4,16,1.1.0,real,True,ok,6435,2145,3,1,3,1,0.5459861666895449,0.40233100233100233,0.8931888038489333,True,4.0,0.44987318840579715,require_all_classes,0.389423504668165,,,
d2_beef_uncontrolled|random_forest|regression|seed00|fold00,m1_benchmark,d2_beef_uncontrolled,random_forest,regression,0,0,16,1.1.0,real,True,ok,6435,2145,3,1,3,1,9.166502833366394,,,,,,,,0.13428744764073847,0.9363823072307178,0.23935476642688336
d2_beef_uncontrolled|random_forest|regression|seed00|fold01,m1_benchmark,d2_beef_uncontrolled,random_forest,regression,0,1,16,1.1.0,real,True,ok,6435,2145,3,1,3,1,8.950185999739915,,,,,,,,0.42086872888607935,0.4163800056752087,0.7123066896665186
d2_beef_uncontrolled|random_forest|regression|seed00|fold02,m1_benchmark,d2_beef_uncontrolled,random_forest,regression,0,2,16,1.1.0,real,True,ok,6435,2145,3,1,3,1,9.13409125013277,,,,,,,,0.3011403473179271,0.7395916676127494,0.4799382132415832
d2_beef_uncontrolled|random_forest|regression|seed00|fold03,m1_benchmark,d2_beef_uncontrolled,random_forest,regression,0,3,16,1.1.0,real,True,ok,6435,2145,3,1,3,1,9.973165042232722,,,,,,,,0.3353817800725378,0.7394955210174712,0.4256507456802421
d2_beef_uncontrolled|random_forest|regression|seed00|fold04,m1_benchmark,d2_beef_uncontrolled,random_forest,regression,0,4,16,1.1.0,real,True,ok,6435,2145,3,1,3,1,10.446704959031194,,,,,,,,0.5468577518943566,0.43311283813243695,0.6841441188593366
d2_beef_uncontrolled|random_forest|regression|seed01|fold00,m1_benchmark,d2_beef_uncontrolled,random_forest,regression,1,0,16,1.1.0,real,True,ok,6435,2145,3,1,3,1,9.288339999970049,,,,,,,,0.5834459208298513,0.003343507049249128,0.930839260038429
d2_beef_uncontrolled|random_forest|regression|seed01|fold01,m1_benchmark,d2_beef_uncontrolled,random_forest,regression,1,1,16,1.1.0,real,True,ok,6435,2145,3,1,3,1,8.872755167074502,,,,,,,,0.35384229167599696,0.7231620750401151,0.43879189176172173
d2_beef_uncontrolled|random_forest|regression|seed01|fold02,m1_benchmark,d2_beef_uncontrolled,random_forest,regression,1,2,16,1.1.0,real,True,ok,6435,2145,3,1,3,1,10.066463415976614,,,,,,,,0.5492392616768855,0.4423273278164883,0.6785611148667378
d2_beef_uncontrolled|random_forest|regression|seed01|fold03,m1_benchmark,d2_beef_uncontrolled,random_forest,regression,1,3,16,1.1.0,real,True,ok,6435,2145,3,1,3,1,9.437492291908711,,,,,,,,0.17027254553391108,0.9000226301405184,0.3000571478190637
d2_beef_uncontrolled|random_forest|regression|seed01|fold04,m1_benchmark,d2_beef_uncontrolled,random_forest,regression,1,4,16,1.1.0,real,True,ok,6435,2145,3,1,3,1,9.637098249979317,,,,,,,,0.15767763755232722,0.9417695641130374,0.2269514243191859
d2_beef_uncontrolled|random_forest|regression|seed02|fold00,m1_benchmark,d2_beef_uncontrolled,random_forest,regression,2,0,16,1.1.0,real,True,ok,6435,2145,3,1,3,1,8.867738583125174,,,,,,,,0.11814221072423743,0.9402616476016789,0.23194218457524873
d2_beef_uncontrolled|random_forest|regression|seed02|fold01,m1_benchmark,d2_beef_uncontrolled,random_forest,regression,2,1,16,1.1.0,real,True,ok,6435,2145,3,1,3,1,9.783787959255278,,,,,,,,0.4146919314804646,0.4347203224534928,0.7010251971579269
d2_beef_uncontrolled|random_forest|regression|seed02|fold02,m1_benchmark,d2_beef_uncontrolled,random_forest,regression,2,2,16,1.1.0,real,True,ok,6435,2145,3,1,3,1,9.054354666732252,,,,,,,,0.3041122773205269,0.7357675900455549,0.4834492992203806
d2_beef_uncontrolled|random_forest|regression|seed02|fold03,m1_benchmark,d2_beef_uncontrolled,random_forest,regression,2,3,16,1.1.0,real,True,ok,6435,2145,3,1,3,1,9.928037584293634,,,,,,,,0.3312441240015938,0.7423309241762723,0.4233279574045505
d2_beef_uncontrolled|random_forest|regression|seed02|fold04,m1_benchmark,d2_beef_uncontrolled,random_forest,regression,2,4,16,1.1.0,real,True,ok,6435,2145,3,1,3,1,10.142046583350748,,,,,,,,0.5483456060508969,0.44520310300769717,0.6768092705247396
d2_beef_uncontrolled|random_forest|regression|seed03|fold00,m1_benchmark,d2_beef_uncontrolled,random_forest,regression,3,0,16,1.1.0,real,True,ok,6435,2145,3,1,3,1,11.813220708165318,,,,,,,,0.6460876988632802,0.0702023239542705,0.8990755145307301
d2_beef_uncontrolled|random_forest|regression|seed03|fold01,m1_benchmark,d2_beef_uncontrolled,random_forest,regression,3,1,16,1.1.0,real,True,ok,6435,2145,3,1,3,1,10.682450500316918,,,,,,,,0.16604805428583236,0.8926213873022973,0.310965362828294
d2_beef_uncontrolled|random_forest|regression|seed03|fold02,m1_benchmark,d2_beef_uncontrolled,random_forest,regression,3,2,16,1.1.0,real,True,ok,6435,2145,3,1,3,1,10.501928333193064,,,,,,,,0.18992943610778756,0.8526478727024505,0.34880081588029777
d2_beef_uncontrolled|random_forest|regression|seed03|fold03,m1_benchmark,d2_beef_uncontrolled,random_forest,regression,3,3,16,1.1.0,real,True,ok,6435,2145,3,1,3,1,10.859227125067264,,,,,,,,0.30542577432383217,0.7350493086838543,0.4841059502174738
d2_beef_uncontrolled|random_forest|regression|seed03|fold04,m1_benchmark,d2_beef_uncontrolled,random_forest,regression,3,4,16,1.1.0,real,True,ok,6435,2145,3,1,3,1,11.251871666871011,,,,,,,,0.8433020925265987,-0.5210907618766638,1.0285451615733985
d2_beef_uncontrolled|random_forest|regression|seed04|fold00,m1_benchmark,d2_beef_uncontrolled,random_forest,regression,4,0,16,1.1.0,real,True,ok,6435,2145,3,1,3,1,11.232835499569774,,,,,,,,0.12864831008818936,0.93808440136529,0.23613108421067092
d2_beef_uncontrolled|random_forest|regression|seed04|fold01,m1_benchmark,d2_beef_uncontrolled,random_forest,regression,4,1,16,1.1.0,real,True,ok,6435,2145,3,1,3,1,10.49559195805341,,,,,,,,0.580700912640551,0.013757343032841929,0.9259634265983169
d2_beef_uncontrolled|random_forest|regression|seed04|fold02,m1_benchmark,d2_beef_uncontrolled,random_forest,regression,4,2,16,1.1.0,real,True,ok,6435,2145,3,1,3,1,10.210531124845147,,,,,,,,0.34591370890028933,0.7318701098691965,0.4318355742612243
d2_beef_uncontrolled|random_forest|regression|seed04|fold03,m1_benchmark,d2_beef_uncontrolled,random_forest,regression,4,3,16,1.1.0,real,True,ok,6435,2145,3,1,3,1,11.052981792017817,,,,,,,,0.1893949595325029,0.8558427230764838,0.344998790175617
d2_beef_uncontrolled|random_forest|regression|seed04|fold04,m1_benchmark,d2_beef_uncontrolled,random_forest,regression,4,4,16,1.1.0,real,True,ok,6435,2145,3,1,3,1,10.43228791700676,,,,,,,,0.33705865763632703,0.6867361784355298,0.5263965242081314
d2_beef_uncontrolled|random_forest|regression|seed05|fold00,m1_benchmark,d2_beef_uncontrolled,random_forest,regression,5,0,16,1.1.0,real,True,ok,6435,2145,3,1,3,1,10.410174916032702,,,,,,,,0.4239306100714067,0.4157409215544199,0.7126965832150804
d2_beef_uncontrolled|random_forest|regression|seed05|fold01,m1_benchmark,d2_beef_uncontrolled,random_forest,regression,5,1,16,1.1.0,real,True,ok,6435,2145,3,1,3,1,9.92001041630283,,,,,,,,0.2926887211396302,0.7502208730210842,0.4700412405561433
d2_beef_uncontrolled|random_forest|regression|seed05|fold02,m1_benchmark,d2_beef_uncontrolled,random_forest,regression,5,2,16,1.1.0,real,True,ok,6435,2145,3,1,3,1,11.796726667322218,,,,,,,,0.5483485080259844,0.44539777532473834,0.6766905175274021
d2_beef_uncontrolled|random_forest|regression|seed05|fold03,m1_benchmark,d2_beef_uncontrolled,random_forest,regression,5,3,16,1.1.0,real,True,ok,6435,2145,3,1,3,1,10.097534917294979,,,,,,,,0.15272238591719942,0.93570779664504,0.24062030775297416
d2_beef_uncontrolled|random_forest|regression|seed05|fold04,m1_benchmark,d2_beef_uncontrolled,random_forest,regression,5,4,16,1.1.0,real,True,ok,6435,2145,3,1,3,1,11.005997417028993,,,,,,,,0.8316244362923447,-0.48319492729054137,1.015651973938041
d2_beef_uncontrolled|random_forest|regression|seed06|fold00,m1_benchmark,d2_beef_uncontrolled,random_forest,regression,6,0,16,1.1.0,real,True,ok,6435,2145,3,1,3,1,11.572256250306964,,,,,,,,0.1298911453305608,0.9376833712352628,0.2368945657809453
d2_beef_uncontrolled|random_forest|regression|seed06|fold01,m1_benchmark,d2_beef_uncontrolled,random_forest,regression,6,1,16,1.1.0,real,True,ok,6435,2145,3,1,3,1,11.625501624774188,,,,,,,,0.5847877243046068,0.0019030028602519122,0.9315117052127104
d2_beef_uncontrolled|random_forest|regression|seed06|fold02,m1_benchmark,d2_beef_uncontrolled,random_forest,regression,6,2,16,1.1.0,real,True,ok,6435,2145,3,1,3,1,11.969564583152533,,,,,,,,0.6549136593870593,-0.021785516339694055,0.8429963075353404
d2_beef_uncontrolled|random_forest|regression|seed06|fold03,m1_benchmark,d2_beef_uncontrolled,random_forest,regression,6,3,16,1.1.0,real,True,ok,6435,2145,3,1,3,1,9.952985292300582,,,,,,,,0.2957962744568395,0.7503749944402541,0.46989620321386333
d2_beef_uncontrolled|random_forest|regression|seed06|fold04,m1_benchmark,d2_beef_uncontrolled,random_forest,regression,6,4,16,1.1.0,real,True,ok,6435,2145,3,1,3,1,10.97269070893526,,,,,,,,0.542378048359004,0.434161201569945,0.6835112207840318
d2_beef_uncontrolled|random_forest|regression|seed07|fold00,m1_benchmark,d2_beef_uncontrolled,random_forest,regression,7,0,16,1.1.0,real,True,ok,6435,2145,3,1,3,1,9.931407541036606,,,,,,,,0.14951146045406066,0.9371164325175554,0.23796972516715406
d2_beef_uncontrolled|random_forest|regression|seed07|fold01,m1_benchmark,d2_beef_uncontrolled,random_forest,regression,7,1,16,1.1.0,real,True,ok,6435,2145,3,1,3,1,9.861918875016272,,,,,,,,0.8235716333289937,-0.4527821172548334,1.0051851034582684
d2_beef_uncontrolled|random_forest|regression|seed07|fold02,m1_benchmark,d2_beef_uncontrolled,random_forest,regression,7,2,16,1.1.0,real,True,ok,6435,2145,3,1,3,1,10.798890125006437,,,,,,,,0.7192872985897026,-0.16624191675585465,1.0069230099935715
d2_beef_uncontrolled|random_forest|regression|seed07|fold03,m1_benchmark,d2_beef_uncontrolled,random_forest,regression,7,3,16,1.1.0,real,True,ok,6435,2145,3,1,3,1,11.006633749697357,,,,,,,,0.18716996626308108,0.8530132364827335,0.34836811673182577
d2_beef_uncontrolled|random_forest|regression|seed07|fold04,m1_benchmark,d2_beef_uncontrolled,random_forest,regression,7,4,16,1.1.0,real,True,ok,6435,2145,3,1,3,1,12.105236750096083,,,,,,,,0.3357250648524084,0.6919450371106765,0.5220017957864508
d2_beef_uncontrolled|random_forest|regression|seed08|fold00,m1_benchmark,d2_beef_uncontrolled,random_forest,regression,8,0,16,1.1.0,real,True,ok,6435,2145,3,1,3,1,12.633686000015587,,,,,,,,0.3036880816947615,0.7395677268136999,0.4799602744408904
d2_beef_uncontrolled|random_forest|regression|seed08|fold01,m1_benchmark,d2_beef_uncontrolled,random_forest,regression,8,1,16,1.1.0,real,True,ok,6435,2145,3,1,3,1,13.075235875323415,,,,,,,,0.347468762005415,0.7268838710420076,0.43583236241502593
d2_beef_uncontrolled|random_forest|regression|seed08|fold02,m1_benchmark,d2_beef_uncontrolled,random_forest,regression,8,2,16,1.1.0,real,True,ok,6435,2145,3,1,3,1,14.735371290706098,,,,,,,,0.5382452112531092,0.4587168109148202,0.6685156162882886
d2_beef_uncontrolled|random_forest|regression|seed08|fold03,m1_benchmark,d2_beef_uncontrolled,random_forest,regression,8,3,16,1.1.0,real,True,ok,6435,2145,3,1,3,1,11.989109624642879,,,,,,,,0.12551023466285485,0.9390320940562485,0.23431698058666542
d2_beef_uncontrolled|random_forest|regression|seed08|fold04,m1_benchmark,d2_beef_uncontrolled,random_forest,regression,8,4,16,1.1.0,real,True,ok,6435,2145,3,1,3,1,11.3757921657525,,,,,,,,0.4246654551687798,0.4154958873366733,0.7128460175583847
d2_beef_uncontrolled|random_forest|regression|seed09|fold00,m1_benchmark,d2_beef_uncontrolled,random_forest,regression,9,0,16,1.1.0,real,True,ok,6435,2145,3,1,3,1,10.695462916977704,,,,,,,,0.4205547592420796,0.4074868256090368,0.7177132230007671
d2_beef_uncontrolled|random_forest|regression|seed09|fold01,m1_benchmark,d2_beef_uncontrolled,random_forest,regression,9,1,16,1.1.0,real,True,ok,6435,2145,3,1,3,1,10.286265749949962,,,,,,,,0.30292282713964874,0.7363432837769254,0.4829223568735753
d2_beef_uncontrolled|random_forest|regression|seed09|fold02,m1_benchmark,d2_beef_uncontrolled,random_forest,regression,9,2,16,1.1.0,real,True,ok,6435,2145,3,1,3,1,10.813427958171815,,,,,,,,0.3515679431704241,0.7530078437092638,0.41446454199722454
d2_beef_uncontrolled|random_forest|regression|seed09|fold03,m1_benchmark,d2_beef_uncontrolled,random_forest,regression,9,3,16,1.1.0,real,True,ok,6435,2145,3,1,3,1,11.145394708961248,,,,,,,,0.1585472464272193,0.906098607195507,0.2907964765651384
d2_beef_uncontrolled|random_forest|regression|seed09|fold04,m1_benchmark,d2_beef_uncontrolled,random_forest,regression,9,4,16,1.1.0,real,True,ok,6435,2145,3,1,3,1,10.608545875176787,,,,,,,,0.4587510945730358,0.5019397517841879,0.6412689727038208
d2_beef_uncontrolled|svm_rbf|classification|seed00|fold00,m1_benchmark,d2_beef_uncontrolled,svm_rbf,classification,0,0,16,1.1.0,real,True,ok,6435,2145,3,1,3,1,0.6358161247335374,0.765034965034965,0.8986867544058331,True,4.0,0.6907769726247988,require_all_classes,0.6682007689702205,,,
d2_beef_uncontrolled|svm_rbf|classification|seed00|fold01,m1_benchmark,d2_beef_uncontrolled,svm_rbf,classification,0,1,16,1.1.0,real,True,ok,6435,2145,3,1,3,1,0.5496431672945619,0.16083916083916083,0.9157499450344057,True,4.0,0.25,require_all_classes,0.06927710843373494,,,
d2_beef_uncontrolled|svm_rbf|classification|seed00|fold02,m1_benchmark,d2_beef_uncontrolled,svm_rbf,classification,0,2,16,1.1.0,real,True,ok,6435,2145,3,1,3,1,0.4716097079217434,0.7995337995337995,0.954856189420001,True,4.0,0.7508626639061422,require_all_classes,0.7519884607462285,,,
d2_beef_uncontrolled|svm_rbf|classification|seed00|fold03,m1_benchmark,d2_beef_uncontrolled,svm_rbf,classification,0,3,16,1.1.0,real,True,ok,6435,2145,3,1,3,1,0.5269708340056241,0.30862470862470864,0.8071766044200476,True,4.0,0.415530303030303,require_all_classes,0.2573792702762225,,,
d2_beef_uncontrolled|svm_rbf|classification|seed00|fold04,m1_benchmark,d2_beef_uncontrolled,svm_rbf,classification,0,4,16,1.1.0,real,True,ok,6435,2145,3,1,3,1,0.5649413326755166,0.42144522144522145,0.9004181151291725,True,4.0,0.45710144927536234,require_all_classes,0.39096731728310674,,,
d2_beef_uncontrolled|svm_rbf|classification|seed01|fold00,m1_benchmark,d2_beef_uncontrolled,svm_rbf,classification,1,0,16,1.1.0,real,True,ok,6435,2145,3,1,3,1,0.5949559998698533,0.16083916083916083,0.6204716102921194,True,4.0,0.25,require_all_classes,0.06927710843373494,,,
d2_beef_uncontrolled|svm_rbf|classification|seed01|fold01,m1_benchmark,d2_beef_uncontrolled,svm_rbf,classification,1,1,16,1.1.0,real,True,ok,6435,2145,3,1,3,1,0.515974999871105,0.30862470862470864,0.8071766044200476,True,4.0,0.415530303030303,require_all_classes,0.2573792702762225,,,
d2_beef_uncontrolled|svm_rbf|classification|seed01|fold02,m1_benchmark,d2_beef_uncontrolled,svm_rbf,classification,1,2,16,1.1.0,real,True,ok,6435,2145,3,1,3,1,0.5541299171745777,0.42144522144522145,0.9004181151291725,True,4.0,0.45710144927536234,require_all_classes,0.39096731728310674,,,
d2_beef_uncontrolled|svm_rbf|classification|seed01|fold03,m1_benchmark,d2_beef_uncontrolled,svm_rbf,classification,1,3,16,1.1.0,real,True,ok,6435,2145,3,1,3,1,0.49860333278775215,0.7846153846153846,0.90949396544557,True,4.0,0.7027777777777777,require_all_classes,0.6725915650801123,,,
d2_beef_uncontrolled|svm_rbf|classification|seed01|fold04,m1_benchmark,d2_beef_uncontrolled,svm_rbf,classification,1,4,16,1.1.0,real,True,ok,6435,2145,3,1,3,1,0.54962766636163,0.7296037296037297,0.9118701373797599,True,4.0,0.699404761904762,require_all_classes,0.6324586999648977,,,
d2_beef_uncontrolled|svm_rbf|classification|seed02|fold00,m1_benchmark,d2_beef_uncontrolled,svm_rbf,classification,2,0,16,1.1.0,real,True,ok,6435,2145,3,1,3,1,0.6443371246568859,0.765034965034965,0.8986867544058331,True,4.0,0.6907769726247988,require_all_classes,0.6682007689702205,,,
d2_beef_uncontrolled|svm_rbf|classification|seed02|fold01,m1_benchmark,d2_beef_uncontrolled,svm_rbf,classification,2,1,16,1.1.0,real,True,ok,6435,2145,3,1,3,1,0.6083070421591401,0.16083916083916083,0.9157499450344057,True,4.0,0.25,require_all_classes,0.06927710843373494,,,
d2_beef_uncontrolled|svm_rbf|classification|seed02|fold02,m1_benchmark,d2_beef_uncontrolled,svm_rbf,classification,2,2,16,1.1.0,real,True,ok,6435,2145,3,1,3,1,0.48509108275175095,0.7995337995337995,0.954856189420001,True,4.0,0.7508626639061422,require_all_classes,0.7519884607462285,,,
d2_beef_uncontrolled|svm_rbf|classification|seed02|fold03,m1_benchmark,d2_beef_uncontrolled,svm_rbf,classification,2,3,16,1.1.0,real,True,ok,6435,2145,3,1,3,1,0.5265544163994491,0.30862470862470864,0.8071766044200476,True,4.0,0.415530303030303,require_all_classes,0.2573792702762225,,,
d2_beef_uncontrolled|svm_rbf|classification|seed02|fold04,m1_benchmark,d2_beef_uncontrolled,svm_rbf,classification,2,4,16,1.1.0,real,True,ok,6435,2145,3,1,3,1,0.564197916071862,0.42144522144522145,0.9004181151291725,True,4.0,0.45710144927536234,require_all_classes,0.39096731728310674,,,
d2_beef_uncontrolled|svm_rbf|classification|seed03|fold00,m1_benchmark,d2_beef_uncontrolled,svm_rbf,classification,3,0,16,1.1.0,real,True,ok,6435,2145,3,1,3,1,0.649183708243072,0.16083916083916083,0.8081171087427657,True,4.0,0.25,require_all_classes,0.06927710843373494,,,
d2_beef_uncontrolled|svm_rbf|classification|seed03|fold01,m1_benchmark,d2_beef_uncontrolled,svm_rbf,classification,3,1,16,1.1.0,real,True,ok,6435,2145,3,1,3,1,0.5672369580715895,0.7743589743589744,0.950693572227191,True,4.0,0.7712882447665057,require_all_classes,0.7588362542277056,,,
d2_beef_uncontrolled|svm_rbf|classification|seed03|fold02,m1_benchmark,d2_beef_uncontrolled,svm_rbf,classification,3,2,16,1.1.0,real,True,ok,6435,2145,3,1,3,1,0.45686400029808283,0.40745920745920744,0.8239188119788708,True,4.0,0.48217391304347823,require_all_classes,0.37959545227086,,,
d2_beef_uncontrolled|svm_rbf|classification|seed03|fold03,m1_benchmark,d2_beef_uncontrolled,svm_rbf,classification,3,3,16,1.1.0,real,True,ok,6435,2145,3,1,3,1,0.49665183294564486,0.7995337995337995,0.954856189420001,True,4.0,0.7508626639061422,require_all_classes,0.7519884607462285,,,
d2_beef_uncontrolled|svm_rbf|classification|seed03|fold04,m1_benchmark,d2_beef_uncontrolled,svm_rbf,classification,3,4,16,1.1.0,real,True,ok,6435,2145,3,1,3,1,0.6190876667387784,0.1048951048951049,0.4647674600953109,True,4.0,0.25,require_all_classes,0.04746835443037975,,,
d2_beef_uncontrolled|svm_rbf|classification|seed04|fold00,m1_benchmark,d2_beef_uncontrolled,svm_rbf,classification,4,0,16,1.1.0,real,True,ok,6435,2145,3,1,3,1,0.6500470000319183,0.765034965034965,0.8986867544058331,True,4.0,0.6907769726247988,require_all_classes,0.6682007689702205,,,
d2_beef_uncontrolled|svm_rbf|classification|seed04|fold01,m1_benchmark,d2_beef_uncontrolled,svm_rbf,classification,4,1,16,1.1.0,real,True,ok,6435,2145,3,1,3,1,0.5822752919048071,0.16083916083916083,0.6204716102921194,True,4.0,0.25,require_all_classes,0.06927710843373494,,,
d2_beef_uncontrolled|svm_rbf|classification|seed04|fold02,m1_benchmark,d2_beef_uncontrolled,svm_rbf,classification,4,2,16,1.1.0,real,True,ok,6435,2145,3,1,3,1,0.5382426250725985,0.30862470862470864,0.8071766044200476,True,4.0,0.415530303030303,require_all_classes,0.2573792702762225,,,
d2_beef_uncontrolled|svm_rbf|classification|seed04|fold03,m1_benchmark,d2_beef_uncontrolled,svm_rbf,classification,4,3,16,1.1.0,real,True,ok,6435,2145,3,1,3,1,0.5176942078396678,0.40745920745920744,0.8239188119788708,True,4.0,0.48217391304347823,require_all_classes,0.37959545227086,,,
d2_beef_uncontrolled|svm_rbf|classification|seed04|fold04,m1_benchmark,d2_beef_uncontrolled,svm_rbf,classification,4,4,16,1.1.0,real,True,ok,6435,2145,3,1,3,1,0.5090446248650551,0.6358974358974359,0.8815926422451139,True,4.0,0.5716183574879227,require_all_classes,0.5449703223976978,,,
d2_beef_uncontrolled|svm_rbf|classification|seed05|fold00,m1_benchmark,d2_beef_uncontrolled,svm_rbf,classification,5,0,16,1.1.0,real,True,ok,6435,2145,3,1,3,1,0.595966333989054,0.16083916083916083,0.9157499450344057,True,4.0,0.25,require_all_classes,0.06927710843373494,,,
d2_beef_uncontrolled|svm_rbf|classification|seed05|fold01,m1_benchmark,d2_beef_uncontrolled,svm_rbf,classification,5,1,16,1.1.0,real,True,ok,6435,2145,3,1,3,1,0.464154583401978,0.7515151515151515,0.9419912594820129,True,4.0,0.7044312169312169,require_all_classes,0.6940921885816191,,,
d2_beef_uncontrolled|svm_rbf|classification|seed05|fold02,m1_benchmark,d2_beef_uncontrolled,svm_rbf,classification,5,2,16,1.1.0,real,True,ok,6435,2145,3,1,3,1,0.5712121669203043,0.42144522144522145,0.9004181151291725,True,4.0,0.45710144927536234,require_all_classes,0.39096731728310674,,,
d2_beef_uncontrolled|svm_rbf|classification|seed05|fold03,m1_benchmark,d2_beef_uncontrolled,svm_rbf,classification,5,3,16,1.1.0,real,True,ok,6435,2145,3,1,3,1,0.5250352090224624,0.7393939393939394,0.9087658026014894,True,4.0,0.6655152979066022,require_all_classes,0.6493410233796388,,,
d2_beef_uncontrolled|svm_rbf|classification|seed05|fold04,m1_benchmark,d2_beef_uncontrolled,svm_rbf,classification,5,4,16,1.1.0,real,True,ok,6435,2145,3,1,3,1,0.5542899174615741,0.1048951048951049,0.4647674600953109,True,4.0,0.25,require_all_classes,0.04746835443037975,,,
d2_beef_uncontrolled|svm_rbf|classification|seed06|fold00,m1_benchmark,d2_beef_uncontrolled,svm_rbf,classification,6,0,16,1.1.0,real,True,ok,6435,2145,3,1,3,1,0.6749001671560109,0.765034965034965,0.8986867544058331,True,4.0,0.6907769726247988,require_all_classes,0.6682007689702205,,,
d2_beef_uncontrolled|svm_rbf|classification|seed06|fold01,m1_benchmark,d2_beef_uncontrolled,svm_rbf,classification,6,1,16,1.1.0,real,True,ok,6435,2145,3,1,3,1,0.5797821669839323,0.16083916083916083,0.6204716102921194,True,4.0,0.25,require_all_classes,0.06927710843373494,,,
d2_beef_uncontrolled|svm_rbf|classification|seed06|fold02,m1_benchmark,d2_beef_uncontrolled,svm_rbf,classification,6,2,16,1.1.0,real,True,ok,6435,2145,3,1,3,1,0.4906453751027584,0.1048951048951049,0.7808389273583916,True,4.0,0.25,require_all_classes,0.04746835443037975,,,
d2_beef_uncontrolled|svm_rbf|classification|seed06|fold03,m1_benchmark,d2_beef_uncontrolled,svm_rbf,classification,6,3,16,1.1.0,real,True,ok,6435,2145,3,1,3,1,0.4463612916879356,0.7515151515151515,0.9419912594820129,True,4.0,0.7044312169312169,require_all_classes,0.6940921885816191,,,
d2_beef_uncontrolled|svm_rbf|classification|seed06|fold04,m1_benchmark,d2_beef_uncontrolled,svm_rbf,classification,6,4,16,1.1.0,real,True,ok,6435,2145,3,1,3,1,0.5614422089420259,0.42144522144522145,0.9004181151291725,True,4.0,0.45710144927536234,require_all_classes,0.39096731728310674,,,
d2_beef_uncontrolled|svm_rbf|classification|seed07|fold00,m1_benchmark,d2_beef_uncontrolled,svm_rbf,classification,7,0,16,1.1.0,real,True,ok,6435,2145,3,1,3,1,0.5486687920056283,0.7393939393939394,0.9087658026014894,True,4.0,0.6655152979066022,require_all_classes,0.6493410233796388,,,
d2_beef_uncontrolled|svm_rbf|classification|seed07|fold01,m1_benchmark,d2_beef_uncontrolled,svm_rbf,classification,7,1,16,1.1.0,real,True,ok,6435,2145,3,1,3,1,0.5524628749117255,0.1048951048951049,0.4647674600953109,True,4.0,0.25,require_all_classes,0.04746835443037975,,,
d2_beef_uncontrolled|svm_rbf|classification|seed07|fold02,m1_benchmark,d2_beef_uncontrolled,svm_rbf,classification,7,2,16,1.1.0,real,True,ok,6435,2145,3,1,3,1,0.618661249987781,0.16083916083916083,0.9138390181732552,True,4.0,0.25,require_all_classes,0.06927710843373494,,,
d2_beef_uncontrolled|svm_rbf|classification|seed07|fold03,m1_benchmark,d2_beef_uncontrolled,svm_rbf,classification,7,3,16,1.1.0,real,True,ok,6435,2145,3,1,3,1,0.4703815830871463,0.40745920745920744,0.8239188119788708,True,4.0,0.48217391304347823,require_all_classes,0.37959545227086,,,
d2_beef_uncontrolled|svm_rbf|classification|seed07|fold04,m1_benchmark,d2_beef_uncontrolled,svm_rbf,classification,7,4,16,1.1.0,real,True,ok,6435,2145,3,1,3,1,0.48692987486720085,0.6358974358974359,0.8815926422451139,True,4.0,0.5716183574879227,require_all_classes,0.5449703223976978,,,
d2_beef_uncontrolled|svm_rbf|classification|seed08|fold00,m1_benchmark,d2_beef_uncontrolled,svm_rbf,classification,8,0,16,1.1.0,real,True,ok,6435,2145,3,1,3,1,0.5713696251623333,0.7995337995337995,0.954856189420001,True,4.0,0.7508626639061422,require_all_classes,0.7519884607462285,,,
d2_beef_uncontrolled|svm_rbf|classification|seed08|fold01,m1_benchmark,d2_beef_uncontrolled,svm_rbf,classification,8,1,16,1.1.0,real,True,ok,6435,2145,3,1,3,1,0.5660884166136384,0.30862470862470864,0.8071766044200476,True,4.0,0.415530303030303,require_all_classes,0.2573792702762225,,,
d2_beef_uncontrolled|svm_rbf|classification|seed08|fold02,m1_benchmark,d2_beef_uncontrolled,svm_rbf,classification,8,2,16,1.1.0,real,True,ok,6435,2145,3,1,3,1,0.5967988753691316,0.42144522144522145,0.9004181151291725,True,4.0,0.45710144927536234,require_all_classes,0.39096731728310674,,,
d2_beef_uncontrolled|svm_rbf|classification|seed08|fold03,m1_benchmark,d2_beef_uncontrolled,svm_rbf,classification,8,3,16,1.1.0,real,True,ok,6435,2145,3,1,3,1,0.6313539580442011,0.765034965034965,0.8986867544058331,True,4.0,0.6907769726247988,require_all_classes,0.6682007689702205,,,
d2_beef_uncontrolled|svm_rbf|classification|seed08|fold04,m1_benchmark,d2_beef_uncontrolled,svm_rbf,classification,8,4,16,1.1.0,real,True,ok,6435,2145,3,1,3,1,0.5562415840104222,0.16083916083916083,0.9157499450344057,True,4.0,0.25,require_all_classes,0.06927710843373494,,,
d2_beef_uncontrolled|svm_rbf|classification|seed09|fold00,m1_benchmark,d2_beef_uncontrolled,svm_rbf,classification,9,0,16,1.1.0,real,True,ok,6435,2145,3,1,3,1,0.6014770418405533,0.16083916083916083,0.9157499450344057,True,4.0,0.25,require_all_classes,0.06927710843373494,,,
d2_beef_uncontrolled|svm_rbf|classification|seed09|fold01,m1_benchmark,d2_beef_uncontrolled,svm_rbf,classification,9,1,16,1.1.0,real,True,ok,6435,2145,3,1,3,1,0.4756781249307096,0.7995337995337995,0.954856189420001,True,4.0,0.7508626639061422,require_all_classes,0.7519884607462285,,,
d2_beef_uncontrolled|svm_rbf|classification|seed09|fold02,m1_benchmark,d2_beef_uncontrolled,svm_rbf,classification,9,2,16,1.1.0,real,True,ok,6435,2145,3,1,3,1,0.5055932495743036,0.1048951048951049,0.6672328278717456,True,4.0,0.25,require_all_classes,0.04746835443037975,,,
d2_beef_uncontrolled|svm_rbf|classification|seed09|fold03,m1_benchmark,d2_beef_uncontrolled,svm_rbf,classification,9,3,16,1.1.0,real,True,ok,6435,2145,3,1,3,1,0.5549220419488847,0.7743589743589744,0.950693572227191,True,4.0,0.7712882447665057,require_all_classes,0.7588362542277056,,,
d2_beef_uncontrolled|svm_rbf|classification|seed09|fold04,m1_benchmark,d2_beef_uncontrolled,svm_rbf,classification,9,4,16,1.1.0,real,True,ok,6435,2145,3,1,3,1,0.5903808330185711,0.3986013986013986,0.7667347221624338,True,4.0,0.4782608695652174,require_all_classes,0.3623193686753009,,,
d2_beef_uncontrolled|svm_rbf|regression|seed00|fold00,m1_benchmark,d2_beef_uncontrolled,svm_rbf,regression,0,0,16,1.1.0,real,True,ok,6435,2145,3,1,3,1,0.3119099591858685,,,,,,,,0.21113032674917706,0.9162205856071182,0.2746766760743892
d2_beef_uncontrolled|svm_rbf|regression|seed00|fold01,m1_benchmark,d2_beef_uncontrolled,svm_rbf,regression,0,1,16,1.1.0,real,True,ok,6435,2145,3,1,3,1,0.28554104175418615,,,,,,,,0.9420792384732035,-0.20529048427767238,1.0236413147993084
d2_beef_uncontrolled|svm_rbf|regression|seed00|fold02,m1_benchmark,d2_beef_uncontrolled,svm_rbf,regression,0,2,16,1.1.0,real,True,ok,6435,2145,3,1,3,1,0.35521399974823,,,,,,,,0.1643641996801132,0.923827981062703,0.25957067441317294
d2_beef_uncontrolled|svm_rbf|regression|seed00|fold03,m1_benchmark,d2_beef_uncontrolled,svm_rbf,regression,0,3,16,1.1.0,real,True,ok,6435,2145,3,1,3,1,0.2893639588728547,,,,,,,,1.1611900733914275,-1.608777774976561,1.3469899149894546
d2_beef_uncontrolled|svm_rbf|regression|seed00|fold04,m1_benchmark,d2_beef_uncontrolled,svm_rbf,regression,0,4,16,1.1.0,real,True,ok,6435,2145,3,1,3,1,0.3196147498674691,,,,,,,,0.7383474758728713,0.09911832630954165,0.8624484842302267
d2_beef_uncontrolled|svm_rbf|regression|seed01|fold00,m1_benchmark,d2_beef_uncontrolled,svm_rbf,regression,1,0,16,1.1.0,real,True,ok,6435,2145,3,1,3,1,0.2890898329205811,,,,,,,,1.0214645833278826,-0.5440229869611053,1.1585874581394457
d2_beef_uncontrolled|svm_rbf|regression|seed01|fold01,m1_benchmark,d2_beef_uncontrolled,svm_rbf,regression,1,1,16,1.1.0,real,True,ok,6435,2145,3,1,3,1,0.2717761667445302,,,,,,,,1.1611900733914275,-1.608777774976561,1.3469899149894546
d2_beef_uncontrolled|svm_rbf|regression|seed01|fold02,m1_benchmark,d2_beef_uncontrolled,svm_rbf,regression,1,2,16,1.1.0,real,True,ok,6435,2145,3,1,3,1,0.32649958319962025,,,,,,,,0.7383474758728713,0.09911832630954165,0.8624484842302267
d2_beef_uncontrolled|svm_rbf|regression|seed01|fold03,m1_benchmark,d2_beef_uncontrolled,svm_rbf,regression,1,3,16,1.1.0,real,True,ok,6435,2145,3,1,3,1,0.37974758306518197,,,,,,,,0.3933543784873274,0.7631259847771108,0.46186157685352097
d2_beef_uncontrolled|svm_rbf|regression|seed01|fold04,m1_benchmark,d2_beef_uncontrolled,svm_rbf,regression,1,4,16,1.1.0,real,True,ok,6435,2145,3,1,3,1,0.2918557501398027,,,,,,,,0.323929548858769,0.7873925470192661,0.4336577722820484
d2_beef_uncontrolled|svm_rbf|regression|seed02|fold00,m1_benchmark,d2_beef_uncontrolled,svm_rbf,regression,2,0,16,1.1.0,real,True,ok,6435,2145,3,1,3,1,0.35096225002780557,,,,,,,,0.21113032674917706,0.9162205856071182,0.2746766760743892
d2_beef_uncontrolled|svm_rbf|regression|seed02|fold01,m1_benchmark,d2_beef_uncontrolled,svm_rbf,regression,2,1,16,1.1.0,real,True,ok,6435,2145,3,1,3,1,0.312178417108953,,,,,,,,0.9420792384732035,-0.20529048427767238,1.0236413147993084
d2_beef_uncontrolled|svm_rbf|regression|seed02|fold02,m1_benchmark,d2_beef_uncontrolled,svm_rbf,regression,2,2,16,1.1.0,real,True,ok,6435,2145,3,1,3,1,0.3629230000078678,,,,,,,,0.1643641996801132,0.923827981062703,0.25957067441317294
d2_beef_uncontrolled|svm_rbf|regression|seed02|fold03,m1_benchmark,d2_beef_uncontrolled,svm_rbf,regression,2,3,16,1.1.0,real,True,ok,6435,2145,3,1,3,1,0.27823016699403524,,,,,,,,1.1611900733914275,-1.608777774976561,1.3469899149894546
d2_beef_uncontrolled|svm_rbf|regression|seed02|fold04,m1_benchmark,d2_beef_uncontrolled,svm_rbf,regression,2,4,16,1.1.0,real,True,ok,6435,2145,3,1,3,1,0.3177415831014514,,,,,,,,0.7383474758728713,0.09911832630954165,0.8624484842302267
d2_beef_uncontrolled|svm_rbf|regression|seed03|fold00,m1_benchmark,d2_beef_uncontrolled,svm_rbf,regression,3,0,16,1.1.0,real,True,ok,6435,2145,3,1,3,1,0.30898287473246455,,,,,,,,0.9939986003412377,-0.4396658019602673,1.118749324982048
d2_beef_uncontrolled|svm_rbf|regression|seed03|fold01,m1_benchmark,d2_beef_uncontrolled,svm_rbf,regression,3,1,16,1.1.0,real,True,ok,6435,2145,3,1,3,1,0.3241001251153648,,,,,,,,0.27100886647331396,0.8499364085456634,0.36761294082130025
d2_beef_uncontrolled|svm_rbf|regression|seed03|fold02,m1_benchmark,d2_beef_uncontrolled,svm_rbf,regression,3,2,16,1.1.0,real,True,ok,6435,2145,3,1,3,1,0.28374345880001783,,,,,,,,0.7850077239200376,-0.09386347380941351,0.9503440224783962
d2_beef_uncontrolled|svm_rbf|regression|seed03|fold03,m1_benchmark,d2_beef_uncontrolled,svm_rbf,regression,3,3,16,1.1.0,real,True,ok,6435,2145,3,1,3,1,0.38704904075711966,,,,,,,,0.1643641996801132,0.923827981062703,0.25957067441317294
d2_beef_uncontrolled|svm_rbf|regression|seed03|fold04,m1_benchmark,d2_beef_uncontrolled,svm_rbf,regression,3,4,16,1.1.0,real,True,ok,6435,2145,3,1,3,1,0.32361454190686345,,,,,,,,0.9764528963153305,-0.8662511146121217,1.1392809648698776
d2_beef_uncontrolled|svm_rbf|regression|seed04|fold00,m1_benchmark,d2_beef_uncontrolled,svm_rbf,regression,4,0,16,1.1.0,real,True,ok,6435,2145,3,1,3,1,0.33215062506496906,,,,,,,,0.21113032674917706,0.9162205856071182,0.2746766760743892
d2_beef_uncontrolled|svm_rbf|regression|seed04|fold01,m1_benchmark,d2_beef_uncontrolled,svm_rbf,regression,4,1,16,1.1.0,real,True,ok,6435,2145,3,1,3,1,0.30242545809596777,,,,,,,,1.0214645833278826,-0.5440229869611053,1.1585874581394457
d2_beef_uncontrolled|svm_rbf|regression|seed04|fold02,m1_benchmark,d2_beef_uncontrolled,svm_rbf,regression,4,2,16,1.1.0,real,True,ok,6435,2145,3,1,3,1,0.2886427501216531,,,,,,,,1.1611900733914275,-1.608777774976561,1.3469899149894546
d2_beef_uncontrolled|svm_rbf|regression|seed04|fold03,m1_benchmark,d2_beef_uncontrolled,svm_rbf,regression,4,3,16,1.1.0,real,True,ok,6435,2145,3,1,3,1,0.30935662519186735,,,,,,,,0.7850077239200376,-0.09386347380941351,0.9503440224783962
d2_beef_uncontrolled|svm_rbf|regression|seed04|fold04,m1_benchmark,d2_beef_uncontrolled,svm_rbf,regression,4,4,16,1.1.0,real,True,ok,6435,2145,3,1,3,1,0.38407945772632957,,,,,,,,0.4174608513552034,0.764889633685443,0.4560303858718808
d2_beef_uncontrolled|svm_rbf|regression|seed05|fold00,m1_benchmark,d2_beef_uncontrolled,svm_rbf,regression,5,0,16,1.1.0,real,True,ok,6435,2145,3,1,3,1,0.28617824986577034,,,,,,,,0.9420792384732035,-0.20529048427767238,1.0236413147993084
d2_beef_uncontrolled|svm_rbf|regression|seed05|fold01,m1_benchmark,d2_beef_uncontrolled,svm_rbf,regression,5,1,16,1.1.0,real,True,ok,6435,2145,3,1,3,1,0.28125120885670185,,,,,,,,0.21047322756707562,0.9170672538465132,0.2708450578437894
d2_beef_uncontrolled|svm_rbf|regression|seed05|fold02,m1_benchmark,d2_beef_uncontrolled,svm_rbf,regression,5,2,16,1.1.0,real,True,ok,6435,2145,3,1,3,1,0.3301336672157049,,,,,,,,0.7383474758728713,0.09911832630954165,0.8624484842302267
d2_beef_uncontrolled|svm_rbf|regression|seed05|fold03,m1_benchmark,d2_beef_uncontrolled,svm_rbf,regression,5,3,16,1.1.0,real,True,ok,6435,2145,3,1,3,1,0.3675386249087751,,,,,,,,0.19767426220885184,0.9173312788429168,0.27284985841098114
d2_beef_uncontrolled|svm_rbf|regression|seed05|fold04,m1_benchmark,d2_beef_uncontrolled,svm_rbf,regression,5,4,16,1.1.0,real,True,ok,6435,2145,3,1,3,1,0.2942039999179542,,,,,,,,0.9764528963153305,-0.8662511146121217,1.1392809648698776
d2_beef_uncontrolled|svm_rbf|regression|seed06|fold00,m1_benchmark,d2_beef_uncontrolled,svm_rbf,regression,6,0,16,1.1.0,real,True,ok,6435,2145,3,1,3,1,0.33905879175290465,,,,,,,,0.21113032674917706,0.9162205856071182,0.2746766760743892
d2_beef_uncontrolled|svm_rbf|regression|seed06|fold01,m1_benchmark,d2_beef_uncontrolled,svm_rbf,regression,6,1,16,1.1.0,real,True,ok,6435,2145,3,1,3,1,0.3001321251504123,,,,,,,,1.0214645833278826,-0.5440229869611053,1.1585874581394457
d2_beef_uncontrolled|svm_rbf|regression|seed06|fold02,m1_benchmark,d2_beef_uncontrolled,svm_rbf,regression,6,2,16,1.1.0,real,True,ok,6435,2145,3,1,3,1,0.38089991733431816,,,,,,,,0.9827620176820194,-0.9101401477761202,1.1525994753873696
d2_beef_uncontrolled|svm_rbf|regression|seed06|fold03,m1_benchmark,d2_beef_uncontrolled,svm_rbf,regression,6,3,16,1.1.0,real,True,ok,6435,2145,3,1,3,1,0.2757309162989259,,,,,,,,0.21047322756707562,0.9170672538465132,0.2708450578437894
d2_beef_uncontrolled|svm_rbf|regression|seed06|fold04,m1_benchmark,d2_beef_uncontrolled,svm_rbf,regression,6,4,16,1.1.0,real,True,ok,6435,2145,3,1,3,1,0.31511479103937745,,,,,,,,0.7383474758728713,0.09911832630954165,0.8624484842302267
d2_beef_uncontrolled|svm_rbf|regression|seed07|fold00,m1_benchmark,d2_beef_uncontrolled,svm_rbf,regression,7,0,16,1.1.0,real,True,ok,6435,2145,3,1,3,1,0.36877891700714827,,,,,,,,0.19767426220885184,0.9173312788429168,0.27284985841098114
d2_beef_uncontrolled|svm_rbf|regression|seed07|fold01,m1_benchmark,d2_beef_uncontrolled,svm_rbf,regression,7,1,16,1.1.0,real,True,ok,6435,2145,3,1,3,1,0.3008216670714319,,,,,,,,0.9764528963153305,-0.8662511146121217,1.1392809648698776
d2_beef_uncontrolled|svm_rbf|regression|seed07|fold02,m1_benchmark,d2_beef_uncontrolled,svm_rbf,regression,7,2,16,1.1.0,real,True,ok,6435,2145,3,1,3,1,0.24189445888623595,,,,,,,,1.0440308199147381,-0.6356729798863272,1.1924774681584607
d2_beef_uncontrolled|svm_rbf|regression|seed07|fold03,m1_benchmark,d2_beef_uncontrolled,svm_rbf,regression,7,3,16,1.1.0,real,True,ok,6435,2145,3,1,3,1,0.34760945895686746,,,,,,,,0.7850077239200376,-0.09386347380941351,0.9503440224783962
d2_beef_uncontrolled|svm_rbf|regression|seed07|fold04,m1_benchmark,d2_beef_uncontrolled,svm_rbf,regression,7,4,16,1.1.0,real,True,ok,6435,2145,3,1,3,1,0.38689733296632767,,,,,,,,0.4174608513552034,0.764889633685443,0.4560303858718808
d2_beef_uncontrolled|svm_rbf|regression|seed08|fold00,m1_benchmark,d2_beef_uncontrolled,svm_rbf,regression,8,0,16,1.1.0,real,True,ok,6435,2145,3,1,3,1,0.3791912076994777,,,,,,,,0.1643641996801132,0.923827981062703,0.25957067441317294
d2_beef_uncontrolled|svm_rbf|regression|seed08|fold01,m1_benchmark,d2_beef_uncontrolled,svm_rbf,regression,8,1,16,1.1.0,real,True,ok,6435,2145,3,1,3,1,0.2999419588595629,,,,,,,,1.1611900733914275,-1.608777774976561,1.3469899149894546
d2_beef_uncontrolled|svm_rbf|regression|seed08|fold02,m1_benchmark,d2_beef_uncontrolled,svm_rbf,regression,8,2,16,1.1.0,real,True,ok,6435,2145,3,1,3,1,0.3298268341459334,,,,,,,,0.7383474758728713,0.09911832630954165,0.8624484842302267
d2_beef_uncontrolled|svm_rbf|regression|seed08|fold03,m1_benchmark,d2_beef_uncontrolled,svm_rbf,regression,8,3,16,1.1.0,real,True,ok,6435,2145,3,1,3,1,0.325999042019248,,,,,,,,0.21113032674917706,0.9162205856071182,0.2746766760743892
d2_beef_uncontrolled|svm_rbf|regression|seed08|fold04,m1_benchmark,d2_beef_uncontrolled,svm_rbf,regression,8,4,16,1.1.0,real,True,ok,6435,2145,3,1,3,1,0.28643579175695777,,,,,,,,0.9420792384732035,-0.20529048427767238,1.0236413147993084
d2_beef_uncontrolled|svm_rbf|regression|seed09|fold00,m1_benchmark,d2_beef_uncontrolled,svm_rbf,regression,9,0,16,1.1.0,real,True,ok,6435,2145,3,1,3,1,0.2874419172294438,,,,,,,,0.9420792384732035,-0.20529048427767238,1.0236413147993084
d2_beef_uncontrolled|svm_rbf|regression|seed09|fold01,m1_benchmark,d2_beef_uncontrolled,svm_rbf,regression,9,1,16,1.1.0,real,True,ok,6435,2145,3,1,3,1,0.35158016718924046,,,,,,,,0.1643641996801132,0.923827981062703,0.25957067441317294
d2_beef_uncontrolled|svm_rbf|regression|seed09|fold02,m1_benchmark,d2_beef_uncontrolled,svm_rbf,regression,9,2,16,1.1.0,real,True,ok,6435,2145,3,1,3,1,0.36155379144474864,,,,,,,,1.0395098162170395,-1.130710301705185,1.2173291003950917
d2_beef_uncontrolled|svm_rbf|regression|seed09|fold03,m1_benchmark,d2_beef_uncontrolled,svm_rbf,regression,9,3,16,1.1.0,real,True,ok,6435,2145,3,1,3,1,0.33071199990808964,,,,,,,,0.27100886647331396,0.8499364085456634,0.36761294082130025
d2_beef_uncontrolled|svm_rbf|regression|seed09|fold04,m1_benchmark,d2_beef_uncontrolled,svm_rbf,regression,9,4,16,1.1.0,real,True,ok,6435,2145,3,1,3,1,0.2434244998730719,,,,,,,,0.624654263555752,0.28282514258127067,0.7695056535892465
d2_beef_uncontrolled|tcn|classification|seed00|fold00,m1_benchmark,d2_beef_uncontrolled,tcn,classification,0,0,16,1.1.0,real,True,ok,6435,2145,3,1,3,1,3.7847633748315275,0.7095571095571096,0.8424306971183018,True,4.0,0.632938808373591,require_all_classes,0.6236481198589126,,,
d2_beef_uncontrolled|tcn|classification|seed00|fold01,m1_benchmark,d2_beef_uncontrolled,tcn,classification,0,1,16,1.1.0,real,True,ok,6435,2145,3,1,3,1,3.7005090001039207,0.5524475524475524,0.8681336603894315,True,4.0,0.5,require_all_classes,0.3699690794809408,,,
d2_beef_uncontrolled|tcn|classification|seed00|fold02,m1_benchmark,d2_beef_uncontrolled,tcn,classification,0,2,16,1.1.0,real,True,ok,6435,2145,3,1,3,1,3.7363013331778347,0.8037296037296038,0.864618905324448,True,4.0,0.7602513227513227,require_all_classes,0.7479744001394023,,,
d2_beef_uncontrolled|tcn|classification|seed00|fold03,m1_benchmark,d2_beef_uncontrolled,tcn,classification,0,3,16,1.1.0,real,True,ok,6435,2145,3,1,3,1,3.668730541598052,0.3906759906759907,0.6379150987037264,True,4.0,0.4477777777777778,require_all_classes,0.264123043120022,,,
d2_beef_uncontrolled|tcn|classification|seed00|fold04,m1_benchmark,d2_beef_uncontrolled,tcn,classification,0,4,16,1.1.0,real,True,ok,6435,2145,3,1,3,1,3.619079917203635,0.4648018648018648,0.8611944831073035,True,4.0,0.5240740740740741,require_all_classes,0.41404286041076377,,,
d2_beef_uncontrolled|tcn|classification|seed01|fold00,m1_benchmark,d2_beef_uncontrolled,tcn,classification,1,0,16,1.1.0,real,True,ok,6435,2145,3,1,3,1,3.6668625827878714,0.3916083916083916,0.5481330833310043,True,4.0,0.25,require_all_classes,0.1407035175879397,,,
d2_beef_uncontrolled|tcn|classification|seed01|fold01,m1_benchmark,d2_beef_uncontrolled,tcn,classification,1,1,16,1.1.0,real,True,ok,6435,2145,3,1,3,1,3.655249457806349,0.16503496503496504,0.45690415445487303,True,4.0,0.241010101010101,require_all_classes,0.19749644386899073,,,
d2_beef_uncontrolled|tcn|classification|seed01|fold02,m1_benchmark,d2_beef_uncontrolled,tcn,classification,1,2,16,1.1.0,real,True,ok,6435,2145,3,1,3,1,3.6135054999031126,0.42703962703962706,0.8883890748224902,True,4.0,0.4789855072463768,require_all_classes,0.3625393863483911,,,
d2_beef_uncontrolled|tcn|classification|seed01|fold03,m1_benchmark,d2_beef_uncontrolled,tcn,classification,1,3,16,1.1.0,real,True,ok,6435,2145,3,1,3,1,3.668091957923025,0.7668997668997669,0.9228338907491417,True,4.0,0.6828301127214171,require_all_classes,0.6565823654314944,,,
d2_beef_uncontrolled|tcn|classification|seed01|fold04,m1_benchmark,d2_beef_uncontrolled,tcn,classification,1,4,16,1.1.0,real,True,ok,6435,2145,3,1,3,1,3.6944856247864664,0.7198135198135198,0.8669800289521707,True,4.0,0.6925077639751553,require_all_classes,0.6275626017598185,,,
d2_beef_uncontrolled|tcn|classification|seed02|fold00,m1_benchmark,d2_beef_uncontrolled,tcn,classification,2,0,16,1.1.0,real,True,ok,6435,2145,3,1,3,1,3.75189849967137,0.6937062937062937,0.813744316046101,True,4.0,0.6297504025764895,require_all_classes,0.6253042326755417,,,
d2_beef_uncontrolled|tcn|classification|seed02|fold01,m1_benchmark,d2_beef_uncontrolled,tcn,classification,2,1,16,1.1.0,real,True,ok,6435,2145,3,1,3,1,3.656558374874294,0.5524475524475524,0.953635812304499,True,4.0,0.5,require_all_classes,0.3444111799721317,,,
d2_beef_uncontrolled|tcn|classification|seed02|fold02,m1_benchmark,d2_beef_uncontrolled,tcn,classification,2,2,16,1.1.0,real,True,ok,6435,2145,3,1,3,1,3.63954654103145,0.8046620046620047,0.9267916830414343,True,4.0,0.7636904761904761,require_all_classes,0.7612008427708583,,,
d2_beef_uncontrolled|tcn|classification|seed02|fold03,m1_benchmark,d2_beef_uncontrolled,tcn,classification,2,3,16,1.1.0,real,True,ok,6435,2145,3,1,3,1,3.652145457919687,0.3076923076923077,0.4676285555949274,True,4.0,0.25,require_all_classes,0.18696883852691218,,,
d2_beef_uncontrolled|tcn|classification|seed02|fold04,m1_benchmark,d2_beef_uncontrolled,tcn,classification,2,4,16,1.1.0,real,True,ok,6435,2145,3,1,3,1,3.6850847909227014,0.654079254079254,0.8946935013060122,True,4.0,0.7109802737520129,require_all_classes,0.6154465248380716,,,
d2_beef_uncontrolled|tcn|classification|seed03|fold00,m1_benchmark,d2_beef_uncontrolled,tcn,classification,3,0,16,1.1.0,real,True,ok,6435,2145,3,1,3,1,3.664161290973425,0.16083916083916083,0.5911825086381302,True,4.0,0.25,require_all_classes,0.06927710843373494,,,
d2_beef_uncontrolled|tcn|classification|seed03|fold01,m1_benchmark,d2_beef_uncontrolled,tcn,classification,3,1,16,1.1.0,real,True,ok,6435,2145,3,1,3,1,3.6681315419264138,0.8442890442890443,0.9827197980002303,True,4.0,0.8947463768115942,require_all_classes,0.8594909650384508,,,
d2_beef_uncontrolled|tcn|classification|seed03|fold02,m1_benchmark,d2_beef_uncontrolled,tcn,classification,3,2,16,1.1.0,real,True,ok,6435,2145,3,1,3,1,3.7074309582822025,0.36317016317016315,0.6980782554762627,True,4.0,0.44961755233494366,require_all_classes,0.34158784557678357,,,
d2_beef_uncontrolled|tcn|classification|seed03|fold03,m1_benchmark,d2_beef_uncontrolled,tcn,classification,3,3,16,1.1.0,real,True,ok,6435,2145,3,1,3,1,3.681562375277281,0.8116550116550116,0.8899993533835615,True,4.0,0.768915343915344,require_all_classes,0.7575764728662921,,,
d2_beef_uncontrolled|tcn|classification|seed03|fold04,m1_benchmark,d2_beef_uncontrolled,tcn,classification,3,4,16,1.1.0,real,True,ok,6435,2145,3,1,3,1,3.6811128752306104,0.06433566433566433,0.3692293525048787,True,4.0,0.05227272727272727,require_all_classes,0.08273381294964029,,,
d2_beef_uncontrolled|tcn|classification|seed04|fold00,m1_benchmark,d2_beef_uncontrolled,tcn,classification,4,0,16,1.1.0,real,True,ok,6435,2145,3,1,3,1,3.619969292078167,0.6913752913752914,0.8900609962533594,True,4.0,0.6239694041867955,require_all_classes,0.6197256850654417,,,
d2_beef_uncontrolled|tcn|classification|seed04|fold01,m1_benchmark,d2_beef_uncontrolled,tcn,classification,4,1,16,1.1.0,real,True,ok,6435,2145,3,1,3,1,3.7376424171961844,0.3916083916083916,0.5120819426797011,True,4.0,0.25,require_all_classes,0.1407035175879397,,,
d2_beef_uncontrolled|tcn|classification|seed04|fold02,m1_benchmark,d2_beef_uncontrolled,tcn,classification,4,2,16,1.1.0,real,True,ok,6435,2145,3,1,3,1,3.63412724994123,0.17389277389277388,0.47341264923570986,True,4.0,0.246010101010101,require_all_classes,0.14747760337615223,,,
d2_beef_uncontrolled|tcn|classification|seed04|fold03,m1_benchmark,d2_beef_uncontrolled,tcn,classification,4,3,16,1.1.0,real,True,ok,6435,2145,3,1,3,1,3.798735750373453,0.3958041958041958,0.6576872108990179,True,4.0,0.48333333333333334,require_all_classes,0.346978305785124,,,
d2_beef_uncontrolled|tcn|classification|seed04|fold04,m1_benchmark,d2_beef_uncontrolled,tcn,classification,4,4,16,1.1.0,real,True,ok,6435,2145,3,1,3,1,3.6173444157466292,0.6261072261072261,0.8860862376567736,True,4.0,0.5731481481481482,require_all_classes,0.5275545958795816,,,
d2_beef_uncontrolled|tcn|classification|seed05|fold00,m1_benchmark,d2_beef_uncontrolled,tcn,classification,5,0,16,1.1.0,real,True,ok,6435,2145,3,1,3,1,3.7002845420502126,0.5524475524475524,0.865154676648473,True,4.0,0.5,require_all_classes,0.4005028735632184,,,
d2_beef_uncontrolled|tcn|classification|seed05|fold01,m1_benchmark,d2_beef_uncontrolled,tcn,classification,5,1,16,1.1.0,real,True,ok,6435,2145,3,1,3,1,3.701609500218183,0.7846153846153846,0.8921145999899719,True,4.0,0.7358465608465609,require_all_classes,0.7124805395871275,,,
d2_beef_uncontrolled|tcn|classification|seed05|fold02,m1_benchmark,d2_beef_uncontrolled,tcn,classification,5,2,16,1.1.0,real,True,ok,6435,2145,3,1,3,1,3.655935375019908,0.579020979020979,0.8695590813248046,True,4.0,0.6474537037037037,require_all_classes,0.5469619788954665,,,
d2_beef_uncontrolled|tcn|classification|seed05|fold03,m1_benchmark,d2_beef_uncontrolled,tcn,classification,5,3,16,1.1.0,real,True,ok,6435,2145,3,1,3,1,3.653715416789055,0.73006993006993,0.9035301743241653,True,4.0,0.65993961352657,require_all_classes,0.6465525525426792,,,
d2_beef_uncontrolled|tcn|classification|seed05|fold04,m1_benchmark,d2_beef_uncontrolled,tcn,classification,5,4,16,1.1.0,real,True,ok,6435,2145,3,1,3,1,3.6748572499491274,0.06433566433566433,0.34342764314997337,True,4.0,0.05227272727272727,require_all_classes,0.06831683168316832,,,
d2_beef_uncontrolled|tcn|classification|seed06|fold00,m1_benchmark,d2_beef_uncontrolled,tcn,classification,6,0,16,1.1.0,real,True,ok,6435,2145,3,1,3,1,3.678677207790315,0.6876456876456877,0.851456429514754,True,4.0,0.6416264090177134,require_all_classes,0.6392554405392348,,,
d2_beef_uncontrolled|tcn|classification|seed06|fold01,m1_benchmark,d2_beef_uncontrolled,tcn,classification,6,1,16,1.1.0,real,True,ok,6435,2145,3,1,3,1,3.6467277919873595,0.3916083916083916,0.5179118310905864,True,4.0,0.25,require_all_classes,0.1407035175879397,,,
d2_beef_uncontrolled|tcn|classification|seed06|fold02,m1_benchmark,d2_beef_uncontrolled,tcn,classification,6,2,16,1.1.0,real,True,ok,6435,2145,3,1,3,1,3.6084592919796705,0.29044289044289046,0.5931134570987111,True,4.0,0.40075757575757576,require_all_classes,0.24385548855561268,,,
d2_beef_uncontrolled|tcn|classification|seed06|fold03,m1_benchmark,d2_beef_uncontrolled,tcn,classification,6,3,16,1.1.0,real,True,ok,6435,2145,3,1,3,1,3.608923749998212,0.8009324009324009,0.8378377608067102,True,4.0,0.7480820105820105,require_all_classes,0.6987498579768484,,,
d2_beef_uncontrolled|tcn|classification|seed06|fold04,m1_benchmark,d2_beef_uncontrolled,tcn,classification,6,4,16,1.1.0,real,True,ok,6435,2145,3,1,3,1,3.6198180839419365,0.6158508158508158,0.8679642702887854,True,4.0,0.674074074074074,require_all_classes,0.5841382122469241,,,
d2_beef_uncontrolled|tcn|classification|seed07|fold00,m1_benchmark,d2_beef_uncontrolled,tcn,classification,7,0,16,1.1.0,real,True,ok,6435,2145,3,1,3,1,3.6687968750484288,0.7272727272727273,0.9225625902110286,True,4.0,0.6736070853462157,require_all_classes,0.6613936072702433,,,
d2_beef_uncontrolled|tcn|classification|seed07|fold01,m1_benchmark,d2_beef_uncontrolled,tcn,classification,7,1,16,1.1.0,real,True,ok,6435,2145,3,1,3,1,3.699772084131837,0.06060606060606061,0.3461411568711886,True,4.0,0.04924242424242424,require_all_classes,0.061611374407582936,,,
d2_beef_uncontrolled|tcn|classification|seed07|fold02,m1_benchmark,d2_beef_uncontrolled,tcn,classification,7,2,16,1.1.0,real,True,ok,6435,2145,3,1,3,1,4.0091915829107165,0.3916083916083916,0.5971802169243716,True,4.0,0.25,require_all_classes,0.1407035175879397,,,
d2_beef_uncontrolled|tcn|classification|seed07|fold03,m1_benchmark,d2_beef_uncontrolled,tcn,classification,7,3,16,1.1.0,real,True,ok,6435,2145,3,1,3,1,3.6996156251989305,0.38741258741258744,0.7225058015456847,True,4.0,0.475,require_all_classes,0.34555025282033924,,,
d2_beef_uncontrolled|tcn|classification|seed07|fold04,m1_benchmark,d2_beef_uncontrolled,tcn,classification,7,4,16,1.1.0,real,True,ok,6435,2145,3,1,3,1,3.757676374632865,0.6275058275058275,0.9413164379246612,True,4.0,0.5745370370370371,require_all_classes,0.528868079093037,,,
d2_beef_uncontrolled|tcn|classification|seed08|fold00,m1_benchmark,d2_beef_uncontrolled,tcn,classification,8,0,16,1.1.0,real,True,ok,6435,2145,3,1,3,1,3.8479147907346487,0.828904428904429,0.9254379802971727,True,4.0,0.7824419139636531,require_all_classes,0.7731422632812202,,,
d2_beef_uncontrolled|tcn|classification|seed08|fold01,m1_benchmark,d2_beef_uncontrolled,tcn,classification,8,1,16,1.1.0,real,True,ok,6435,2145,3,1,3,1,3.667718625161797,0.39813519813519815,0.6964478565812635,True,4.0,0.46555555555555556,require_all_classes,0.33075815707706635,,,
d2_beef_uncontrolled|tcn|classification|seed08|fold02,m1_benchmark,d2_beef_uncontrolled,tcn,classification,8,2,16,1.1.0,real,True,ok,6435,2145,3,1,3,1,3.638518250081688,0.5454545454545454,0.854836691885571,True,4.0,0.6043055555555555,require_all_classes,0.5189036540054975,,,
d2_beef_uncontrolled|tcn|classification|seed08|fold03,m1_benchmark,d2_beef_uncontrolled,tcn,classification,8,3,16,1.1.0,real,True,ok,6435,2145,3,1,3,1,3.7513750423677266,0.6997668997668998,0.9119224813072021,True,4.0,0.6485628019323672,require_all_classes,0.6538249056218908,,,
d2_beef_uncontrolled|tcn|classification|seed08|fold04,m1_benchmark,d2_beef_uncontrolled,tcn,classification,8,4,16,1.1.0,real,True,ok,6435,2145,3,1,3,1,3.6493907500989735,0.5524475524475524,0.7208179903860807,True,4.0,0.5,require_all_classes,0.3878620205181073,,,
d2_beef_uncontrolled|tcn|classification|seed09|fold00,m1_benchmark,d2_beef_uncontrolled,tcn,classification,9,0,16,1.1.0,real,True,ok,6435,2145,3,1,3,1,3.6304999170824885,0.5524475524475524,0.8188655485279661,True,4.0,0.5,require_all_classes,0.3816329051383399,,,
d2_beef_uncontrolled|tcn|classification|seed09|fold01,m1_benchmark,d2_beef_uncontrolled,tcn,classification,9,1,16,1.1.0,real,True,ok,6435,2145,3,1,3,1,3.6397245419211686,0.8111888111888111,0.9347966588641099,True,4.0,0.7696428571428572,require_all_classes,0.7641068684274499,,,
d2_beef_uncontrolled|tcn|classification|seed09|fold02,m1_benchmark,d2_beef_uncontrolled,tcn,classification,9,2,16,1.1.0,real,True,ok,6435,2145,3,1,3,1,3.7030887501314282,0.38414918414918414,0.6957045766204398,True,4.0,0.43222222222222223,require_all_classes,0.33574958461048776,,,
d2_beef_uncontrolled|tcn|classification|seed09|fold03,m1_benchmark,d2_beef_uncontrolled,tcn,classification,9,3,16,1.1.0,real,True,ok,6435,2145,3,1,3,1,3.7128291251137853,0.8228438228438228,0.9645726199807967,True,4.0,0.861195652173913,require_all_classes,0.8312169794157629,,,
d2_beef_uncontrolled|tcn|classification|seed09|fold04,m1_benchmark,d2_beef_uncontrolled,tcn,classification,9,4,16,1.1.0,real,True,ok,6435,2145,3,1,3,1,3.635002584196627,0.3575757575757576,0.7692809095593767,True,4.0,0.4452777777777778,require_all_classes,0.3093039843254787,,,
d2_beef_uncontrolled|tcn|regression|seed00|fold00,m1_benchmark,d2_beef_uncontrolled,tcn,regression,0,0,16,1.1.0,real,True,ok,6435,2145,3,1,3,1,3.780834165867418,,,,,,,,0.3394311528085286,0.8173900379598108,0.4055228740296018
d2_beef_uncontrolled|tcn|regression|seed00|fold01,m1_benchmark,d2_beef_uncontrolled,tcn,regression,0,1,16,1.1.0,real,True,ok,6435,2145,3,1,3,1,3.7634087498299778,,,,,,,,3.609328108473668,-14.605841536302552,3.6833716269843393
d2_beef_uncontrolled|tcn|regression|seed00|fold02,m1_benchmark,d2_beef_uncontrolled,tcn,regression,0,2,16,1.1.0,real,True,ok,6435,2145,3,1,3,1,3.7848822907544672,,,,,,,,0.3616448079879343,0.7704659344164361,0.4505899144622217
d2_beef_uncontrolled|tcn|regression|seed00|fold03,m1_benchmark,d2_beef_uncontrolled,tcn,regression,0,3,16,1.1.0,real,True,ok,6435,2145,3,1,3,1,3.596614290960133,,,,,,,,1.5840822239927668,-3.1463417563528475,1.6981589909968677
d2_beef_uncontrolled|tcn|regression|seed00|fold04,m1_benchmark,d2_beef_uncontrolled,tcn,regression,0,4,16,1.1.0,real,True,ok,6435,2145,3,1,3,1,3.568455125205219,,,,,,,,1.2993914330870198,-1.4877697361650237,1.433192006421654
d2_beef_uncontrolled|tcn|regression|seed01|fold00,m1_benchmark,d2_beef_uncontrolled,tcn,regression,1,0,16,1.1.0,real,True,ok,6435,2145,3,1,3,1,3.59085033275187,,,,,,,,4.354118440663196,-22.16048960291084,4.487203957434451
d2_beef_uncontrolled|tcn|regression|seed01|fold01,m1_benchmark,d2_beef_uncontrolled,tcn,regression,1,1,16,1.1.0,real,True,ok,6435,2145,3,1,3,1,3.5896644592285156,,,,,,,,3.500641878376294,-21.75641068778057,3.9783014003621178
d2_beef_uncontrolled|tcn|regression|seed01|fold02,m1_benchmark,d2_beef_uncontrolled,tcn,regression,1,2,16,1.1.0,real,True,ok,6435,2145,3,1,3,1,3.7028193748556077,,,,,,,,1.6392691951680647,-2.5846282681996247,1.7203679760145534
d2_beef_uncontrolled|tcn|regression|seed01|fold03,m1_benchmark,d2_beef_uncontrolled,tcn,regression,1,3,16,1.1.0,real,True,ok,6435,2145,3,1,3,1,3.6626404589042068,,,,,,,,0.377061314796069,0.5760839009398138,0.6178642652377337
d2_beef_uncontrolled|tcn|regression|seed01|fold04,m1_benchmark,d2_beef_uncontrolled,tcn,regression,1,4,16,1.1.0,real,True,ok,6435,2145,3,1,3,1,3.6497761667706072,,,,,,,,0.25901075481660807,0.8802937383925578,0.32539908410341517
d2_beef_uncontrolled|tcn|regression|seed02|fold00,m1_benchmark,d2_beef_uncontrolled,tcn,regression,2,0,16,1.1.0,real,True,ok,6435,2145,3,1,3,1,3.7680387501604855,,,,,,,,0.24032041147912786,0.8675848014725132,0.34532024555728763
d2_beef_uncontrolled|tcn|regression|seed02|fold01,m1_benchmark,d2_beef_uncontrolled,tcn,regression,2,1,16,1.1.0,real,True,ok,6435,2145,3,1,3,1,3.6345467916689813,,,,,,,,1.8974479721241622,-4.024895877286347,2.09009234935462
d2_beef_uncontrolled|tcn|regression|seed02|fold02,m1_benchmark,d2_beef_uncontrolled,tcn,regression,2,2,16,1.1.0,real,True,ok,6435,2145,3,1,3,1,3.5896513327024877,,,,,,,,0.3523959796823508,0.7796500055104689,0.44148343619341246
d2_beef_uncontrolled|tcn|regression|seed02|fold03,m1_benchmark,d2_beef_uncontrolled,tcn,regression,2,3,16,1.1.0,real,True,ok,6435,2145,3,1,3,1,3.5971995829604566,,,,,,,,3.0080999904198564,-16.15359123056101,3.4540079234915986
d2_beef_uncontrolled|tcn|regression|seed02|fold04,m1_benchmark,d2_beef_uncontrolled,tcn,regression,2,4,16,1.1.0,real,True,ok,6435,2145,3,1,3,1,3.563653958030045,,,,,,,,1.864408694597704,-3.424178904247997,1.911241765908152
d2_beef_uncontrolled|tcn|regression|seed03|fold00,m1_benchmark,d2_beef_uncontrolled,tcn,regression,3,0,16,1.1.0,real,True,ok,6435,2145,3,1,3,1,3.6036650417372584,,,,,,,,3.125555886217063,-11.082716547109124,3.241038841074483
d2_beef_uncontrolled|tcn|regression|seed03|fold01,m1_benchmark,d2_beef_uncontrolled,tcn,regression,3,1,16,1.1.0,real,True,ok,6435,2145,3,1,3,1,3.6574367498978972,,,,,,,,0.46763196149883285,0.620540245952091,0.584569272897242
d2_beef_uncontrolled|tcn|regression|seed03|fold02,m1_benchmark,d2_beef_uncontrolled,tcn,regression,3,2,16,1.1.0,real,True,ok,6435,2145,3,1,3,1,3.6228403747081757,,,,,,,,1.0048444815744006,-0.5113171096456806,1.1170615068842347
d2_beef_uncontrolled|tcn|regression|seed03|fold03,m1_benchmark,d2_beef_uncontrolled,tcn,regression,3,3,16,1.1.0,real,True,ok,6435,2145,3,1,3,1,3.6060047917999327,,,,,,,,0.36385192734469723,0.7625417165798772,0.4583017906796629
d2_beef_uncontrolled|tcn|regression|seed03|fold04,m1_benchmark,d2_beef_uncontrolled,tcn,regression,3,4,16,1.1.0,real,True,ok,6435,2145,3,1,3,1,3.646348833106458,,,,,,,,2.446934980917797,-10.265871272054687,2.799163029242539
d2_beef_uncontrolled|tcn|regression|seed04|fold00,m1_benchmark,d2_beef_uncontrolled,tcn,regression,4,0,16,1.1.0,real,True,ok,6435,2145,3,1,3,1,3.6359020420350134,,,,,,,,0.3254304972656252,0.7884625237329081,0.43646234575121684
d2_beef_uncontrolled|tcn|regression|seed04|fold01,m1_benchmark,d2_beef_uncontrolled,tcn,regression,4,1,16,1.1.0,real,True,ok,6435,2145,3,1,3,1,3.7223510830663145,,,,,,,,6.512728002983506,-49.159591449454474,6.603572302572222
d2_beef_uncontrolled|tcn|regression|seed04|fold02,m1_benchmark,d2_beef_uncontrolled,tcn,regression,4,2,16,1.1.0,real,True,ok,6435,2145,3,1,3,1,3.7454174160957336,,,,,,,,2.894525988198961,-14.511532488934531,3.2845294073729425
d2_beef_uncontrolled|tcn|regression|seed04|fold03,m1_benchmark,d2_beef_uncontrolled,tcn,regression,4,3,16,1.1.0,real,True,ok,6435,2145,3,1,3,1,3.7140252077952027,,,,,,,,0.8162723194249045,-0.05399304443406128,0.9328636260502136
d2_beef_uncontrolled|tcn|regression|seed04|fold04,m1_benchmark,d2_beef_uncontrolled,tcn,regression,4,4,16,1.1.0,real,True,ok,6435,2145,3,1,3,1,3.6068628751672804,,,,,,,,0.6494827109879404,0.253672654475696,0.8124985028444919
d2_beef_uncontrolled|tcn|regression|seed05|fold00,m1_benchmark,d2_beef_uncontrolled,tcn,regression,5,0,16,1.1.0,real,True,ok,6435,2145,3,1,3,1,3.5699317501857877,,,,,,,,1.7075498472178392,-2.9412393039569893,1.85105082972875
d2_beef_uncontrolled|tcn|regression|seed05|fold01,m1_benchmark,d2_beef_uncontrolled,tcn,regression,5,1,16,1.1.0,real,True,ok,6435,2145,3,1,3,1,3.677634040825069,,,,,,,,0.42908839817310107,0.6638220265990435,0.5453088166934065
d2_beef_uncontrolled|tcn|regression|seed05|fold02,m1_benchmark,d2_beef_uncontrolled,tcn,regression,5,2,16,1.1.0,real,True,ok,6435,2145,3,1,3,1,3.6624437496066093,,,,,,,,1.9566966006642252,-4.139078174564257,2.0598798967333294
d2_beef_uncontrolled|tcn|regression|seed05|fold03,m1_benchmark,d2_beef_uncontrolled,tcn,regression,5,3,16,1.1.0,real,True,ok,6435,2145,3,1,3,1,3.6737217912450433,,,,,,,,0.4753193699107437,0.6358145388516174,0.5726831763966125
d2_beef_uncontrolled|tcn|regression|seed05|fold04,m1_benchmark,d2_beef_uncontrolled,tcn,regression,5,4,16,1.1.0,real,True,ok,6435,2145,3,1,3,1,3.8213816666975617,,,,,,,,2.4326021260034882,-9.713133740472724,2.7296317714698994
d2_beef_uncontrolled|tcn|regression|seed06|fold00,m1_benchmark,d2_beef_uncontrolled,tcn,regression,6,0,16,1.1.0,real,True,ok,6435,2145,3,1,3,1,3.6248650839552283,,,,,,,,0.25819877853225065,0.8718317812720795,0.3397373519153332
d2_beef_uncontrolled|tcn|regression|seed06|fold01,m1_benchmark,d2_beef_uncontrolled,tcn,regression,6,1,16,1.1.0,real,True,ok,6435,2145,3,1,3,1,3.737061166204512,,,,,,,,3.988827442973498,-17.620420776925364,4.02343220117341
d2_beef_uncontrolled|tcn|regression|seed06|fold02,m1_benchmark,d2_beef_uncontrolled,tcn,regression,6,2,16,1.1.0,real,True,ok,6435,2145,3,1,3,1,3.592310540843755,,,,,,,,3.0688859485144087,-16.16153868606226,3.4548079715718782
d2_beef_uncontrolled|tcn|regression|seed06|fold03,m1_benchmark,d2_beef_uncontrolled,tcn,regression,6,3,16,1.1.0,real,True,ok,6435,2145,3,1,3,1,3.5827131252735853,,,,,,,,0.3486280455706174,0.7885936907750755,0.43243104410299316
d2_beef_uncontrolled|tcn|regression|seed06|fold04,m1_benchmark,d2_beef_uncontrolled,tcn,regression,6,4,16,1.1.0,real,True,ok,6435,2145,3,1,3,1,3.599501207936555,,,,,,,,1.4317884599665458,-1.732720143631064,1.5020931518457281
d2_beef_uncontrolled|tcn|regression|seed07|fold00,m1_benchmark,d2_beef_uncontrolled,tcn,regression,7,0,16,1.1.0,real,True,ok,6435,2145,3,1,3,1,3.5771277910098433,,,,,,,,0.3694884446180236,0.787317769936924,0.4376417296472177
d2_beef_uncontrolled|tcn|regression|seed07|fold01,m1_benchmark,d2_beef_uncontrolled,tcn,regression,7,1,16,1.1.0,real,True,ok,6435,2145,3,1,3,1,3.693990542087704,,,,,,,,2.143296772217106,-7.13496638693516,2.378612421910043
d2_beef_uncontrolled|tcn|regression|seed07|fold02,m1_benchmark,d2_beef_uncontrolled,tcn,regression,7,2,16,1.1.0,real,True,ok,6435,2145,3,1,3,1,3.6695309593342245,,,,,,,,1.5046855013482756,-2.021719553980841,1.6207984755201095
d2_beef_uncontrolled|tcn|regression|seed07|fold03,m1_benchmark,d2_beef_uncontrolled,tcn,regression,7,3,16,1.1.0,real,True,ok,6435,2145,3,1,3,1,3.6664499593898654,,,,,,,,0.6155535344237113,0.36763151292234997,0.7225774379424259
d2_beef_uncontrolled|tcn|regression|seed07|fold04,m1_benchmark,d2_beef_uncontrolled,tcn,regression,7,4,16,1.1.0,real,True,ok,6435,2145,3,1,3,1,3.7981495829299092,,,,,,,,0.5442844476593026,0.5271851556384008,0.6467008677318604
d2_beef_uncontrolled|tcn|regression|seed08|fold00,m1_benchmark,d2_beef_uncontrolled,tcn,regression,8,0,16,1.1.0,real,True,ok,6435,2145,3,1,3,1,3.668449917342514,,,,,,,,0.40191897640067514,0.6861998204835664,0.5268469691590242
d2_beef_uncontrolled|tcn|regression|seed08|fold01,m1_benchmark,d2_beef_uncontrolled,tcn,regression,8,1,16,1.1.0,real,True,ok,6435,2145,3,1,3,1,3.667066707741469,,,,,,,,3.7349983936500086,-27.211620287011453,4.429552119589792
d2_beef_uncontrolled|tcn|regression|seed08|fold02,m1_benchmark,d2_beef_uncontrolled,tcn,regression,8,2,16,1.1.0,real,True,ok,6435,2145,3,1,3,1,3.593510165810585,,,,,,,,1.602095356643652,-2.4785784893138727,1.6947287248969225
d2_beef_uncontrolled|tcn|regression|seed08|fold03,m1_benchmark,d2_beef_uncontrolled,tcn,regression,8,3,16,1.1.0,real,True,ok,6435,2145,3,1,3,1,3.6600731248036027,,,,,,,,0.32453512368365095,0.8054960371526787,0.41852109231323786
d2_beef_uncontrolled|tcn|regression|seed08|fold04,m1_benchmark,d2_beef_uncontrolled,tcn,regression,8,4,16,1.1.0,real,True,ok,6435,2145,3,1,3,1,3.6340792500413954,,,,,,,,3.4058945958326685,-13.080767432507818,3.4987676695998067
d2_beef_uncontrolled|tcn|regression|seed09|fold00,m1_benchmark,d2_beef_uncontrolled,tcn,regression,9,0,16,1.1.0,real,True,ok,6435,2145,3,1,3,1,3.6278775832615793,,,,,,,,1.041109049436462,-0.9505202832859536,1.3021984602045904
d2_beef_uncontrolled|tcn|regression|seed09|fold01,m1_benchmark,d2_beef_uncontrolled,tcn,regression,9,1,16,1.1.0,real,True,ok,6435,2145,3,1,3,1,3.5791137497872114,,,,,,,,0.3765500411386511,0.6951263817918153,0.5192993925937434
d2_beef_uncontrolled|tcn|regression|seed09|fold02,m1_benchmark,d2_beef_uncontrolled,tcn,regression,9,2,16,1.1.0,real,True,ok,6435,2145,3,1,3,1,3.6002886667847633,,,,,,,,4.375092684834907,-33.99894454926393,4.933706099374121
d2_beef_uncontrolled|tcn|regression|seed09|fold03,m1_benchmark,d2_beef_uncontrolled,tcn,regression,9,3,16,1.1.0,real,True,ok,6435,2145,3,1,3,1,3.6809817920438945,,,,,,,,0.4466412919895554,0.6352353514967889,0.5731383827639004
d2_beef_uncontrolled|tcn|regression|seed09|fold04,m1_benchmark,d2_beef_uncontrolled,tcn,regression,9,4,16,1.1.0,real,True,ok,6435,2145,3,1,3,1,3.5846637496724725,,,,,,,,0.8101075138441074,-0.08964520721908453,0.948509846278961
d3_rainbow_trout|cnn1d|classification|seed00|fold00,m1_benchmark,d3_rainbow_trout,cnn1d,classification,0,0,16,1.1.0,real,True,ok,12899,3570,36,13,124,34,4.127801124937832,0.9526610644257703,0.9966131267321743,True,4.0,0.9283630952380952,require_all_classes,0.8871461324535332,,,
d3_rainbow_trout|cnn1d|classification|seed00|fold01,m1_benchmark,d3_rainbow_trout,cnn1d,classification,0,1,16,1.1.0,real,True,ok,12755,5461,37,13,122,52,4.50564004201442,0.9544039553195386,0.997834502766151,True,4.0,0.9431111111111111,require_all_classes,0.9370507128657544,,,
d3_rainbow_trout|cnn1d|classification|seed00|fold02,m1_benchmark,d3_rainbow_trout,cnn1d,classification,0,2,16,1.1.0,real,True,ok,13441,3714,38,12,128,36,3.8878031661733985,0.8613354873451804,0.9943283191829704,True,4.0,0.8264581026208933,require_all_classes,0.8261013199988472,,,
d3_rainbow_trout|cnn1d|classification|seed00|fold03,m1_benchmark,d3_rainbow_trout,cnn1d,classification,0,3,16,1.1.0,real,True,ok,12745,4775,38,12,122,46,3.802627041004598,1.0,1.0,True,4.0,1.0,require_all_classes,1.0,,,
d3_rainbow_trout|cnn1d|classification|seed00|fold04,m1_benchmark,d3_rainbow_trout,cnn1d,classification,0,4,16,1.1.0,real,True,ok,13950,4410,37,12,134,42,4.244583833031356,0.9712018140589569,0.9992637734105988,True,4.0,0.9496031746031746,require_all_classes,0.9391435463864456,,,
d3_rainbow_trout|cnn1d|classification|seed01|fold00,m1_benchmark,d3_rainbow_trout,cnn1d,classification,1,0,16,1.1.0,real,True,ok,12009,5671,36,13,115,54,4.504743124824017,0.9585611003350379,0.9986324942414561,True,4.0,0.9319060867100464,require_all_classes,0.9373388560172624,,,
d3_rainbow_trout|cnn1d|classification|seed01|fold01,m1_benchmark,d3_rainbow_trout,cnn1d,classification,1,1,16,1.1.0,real,True,ok,13231,4250,37,13,126,41,5.7015405828133225,0.9315294117647058,0.972262080968662,True,4.0,0.8880231400418855,require_all_classes,0.8836495706919685,,,
d3_rainbow_trout|cnn1d|classification|seed01|fold02,m1_benchmark,d3_rainbow_trout,cnn1d,classification,1,2,16,1.1.0,real,True,ok,13386,4449,38,12,128,43,4.913402958307415,1.0,1.0,True,4.0,1.0,require_all_classes,1.0,,,
d3_rainbow_trout|cnn1d|classification|seed01|fold03,m1_benchmark,d3_rainbow_trout,cnn1d,classification,1,3,16,1.1.0,real,True,ok,14370,4095,38,12,138,39,4.103851624764502,1.0,1.0,True,4.0,1.0,require_all_classes,1.0,,,
d3_rainbow_trout|cnn1d|classification|seed01|fold04,m1_benchmark,d3_rainbow_trout,cnn1d,classification,1,4,16,1.1.0,real,True,ok,12794,3465,37,12,123,33,3.743168958928436,1.0,1.0,True,4.0,1.0,require_all_classes,1.0,,,
d3_rainbow_trout|cnn1d|classification|seed02|fold00,m1_benchmark,d3_rainbow_trout,cnn1d,classification,2,0,16,1.1.0,real,True,ok,12795,5040,36,13,123,48,4.811400332953781,0.9369047619047619,0.9954911586650779,True,4.0,0.8780357142857143,require_all_classes,0.8850008335713171,,,
d3_rainbow_trout|cnn1d|classification|seed02|fold01,m1_benchmark,d3_rainbow_trout,cnn1d,classification,2,1,16,1.1.0,real,True,ok,13480,4095,37,13,129,39,6.2424329170025885,0.9992673992673993,1.0,True,4.0,0.9996031746031746,require_all_classes,0.9990891789938653,,,
d3_rainbow_trout|cnn1d|classification|seed02|fold02,m1_benchmark,d3_rainbow_trout,cnn1d,classification,2,2,16,1.1.0,real,True,ok,13164,4355,38,12,126,42,3.802110666874796,0.9242250287026407,0.9964657886413288,True,4.0,0.9056888039496735,require_all_classes,0.9083466138935365,,,
d3_rainbow_trout|cnn1d|classification|seed02|fold03,m1_benchmark,d3_rainbow_trout,cnn1d,classification,2,3,16,1.1.0,real,True,ok,13490,4411,38,12,129,42,3.8506150413304567,0.9789163454998866,0.9968768380369567,True,4.0,0.9876984126984127,require_all_classes,0.9765353886248382,,,
d3_rainbow_trout|cnn1d|classification|seed02|fold04,m1_benchmark,d3_rainbow_trout,cnn1d,classification,2,4,16,1.1.0,real,True,ok,12861,4029,37,12,123,39,3.7029512082226574,1.0,1.0,True,4.0,1.0,require_all_classes,1.0,,,
d3_rainbow_trout|cnn1d|classification|seed03|fold00,m1_benchmark,d3_rainbow_trout,cnn1d,classification,3,0,16,1.1.0,real,True,ok,11850,5145,36,13,114,49,3.492311583366245,0.9418853255587949,0.994272361061049,True,4.0,0.9345833333333333,require_all_classes,0.9369087392298223,,,
d3_rainbow_trout|cnn1d|classification|seed03|fold01,m1_benchmark,d3_rainbow_trout,cnn1d,classification,3,1,16,1.1.0,real,True,ok,12584,4935,37,13,121,47,4.297479792032391,0.9574468085106383,0.9999912785627072,True,4.0,0.9375,require_all_classes,0.9365079365079365,,,
d3_rainbow_trout|cnn1d|classification|seed03|fold02,m1_benchmark,d3_rainbow_trout,cnn1d,classification,3,2,16,1.1.0,real,True,ok,13269,4411,38,12,127,42,4.049859500024468,0.9687145771933802,0.999969773878636,True,4.0,0.9589774078478003,require_all_classes,0.952977328826525,,,
d3_rainbow_trout|cnn1d|classification|seed03|fold03,m1_benchmark,d3_rainbow_trout,cnn1d,classification,3,3,16,1.1.0,real,True,ok,14491,4250,38,12,138,41,4.420616999734193,0.9767058823529412,1.0,True,4.0,0.9799470899470899,require_all_classes,0.9558177522668935,,,
d3_rainbow_trout|cnn1d|classification|seed03|fold04,m1_benchmark,d3_rainbow_trout,cnn1d,classification,3,4,16,1.1.0,real,True,ok,13596,3189,37,12,130,31,3.988290916197002,1.0,1.0,True,4.0,1.0,require_all_classes,1.0,,,
d3_rainbow_trout|cnn1d|classification|seed04|fold00,m1_benchmark,d3_rainbow_trout,cnn1d,classification,4,0,16,1.1.0,real,True,ok,12059,5040,36,13,116,48,3.569581124931574,0.9597222222222223,0.9929081265841426,True,4.0,0.930952380952381,require_all_classes,0.9275693701977372,,,
d3_rainbow_trout|cnn1d|classification|seed04|fold01,m1_benchmark,d3_rainbow_trout,cnn1d,classification,4,1,16,1.1.0,real,True,ok,12860,4831,37,13,123,46,3.8871955829672515,1.0,1.0,True,4.0,1.0,require_all_classes,1.0,,,
d3_rainbow_trout|cnn1d|classification|seed04|fold02,m1_benchmark,d3_rainbow_trout,cnn1d,classification,4,2,16,1.1.0,real,True,ok,13336,4239,38,12,127,41,3.863377542234957,0.965793819297004,0.9997708084553056,True,4.0,0.9344771241830065,require_all_classes,0.9561472957953501,,,
d3_rainbow_trout|cnn1d|classification|seed04|fold03,m1_benchmark,d3_rainbow_trout,cnn1d,classification,4,3,16,1.1.0,real,True,ok,14110,4355,38,12,135,42,4.796875958796591,0.9997703788748565,1.0,True,4.0,0.9996323529411765,require_all_classes,0.9996673202073646,,,
d3_rainbow_trout|cnn1d|classification|seed04|fold04,m1_benchmark,d3_rainbow_trout,cnn1d,classification,4,4,16,1.1.0,real,True,ok,13425,3465,37,12,129,33,3.8847197080031037,0.984992784992785,1.0,True,4.0,0.9887179487179487,require_all_classes,0.9843700320289857,,,
d3_rainbow_trout|cnn1d|classification|seed05|fold00,m1_benchmark,d3_rainbow_trout,cnn1d,classification,5,0,16,1.1.0,real,True,ok,12324,4935,36,13,118,47,3.827207458205521,0.9868287740628167,1.0,True,4.0,0.9778911564625851,require_all_classes,0.9846240816377616,,,
d3_rainbow_trout|cnn1d|classification|seed05|fold01,m1_benchmark,d3_rainbow_trout,cnn1d,classification,5,1,16,1.1.0,real,True,ok,13020,4671,37,13,124,45,3.869762583170086,0.9554699207878399,0.9963702285187445,True,4.0,0.9431687675070028,require_all_classes,0.9503512744214787,,,
d3_rainbow_trout|cnn1d|classification|seed05|fold02,m1_benchmark,d3_rainbow_trout,cnn1d,classification,5,2,16,1.1.0,real,True,ok,13806,4239,38,12,132,41,4.39864212507382,1.0,1.0,True,4.0,1.0,require_all_classes,1.0,,,
d3_rainbow_trout|cnn1d|classification|seed05|fold03,m1_benchmark,d3_rainbow_trout,cnn1d,classification,5,3,16,1.1.0,real,True,ok,13845,3885,38,12,133,37,4.055318375118077,0.972972972972973,0.9992458599601457,True,4.0,0.95,require_all_classes,0.9444444444444444,,,
d3_rainbow_trout|cnn1d|classification|seed05|fold04,m1_benchmark,d3_rainbow_trout,cnn1d,classification,5,4,16,1.1.0,real,True,ok,12795,4200,37,12,123,40,4.1551043330691755,0.9792857142857143,0.9974247529576328,True,4.0,0.9704081632653061,require_all_classes,0.9765523391063091,,,
d3_rainbow_trout|cnn1d|classification|seed06|fold00,m1_benchmark,d3_rainbow_trout,cnn1d,classification,6,0,16,1.1.0,real,True,ok,13005,3570,36,13,125,34,3.916355791967362,0.9845938375350141,0.9992864102032688,True,4.0,0.9708333333333333,require_all_classes,0.9645131985250012,,,
d3_rainbow_trout|cnn1d|classification|seed06|fold01,m1_benchmark,d3_rainbow_trout,cnn1d,classification,6,1,16,1.1.0,real,True,ok,12375,5355,37,13,119,51,3.7102048750966787,0.9734827264239029,0.99831909764812,True,4.0,0.9561649659863946,require_all_classes,0.9548957429164233,,,
d3_rainbow_trout|cnn1d|classification|seed06|fold02,m1_benchmark,d3_rainbow_trout,cnn1d,classification,6,2,16,1.1.0,real,True,ok,13059,4200,38,12,125,40,3.9588248329237103,0.9742857142857143,0.9870081815506385,True,4.0,0.9571428571428572,require_all_classes,0.957306762020439,,,
d3_rainbow_trout|cnn1d|classification|seed06|fold03,m1_benchmark,d3_rainbow_trout,cnn1d,classification,6,3,16,1.1.0,real,True,ok,13125,4671,38,12,125,45,4.329501083120704,0.9614643545279383,0.9996235757745965,True,4.0,0.9392491178393554,require_all_classes,0.9556428736271261,,,
d3_rainbow_trout|cnn1d|classification|seed06|fold04,m1_benchmark,d3_rainbow_trout,cnn1d,classification,6,4,16,1.1.0,real,True,ok,14226,4134,37,12,136,40,4.412910874933004,0.9238026124818578,0.9988291301645127,True,4.0,0.90625,require_all_classes,0.8784390791690062,,,
d3_rainbow_trout|cnn1d|classification|seed07|fold00,m1_benchmark,d3_rainbow_trout,cnn1d,classification,7,0,16,1.1.0,real,True,ok,13700,3399,36,13,131,33,4.143505500163883,0.9432185937040306,0.9915009422980301,True,4.0,0.9157509157509157,require_all_classes,0.9123490692541789,,,
d3_rainbow_trout|cnn1d|classification|seed07|fold01,m1_benchmark,d3_rainbow_trout,cnn1d,classification,7,1,16,1.1.0,real,True,ok,12639,4831,37,13,121,46,3.6642930419184268,0.9114055061063961,0.9914552943547819,True,4.0,0.8713654121068717,require_all_classes,0.8355959382898981,,,
d3_rainbow_trout|cnn1d|classification|seed07|fold02,m1_benchmark,d3_rainbow_trout,cnn1d,classification,7,2,16,1.1.0,real,True,ok,12430,4460,38,12,119,43,3.5720998751930892,1.0,1.0,True,4.0,1.0,require_all_classes,1.0,,,
d3_rainbow_trout|cnn1d|classification|seed07|fold03,m1_benchmark,d3_rainbow_trout,cnn1d,classification,7,3,16,1.1.0,real,True,ok,12690,5040,38,12,122,48,3.7036703750491142,0.9674603174603175,0.9999806062775988,True,4.0,0.960952380952381,require_all_classes,0.950030179218126,,,
d3_rainbow_trout|cnn1d|classification|seed07|fold04,m1_benchmark,d3_rainbow_trout,cnn1d,classification,7,4,16,1.1.0,real,True,ok,14331,4200,37,12,137,40,4.281269041821361,0.9492857142857143,0.9995189460506425,True,4.0,0.9365433673469388,require_all_classes,0.9338672266172882,,,
d3_rainbow_trout|cnn1d|classification|seed08|fold00,m1_benchmark,d3_rainbow_trout,cnn1d,classification,8,0,16,1.1.0,real,True,ok,13441,4344,36,13,128,42,3.9025291251018643,0.977670349907919,0.996809697614685,True,4.0,0.9570035460992907,require_all_classes,0.963868159853151,,,
d3_rainbow_trout|cnn1d|classification|seed08|fold01,m1_benchmark,d3_rainbow_trout,cnn1d,classification,8,1,16,1.1.0,real,True,ok,12849,4145,37,13,123,40,3.643741125240922,0.9920386007237636,0.9999947382267824,True,4.0,0.9950892857142857,require_all_classes,0.9899025600163858,,,
d3_rainbow_trout|cnn1d|classification|seed08|fold02,m1_benchmark,d3_rainbow_trout,cnn1d,classification,8,2,16,1.1.0,real,True,ok,12584,4936,38,12,121,47,4.1642625839449465,0.9787277147487844,0.9999995951725131,True,4.0,0.9642857142857143,require_all_classes,0.9641237012828643,,,
d3_rainbow_trout|cnn1d|classification|seed08|fold03,m1_benchmark,d3_rainbow_trout,cnn1d,classification,8,3,16,1.1.0,real,True,ok,13425,4410,38,12,129,42,3.8351762923412025,0.9761904761904762,0.9999131813219114,True,4.0,0.9583333333333334,require_all_classes,0.9705159705159705,,,
d3_rainbow_trout|cnn1d|classification|seed08|fold04,m1_benchmark,d3_rainbow_trout,cnn1d,classification,8,4,16,1.1.0,real,True,ok,13491,4095,37,12,129,39,3.821129707619548,0.9931623931623932,1.0,True,4.0,0.9866666666666667,require_all_classes,0.9866571784380004,,,
d3_rainbow_trout|cnn1d|classification|seed09|fold00,m1_benchmark,d3_rainbow_trout,cnn1d,classification,9,0,16,1.1.0,real,True,ok,12535,5460,36,13,120,52,3.6124877082183957,0.9983516483516484,0.9999922254616131,True,4.0,0.996938775510204,require_all_classes,0.9966869092868481,,,
d3_rainbow_trout|cnn1d|classification|seed09|fold01,m1_benchmark,d3_rainbow_trout,cnn1d,classification,9,1,16,1.1.0,real,True,ok,13231,3935,37,13,126,38,3.7296590828336775,0.9796696315120712,0.9995204866876719,True,4.0,0.9810749299719888,require_all_classes,0.9754346532016327,,,
d3_rainbow_trout|cnn1d|classification|seed09|fold02,m1_benchmark,d3_rainbow_trout,cnn1d,classification,9,2,16,1.1.0,real,True,ok,13281,4764,38,12,127,46,3.778446499723941,0.9779596977329975,0.998653044742762,True,4.0,0.9428104575163399,require_all_classes,0.9510455104551045,,,
d3_rainbow_trout|cnn1d|classification|seed09|fold03,m1_benchmark,d3_rainbow_trout,cnn1d,classification,9,3,16,1.1.0,real,True,ok,14159,3885,38,12,136,37,4.0540168331936,0.9912483912483913,0.9999742063492063,True,4.0,0.9838095238095238,require_all_classes,0.9889642602777668,,,
d3_rainbow_trout|cnn1d|classification|seed09|fold04,m1_benchmark,d3_rainbow_trout,cnn1d,classification,9,4,16,1.1.0,real,True,ok,12584,3886,37,12,121,37,3.5568313342519104,0.9727225939269172,0.9896372911639836,True,4.0,0.9600793650793651,require_all_classes,0.9631447154628181,,,
d3_rainbow_trout|cnn1d|regression|seed00|fold00,m1_benchmark,d3_rainbow_trout,cnn1d,regression,0,0,16,1.1.0,real,True,ok,12899,3570,36,13,124,34,4.200181209016591,,,,,,,,0.11117871295704554,0.9850729132156251,0.1627609060483028
d3_rainbow_trout|cnn1d|regression|seed00|fold01,m1_benchmark,d3_rainbow_trout,cnn1d,regression,0,1,16,1.1.0,real,True,ok,12755,5461,37,13,122,52,4.288765542209148,,,,,,,,0.1399444022280811,0.9728049091752229,0.21013633150058134
d3_rainbow_trout|cnn1d|regression|seed00|fold02,m1_benchmark,d3_rainbow_trout,cnn1d,regression,0,2,16,1.1.0,real,True,ok,13441,3714,38,12,128,36,3.8247079579159617,,,,,,,,0.14053439202973717,0.9517490860104167,0.28435413213731986
d3_rainbow_trout|cnn1d|regression|seed00|fold03,m1_benchmark,d3_rainbow_trout,cnn1d,regression,0,3,16,1.1.0,real,True,ok,12745,4775,38,12,122,46,3.7712016659788787,,,,,,,,0.0909301013487172,0.9910640931404735,0.12986406573264173
d3_rainbow_trout|cnn1d|regression|seed00|fold04,m1_benchmark,d3_rainbow_trout,cnn1d,regression,0,4,16,1.1.0,real,True,ok,13950,4410,37,12,134,42,4.146532041020691,,,,,,,,0.08640608230469721,0.9904753319037424,0.1335682872076409
d3_rainbow_trout|cnn1d|regression|seed01|fold00,m1_benchmark,d3_rainbow_trout,cnn1d,regression,1,0,16,1.1.0,real,True,ok,12009,5671,36,13,115,54,5.461495041847229,,,,,,,,0.15281281365811822,0.9756729422896319,0.21785209961304983
d3_rainbow_trout|cnn1d|regression|seed01|fold01,m1_benchmark,d3_rainbow_trout,cnn1d,regression,1,1,16,1.1.0,real,True,ok,13231,4250,37,13,126,41,5.757872249931097,,,,,,,,0.14625285756503834,0.9609426115660655,0.25358487628400744
d3_rainbow_trout|cnn1d|regression|seed01|fold02,m1_benchmark,d3_rainbow_trout,cnn1d,regression,1,2,16,1.1.0,real,True,ok,13386,4449,38,12,128,43,4.766355125233531,,,,,,,,0.10071442693237458,0.9890580778818948,0.1386196628001717
d3_rainbow_trout|cnn1d|regression|seed01|fold03,m1_benchmark,d3_rainbow_trout,cnn1d,regression,1,3,16,1.1.0,real,True,ok,14370,4095,38,12,138,39,4.1389025412499905,,,,,,,,0.05698702605390723,0.995179239948968,0.09182879375344447
d3_rainbow_trout|cnn1d|regression|seed01|fold04,m1_benchmark,d3_rainbow_trout,cnn1d,regression,1,4,16,1.1.0,real,True,ok,12794,3465,37,12,123,33,4.162665540818125,,,,,,,,0.08628619545500339,0.9889655413283571,0.1404592665001183
d3_rainbow_trout|cnn1d|regression|seed02|fold00,m1_benchmark,d3_rainbow_trout,cnn1d,regression,2,0,16,1.1.0,real,True,ok,12795,5040,36,13,123,48,3.8630732498131692,,,,,,,,0.0831923320615103,0.9885289760769279,0.14401484616214988
d3_rainbow_trout|cnn1d|regression|seed02|fold01,m1_benchmark,d3_rainbow_trout,cnn1d,regression,2,1,16,1.1.0,real,True,ok,13480,4095,37,13,129,39,9.121140583883971,,,,,,,,0.07694137763744166,0.9892759547730097,0.13657883420393588
d3_rainbow_trout|cnn1d|regression|seed02|fold02,m1_benchmark,d3_rainbow_trout,cnn1d,regression,2,2,16,1.1.0,real,True,ok,13164,4355,38,12,126,42,3.7004606667906046,,,,,,,,0.14707433231498293,0.9660520085948225,0.25528060857958434
d3_rainbow_trout|cnn1d|regression|seed02|fold03,m1_benchmark,d3_rainbow_trout,cnn1d,regression,2,3,16,1.1.0,real,True,ok,13490,4411,38,12,129,42,3.82660866715014,,,,,,,,0.110056797045749,0.9752981946652749,0.2116130875520552
d3_rainbow_trout|cnn1d|regression|seed02|fold04,m1_benchmark,d3_rainbow_trout,cnn1d,regression,2,4,16,1.1.0,real,True,ok,12861,4029,37,12,123,39,3.6385389999486506,,,,,,,,0.09862005379810085,0.9819945022338485,0.17420193973512751
d3_rainbow_trout|cnn1d|regression|seed03|fold00,m1_benchmark,d3_rainbow_trout,cnn1d,regression,3,0,16,1.1.0,real,True,ok,11850,5145,36,13,114,49,3.4257894163019955,,,,,,,,0.1677313967001334,0.954468746019799,0.2920572734049495
d3_rainbow_trout|cnn1d|regression|seed03|fold01,m1_benchmark,d3_rainbow_trout,cnn1d,regression,3,1,16,1.1.0,real,True,ok,12584,4935,37,13,121,47,5.020705083850771,,,,,,,,0.1479787533053753,0.9760267002974926,0.1983926989134579
d3_rainbow_trout|cnn1d|regression|seed03|fold02,m1_benchmark,d3_rainbow_trout,cnn1d,regression,3,2,16,1.1.0,real,True,ok,13269,4411,38,12,127,42,3.861815958749503,,,,,,,,0.12404236864649071,0.9705781990063701,0.22992582133065276
d3_rainbow_trout|cnn1d|regression|seed03|fold03,m1_benchmark,d3_rainbow_trout,cnn1d,regression,3,3,16,1.1.0,real,True,ok,14491,4250,38,12,138,41,4.984355167020112,,,,,,,,0.12245603517868942,0.9822510753842659,0.17961818606800622
d3_rainbow_trout|cnn1d|regression|seed03|fold04,m1_benchmark,d3_rainbow_trout,cnn1d,regression,3,4,16,1.1.0,real,True,ok,13596,3189,37,12,130,31,3.9884432908147573,,,,,,,,0.06403105702584133,0.9940650074075149,0.09993407683435418
d3_rainbow_trout|cnn1d|regression|seed04|fold00,m1_benchmark,d3_rainbow_trout,cnn1d,regression,4,0,16,1.1.0,real,True,ok,12059,5040,36,13,116,48,3.4512584577314556,,,,,,,,0.12860818696778925,0.9707140227613852,0.2272226647781671
d3_rainbow_trout|cnn1d|regression|seed04|fold01,m1_benchmark,d3_rainbow_trout,cnn1d,regression,4,1,16,1.1.0,real,True,ok,12860,4831,37,13,123,46,3.800400249660015,,,,,,,,0.0927519394640251,0.9855238224764022,0.16318764173317624
d3_rainbow_trout|cnn1d|regression|seed04|fold02,m1_benchmark,d3_rainbow_trout,cnn1d,regression,4,2,16,1.1.0,real,True,ok,13336,4239,38,12,127,41,3.827092958148569,,,,,,,,0.11788122412449185,0.9722806327066027,0.2152244821475208
d3_rainbow_trout|cnn1d|regression|seed04|fold03,m1_benchmark,d3_rainbow_trout,cnn1d,regression,4,3,16,1.1.0,real,True,ok,14110,4355,38,12,135,42,4.24688820913434,,,,,,,,0.10213276688568085,0.981220027759238,0.1868035912347932
d3_rainbow_trout|cnn1d|regression|seed04|fold04,m1_benchmark,d3_rainbow_trout,cnn1d,regression,4,4,16,1.1.0,real,True,ok,13425,3465,37,12,129,33,3.8531932081095874,,,,,,,,0.09631042435881383,0.9852026600485736,0.16558609905668106
d3_rainbow_trout|cnn1d|regression|seed05|fold00,m1_benchmark,d3_rainbow_trout,cnn1d,regression,5,0,16,1.1.0,real,True,ok,12324,4935,36,13,118,47,3.6706835832446814,,,,,,,,0.09172074396197193,0.986175960569354,0.15812902120801312
d3_rainbow_trout|cnn1d|regression|seed05|fold01,m1_benchmark,d3_rainbow_trout,cnn1d,regression,5,1,16,1.1.0,real,True,ok,13020,4671,37,13,124,45,3.866321708075702,,,,,,,,0.131213004802948,0.9675077794627736,0.23131855053808495
d3_rainbow_trout|cnn1d|regression|seed05|fold02,m1_benchmark,d3_rainbow_trout,cnn1d,regression,5,2,16,1.1.0,real,True,ok,13806,4239,38,12,132,41,4.307636667042971,,,,,,,,0.11209159413945374,0.9749804427118806,0.20432618930973862
d3_rainbow_trout|cnn1d|regression|seed05|fold03,m1_benchmark,d3_rainbow_trout,cnn1d,regression,5,3,16,1.1.0,real,True,ok,13845,3885,38,12,133,37,4.0555530418641865,,,,,,,,0.11839667006533124,0.984962404786217,0.16039972940504615
d3_rainbow_trout|cnn1d|regression|seed05|fold04,m1_benchmark,d3_rainbow_trout,cnn1d,regression,5,4,16,1.1.0,real,True,ok,12795,4200,37,12,123,40,3.9698640829883516,,,,,,,,0.12193714941115608,0.9777042454707711,0.21839276541104236
d3_rainbow_trout|cnn1d|regression|seed06|fold00,m1_benchmark,d3_rainbow_trout,cnn1d,regression,6,0,16,1.1.0,real,True,ok,13005,3570,36,13,125,34,4.306484499946237,,,,,,,,0.11999181862304863,0.9762778367698987,0.20480844125685033
d3_rainbow_trout|cnn1d|regression|seed06|fold01,m1_benchmark,d3_rainbow_trout,cnn1d,regression,6,1,16,1.1.0,real,True,ok,12375,5355,37,13,119,51,4.086357082705945,,,,,,,,0.11665291908541987,0.9871481860449733,0.15516505393667884
d3_rainbow_trout|cnn1d|regression|seed06|fold02,m1_benchmark,d3_rainbow_trout,cnn1d,regression,6,2,16,1.1.0,real,True,ok,13059,4200,38,12,125,40,3.9822062077000737,,,,,,,,0.132188082200005,0.9697447672809129,0.22943650052295608
d3_rainbow_trout|cnn1d|regression|seed06|fold03,m1_benchmark,d3_rainbow_trout,cnn1d,regression,6,3,16,1.1.0,real,True,ok,13125,4671,38,12,125,45,4.5475040837191045,,,,,,,,0.15322821528721206,0.9600198269625462,0.2674416413737816
d3_rainbow_trout|cnn1d|regression|seed06|fold04,m1_benchmark,d3_rainbow_trout,cnn1d,regression,6,4,16,1.1.0,real,True,ok,14226,4134,37,12,136,40,4.1420577499084175,,,,,,,,0.07592951580586502,0.9940490696859194,0.10348864086132255
d3_rainbow_trout|cnn1d|regression|seed07|fold00,m1_benchmark,d3_rainbow_trout,cnn1d,regression,7,0,16,1.1.0,real,True,ok,13700,3399,36,13,131,33,4.011236083228141,,,,,,,,0.12149275891392959,0.961176030192222,0.27425998552545616
d3_rainbow_trout|cnn1d|regression|seed07|fold01,m1_benchmark,d3_rainbow_trout,cnn1d,regression,7,1,16,1.1.0,real,True,ok,12639,4831,37,13,121,46,3.6250139996409416,,,,,,,,0.10782030361035773,0.9802778969418229,0.18357879384444797
d3_rainbow_trout|cnn1d|regression|seed07|fold02,m1_benchmark,d3_rainbow_trout,cnn1d,regression,7,2,16,1.1.0,real,True,ok,12430,4460,38,12,119,43,3.5174307920970023,,,,,,,,0.08743933149945045,0.9908870449050934,0.12530211115384543
d3_rainbow_trout|cnn1d|regression|seed07|fold03,m1_benchmark,d3_rainbow_trout,cnn1d,regression,7,3,16,1.1.0,real,True,ok,12690,5040,38,12,122,48,3.6679159170016646,,,,,,,,0.1553490190203228,0.9648846075529975,0.24713621809554182
d3_rainbow_trout|cnn1d|regression|seed07|fold04,m1_benchmark,d3_rainbow_trout,cnn1d,regression,7,4,16,1.1.0,real,True,ok,14331,4200,37,12,137,40,4.266644374933094,,,,,,,,0.1149057480062758,0.982900567587483,0.18174013404366274
d3_rainbow_trout|cnn1d|regression|seed08|fold00,m1_benchmark,d3_rainbow_trout,cnn1d,regression,8,0,16,1.1.0,real,True,ok,13441,4344,36,13,128,42,3.851842666976154,,,,,,,,0.13679927083010182,0.963064883438184,0.26828373463910565
d3_rainbow_trout|cnn1d|regression|seed08|fold01,m1_benchmark,d3_rainbow_trout,cnn1d,regression,8,1,16,1.1.0,real,True,ok,12849,4145,37,13,123,40,3.93138145795092,,,,,,,,0.12310095738961989,0.9821635266096091,0.18280800418866844
d3_rainbow_trout|cnn1d|regression|seed08|fold02,m1_benchmark,d3_rainbow_trout,cnn1d,regression,8,2,16,1.1.0,real,True,ok,12584,4936,38,12,121,47,4.0832596672698855,,,,,,,,0.12413415378264515,0.9756615289253776,0.21358991947981465
d3_rainbow_trout|cnn1d|regression|seed08|fold03,m1_benchmark,d3_rainbow_trout,cnn1d,regression,8,3,16,1.1.0,real,True,ok,13425,4410,38,12,129,42,3.7772922082804143,,,,,,,,0.09638015252716685,0.9854793214770265,0.1610969968209256
d3_rainbow_trout|cnn1d|regression|seed08|fold04,m1_benchmark,d3_rainbow_trout,cnn1d,regression,8,4,16,1.1.0,real,True,ok,13491,4095,37,12,129,39,3.76147612510249,,,,,,,,0.12517455656216986,0.9730751919931457,0.19710457729411673
d3_rainbow_trout|cnn1d|regression|seed09|fold00,m1_benchmark,d3_rainbow_trout,cnn1d,regression,9,0,16,1.1.0,real,True,ok,12535,5460,36,13,120,52,3.524849833920598,,,,,,,,0.08174301220820508,0.9923029329137457,0.11897567019497883
d3_rainbow_trout|cnn1d|regression|seed09|fold01,m1_benchmark,d3_rainbow_trout,cnn1d,regression,9,1,16,1.1.0,real,True,ok,13231,3935,37,13,126,38,3.685205874964595,,,,,,,,0.10238077041548423,0.9863469511323397,0.15001649581370932
d3_rainbow_trout|cnn1d|regression|seed09|fold02,m1_benchmark,d3_rainbow_trout,cnn1d,regression,9,2,16,1.1.0,real,True,ok,13281,4764,38,12,127,46,3.726373125333339,,,,,,,,0.13137622318780295,0.9786655129041117,0.1900762488035301
d3_rainbow_trout|cnn1d|regression|seed09|fold03,m1_benchmark,d3_rainbow_trout,cnn1d,regression,9,3,16,1.1.0,real,True,ok,14159,3885,38,12,136,37,3.9955378747545183,,,,,,,,0.10063114192771182,0.983560721120977,0.17625595446711625
d3_rainbow_trout|cnn1d|regression|seed09|fold04,m1_benchmark,d3_rainbow_trout,cnn1d,regression,9,4,16,1.1.0,real,True,ok,12584,3886,37,12,121,37,3.5972761660814285,,,,,,,,0.17835903416573232,0.9558914101304472,0.289308716486262
d3_rainbow_trout|esn|classification|seed00|fold00,m1_benchmark,d3_rainbow_trout,esn,classification,0,0,16,1.1.0,real,True,ok,12899,3570,36,13,124,34,1.9496977496892214,0.9736694677871148,0.9971017573696145,True,4.0,0.9732440476190476,require_all_classes,0.947267592629142,,,
d3_rainbow_trout|esn|classification|seed00|fold01,m1_benchmark,d3_rainbow_trout,esn,classification,0,1,16,1.1.0,real,True,ok,12755,5461,37,13,122,52,2.1620563748292625,0.9404870902765061,0.9696599557187707,True,4.0,0.9473638583638584,require_all_classes,0.9339465208714992,,,
d3_rainbow_trout|esn|classification|seed00|fold02,m1_benchmark,d3_rainbow_trout,esn,classification,0,2,16,1.1.0,real,True,ok,13441,3714,38,12,128,36,1.8001674166880548,0.9165320409262251,0.9617099951436595,True,4.0,0.896185993777356,require_all_classes,0.899489746529741,,,
d3_rainbow_trout|esn|classification|seed00|fold03,m1_benchmark,d3_rainbow_trout,esn,classification,0,3,16,1.1.0,real,True,ok,12745,4775,38,12,122,46,2.1754822502844036,0.9981151832460733,0.9983934931705336,True,4.0,0.9984693877551021,require_all_classes,0.9976804025914046,,,
d3_rainbow_trout|esn|classification|seed00|fold04,m1_benchmark,d3_rainbow_trout,esn,classification,0,4,16,1.1.0,real,True,ok,13950,4410,37,12,134,42,1.943322790786624,1.0,1.0,True,4.0,1.0,require_all_classes,1.0,,,
d3_rainbow_trout|esn|classification|seed01|fold00,m1_benchmark,d3_rainbow_trout,esn,classification,1,0,16,1.1.0,real,True,ok,12009,5671,36,13,115,54,2.0675487923435867,0.9733733027684711,0.9913090679847953,True,4.0,0.966275613506272,require_all_classes,0.9742269578408056,,,
d3_rainbow_trout|esn|classification|seed01|fold01,m1_benchmark,d3_rainbow_trout,esn,classification,1,1,16,1.1.0,real,True,ok,13231,4250,37,13,126,41,2.509093207772821,0.944,0.9340290321816389,True,4.0,0.9153328526796443,require_all_classes,0.9244241247945917,,,
d3_rainbow_trout|esn|classification|seed01|fold02,m1_benchmark,d3_rainbow_trout,esn,classification,1,2,16,1.1.0,real,True,ok,13386,4449,38,12,128,43,2.341049916110933,0.9696561024949427,0.9997209764892454,True,4.0,0.9821428571428572,require_all_classes,0.9700053101023128,,,
d3_rainbow_trout|esn|classification|seed01|fold03,m1_benchmark,d3_rainbow_trout,esn,classification,1,3,16,1.1.0,real,True,ok,14370,4095,38,12,138,39,1.8216885421425104,0.9995115995115995,1.0,True,4.0,0.9997354497354497,require_all_classes,0.9990765156033263,,,
d3_rainbow_trout|esn|classification|seed01|fold04,m1_benchmark,d3_rainbow_trout,esn,classification,1,4,16,1.1.0,real,True,ok,12794,3465,37,12,123,33,1.7137356246821582,0.9968253968253968,0.9999939474536682,True,4.0,0.997089947089947,require_all_classes,0.9953049631995416,,,
d3_rainbow_trout|esn|classification|seed02|fold00,m1_benchmark,d3_rainbow_trout,esn,classification,2,0,16,1.1.0,real,True,ok,12795,5040,36,13,123,48,2.011906750034541,0.9654761904761905,0.996959233547814,True,4.0,0.9367602040816327,require_all_classes,0.9401421596410245,,,
d3_rainbow_trout|esn|classification|seed02|fold01,m1_benchmark,d3_rainbow_trout,esn,classification,2,1,16,1.1.0,real,True,ok,13480,4095,37,13,129,39,2.1872782497666776,0.9682539682539683,0.9997520666114771,True,4.0,0.9759920634920635,require_all_classes,0.9746504643552075,,,
d3_rainbow_trout|esn|classification|seed02|fold02,m1_benchmark,d3_rainbow_trout,esn,classification,2,2,16,1.1.0,real,True,ok,13164,4355,38,12,126,42,1.8492426252923906,0.9522388059701492,0.9569256126487797,True,4.0,0.9393064182194617,require_all_classes,0.9399801946275844,,,
d3_rainbow_trout|esn|classification|seed02|fold03,m1_benchmark,d3_rainbow_trout,esn,classification,2,3,16,1.1.0,real,True,ok,13490,4411,38,12,129,42,1.776153416838497,0.9682611652686466,0.989452697408193,True,4.0,0.9770502645502646,require_all_classes,0.9630198172120912,,,
d3_rainbow_trout|esn|classification|seed02|fold04,m1_benchmark,d3_rainbow_trout,esn,classification,2,4,16,1.1.0,real,True,ok,12861,4029,37,12,123,39,1.6767951669171453,1.0,1.0,True,4.0,1.0,require_all_classes,1.0,,,
d3_rainbow_trout|esn|classification|seed03|fold00,m1_benchmark,d3_rainbow_trout,esn,classification,3,0,16,1.1.0,real,True,ok,11850,5145,36,13,114,49,1.8363312920555472,0.9321671525753158,0.9580310827213889,True,4.0,0.8961649659863946,require_all_classes,0.9070639758149918,,,
d3_rainbow_trout|esn|classification|seed03|fold01,m1_benchmark,d3_rainbow_trout,esn,classification,3,1,16,1.1.0,real,True,ok,12584,4935,37,13,121,47,2.082436124794185,0.9799392097264438,0.998212290952087,True,4.0,0.9716298185941042,require_all_classes,0.971019888790186,,,
d3_rainbow_trout|esn|classification|seed03|fold02,m1_benchmark,d3_rainbow_trout,esn,classification,3,2,16,1.1.0,real,True,ok,13269,4411,38,12,127,42,1.8815579577349126,0.9870777601450919,0.9982457235954052,True,4.0,0.9897058823529412,require_all_classes,0.9866935319122099,,,
d3_rainbow_trout|esn|classification|seed03|fold03,m1_benchmark,d3_rainbow_trout,esn,classification,3,3,16,1.1.0,real,True,ok,14491,4250,38,12,138,41,1.9402974592521787,0.9832941176470589,1.0,True,4.0,0.9906084656084656,require_all_classes,0.969893373446015,,,
d3_rainbow_trout|esn|classification|seed03|fold04,m1_benchmark,d3_rainbow_trout,esn,classification,3,4,16,1.1.0,real,True,ok,13596,3189,37,12,130,31,1.6368334577418864,1.0,1.0,True,4.0,1.0,require_all_classes,1.0,,,
d3_rainbow_trout|esn|classification|seed04|fold00,m1_benchmark,d3_rainbow_trout,esn,classification,4,0,16,1.1.0,real,True,ok,12059,5040,36,13,116,48,1.8853277498856187,0.9797619047619047,0.9758361624825039,True,4.0,0.9668367346938775,require_all_classes,0.9759009119215899,,,
d3_rainbow_trout|esn|classification|seed04|fold01,m1_benchmark,d3_rainbow_trout,esn,classification,4,1,16,1.1.0,real,True,ok,12860,4831,37,13,123,46,2.7510117078199983,0.9846822604015731,0.9965135512018122,True,4.0,0.9908333333333333,require_all_classes,0.9791972948107239,,,
d3_rainbow_trout|esn|classification|seed04|fold02,m1_benchmark,d3_rainbow_trout,esn,classification,4,2,16,1.1.0,real,True,ok,13336,4239,38,12,127,41,1.8887500842101872,0.9804199103562161,0.9983901577625601,True,4.0,0.9670634920634921,require_all_classes,0.9772759083848065,,,
d3_rainbow_trout|esn|classification|seed04|fold03,m1_benchmark,d3_rainbow_trout,esn,classification,4,3,16,1.1.0,real,True,ok,14110,4355,38,12,135,42,1.9957988332025707,0.999540757749713,1.0,True,4.0,0.9995670995670995,require_all_classes,0.9994860970578476,,,
d3_rainbow_trout|esn|classification|seed04|fold04,m1_benchmark,d3_rainbow_trout,esn,classification,4,4,16,1.1.0,real,True,ok,13425,3465,37,12,129,33,1.7015720000490546,0.8987012987012987,0.9769841851270422,True,4.0,0.9295604395604395,require_all_classes,0.9060536854406567,,,
d3_rainbow_trout|esn|classification|seed05|fold00,m1_benchmark,d3_rainbow_trout,esn,classification,5,0,16,1.1.0,real,True,ok,12324,4935,36,13,118,47,1.962680459022522,0.9795339412360689,0.999514205329398,True,4.0,0.9714965986394557,require_all_classes,0.9758042911541129,,,
d3_rainbow_trout|esn|classification|seed05|fold01,m1_benchmark,d3_rainbow_trout,esn,classification,5,1,16,1.1.0,real,True,ok,13020,4671,37,13,124,45,1.9317036662250757,0.9884393063583815,0.9974532079764767,True,4.0,0.9920238095238096,require_all_classes,0.9879663567855635,,,
d3_rainbow_trout|esn|classification|seed05|fold02,m1_benchmark,d3_rainbow_trout,esn,classification,5,2,16,1.1.0,real,True,ok,13806,4239,38,12,132,41,1.8073596670292318,0.9865534324133051,0.9995811980199254,True,4.0,0.9898093395965737,require_all_classes,0.9789746896458675,,,
d3_rainbow_trout|esn|classification|seed05|fold03,m1_benchmark,d3_rainbow_trout,esn,classification,5,3,16,1.1.0,real,True,ok,13845,3885,38,12,133,37,1.7689755419269204,0.9858429858429858,0.9991598639455782,True,4.0,0.9672619047619048,require_all_classes,0.9700406375190939,,,
d3_rainbow_trout|esn|classification|seed05|fold04,m1_benchmark,d3_rainbow_trout,esn,classification,5,4,16,1.1.0,real,True,ok,12795,4200,37,12,123,40,1.8816160839051008,0.9723809523809523,0.9979814332338676,True,4.0,0.9675562532705391,require_all_classes,0.9682453641707841,,,
d3_rainbow_trout|esn|classification|seed06|fold00,m1_benchmark,d3_rainbow_trout,esn,classification,6,0,16,1.1.0,real,True,ok,13005,3570,36,13,125,34,1.7486221250146627,0.938655462184874,0.9998439041685969,True,4.0,0.9267857142857143,require_all_classes,0.8952375456164552,,,
d3_rainbow_trout|esn|classification|seed06|fold01,m1_benchmark,d3_rainbow_trout,esn,classification,6,1,16,1.1.0,real,True,ok,12375,5355,37,13,119,51,1.9998347498476505,0.9798319327731092,0.9977382964159186,True,4.0,0.9678571428571429,require_all_classes,0.9657141613212202,,,
d3_rainbow_trout|esn|classification|seed06|fold02,m1_benchmark,d3_rainbow_trout,esn,classification,6,2,16,1.1.0,real,True,ok,13059,4200,38,12,125,40,1.8517288751900196,0.9797619047619047,0.9890676701424794,True,4.0,0.9673520923520924,require_all_classes,0.9760874815911775,,,
d3_rainbow_trout|esn|classification|seed06|fold03,m1_benchmark,d3_rainbow_trout,esn,classification,6,3,16,1.1.0,real,True,ok,13125,4671,38,12,125,45,2.211261125281453,0.9588953114964676,0.9951630785913281,True,4.0,0.9602915236460716,require_all_classes,0.9555325212074142,,,
d3_rainbow_trout|esn|classification|seed06|fold04,m1_benchmark,d3_rainbow_trout,esn,classification,6,4,16,1.1.0,real,True,ok,14226,4134,37,12,136,40,1.8844712497666478,0.997822931785196,0.999191750400864,True,4.0,0.9978084415584416,require_all_classes,0.9968327245670996,,,
d3_rainbow_trout|esn|classification|seed07|fold00,m1_benchmark,d3_rainbow_trout,esn,classification,7,0,16,1.1.0,real,True,ok,13700,3399,36,13,131,33,1.6201943326741457,0.9673433362753752,0.9554384345451945,True,4.0,0.9560001169043723,require_all_classes,0.9628874867045525,,,
d3_rainbow_trout|esn|classification|seed07|fold01,m1_benchmark,d3_rainbow_trout,esn,classification,7,1,16,1.1.0,real,True,ok,12639,4831,37,13,121,46,1.7555737500078976,0.8975367418753881,0.9869440178310234,True,4.0,0.8649548950014788,require_all_classes,0.8260514546046385,,,
d3_rainbow_trout|esn|classification|seed07|fold02,m1_benchmark,d3_rainbow_trout,esn,classification,7,2,16,1.1.0,real,True,ok,12430,4460,38,12,119,43,1.7081018327735364,0.997982062780269,0.9981153407543573,True,4.0,0.9982142857142857,require_all_classes,0.9974604072250105,,,
d3_rainbow_trout|esn|classification|seed07|fold03,m1_benchmark,d3_rainbow_trout,esn,classification,7,3,16,1.1.0,real,True,ok,12690,5040,38,12,122,48,1.80805629119277,0.998015873015873,1.0,True,4.0,0.9988095238095238,require_all_classes,0.99821850716556,,,
d3_rainbow_trout|esn|classification|seed07|fold04,m1_benchmark,d3_rainbow_trout,esn,classification,7,4,16,1.1.0,real,True,ok,14331,4200,37,12,137,40,1.8497727499343455,0.9780952380952381,0.9996494664821196,True,4.0,0.9692743764172336,require_all_classes,0.9636758654385037,,,
d3_rainbow_trout|esn|classification|seed08|fold00,m1_benchmark,d3_rainbow_trout,esn,classification,8,0,16,1.1.0,real,True,ok,13441,4344,36,13,128,42,1.7847903328947723,0.9723756906077348,1.0,True,4.0,0.9744870820668693,require_all_classes,0.9680383628765502,,,
d3_rainbow_trout|esn|classification|seed08|fold01,m1_benchmark,d3_rainbow_trout,esn,classification,8,1,16,1.1.0,real,True,ok,12849,4145,37,13,123,40,1.8916070410050452,0.9949336550060314,0.9992855020270635,True,4.0,0.996875,require_all_classes,0.9935257121716612,,,
d3_rainbow_trout|esn|classification|seed08|fold02,m1_benchmark,d3_rainbow_trout,esn,classification,8,2,16,1.1.0,real,True,ok,12584,4936,38,12,121,47,2.0633782502263784,0.9864262560777958,0.9920818781971981,True,4.0,0.985204081632653,require_all_classes,0.9821709786001483,,,
d3_rainbow_trout|esn|classification|seed08|fold03,m1_benchmark,d3_rainbow_trout,esn,classification,8,3,16,1.1.0,real,True,ok,13425,4410,38,12,129,42,1.8147380826994777,0.9578231292517007,0.9963565363421354,True,4.0,0.9475589225589225,require_all_classes,0.9507546042288855,,,
d3_rainbow_trout|esn|classification|seed08|fold04,m1_benchmark,d3_rainbow_trout,esn,classification,8,4,16,1.1.0,real,True,ok,13491,4095,37,12,129,39,1.740160332992673,0.9838827838827838,0.9985823309923616,True,4.0,0.9772789115646259,require_all_classes,0.9734303980406867,,,
d3_rainbow_trout|esn|classification|seed09|fold00,m1_benchmark,d3_rainbow_trout,esn,classification,9,0,16,1.1.0,real,True,ok,12535,5460,36,13,120,52,1.898757207673043,0.976007326007326,0.9993488055154721,True,4.0,0.9783189033189034,require_all_classes,0.9708538424922767,,,
d3_rainbow_trout|esn|classification|seed09|fold01,m1_benchmark,d3_rainbow_trout,esn,classification,9,1,16,1.1.0,real,True,ok,13231,3935,37,13,126,38,1.6369852498173714,0.9578144853875477,0.9996169572855399,True,4.0,0.957405462184874,require_all_classes,0.947652099842967,,,
d3_rainbow_trout|esn|classification|seed09|fold02,m1_benchmark,d3_rainbow_trout,esn,classification,9,2,16,1.1.0,real,True,ok,13281,4764,38,12,127,46,1.7392262918874621,0.996431570109152,0.9981049402872169,True,4.0,0.9968864468864469,require_all_classes,0.9953269361929655,,,
d3_rainbow_trout|esn|classification|seed09|fold03,m1_benchmark,d3_rainbow_trout,esn,classification,9,3,16,1.1.0,real,True,ok,14159,3885,38,12,136,37,1.6641261670738459,0.984041184041184,0.9997328514739229,True,4.0,0.9715151515151514,require_all_classes,0.9794841495350086,,,
d3_rainbow_trout|esn|classification|seed09|fold04,m1_benchmark,d3_rainbow_trout,esn,classification,9,4,16,1.1.0,real,True,ok,12584,3886,37,12,121,37,1.6717765829525888,0.9397838394235718,0.9882133250919435,True,4.0,0.9195454545454546,require_all_classes,0.9296079082333468,,,
d3_rainbow_trout|esn|regression|seed00|fold00,m1_benchmark,d3_rainbow_trout,esn,regression,0,0,16,1.1.0,real,True,ok,12899,3570,36,13,124,34,1.5273530408740044,,,,,,,,0.09975181971266193,0.97875631206822,0.19416794151386937
d3_rainbow_trout|esn|regression|seed00|fold01,m1_benchmark,d3_rainbow_trout,esn,regression,0,1,16,1.1.0,real,True,ok,12755,5461,37,13,122,52,1.6060981662012637,,,,,,,,0.207401113973052,0.7931882086527712,0.5794867864910584
d3_rainbow_trout|esn|regression|seed00|fold02,m1_benchmark,d3_rainbow_trout,esn,regression,0,2,16,1.1.0,real,True,ok,13441,3714,38,12,128,36,1.4138705837540329,,,,,,,,0.11473936193450113,0.9560932482768816,0.2712516732079946
d3_rainbow_trout|esn|regression|seed00|fold03,m1_benchmark,d3_rainbow_trout,esn,regression,0,3,16,1.1.0,real,True,ok,12745,4775,38,12,122,46,1.4794453750364482,,,,,,,,0.09825430255359116,0.9398108742517995,0.33703786602797264
d3_rainbow_trout|esn|regression|seed00|fold04,m1_benchmark,d3_rainbow_trout,esn,regression,0,4,16,1.1.0,real,True,ok,13950,4410,37,12,134,42,1.4284060411155224,,,,,,,,0.08603906822278279,0.9873385287573335,0.15399992805274046
d3_rainbow_trout|esn|regression|seed01|fold00,m1_benchmark,d3_rainbow_trout,esn,regression,1,0,16,1.1.0,real,True,ok,12009,5671,36,13,115,54,1.4462922918610275,,,,,,,,0.16934844764381132,0.8800804441011854,0.48368426905377565
d3_rainbow_trout|esn|regression|seed01|fold01,m1_benchmark,d3_rainbow_trout,esn,regression,1,1,16,1.1.0,real,True,ok,13231,4250,37,13,126,41,1.7084526671096683,,,,,,,,0.15685069097093599,0.8159943850230647,0.5504112300915899
d3_rainbow_trout|esn|regression|seed01|fold02,m1_benchmark,d3_rainbow_trout,esn,regression,1,2,16,1.1.0,real,True,ok,13386,4449,38,12,128,43,1.883663957938552,,,,,,,,0.0760018715217081,0.9884962940998945,0.14213365151594362
d3_rainbow_trout|esn|regression|seed01|fold03,m1_benchmark,d3_rainbow_trout,esn,regression,1,3,16,1.1.0,real,True,ok,14370,4095,38,12,138,39,1.507026500068605,,,,,,,,0.050318617491259134,0.993927362310456,0.10306466765849268
d3_rainbow_trout|esn|regression|seed01|fold04,m1_benchmark,d3_rainbow_trout,esn,regression,1,4,16,1.1.0,real,True,ok,12794,3465,37,12,123,33,1.353824167046696,,,,,,,,0.06451069356237324,0.9917238706258976,0.12164339020545417
d3_rainbow_trout|esn|regression|seed02|fold00,m1_benchmark,d3_rainbow_trout,esn,regression,2,0,16,1.1.0,real,True,ok,12795,5040,36,13,123,48,1.5258285831660032,,,,,,,,0.08027288086698996,0.9872568290274973,0.15179061727301738
d3_rainbow_trout|esn|regression|seed02|fold01,m1_benchmark,d3_rainbow_trout,esn,regression,2,1,16,1.1.0,real,True,ok,13480,4095,37,13,129,39,1.6024348749779165,,,,,,,,0.06282084059397444,0.9902500833484651,0.13022804906918192
d3_rainbow_trout|esn|regression|seed02|fold02,m1_benchmark,d3_rainbow_trout,esn,regression,2,2,16,1.1.0,real,True,ok,13164,4355,38,12,126,42,1.3643097076565027,,,,,,,,0.13344757657738684,0.9675771123271217,0.2494805142648989
d3_rainbow_trout|esn|regression|seed02|fold03,m1_benchmark,d3_rainbow_trout,esn,regression,2,3,16,1.1.0,real,True,ok,13490,4411,38,12,129,42,1.3924759170040488,,,,,,,,0.10611944262291342,0.9498747943563323,0.3014437335134464
d3_rainbow_trout|esn|regression|seed02|fold04,m1_benchmark,d3_rainbow_trout,esn,regression,2,4,16,1.1.0,real,True,ok,12861,4029,37,12,123,39,1.3162751249037683,,,,,,,,0.08143537530297378,0.9894370420078262,0.1334268388570523
d3_rainbow_trout|esn|regression|seed03|fold00,m1_benchmark,d3_rainbow_trout,esn,regression,3,0,16,1.1.0,real,True,ok,11850,5145,36,13,114,49,1.4714977503754199,,,,,,,,0.07915297993299854,0.985440024831233,0.1651556888965649
d3_rainbow_trout|esn|regression|seed03|fold01,m1_benchmark,d3_rainbow_trout,esn,regression,3,1,16,1.1.0,real,True,ok,12584,4935,37,13,121,47,1.4878126666881144,,,,,,,,0.10819753587544097,0.9212259084504489,0.359627985196426
d3_rainbow_trout|esn|regression|seed03|fold02,m1_benchmark,d3_rainbow_trout,esn,regression,3,2,16,1.1.0,real,True,ok,13269,4411,38,12,127,42,1.4241437911987305,,,,,,,,0.1044255645046897,0.9788623985032178,0.19488614845068467
d3_rainbow_trout|esn|regression|seed03|fold03,m1_benchmark,d3_rainbow_trout,esn,regression,3,3,16,1.1.0,real,True,ok,14491,4250,38,12,138,41,1.6878402917645872,,,,,,,,0.09469175517665832,0.9862450077263342,0.15812278654928721
d3_rainbow_trout|esn|regression|seed03|fold04,m1_benchmark,d3_rainbow_trout,esn,regression,3,4,16,1.1.0,real,True,ok,13596,3189,37,12,130,31,1.3246332500129938,,,,,,,,0.03929152117527937,0.9973001277000144,0.06740236354664335
d3_rainbow_trout|esn|regression|seed04|fold00,m1_benchmark,d3_rainbow_trout,esn,regression,4,0,16,1.1.0,real,True,ok,12059,5040,36,13,116,48,1.4442829168401659,,,,,,,,0.12320272773118937,0.9298428408121685,0.351688191258123
d3_rainbow_trout|esn|regression|seed04|fold01,m1_benchmark,d3_rainbow_trout,esn,regression,4,1,16,1.1.0,real,True,ok,12860,4831,37,13,123,46,1.9833651250228286,,,,,,,,0.06480365049779818,0.9864081930102608,0.1581244090933096
d3_rainbow_trout|esn|regression|seed04|fold02,m1_benchmark,d3_rainbow_trout,esn,regression,4,2,16,1.1.0,real,True,ok,13336,4239,38,12,127,41,1.4306504996493459,,,,,,,,0.06488788740708246,0.9874268422962055,0.1449513272833235
d3_rainbow_trout|esn|regression|seed04|fold03,m1_benchmark,d3_rainbow_trout,esn,regression,4,3,16,1.1.0,real,True,ok,14110,4355,38,12,135,42,1.507908834144473,,,,,,,,0.07261381618495918,0.9802536274728346,0.19154967132861722
d3_rainbow_trout|esn|regression|seed04|fold04,m1_benchmark,d3_rainbow_trout,esn,regression,4,4,16,1.1.0,real,True,ok,13425,3465,37,12,129,33,1.4998082923702896,,,,,,,,0.10773093752931959,0.9709116649512132,0.2321621843541595
d3_rainbow_trout|esn|regression|seed05|fold00,m1_benchmark,d3_rainbow_trout,esn,regression,5,0,16,1.1.0,real,True,ok,12324,4935,36,13,118,47,1.4717100840061903,,,,,,,,0.06417390707820698,0.991974822801635,0.12048179134115723
d3_rainbow_trout|esn|regression|seed05|fold01,m1_benchmark,d3_rainbow_trout,esn,regression,5,1,16,1.1.0,real,True,ok,13020,4671,37,13,124,45,1.5382405831478536,,,,,,,,0.10783716590814074,0.9520860170069653,0.28090010617583966
d3_rainbow_trout|esn|regression|seed05|fold02,m1_benchmark,d3_rainbow_trout,esn,regression,5,2,16,1.1.0,real,True,ok,13806,4239,38,12,132,41,1.4091894999146461,,,,,,,,0.060063055111493624,0.9881087770495279,0.14086317922638575
d3_rainbow_trout|esn|regression|seed05|fold03,m1_benchmark,d3_rainbow_trout,esn,regression,5,3,16,1.1.0,real,True,ok,13845,3885,38,12,133,37,1.4157624170184135,,,,,,,,0.06989739842663045,0.9898800173767911,0.1315843742715888
d3_rainbow_trout|esn|regression|seed05|fold04,m1_benchmark,d3_rainbow_trout,esn,regression,5,4,16,1.1.0,real,True,ok,12795,4200,37,12,123,40,1.457145958673209,,,,,,,,0.08980188233019987,0.9796601209563214,0.20859377485256106
d3_rainbow_trout|esn|regression|seed06|fold00,m1_benchmark,d3_rainbow_trout,esn,regression,6,0,16,1.1.0,real,True,ok,13005,3570,36,13,125,34,1.3907487499527633,,,,,,,,0.08530656178054608,0.9804047325756018,0.18614282673099247
d3_rainbow_trout|esn|regression|seed06|fold01,m1_benchmark,d3_rainbow_trout,esn,regression,6,1,16,1.1.0,real,True,ok,12375,5355,37,13,119,51,1.4316098750568926,,,,,,,,0.08064795973620122,0.9840189534100607,0.17302717236021786
d3_rainbow_trout|esn|regression|seed06|fold02,m1_benchmark,d3_rainbow_trout,esn,regression,6,2,16,1.1.0,real,True,ok,13059,4200,38,12,125,40,1.4424300421960652,,,,,,,,0.15792691557744515,0.8849701895526615,0.4473706237984023
d3_rainbow_trout|esn|regression|seed06|fold03,m1_benchmark,d3_rainbow_trout,esn,regression,6,3,16,1.1.0,real,True,ok,13125,4671,38,12,125,45,1.6117872497998178,,,,,,,,0.10410388934385659,0.9777287281672442,0.19960857932186332
d3_rainbow_trout|esn|regression|seed06|fold04,m1_benchmark,d3_rainbow_trout,esn,regression,6,4,16,1.1.0,real,True,ok,14226,4134,37,12,136,40,1.4308965830132365,,,,,,,,0.05577862689750197,0.9943489227394722,0.10084767110899884
d3_rainbow_trout|esn|regression|seed07|fold00,m1_benchmark,d3_rainbow_trout,esn,regression,7,0,16,1.1.0,real,True,ok,13700,3399,36,13,131,33,1.32019866630435,,,,,,,,0.13960650630060287,0.9060177785343803,0.4267124670346405
d3_rainbow_trout|esn|regression|seed07|fold01,m1_benchmark,d3_rainbow_trout,esn,regression,7,1,16,1.1.0,real,True,ok,12639,4831,37,13,121,46,1.3754719998687506,,,,,,,,0.09405868173314012,0.9810735898976886,0.1798374033885047
d3_rainbow_trout|esn|regression|seed07|fold02,m1_benchmark,d3_rainbow_trout,esn,regression,7,2,16,1.1.0,real,True,ok,12430,4460,38,12,119,43,1.3097541672177613,,,,,,,,0.08725955676191603,0.900491839135301,0.41405508534661134
d3_rainbow_trout|esn|regression|seed07|fold03,m1_benchmark,d3_rainbow_trout,esn,regression,7,3,16,1.1.0,real,True,ok,12690,5040,38,12,122,48,1.3616162496618927,,,,,,,,0.13492879426128762,0.93221111897485,0.34337357158795856
d3_rainbow_trout|esn|regression|seed07|fold04,m1_benchmark,d3_rainbow_trout,esn,regression,7,4,16,1.1.0,real,True,ok,14331,4200,37,12,137,40,1.4912590412423015,,,,,,,,0.09427369727090083,0.9708687641905419,0.23721352703691784
d3_rainbow_trout|esn|regression|seed08|fold00,m1_benchmark,d3_rainbow_trout,esn,regression,8,0,16,1.1.0,real,True,ok,13441,4344,36,13,128,42,1.386213082820177,,,,,,,,0.064634669567758,0.9901286245595331,0.13869584194370735
d3_rainbow_trout|esn|regression|seed08|fold01,m1_benchmark,d3_rainbow_trout,esn,regression,8,1,16,1.1.0,real,True,ok,12849,4145,37,13,123,40,1.3944282080046833,,,,,,,,0.07328652355338029,0.9839998423262313,0.17314216485478973
d3_rainbow_trout|esn|regression|seed08|fold02,m1_benchmark,d3_rainbow_trout,esn,regression,8,2,16,1.1.0,real,True,ok,12584,4936,38,12,121,47,1.3575728749856353,,,,,,,,0.08974792622931643,0.9776418184610319,0.20471626282547176
d3_rainbow_trout|esn|regression|seed08|fold03,m1_benchmark,d3_rainbow_trout,esn,regression,8,3,16,1.1.0,real,True,ok,13425,4410,38,12,129,42,1.3625754578970373,,,,,,,,0.06586246152688514,0.987768049455537,0.14785698540924844
d3_rainbow_trout|esn|regression|seed08|fold04,m1_benchmark,d3_rainbow_trout,esn,regression,8,4,16,1.1.0,real,True,ok,13491,4095,37,12,129,39,1.349356499966234,,,,,,,,0.08241113047842889,0.9862246367410116,0.14098468306176276
d3_rainbow_trout|esn|regression|seed09|fold00,m1_benchmark,d3_rainbow_trout,esn,regression,9,0,16,1.1.0,real,True,ok,12535,5460,36,13,120,52,1.376305541023612,,,,,,,,0.06778298148633895,0.9900157953842031,0.13550404520070752
d3_rainbow_trout|esn|regression|seed09|fold01,m1_benchmark,d3_rainbow_trout,esn,regression,9,1,16,1.1.0,real,True,ok,13231,3935,37,13,126,38,1.3017942081205547,,,,,,,,0.08054578642140278,0.986924025177566,0.14681189086644125
d3_rainbow_trout|esn|regression|seed09|fold02,m1_benchmark,d3_rainbow_trout,esn,regression,9,2,16,1.1.0,real,True,ok,13281,4764,38,12,127,46,1.3596850829198956,,,,,,,,0.08706632629716143,0.9588614665267567,0.26394360988447174
d3_rainbow_trout|esn|regression|seed09|fold03,m1_benchmark,d3_rainbow_trout,esn,regression,9,3,16,1.1.0,real,True,ok,14159,3885,38,12,136,37,1.3773679588921368,,,,,,,,0.055263397404754104,0.9938805125298155,0.10753750130257277
d3_rainbow_trout|esn|regression|seed09|fold04,m1_benchmark,d3_rainbow_trout,esn,regression,9,4,16,1.1.0,real,True,ok,12584,3886,37,12,121,37,1.267833833117038,,,,,,,,0.22404339030931847,0.9070749868315693,0.4199196978898363
d3_rainbow_trout|gru|classification|seed00|fold00,m1_benchmark,d3_rainbow_trout,gru,classification,0,0,16,1.1.0,real,True,ok,12899,3570,36,13,124,34,7.283686374779791,0.9210084033613445,0.9914345973862086,True,4.0,0.8973051948051949,require_all_classes,0.8548745462507624,,,
d3_rainbow_trout|gru|classification|seed00|fold01,m1_benchmark,d3_rainbow_trout,gru,classification,0,1,16,1.1.0,real,True,ok,12755,5461,37,13,122,52,7.120408708229661,0.9864493682475737,0.9999736862061133,True,4.0,0.9927503538870959,require_all_classes,0.982636243133165,,,
d3_rainbow_trout|gru|classification|seed00|fold02,m1_benchmark,d3_rainbow_trout,gru,classification,0,2,16,1.1.0,real,True,ok,13441,3714,38,12,128,36,7.077064999844879,0.9579967689822294,0.9998479236265417,True,4.0,0.9469387755102041,require_all_classes,0.9504163392370313,,,
d3_rainbow_trout|gru|classification|seed00|fold03,m1_benchmark,d3_rainbow_trout,gru,classification,0,3,16,1.1.0,real,True,ok,12745,4775,38,12,122,46,6.431988874915987,1.0,1.0,True,4.0,1.0,require_all_classes,1.0,,,
d3_rainbow_trout|gru|classification|seed00|fold04,m1_benchmark,d3_rainbow_trout,gru,classification,0,4,16,1.1.0,real,True,ok,13950,4410,37,12,134,42,7.795818500220776,0.9523809523809523,0.9880730320068248,True,4.0,0.9166666666666666,require_all_classes,0.9,,,
d3_rainbow_trout|gru|classification|seed01|fold00,m1_benchmark,d3_rainbow_trout,gru,classification,1,0,16,1.1.0,real,True,ok,12009,5671,36,13,115,54,6.8880623751319945,0.9645565156057133,0.9953944379818328,True,4.0,0.9411159995399125,require_all_classes,0.9449450030558444,,,
d3_rainbow_trout|gru|classification|seed01|fold01,m1_benchmark,d3_rainbow_trout,gru,classification,1,1,16,1.1.0,real,True,ok,13231,4250,37,13,126,41,9.363991667050868,0.9976470588235294,1.0,True,4.0,0.9987468671679198,require_all_classes,0.9976826701072932,,,
d3_rainbow_trout|gru|classification|seed01|fold02,m1_benchmark,d3_rainbow_trout,gru,classification,1,2,16,1.1.0,real,True,ok,13386,4449,38,12,128,43,9.140626624692231,0.9907844459429085,0.9996595555480585,True,4.0,0.9867571059431525,require_all_classes,0.9864148204035261,,,
d3_rainbow_trout|gru|classification|seed01|fold03,m1_benchmark,d3_rainbow_trout,gru,classification,1,3,16,1.1.0,real,True,ok,14370,4095,38,12,138,39,8.452653042040765,1.0,1.0,True,4.0,1.0,require_all_classes,1.0,,,
d3_rainbow_trout|gru|classification|seed01|fold04,m1_benchmark,d3_rainbow_trout,gru,classification,1,4,16,1.1.0,real,True,ok,12794,3465,37,12,123,33,6.865275000222027,1.0,1.0,True,4.0,1.0,require_all_classes,1.0,,,
d3_rainbow_trout|gru|classification|seed02|fold00,m1_benchmark,d3_rainbow_trout,gru,classification,2,0,16,1.1.0,real,True,ok,12795,5040,36,13,123,48,9.408161917235702,0.9611111111111111,0.9979863368797132,True,4.0,0.9320238095238096,require_all_classes,0.9339735147029578,,,
d3_rainbow_trout|gru|classification|seed02|fold01,m1_benchmark,d3_rainbow_trout,gru,classification,2,1,16,1.1.0,real,True,ok,13480,4095,37,13,129,39,7.721713707782328,1.0,1.0,True,4.0,1.0,require_all_classes,1.0,,,
d3_rainbow_trout|gru|classification|seed02|fold02,m1_benchmark,d3_rainbow_trout,gru,classification,2,2,16,1.1.0,real,True,ok,13164,4355,38,12,126,42,7.201255958992988,0.9177956371986222,0.9730819621139951,True,4.0,0.9014652014652015,require_all_classes,0.8948530949841726,,,
d3_rainbow_trout|gru|classification|seed02|fold03,m1_benchmark,d3_rainbow_trout,gru,classification,2,3,16,1.1.0,real,True,ok,13490,4411,38,12,129,42,7.134733334183693,0.979596463386987,0.9999769877717546,True,4.0,0.9878313167140426,require_all_classes,0.9767920832956354,,,
d3_rainbow_trout|gru|classification|seed02|fold04,m1_benchmark,d3_rainbow_trout,gru,classification,2,4,16,1.1.0,real,True,ok,12861,4029,37,12,123,39,6.728579749818891,1.0,1.0,True,4.0,1.0,require_all_classes,1.0,,,
d3_rainbow_trout|gru|classification|seed03|fold00,m1_benchmark,d3_rainbow_trout,gru,classification,3,0,16,1.1.0,real,True,ok,11850,5145,36,13,114,49,6.629228583071381,0.9694849368318756,0.9986413161682326,True,4.0,0.9507227891156462,require_all_classes,0.9630404094544606,,,
d3_rainbow_trout|gru|classification|seed03|fold01,m1_benchmark,d3_rainbow_trout,gru,classification,3,1,16,1.1.0,real,True,ok,12584,4935,37,13,121,47,6.7655150829814374,0.9576494427558258,0.9999905517762661,True,4.0,0.937797619047619,require_all_classes,0.9368198079762653,,,
d3_rainbow_trout|gru|classification|seed03|fold02,m1_benchmark,d3_rainbow_trout,gru,classification,3,2,16,1.1.0,real,True,ok,13269,4411,38,12,127,42,7.53804612532258,0.9956925867150306,0.9999363451975176,True,4.0,0.9971817264361155,require_all_classes,0.9952853142302718,,,
d3_rainbow_trout|gru|classification|seed03|fold03,m1_benchmark,d3_rainbow_trout,gru,classification,3,3,16,1.1.0,real,True,ok,14491,4250,38,12,138,41,7.593247957993299,0.9515294117647058,1.0,True,4.0,0.9412905452035887,require_all_classes,0.9066074168044682,,,
d3_rainbow_trout|gru|classification|seed03|fold04,m1_benchmark,d3_rainbow_trout,gru,classification,3,4,16,1.1.0,real,True,ok,13596,3189,37,12,130,31,7.219321792013943,1.0,1.0,True,4.0,1.0,require_all_classes,1.0,,,
d3_rainbow_trout|gru|classification|seed04|fold00,m1_benchmark,d3_rainbow_trout,gru,classification,4,0,16,1.1.0,real,True,ok,12059,5040,36,13,116,48,7.227452792227268,0.9809523809523809,0.9987579263561298,True,4.0,0.9586394557823129,require_all_classes,0.9604456664198882,,,
d3_rainbow_trout|gru|classification|seed04|fold01,m1_benchmark,d3_rainbow_trout,gru,classification,4,1,16,1.1.0,real,True,ok,12860,4831,37,13,123,46,6.909576333127916,0.9997930035189402,0.999999337581643,True,4.0,0.9995247148288974,require_all_classes,0.9995638759506259,,,
d3_rainbow_trout|gru|classification|seed04|fold02,m1_benchmark,d3_rainbow_trout,gru,classification,4,2,16,1.1.0,real,True,ok,13336,4239,38,12,127,41,7.029603791888803,0.9820712432177401,1.0,True,4.0,0.9698412698412698,require_all_classes,0.9792798055064411,,,
d3_rainbow_trout|gru|classification|seed04|fold03,m1_benchmark,d3_rainbow_trout,gru,classification,4,3,16,1.1.0,real,True,ok,14110,4355,38,12,135,42,7.640838124789298,0.9988518943742825,1.0,True,4.0,0.9981617647058824,require_all_classes,0.9983356510122965,,,
d3_rainbow_trout|gru|classification|seed04|fold04,m1_benchmark,d3_rainbow_trout,gru,classification,4,4,16,1.1.0,real,True,ok,13425,3465,37,12,129,33,7.127274665981531,0.9595959595959596,0.998736683964953,True,4.0,0.9594139194139194,require_all_classes,0.9563422029602021,,,
d3_rainbow_trout|gru|classification|seed05|fold00,m1_benchmark,d3_rainbow_trout,gru,classification,5,0,16,1.1.0,real,True,ok,12324,4935,36,13,118,47,7.188218499999493,0.9941236068895644,1.0,True,4.0,0.9901360544217688,require_all_classes,0.993254418411323,,,
d3_rainbow_trout|gru|classification|seed05|fold01,m1_benchmark,d3_rainbow_trout,gru,classification,5,1,16,1.1.0,real,True,ok,13020,4671,37,13,124,45,7.021475958172232,0.9860843502462,0.9996905308279096,True,4.0,0.9841285051476001,require_all_classes,0.981422015070629,,,
d3_rainbow_trout|gru|classification|seed05|fold02,m1_benchmark,d3_rainbow_trout,gru,classification,5,2,16,1.1.0,real,True,ok,13806,4239,38,12,132,41,7.306341750081629,0.9893842887473461,1.0,True,4.0,0.9946428571428572,require_all_classes,0.9845805543657835,,,
d3_rainbow_trout|gru|classification|seed05|fold03,m1_benchmark,d3_rainbow_trout,gru,classification,5,3,16,1.1.0,real,True,ok,13845,3885,38,12,133,37,7.364282458089292,0.971943371943372,0.9953593460111317,True,4.0,0.9480952380952381,require_all_classes,0.9423270090223055,,,
d3_rainbow_trout|gru|classification|seed05|fold04,m1_benchmark,d3_rainbow_trout,gru,classification,5,4,16,1.1.0,real,True,ok,12795,4200,37,12,123,40,6.978129292372614,0.9909523809523809,1.0,True,4.0,0.9870748299319728,require_all_classes,0.986046969553503,,,
d3_rainbow_trout|gru|classification|seed06|fold00,m1_benchmark,d3_rainbow_trout,gru,classification,6,0,16,1.1.0,real,True,ok,13005,3570,36,13,125,34,7.747407667338848,0.9557422969187676,0.9977455806695438,True,4.0,0.9216765873015873,require_all_classes,0.9075589941860718,,,
d3_rainbow_trout|gru|classification|seed06|fold01,m1_benchmark,d3_rainbow_trout,gru,classification,6,1,16,1.1.0,real,True,ok,12375,5355,37,13,119,51,6.696643333882093,0.9589169000933707,0.9734386529201432,True,4.0,0.9274376417233561,require_all_classes,0.9283469537898671,,,
d3_rainbow_trout|gru|classification|seed06|fold02,m1_benchmark,d3_rainbow_trout,gru,classification,6,2,16,1.1.0,real,True,ok,13059,4200,38,12,125,40,6.953832833096385,0.9769047619047619,1.0,True,4.0,0.9647546897546897,require_all_classes,0.9626353421349942,,,
d3_rainbow_trout|gru|classification|seed06|fold03,m1_benchmark,d3_rainbow_trout,gru,classification,6,3,16,1.1.0,real,True,ok,13125,4671,38,12,125,45,7.319264959078282,0.9912224363091415,0.9998958511734749,True,4.0,0.9888600577530784,require_all_classes,0.9901075449406747,,,
d3_rainbow_trout|gru|classification|seed06|fold04,m1_benchmark,d3_rainbow_trout,gru,classification,6,4,16,1.1.0,real,True,ok,14226,4134,37,12,136,40,8.488458292093128,0.9472665699080793,1.0,True,4.0,0.9351190476190476,require_all_classes,0.9147469461089381,,,
d3_rainbow_trout|gru|classification|seed07|fold00,m1_benchmark,d3_rainbow_trout,gru,classification,7,0,16,1.1.0,real,True,ok,13700,3399,36,13,131,33,7.712934791110456,0.952633127390409,0.9997959289835165,True,4.0,0.934357220793391,require_all_classes,0.926924230578263,,,
d3_rainbow_trout|gru|classification|seed07|fold01,m1_benchmark,d3_rainbow_trout,gru,classification,7,1,16,1.1.0,real,True,ok,12639,4831,37,13,121,46,6.7228571670129895,0.9790933554129579,0.999865967714079,True,4.0,0.9706714298038055,require_all_classes,0.962859721576588,,,
d3_rainbow_trout|gru|classification|seed07|fold02,m1_benchmark,d3_rainbow_trout,gru,classification,7,2,16,1.1.0,real,True,ok,12430,4460,38,12,119,43,6.575481708161533,1.0,1.0,True,4.0,1.0,require_all_classes,1.0,,,
d3_rainbow_trout|gru|classification|seed07|fold03,m1_benchmark,d3_rainbow_trout,gru,classification,7,3,16,1.1.0,real,True,ok,12690,5040,38,12,122,48,6.744003624655306,0.9658730158730159,0.9953125595545932,True,4.0,0.959047619047619,require_all_classes,0.9476691624747908,,,
d3_rainbow_trout|gru|classification|seed07|fold04,m1_benchmark,d3_rainbow_trout,gru,classification,7,4,16,1.1.0,real,True,ok,14331,4200,37,12,137,40,7.70277929212898,0.9907142857142858,0.9997430094187747,True,4.0,0.9831972789115646,require_all_classes,0.9885532421732313,,,
d3_rainbow_trout|gru|classification|seed08|fold00,m1_benchmark,d3_rainbow_trout,gru,classification,8,0,16,1.1.0,real,True,ok,13441,4344,36,13,128,42,8.951595750171691,1.0,1.0,True,4.0,1.0,require_all_classes,1.0,,,
d3_rainbow_trout|gru|classification|seed08|fold01,m1_benchmark,d3_rainbow_trout,gru,classification,8,1,16,1.1.0,real,True,ok,12849,4145,37,13,123,40,6.743013666942716,1.0,1.0,True,4.0,1.0,require_all_classes,1.0,,,
d3_rainbow_trout|gru|classification|seed08|fold02,m1_benchmark,d3_rainbow_trout,gru,classification,8,2,16,1.1.0,real,True,ok,12584,4936,38,12,121,47,6.677570708096027,0.9785251215559158,0.9943985390008667,True,4.0,0.9639460403726707,require_all_classes,0.963785572013586,,,
d3_rainbow_trout|gru|classification|seed08|fold03,m1_benchmark,d3_rainbow_trout,gru,classification,8,3,16,1.1.0,real,True,ok,13425,4410,38,12,129,42,7.071627541910857,0.9696145124716553,0.9995805284320833,True,4.0,0.9474489795918367,require_all_classes,0.9553149234075234,,,
d3_rainbow_trout|gru|classification|seed08|fold04,m1_benchmark,d3_rainbow_trout,gru,classification,8,4,16,1.1.0,real,True,ok,13491,4095,37,12,129,39,7.061441916972399,1.0,1.0,True,4.0,1.0,require_all_classes,1.0,,,
d3_rainbow_trout|gru|classification|seed09|fold00,m1_benchmark,d3_rainbow_trout,gru,classification,9,0,16,1.1.0,real,True,ok,12535,5460,36,13,120,52,7.1071038749068975,0.967948717948718,0.9968844711107355,True,4.0,0.9567099567099567,require_all_classes,0.9523796578124434,,,
d3_rainbow_trout|gru|classification|seed09|fold01,m1_benchmark,d3_rainbow_trout,gru,classification,9,1,16,1.1.0,real,True,ok,13231,3935,37,13,126,38,6.9994969591498375,0.9628970775095299,0.9961208341859998,True,4.0,0.9582399626517274,require_all_classes,0.9516937337851961,,,
d3_rainbow_trout|gru|classification|seed09|fold02,m1_benchmark,d3_rainbow_trout,gru,classification,9,2,16,1.1.0,real,True,ok,13281,4764,38,12,127,46,6.9385421252809465,0.979009235936188,1.0,True,4.0,0.9455337690631809,require_all_classes,0.9535140859327551,,,
d3_rainbow_trout|gru|classification|seed09|fold03,m1_benchmark,d3_rainbow_trout,gru,classification,9,3,16,1.1.0,real,True,ok,14159,3885,38,12,136,37,7.408225083723664,0.9907335907335907,0.9998968253968255,True,4.0,0.9834126984126984,require_all_classes,0.9875678967611403,,,
d3_rainbow_trout|gru|classification|seed09|fold04,m1_benchmark,d3_rainbow_trout,gru,classification,9,4,16,1.1.0,real,True,ok,12584,3886,37,12,121,37,6.587976290844381,0.9711785898095728,0.9947263456183708,True,4.0,0.9660398663440488,require_all_classes,0.9643349648381753,,,
d3_rainbow_trout|gru|regression|seed00|fold00,m1_benchmark,d3_rainbow_trout,gru,regression,0,0,16,1.1.0,real,True,ok,12899,3570,36,13,124,34,6.99889549985528,,,,,,,,0.05067657229212487,0.9936087573567768,0.1065013769620337
d3_rainbow_trout|gru|regression|seed00|fold01,m1_benchmark,d3_rainbow_trout,gru,regression,0,1,16,1.1.0,real,True,ok,12755,5461,37,13,122,52,6.6488850000314415,,,,,,,,0.05280407791542844,0.995455042349611,0.08590546833325109
d3_rainbow_trout|gru|regression|seed00|fold02,m1_benchmark,d3_rainbow_trout,gru,regression,0,2,16,1.1.0,real,True,ok,13441,3714,38,12,128,36,7.168238416779786,,,,,,,,0.06129763953455939,0.9911205671673953,0.12198302097369751
d3_rainbow_trout|gru|regression|seed00|fold03,m1_benchmark,d3_rainbow_trout,gru,regression,0,3,16,1.1.0,real,True,ok,12745,4775,38,12,122,46,6.844211082905531,,,,,,,,0.03966053085726595,0.9982261035510204,0.057860716985169376
d3_rainbow_trout|gru|regression|seed00|fold04,m1_benchmark,d3_rainbow_trout,gru,regression,0,4,16,1.1.0,real,True,ok,13950,4410,37,12,134,42,7.8497533751651645,,,,,,,,0.03502626367166741,0.9984576964320055,0.053748130519784165
d3_rainbow_trout|gru|regression|seed01|fold00,m1_benchmark,d3_rainbow_trout,gru,regression,1,0,16,1.1.0,real,True,ok,12009,5671,36,13,115,54,6.302894082851708,,,,,,,,0.045796168045988475,0.9966029996713217,0.08140756256655313
d3_rainbow_trout|gru|regression|seed01|fold01,m1_benchmark,d3_rainbow_trout,gru,regression,1,1,16,1.1.0,real,True,ok,13231,4250,37,13,126,41,9.08718983316794,,,,,,,,0.04175478678086224,0.997321581102647,0.06640656231438652
d3_rainbow_trout|gru|regression|seed01|fold02,m1_benchmark,d3_rainbow_trout,gru,regression,1,2,16,1.1.0,real,True,ok,13386,4449,38,12,128,43,9.154683250002563,,,,,,,,0.06113457484898009,0.9954416902336964,0.08947051679688404
d3_rainbow_trout|gru|regression|seed01|fold03,m1_benchmark,d3_rainbow_trout,gru,regression,1,3,16,1.1.0,real,True,ok,14370,4095,38,12,138,39,8.741207459010184,,,,,,,,0.023237253992548744,0.9986936283241754,0.04780292811619605
d3_rainbow_trout|gru|regression|seed01|fold04,m1_benchmark,d3_rainbow_trout,gru,regression,1,4,16,1.1.0,real,True,ok,12794,3465,37,12,123,33,6.7870583748444915,,,,,,,,0.03404143212058324,0.99701719127064,0.07302769324672514
d3_rainbow_trout|gru|regression|seed02|fold00,m1_benchmark,d3_rainbow_trout,gru,regression,2,0,16,1.1.0,real,True,ok,12795,5040,36,13,123,48,8.061950625386089,,,,,,,,0.04341075107029505,0.9949210823703062,0.09582785273984396
d3_rainbow_trout|gru|regression|seed02|fold01,m1_benchmark,d3_rainbow_trout,gru,regression,2,1,16,1.1.0,real,True,ok,13480,4095,37,13,129,39,8.216184500139207,,,,,,,,0.03642223822997747,0.9980029097834006,0.058939021983343116
d3_rainbow_trout|gru|regression|seed02|fold02,m1_benchmark,d3_rainbow_trout,gru,regression,2,2,16,1.1.0,real,True,ok,13164,4355,38,12,126,42,6.479761834256351,,,,,,,,0.05815362557587481,0.9946395163384059,0.10144082511361661
d3_rainbow_trout|gru|regression|seed02|fold03,m1_benchmark,d3_rainbow_trout,gru,regression,2,3,16,1.1.0,real,True,ok,13490,4411,38,12,129,42,7.151430542115122,,,,,,,,0.04158570861902889,0.9951637230366415,0.0936340391894635
d3_rainbow_trout|gru|regression|seed02|fold04,m1_benchmark,d3_rainbow_trout,gru,regression,2,4,16,1.1.0,real,True,ok,12861,4029,37,12,123,39,6.741774790920317,,,,,,,,0.04955602469293966,0.9969620781589241,0.07155479118225833
d3_rainbow_trout|gru|regression|seed03|fold00,m1_benchmark,d3_rainbow_trout,gru,regression,3,0,16,1.1.0,real,True,ok,11850,5145,36,13,114,49,6.322478167247027,,,,,,,,0.06097383560314128,0.9916382651058758,0.12515880785912004
d3_rainbow_trout|gru|regression|seed03|fold01,m1_benchmark,d3_rainbow_trout,gru,regression,3,1,16,1.1.0,real,True,ok,12584,4935,37,13,121,47,7.539300750009716,,,,,,,,0.044375879104135034,0.996829768523681,0.07214517064762391
d3_rainbow_trout|gru|regression|seed03|fold02,m1_benchmark,d3_rainbow_trout,gru,regression,3,2,16,1.1.0,real,True,ok,13269,4411,38,12,127,42,7.012699749786407,,,,,,,,0.05304753850306874,0.9957029005003779,0.08787004011569813
d3_rainbow_trout|gru|regression|seed03|fold03,m1_benchmark,d3_rainbow_trout,gru,regression,3,3,16,1.1.0,real,True,ok,14491,4250,38,12,138,41,7.994642875157297,,,,,,,,0.047520009078979596,0.9906292417302743,0.1305123624983313
d3_rainbow_trout|gru|regression|seed03|fold04,m1_benchmark,d3_rainbow_trout,gru,regression,3,4,16,1.1.0,real,True,ok,13596,3189,37,12,130,31,7.206775375176221,,,,,,,,0.021620042848153373,0.9990392974679326,0.04020665857107206
d3_rainbow_trout|gru|regression|seed04|fold00,m1_benchmark,d3_rainbow_trout,gru,regression,4,0,16,1.1.0,real,True,ok,12059,5040,36,13,116,48,6.868433209136128,,,,,,,,0.036843317357320715,0.9982844114528002,0.05499565231747064
d3_rainbow_trout|gru|regression|seed04|fold01,m1_benchmark,d3_rainbow_trout,gru,regression,4,1,16,1.1.0,real,True,ok,12860,4831,37,13,123,46,6.799259833060205,,,,,,,,0.030306192452160912,0.9982212532494015,0.05720281167520402
d3_rainbow_trout|gru|regression|seed04|fold02,m1_benchmark,d3_rainbow_trout,gru,regression,4,2,16,1.1.0,real,True,ok,13336,4239,38,12,127,41,7.044036916922778,,,,,,,,0.04151000011864352,0.9927610488341809,0.10998610905730555
d3_rainbow_trout|gru|regression|seed04|fold03,m1_benchmark,d3_rainbow_trout,gru,regression,4,3,16,1.1.0,real,True,ok,14110,4355,38,12,135,42,7.7245371248573065,,,,,,,,0.032419560670031405,0.9985475617684861,0.051950123478366736
d3_rainbow_trout|gru|regression|seed04|fold04,m1_benchmark,d3_rainbow_trout,gru,regression,4,4,16,1.1.0,real,True,ok,13425,3465,37,12,129,33,7.059981792233884,,,,,,,,0.11844629562950414,0.9465993019790463,0.31456146317590383
d3_rainbow_trout|gru|regression|seed05|fold00,m1_benchmark,d3_rainbow_trout,gru,regression,5,0,16,1.1.0,real,True,ok,12324,4935,36,13,118,47,7.292464083060622,,,,,,,,0.040027763130937755,0.9959671621482715,0.08540818270160869
d3_rainbow_trout|gru|regression|seed05|fold01,m1_benchmark,d3_rainbow_trout,gru,regression,5,1,16,1.1.0,real,True,ok,13020,4671,37,13,124,45,7.089422707911581,,,,,,,,0.04206499916408216,0.998005420962131,0.05731210916751455
d3_rainbow_trout|gru|regression|seed05|fold02,m1_benchmark,d3_rainbow_trout,gru,regression,5,2,16,1.1.0,real,True,ok,13806,4239,38,12,132,41,7.522487916983664,,,,,,,,0.04260491388027996,0.9941819861547992,0.09853070728441957
d3_rainbow_trout|gru|regression|seed05|fold03,m1_benchmark,d3_rainbow_trout,gru,regression,5,3,16,1.1.0,real,True,ok,13845,3885,38,12,133,37,7.425572958309203,,,,,,,,0.04721488537291311,0.9970106926601193,0.07151542443106211
d3_rainbow_trout|gru|regression|seed05|fold04,m1_benchmark,d3_rainbow_trout,gru,regression,5,4,16,1.1.0,real,True,ok,12795,4200,37,12,123,40,8.093457959126681,,,,,,,,0.03509796710241407,0.9985723156893214,0.05526411936868219
d3_rainbow_trout|gru|regression|seed06|fold00,m1_benchmark,d3_rainbow_trout,gru,regression,6,0,16,1.1.0,real,True,ok,13005,3570,36,13,125,34,8.38420583307743,,,,,,,,0.08001676862380089,0.9693649450472913,0.23274482810677802
d3_rainbow_trout|gru|regression|seed06|fold01,m1_benchmark,d3_rainbow_trout,gru,regression,6,1,16,1.1.0,real,True,ok,12375,5355,37,13,119,51,6.902755542192608,,,,,,,,0.07555019198790769,0.992366154798911,0.11958683618808237
d3_rainbow_trout|gru|regression|seed06|fold02,m1_benchmark,d3_rainbow_trout,gru,regression,6,2,16,1.1.0,real,True,ok,13059,4200,38,12,125,40,6.959429583046585,,,,,,,,0.03497950726463679,0.9980129116540407,0.05879912308895417
d3_rainbow_trout|gru|regression|seed06|fold03,m1_benchmark,d3_rainbow_trout,gru,regression,6,3,16,1.1.0,real,True,ok,13125,4671,38,12,125,45,7.871200375258923,,,,,,,,0.05692211470035325,0.992501641210946,0.11582166472779733
d3_rainbow_trout|gru|regression|seed06|fold04,m1_benchmark,d3_rainbow_trout,gru,regression,6,4,16,1.1.0,real,True,ok,14226,4134,37,12,136,40,7.723394375294447,,,,,,,,0.027314147160257363,0.9989512554892215,0.04344452981033876
d3_rainbow_trout|gru|regression|seed07|fold00,m1_benchmark,d3_rainbow_trout,gru,regression,7,0,16,1.1.0,real,True,ok,13700,3399,36,13,131,33,7.200707458425313,,,,,,,,0.04038078093185051,0.9969680743405444,0.07664286886752315
d3_rainbow_trout|gru|regression|seed07|fold01,m1_benchmark,d3_rainbow_trout,gru,regression,7,1,16,1.1.0,real,True,ok,12639,4831,37,13,121,46,6.632406457792968,,,,,,,,0.046116942925079084,0.9948234798592328,0.0940513111248191
d3_rainbow_trout|gru|regression|seed07|fold02,m1_benchmark,d3_rainbow_trout,gru,regression,7,2,16,1.1.0,real,True,ok,12430,4460,38,12,119,43,6.538603624794632,,,,,,,,0.03897826796476078,0.997446231175438,0.06633146108625251
d3_rainbow_trout|gru|regression|seed07|fold03,m1_benchmark,d3_rainbow_trout,gru,regression,7,3,16,1.1.0,real,True,ok,12690,5040,38,12,122,48,6.660937792155892,,,,,,,,0.04765385037376768,0.9972330195218636,0.06937303274574404
d3_rainbow_trout|gru|regression|seed07|fold04,m1_benchmark,d3_rainbow_trout,gru,regression,7,4,16,1.1.0,real,True,ok,14331,4200,37,12,137,40,7.935080915689468,,,,,,,,0.04819114275886897,0.9870334053845888,0.15826065661164393
d3_rainbow_trout|gru|regression|seed08|fold00,m1_benchmark,d3_rainbow_trout,gru,regression,8,0,16,1.1.0,real,True,ok,13441,4344,36,13,128,42,6.582440415862948,,,,,,,,0.026675368352050543,0.9990104903857517,0.04391214132156741
d3_rainbow_trout|gru|regression|seed08|fold01,m1_benchmark,d3_rainbow_trout,gru,regression,8,1,16,1.1.0,real,True,ok,12849,4145,37,13,123,40,6.778307999949902,,,,,,,,0.03117385982057872,0.9987523090436127,0.048349749208871896
d3_rainbow_trout|gru|regression|seed08|fold02,m1_benchmark,d3_rainbow_trout,gru,regression,8,2,16,1.1.0,real,True,ok,12584,4936,38,12,121,47,6.773784541990608,,,,,,,,0.06399232669819502,0.9929381708174886,0.11505161248288222
d3_rainbow_trout|gru|regression|seed08|fold03,m1_benchmark,d3_rainbow_trout,gru,regression,8,3,16,1.1.0,real,True,ok,13425,4410,38,12,129,42,7.796341249719262,,,,,,,,0.047939274971717606,0.994249811169694,0.10137597459952005
d3_rainbow_trout|gru|regression|seed08|fold04,m1_benchmark,d3_rainbow_trout,gru,regression,8,4,16,1.1.0,real,True,ok,13491,4095,37,12,129,39,7.0131907081231475,,,,,,,,0.03951277843936456,0.9976494918102818,0.058237307329560985
d3_rainbow_trout|gru|regression|seed09|fold00,m1_benchmark,d3_rainbow_trout,gru,regression,9,0,16,1.1.0,real,True,ok,12535,5460,36,13,120,52,6.603454832918942,,,,,,,,0.047869360808487804,0.9946241665735563,0.09943022579645999
d3_rainbow_trout|gru|regression|seed09|fold01,m1_benchmark,d3_rainbow_trout,gru,regression,9,1,16,1.1.0,real,True,ok,13231,3935,37,13,126,38,6.8862297078594565,,,,,,,,0.055463583668729464,0.99111694834169,0.12100554950876322
d3_rainbow_trout|gru|regression|seed09|fold02,m1_benchmark,d3_rainbow_trout,gru,regression,9,2,16,1.1.0,real,True,ok,13281,4764,38,12,127,46,6.891090750228614,,,,,,,,0.03532745128714866,0.9978975848576234,0.05966861910565273
d3_rainbow_trout|gru|regression|seed09|fold03,m1_benchmark,d3_rainbow_trout,gru,regression,9,3,16,1.1.0,real,True,ok,14159,3885,38,12,136,37,7.360660666134208,,,,,,,,0.03896097335913612,0.9972606640384649,0.07194905027929208
d3_rainbow_trout|gru|regression|seed09|fold04,m1_benchmark,d3_rainbow_trout,gru,regression,9,4,16,1.1.0,real,True,ok,12584,3886,37,12,121,37,6.603201208170503,,,,,,,,0.05476361780269707,0.9959286529279002,0.08789597639741442
d3_rainbow_trout|lstm|classification|seed00|fold00,m1_benchmark,d3_rainbow_trout,lstm,classification,0,0,16,1.1.0,real,True,ok,12899,3570,36,13,124,34,7.674705000128597,0.9358543417366947,0.9999944098009574,True,4.0,0.9076488095238096,require_all_classes,0.8569021272522703,,,
d3_rainbow_trout|lstm|classification|seed00|fold01,m1_benchmark,d3_rainbow_trout,lstm,classification,0,1,16,1.1.0,real,True,ok,12755,5461,37,13,122,52,8.093410540837795,0.999816883354697,0.9999976193049915,True,4.0,0.9997027348394768,require_all_classes,0.9996530236477004,,,
d3_rainbow_trout|lstm|classification|seed00|fold02,m1_benchmark,d3_rainbow_trout,lstm,classification,0,2,16,1.1.0,real,True,ok,13441,3714,38,12,128,36,7.719498541671783,0.9927302100161551,0.9999997716441393,True,4.0,0.9908163265306122,require_all_classes,0.9930472200441867,,,
d3_rainbow_trout|lstm|classification|seed00|fold03,m1_benchmark,d3_rainbow_trout,lstm,classification,0,3,16,1.1.0,real,True,ok,12745,4775,38,12,122,46,7.849660040810704,1.0,1.0,True,4.0,1.0,require_all_classes,1.0,,,
d3_rainbow_trout|lstm|classification|seed00|fold04,m1_benchmark,d3_rainbow_trout,lstm,classification,0,4,16,1.1.0,real,True,ok,13950,4410,37,12,134,42,8.138979417271912,0.9523809523809523,0.9897066188398687,True,4.0,0.9166666666666666,require_all_classes,0.9,,,
d3_rainbow_trout|lstm|classification|seed01|fold00,m1_benchmark,d3_rainbow_trout,lstm,classification,1,0,16,1.1.0,real,True,ok,12009,5671,36,13,115,54,7.173929666168988,0.9701992593898783,0.9990431282809412,True,4.0,0.9612388403429004,require_all_classes,0.958998673297127,,,
d3_rainbow_trout|lstm|classification|seed01|fold01,m1_benchmark,d3_rainbow_trout,lstm,classification,1,1,16,1.1.0,real,True,ok,13231,4250,37,13,126,41,8.990185165777802,0.9842352941176471,1.0,True,4.0,0.9541095890410959,require_all_classes,0.9638381953051478,,,
d3_rainbow_trout|lstm|classification|seed01|fold02,m1_benchmark,d3_rainbow_trout,lstm,classification,1,2,16,1.1.0,real,True,ok,13386,4449,38,12,128,43,9.352167624980211,1.0,1.0,True,4.0,1.0,require_all_classes,1.0,,,
d3_rainbow_trout|lstm|classification|seed01|fold03,m1_benchmark,d3_rainbow_trout,lstm,classification,1,3,16,1.1.0,real,True,ok,14370,4095,38,12,138,39,9.652054708916694,0.9968253968253968,1.0,True,4.0,0.9982804232804232,require_all_classes,0.9940828121432709,,,
d3_rainbow_trout|lstm|classification|seed01|fold04,m1_benchmark,d3_rainbow_trout,lstm,classification,1,4,16,1.1.0,real,True,ok,12794,3465,37,12,123,33,7.48515454120934,1.0,1.0,True,4.0,1.0,require_all_classes,1.0,,,
d3_rainbow_trout|lstm|classification|seed02|fold00,m1_benchmark,d3_rainbow_trout,lstm,classification,2,0,16,1.1.0,real,True,ok,12795,5040,36,13,123,48,7.433094541076571,0.953968253968254,0.9978187654906924,True,4.0,0.9225595238095238,require_all_classes,0.9242244940674544,,,
d3_rainbow_trout|lstm|classification|seed02|fold01,m1_benchmark,d3_rainbow_trout,lstm,classification,2,1,16,1.1.0,real,True,ok,13480,4095,37,13,129,39,8.14992762543261,0.9924297924297925,1.0,True,4.0,0.9815476190476191,require_all_classes,0.9832509842440902,,,
d3_rainbow_trout|lstm|classification|seed02|fold02,m1_benchmark,d3_rainbow_trout,lstm,classification,2,2,16,1.1.0,real,True,ok,13164,4355,38,12,126,42,7.213957749772817,0.9430539609644087,0.9836778280533127,True,4.0,0.9229166666666667,require_all_classes,0.9107715422366255,,,
d3_rainbow_trout|lstm|classification|seed02|fold03,m1_benchmark,d3_rainbow_trout,lstm,classification,2,3,16,1.1.0,real,True,ok,13490,4411,38,12,129,42,8.16262308275327,0.9816368170482884,0.9998842682825871,True,4.0,0.9890217929045187,require_all_classes,0.9788557953837058,,,
d3_rainbow_trout|lstm|classification|seed02|fold04,m1_benchmark,d3_rainbow_trout,lstm,classification,2,4,16,1.1.0,real,True,ok,12861,4029,37,12,123,39,7.4677909589372575,1.0,1.0,True,4.0,1.0,require_all_classes,1.0,,,
d3_rainbow_trout|lstm|classification|seed03|fold00,m1_benchmark,d3_rainbow_trout,lstm,classification,3,0,16,1.1.0,real,True,ok,11850,5145,36,13,114,49,6.995446125045419,0.9673469387755103,0.9925356256627021,True,4.0,0.9480442176870748,require_all_classes,0.9627323927136601,,,
d3_rainbow_trout|lstm|classification|seed03|fold01,m1_benchmark,d3_rainbow_trout,lstm,classification,3,1,16,1.1.0,real,True,ok,12584,4935,37,13,121,47,7.806847708765417,0.9560283687943263,0.9974004665968952,True,4.0,0.9358333333333333,require_all_classes,0.935275619593128,,,
d3_rainbow_trout|lstm|classification|seed03|fold02,m1_benchmark,d3_rainbow_trout,lstm,classification,3,2,16,1.1.0,real,True,ok,13269,4411,38,12,127,42,7.817797749768943,0.9909317615053276,0.999992422652771,True,4.0,0.9939261316892988,require_all_classes,0.9912065847913528,,,
d3_rainbow_trout|lstm|classification|seed03|fold03,m1_benchmark,d3_rainbow_trout,lstm,classification,3,3,16,1.1.0,real,True,ok,14491,4250,38,12,138,41,9.088068208657205,0.9536470588235294,0.9999954600484262,True,4.0,0.9421785139176444,require_all_classes,0.9090913405006886,,,
d3_rainbow_trout|lstm|classification|seed03|fold04,m1_benchmark,d3_rainbow_trout,lstm,classification,3,4,16,1.1.0,real,True,ok,13596,3189,37,12,130,31,9.217199708335102,1.0,1.0,True,4.0,1.0,require_all_classes,1.0,,,
d3_rainbow_trout|lstm|classification|seed04|fold00,m1_benchmark,d3_rainbow_trout,lstm,classification,4,0,16,1.1.0,real,True,ok,12059,5040,36,13,116,48,6.941086208913475,0.993452380952381,0.9997977649855826,True,4.0,0.9883580705009276,require_all_classes,0.987835927757567,,,
d3_rainbow_trout|lstm|classification|seed04|fold01,m1_benchmark,d3_rainbow_trout,lstm,classification,4,1,16,1.1.0,real,True,ok,12860,4831,37,13,123,46,7.450173375196755,1.0,1.0,True,4.0,1.0,require_all_classes,1.0,,,
d3_rainbow_trout|lstm|classification|seed04|fold02,m1_benchmark,d3_rainbow_trout,lstm,classification,4,2,16,1.1.0,real,True,ok,13336,4239,38,12,127,41,7.658680292312056,0.9653220099079972,0.9955829250200392,True,4.0,0.9701754385964912,require_all_classes,0.9628639334521687,,,
d3_rainbow_trout|lstm|classification|seed04|fold03,m1_benchmark,d3_rainbow_trout,lstm,classification,4,3,16,1.1.0,real,True,ok,14110,4355,38,12,135,42,8.271155916154385,1.0,1.0,True,4.0,1.0,require_all_classes,1.0,,,
d3_rainbow_trout|lstm|classification|seed04|fold04,m1_benchmark,d3_rainbow_trout,lstm,classification,4,4,16,1.1.0,real,True,ok,13425,3465,37,12,129,33,7.791703624650836,0.9131313131313131,0.997272818402448,True,4.0,0.9135164835164835,require_all_classes,0.9079316046947987,,,
d3_rainbow_trout|lstm|classification|seed05|fold00,m1_benchmark,d3_rainbow_trout,lstm,classification,5,0,16,1.1.0,real,True,ok,12324,4935,36,13,118,47,6.646659125108272,0.9884498480243161,1.0,True,4.0,0.9806122448979592,require_all_classes,0.9865676465439464,,,
d3_rainbow_trout|lstm|classification|seed05|fold01,m1_benchmark,d3_rainbow_trout,lstm,classification,5,1,16,1.1.0,real,True,ok,13020,4671,37,13,124,45,7.3975255424156785,0.9773067865553414,0.9991699096468579,True,4.0,0.9610997936630062,require_all_classes,0.9640636479055071,,,
d3_rainbow_trout|lstm|classification|seed05|fold02,m1_benchmark,d3_rainbow_trout,lstm,classification,5,2,16,1.1.0,real,True,ok,13806,4239,38,12,132,41,8.416388208046556,0.9912715263033735,1.0,True,4.0,0.9955952380952381,require_all_classes,0.9872307242688274,,,
d3_rainbow_trout|lstm|classification|seed05|fold03,m1_benchmark,d3_rainbow_trout,lstm,classification,5,3,16,1.1.0,real,True,ok,13845,3885,38,12,133,37,8.108043958898634,0.9353925353925354,0.9980731368499225,True,4.0,0.9183982683982683,require_all_classes,0.9177551416542918,,,
d3_rainbow_trout|lstm|classification|seed05|fold04,m1_benchmark,d3_rainbow_trout,lstm,classification,5,4,16,1.1.0,real,True,ok,12795,4200,37,12,123,40,7.925878250040114,0.9788095238095238,1.0,True,4.0,0.9697278911564626,require_all_classes,0.967394787567587,,,
d3_rainbow_trout|lstm|classification|seed06|fold00,m1_benchmark,d3_rainbow_trout,lstm,classification,6,0,16,1.1.0,real,True,ok,13005,3570,36,13,125,34,8.583249833900481,0.9324929971988796,0.9977891506961207,True,4.0,0.9138392857142857,require_all_classes,0.8902538312480957,,,
d3_rainbow_trout|lstm|classification|seed06|fold01,m1_benchmark,d3_rainbow_trout,lstm,classification,6,1,16,1.1.0,real,True,ok,12375,5355,37,13,119,51,6.590301167219877,0.9676937441643324,0.998397770162127,True,4.0,0.941156462585034,require_all_classes,0.9433132876275152,,,
d3_rainbow_trout|lstm|classification|seed06|fold02,m1_benchmark,d3_rainbow_trout,lstm,classification,6,2,16,1.1.0,real,True,ok,13059,4200,38,12,125,40,7.578341208864003,0.9738095238095238,0.999979436218932,True,4.0,0.9563492063492063,require_all_classes,0.952380059970015,,,
d3_rainbow_trout|lstm|classification|seed06|fold03,m1_benchmark,d3_rainbow_trout,lstm,classification,6,3,16,1.1.0,real,True,ok,13125,4671,38,12,125,45,8.417015249840915,0.9860843502462,0.9999517855579867,True,4.0,0.9792073594311868,require_all_classes,0.9843226052836737,,,
d3_rainbow_trout|lstm|classification|seed06|fold04,m1_benchmark,d3_rainbow_trout,lstm,classification,6,4,16,1.1.0,real,True,ok,14226,4134,37,12,136,40,8.140688833314925,1.0,1.0,True,4.0,1.0,require_all_classes,1.0,,,
d3_rainbow_trout|lstm|classification|seed07|fold00,m1_benchmark,d3_rainbow_trout,lstm,classification,7,0,16,1.1.0,real,True,ok,13700,3399,36,13,131,33,8.166600000113249,0.9691085613415711,0.9999759215480255,True,4.0,0.9534574468085106,require_all_classes,0.9465623981753014,,,
d3_rainbow_trout|lstm|classification|seed07|fold01,m1_benchmark,d3_rainbow_trout,lstm,classification,7,1,16,1.1.0,real,True,ok,12639,4831,37,13,121,46,7.257854165975004,0.9664665700683088,0.9996485520789081,True,4.0,0.9449728260869565,require_all_classes,0.9336107516662415,,,
d3_rainbow_trout|lstm|classification|seed07|fold02,m1_benchmark,d3_rainbow_trout,lstm,classification,7,2,16,1.1.0,real,True,ok,12430,4460,38,12,119,43,7.13714720774442,0.9975336322869955,1.0,True,4.0,0.9978174603174603,require_all_classes,0.9982508942634348,,,
d3_rainbow_trout|lstm|classification|seed07|fold03,m1_benchmark,d3_rainbow_trout,lstm,classification,7,3,16,1.1.0,real,True,ok,12690,5040,38,12,122,48,7.353560124989599,0.9652777777777778,0.9957916991079361,True,4.0,0.9583333333333334,require_all_classes,0.9467849223946785,,,
d3_rainbow_trout|lstm|classification|seed07|fold04,m1_benchmark,d3_rainbow_trout,lstm,classification,7,4,16,1.1.0,real,True,ok,14331,4200,37,12,137,40,8.800784041639417,0.9902380952380953,0.9989718955989683,True,4.0,0.9860544217687075,require_all_classes,0.9847655825498841,,,
d3_rainbow_trout|lstm|classification|seed08|fold00,m1_benchmark,d3_rainbow_trout,lstm,classification,8,0,16,1.1.0,real,True,ok,13441,4344,36,13,128,42,8.129379750229418,1.0,1.0,True,4.0,1.0,require_all_classes,1.0,,,
d3_rainbow_trout|lstm|classification|seed08|fold01,m1_benchmark,d3_rainbow_trout,lstm,classification,8,1,16,1.1.0,real,True,ok,12849,4145,37,13,123,40,7.432233875151724,1.0,1.0,True,4.0,1.0,require_all_classes,1.0,,,
d3_rainbow_trout|lstm|classification|seed08|fold02,m1_benchmark,d3_rainbow_trout,lstm,classification,8,2,16,1.1.0,real,True,ok,12584,4936,38,12,121,47,8.295429124962538,0.9785251215559158,0.9902406580738556,True,4.0,0.9639460403726707,require_all_classes,0.963785572013586,,,
d3_rainbow_trout|lstm|classification|seed08|fold03,m1_benchmark,d3_rainbow_trout,lstm,classification,8,3,16,1.1.0,real,True,ok,13425,4410,38,12,129,42,8.714053499978036,0.9598639455782313,0.9968659481303229,True,4.0,0.9342403628117913,require_all_classes,0.939836128784758,,,
d3_rainbow_trout|lstm|classification|seed08|fold04,m1_benchmark,d3_rainbow_trout,lstm,classification,8,4,16,1.1.0,real,True,ok,13491,4095,37,12,129,39,7.8584024999290705,0.9960927960927961,1.0,True,4.0,0.9981859410430839,require_all_classes,0.9967311771626832,,,
d3_rainbow_trout|lstm|classification|seed09|fold00,m1_benchmark,d3_rainbow_trout,lstm,classification,9,0,16,1.1.0,real,True,ok,12535,5460,36,13,120,52,7.259544959291816,0.965018315018315,0.9747506265027709,True,4.0,0.9537054215625644,require_all_classes,0.94255446757129,,,
d3_rainbow_trout|lstm|classification|seed09|fold01,m1_benchmark,d3_rainbow_trout,lstm,classification,9,1,16,1.1.0,real,True,ok,13231,3935,37,13,126,38,7.489989124704152,0.9684879288437103,0.999098768100281,True,4.0,0.9628618113912232,require_all_classes,0.9580655584940304,,,
d3_rainbow_trout|lstm|classification|seed09|fold02,m1_benchmark,d3_rainbow_trout,lstm,classification,9,2,16,1.1.0,real,True,ok,13281,4764,38,12,127,46,7.540778791066259,0.9779596977329975,0.9999515433996543,True,4.0,0.9428104575163399,require_all_classes,0.9510455104551045,,,
d3_rainbow_trout|lstm|classification|seed09|fold03,m1_benchmark,d3_rainbow_trout,lstm,classification,9,3,16,1.1.0,real,True,ok,14159,3885,38,12,136,37,8.038848042022437,0.9624195624195624,0.9991872829551401,True,4.0,0.9587012987012987,require_all_classes,0.9655678618568375,,,
d3_rainbow_trout|lstm|classification|seed09|fold04,m1_benchmark,d3_rainbow_trout,lstm,classification,9,4,16,1.1.0,real,True,ok,12584,3886,37,12,121,37,7.411292208824307,0.9557385486361297,0.997075987549636,True,4.0,0.9361697364739191,require_all_classes,0.9311666982167419,,,
d3_rainbow_trout|lstm|regression|seed00|fold00,m1_benchmark,d3_rainbow_trout,lstm,regression,0,0,16,1.1.0,real,True,ok,12899,3570,36,13,124,34,8.051192916929722,,,,,,,,0.06781395484219073,0.987177062641974,0.15085382631058625
d3_rainbow_trout|lstm|regression|seed00|fold01,m1_benchmark,d3_rainbow_trout,lstm,regression,0,1,16,1.1.0,real,True,ok,12755,5461,37,13,122,52,7.401662416756153,,,,,,,,0.04161573744806868,0.997411491053668,0.06483070204585463
d3_rainbow_trout|lstm|regression|seed00|fold02,m1_benchmark,d3_rainbow_trout,lstm,regression,0,2,16,1.1.0,real,True,ok,13441,3714,38,12,128,36,7.647553125396371,,,,,,,,0.04327707669654066,0.9931293354696292,0.10730158656212402
d3_rainbow_trout|lstm|regression|seed00|fold03,m1_benchmark,d3_rainbow_trout,lstm,regression,0,3,16,1.1.0,real,True,ok,12745,4775,38,12,122,46,7.466551499906927,,,,,,,,0.034800713711883376,0.998747764924735,0.04861414039770606
d3_rainbow_trout|lstm|regression|seed00|fold04,m1_benchmark,d3_rainbow_trout,lstm,regression,0,4,16,1.1.0,real,True,ok,13950,4410,37,12,134,42,8.24960554111749,,,,,,,,0.039931488698842485,0.9984388085241975,0.05407624377131946
d3_rainbow_trout|lstm|regression|seed01|fold00,m1_benchmark,d3_rainbow_trout,lstm,regression,1,0,16,1.1.0,real,True,ok,12009,5671,36,13,115,54,8.280464166309685,,,,,,,,0.05316596553010766,0.9897233453843178,0.1415933436787349
d3_rainbow_trout|lstm|regression|seed01|fold01,m1_benchmark,d3_rainbow_trout,lstm,regression,1,1,16,1.1.0,real,True,ok,13231,4250,37,13,126,41,10.587489208672196,,,,,,,,0.04044973468107338,0.9972318949199492,0.06750921134913648
d3_rainbow_trout|lstm|regression|seed01|fold02,m1_benchmark,d3_rainbow_trout,lstm,regression,1,2,16,1.1.0,real,True,ok,13386,4449,38,12,128,43,8.997859040740877,,,,,,,,0.07542557244141136,0.9954413116998938,0.08947423165102994
d3_rainbow_trout|lstm|regression|seed01|fold03,m1_benchmark,d3_rainbow_trout,lstm,regression,1,3,16,1.1.0,real,True,ok,14370,4095,38,12,138,39,8.975988500285894,,,,,,,,0.02661255588927399,0.9983093848395421,0.05438053819554803
d3_rainbow_trout|lstm|regression|seed01|fold04,m1_benchmark,d3_rainbow_trout,lstm,regression,1,4,16,1.1.0,real,True,ok,12794,3465,37,12,123,33,7.426871541887522,,,,,,,,0.04789319512063123,0.9834499302817489,0.17201835639199045
d3_rainbow_trout|lstm|regression|seed02|fold00,m1_benchmark,d3_rainbow_trout,lstm,regression,2,0,16,1.1.0,real,True,ok,12795,5040,36,13,123,48,7.33283470897004,,,,,,,,0.03486557922287587,0.9976536028222741,0.06513387792797037
d3_rainbow_trout|lstm|regression|seed02|fold01,m1_benchmark,d3_rainbow_trout,lstm,regression,2,1,16,1.1.0,real,True,ok,13480,4095,37,13,129,39,10.017869666218758,,,,,,,,0.0329456295530438,0.9988582851526515,0.0445638708944648
d3_rainbow_trout|lstm|regression|seed02|fold02,m1_benchmark,d3_rainbow_trout,lstm,regression,2,2,16,1.1.0,real,True,ok,13164,4355,38,12,126,42,7.440366582944989,,,,,,,,0.05100368258435746,0.9969389090029989,0.07665648561912922
d3_rainbow_trout|lstm|regression|seed02|fold03,m1_benchmark,d3_rainbow_trout,lstm,regression,2,3,16,1.1.0,real,True,ok,13490,4411,38,12,129,42,7.897149332799017,,,,,,,,0.03829206732172887,0.9947358068251545,0.09768864489985024
d3_rainbow_trout|lstm|regression|seed02|fold04,m1_benchmark,d3_rainbow_trout,lstm,regression,2,4,16,1.1.0,real,True,ok,12861,4029,37,12,123,39,7.5973512921482325,,,,,,,,0.03652098997262373,0.9980106467737699,0.05790370748500895
d3_rainbow_trout|lstm|regression|seed03|fold00,m1_benchmark,d3_rainbow_trout,lstm,regression,3,0,16,1.1.0,real,True,ok,11850,5145,36,13,114,49,6.862473167013377,,,,,,,,0.05451605987919551,0.9885413801497176,0.14651408475195157
d3_rainbow_trout|lstm|regression|seed03|fold01,m1_benchmark,d3_rainbow_trout,lstm,regression,3,1,16,1.1.0,real,True,ok,12584,4935,37,13,121,47,7.8121657921001315,,,,,,,,0.03558987033693262,0.9977199673497745,0.061183217410057895
d3_rainbow_trout|lstm|regression|seed03|fold02,m1_benchmark,d3_rainbow_trout,lstm,regression,3,2,16,1.1.0,real,True,ok,13269,4411,38,12,127,42,7.471769249998033,,,,,,,,0.050099994293607265,0.9925341442058787,0.11582249558052844
d3_rainbow_trout|lstm|regression|seed03|fold03,m1_benchmark,d3_rainbow_trout,lstm,regression,3,3,16,1.1.0,real,True,ok,14491,4250,38,12,138,41,8.619951624888927,,,,,,,,0.04052063446942509,0.9908966972966048,0.12863636990396346
d3_rainbow_trout|lstm|regression|seed03|fold04,m1_benchmark,d3_rainbow_trout,lstm,regression,3,4,16,1.1.0,real,True,ok,13596,3189,37,12,130,31,7.565666958224028,,,,,,,,0.018874045450061723,0.9994717948910824,0.029812940479742225
d3_rainbow_trout|lstm|regression|seed04|fold00,m1_benchmark,d3_rainbow_trout,lstm,regression,4,0,16,1.1.0,real,True,ok,12059,5040,36,13,116,48,6.355839792173356,,,,,,,,0.04177631361900808,0.9982453594022322,0.05561806499858829
d3_rainbow_trout|lstm|regression|seed04|fold01,m1_benchmark,d3_rainbow_trout,lstm,regression,4,1,16,1.1.0,real,True,ok,12860,4831,37,13,123,46,7.413340833038092,,,,,,,,0.04454168590544858,0.998165057854249,0.05809938083563392
d3_rainbow_trout|lstm|regression|seed04|fold02,m1_benchmark,d3_rainbow_trout,lstm,regression,4,2,16,1.1.0,real,True,ok,13336,4239,38,12,127,41,7.698920915834606,,,,,,,,0.03916743442061143,0.9944038005597029,0.096704482863695
d3_rainbow_trout|lstm|regression|seed04|fold03,m1_benchmark,d3_rainbow_trout,lstm,regression,4,3,16,1.1.0,real,True,ok,14110,4355,38,12,135,42,7.8027249169535935,,,,,,,,0.03267387257870516,0.9986416552721651,0.05023920390024373
d3_rainbow_trout|lstm|regression|seed04|fold04,m1_benchmark,d3_rainbow_trout,lstm,regression,4,4,16,1.1.0,real,True,ok,13425,3465,37,12,129,33,7.705535791348666,,,,,,,,0.08751789438156857,0.970756390882368,0.23278100264785795
d3_rainbow_trout|lstm|regression|seed05|fold00,m1_benchmark,d3_rainbow_trout,lstm,regression,5,0,16,1.1.0,real,True,ok,12324,4935,36,13,118,47,7.086970415897667,,,,,,,,0.03153503234384032,0.9974567245482561,0.06782515586792866
d3_rainbow_trout|lstm|regression|seed05|fold01,m1_benchmark,d3_rainbow_trout,lstm,regression,5,1,16,1.1.0,real,True,ok,13020,4671,37,13,124,45,7.432990833185613,,,,,,,,0.0313534949275519,0.9976434299121202,0.062296112587780166
d3_rainbow_trout|lstm|regression|seed05|fold02,m1_benchmark,d3_rainbow_trout,lstm,regression,5,2,16,1.1.0,real,True,ok,13806,4239,38,12,132,41,8.18702641595155,,,,,,,,0.03723992014527456,0.994001981804616,0.10004332435640974
d3_rainbow_trout|lstm|regression|seed05|fold03,m1_benchmark,d3_rainbow_trout,lstm,regression,5,3,16,1.1.0,real,True,ok,13845,3885,38,12,133,37,8.167844417039305,,,,,,,,0.06584011797125591,0.9951973121692838,0.09064766376866681
d3_rainbow_trout|lstm|regression|seed05|fold04,m1_benchmark,d3_rainbow_trout,lstm,regression,5,4,16,1.1.0,real,True,ok,12795,4200,37,12,123,40,7.593123500235379,,,,,,,,0.026390827069963655,0.9980377343688682,0.0647897134453232
d3_rainbow_trout|lstm|regression|seed06|fold00,m1_benchmark,d3_rainbow_trout,lstm,regression,6,0,16,1.1.0,real,True,ok,13005,3570,36,13,125,34,7.365334166679531,,,,,,,,0.048700463025175965,0.989193688236044,0.13823227440651215
d3_rainbow_trout|lstm|regression|seed06|fold01,m1_benchmark,d3_rainbow_trout,lstm,regression,6,1,16,1.1.0,real,True,ok,12375,5355,37,13,119,51,6.924404290970415,,,,,,,,0.07357186207205871,0.9913359335115286,0.12740092755370938
d3_rainbow_trout|lstm|regression|seed06|fold02,m1_benchmark,d3_rainbow_trout,lstm,regression,6,2,16,1.1.0,real,True,ok,13059,4200,38,12,125,40,7.526778624858707,,,,,,,,0.03403069121724086,0.9982696472402467,0.054869321017309375
d3_rainbow_trout|lstm|regression|seed06|fold03,m1_benchmark,d3_rainbow_trout,lstm,regression,6,3,16,1.1.0,real,True,ok,13125,4671,38,12,125,45,8.147372209001333,,,,,,,,0.05237128737344907,0.9924433712051536,0.11627082089801445
d3_rainbow_trout|lstm|regression|seed06|fold04,m1_benchmark,d3_rainbow_trout,lstm,regression,6,4,16,1.1.0,real,True,ok,14226,4134,37,12,136,40,8.438100415747613,,,,,,,,0.03035666162170643,0.9991196765223666,0.03980351200829327
d3_rainbow_trout|lstm|regression|seed07|fold00,m1_benchmark,d3_rainbow_trout,lstm,regression,7,0,16,1.1.0,real,True,ok,13700,3399,36,13,131,33,8.220333707984537,,,,,,,,0.03927550781330809,0.9972043039544636,0.07359654970119756
d3_rainbow_trout|lstm|regression|seed07|fold01,m1_benchmark,d3_rainbow_trout,lstm,regression,7,1,16,1.1.0,real,True,ok,12639,4831,37,13,121,46,7.258344667032361,,,,,,,,0.05828197397126634,0.988293645733152,0.14143494686677446
d3_rainbow_trout|lstm|regression|seed07|fold02,m1_benchmark,d3_rainbow_trout,lstm,regression,7,2,16,1.1.0,real,True,ok,12430,4460,38,12,119,43,7.068001249805093,,,,,,,,0.02746241424115781,0.9990410301900261,0.040647256743450974
d3_rainbow_trout|lstm|regression|seed07|fold03,m1_benchmark,d3_rainbow_trout,lstm,regression,7,3,16,1.1.0,real,True,ok,12690,5040,38,12,122,48,7.286743707954884,,,,,,,,0.0528147526582083,0.9955930682080324,0.08754992887580271
d3_rainbow_trout|lstm|regression|seed07|fold04,m1_benchmark,d3_rainbow_trout,lstm,regression,7,4,16,1.1.0,real,True,ok,14331,4200,37,12,137,40,8.321507500018924,,,,,,,,0.04236220541908623,0.99743900954825,0.07033378284237955
d3_rainbow_trout|lstm|regression|seed08|fold00,m1_benchmark,d3_rainbow_trout,lstm,regression,8,0,16,1.1.0,real,True,ok,13441,4344,36,13,128,42,8.96985450014472,,,,,,,,0.04486062451620796,0.997242357493298,0.07330668634547662
d3_rainbow_trout|lstm|regression|seed08|fold01,m1_benchmark,d3_rainbow_trout,lstm,regression,8,1,16,1.1.0,real,True,ok,12849,4145,37,13,123,40,7.290703875012696,,,,,,,,0.03058449568708217,0.9985567410956157,0.05200113644787174
d3_rainbow_trout|lstm|regression|seed08|fold02,m1_benchmark,d3_rainbow_trout,lstm,regression,8,2,16,1.1.0,real,True,ok,12584,4936,38,12,121,47,8.047753834165633,,,,,,,,0.041804119207484204,0.9974665150431264,0.0689117486926056
d3_rainbow_trout|lstm|regression|seed08|fold03,m1_benchmark,d3_rainbow_trout,lstm,regression,8,3,16,1.1.0,real,True,ok,13425,4410,38,12,129,42,7.676344874780625,,,,,,,,0.033755320767426385,0.995267521833314,0.09196832960284833
d3_rainbow_trout|lstm|regression|seed08|fold04,m1_benchmark,d3_rainbow_trout,lstm,regression,8,4,16,1.1.0,real,True,ok,13491,4095,37,12,129,39,7.872093917336315,,,,,,,,0.10116357828030803,0.9277657275331497,0.3228435051097153
d3_rainbow_trout|lstm|regression|seed09|fold00,m1_benchmark,d3_rainbow_trout,lstm,regression,9,0,16,1.1.0,real,True,ok,12535,5460,36,13,120,52,7.148640958126634,,,,,,,,0.04014931576068581,0.997632255913679,0.06598768677614124
d3_rainbow_trout|lstm|regression|seed09|fold01,m1_benchmark,d3_rainbow_trout,lstm,regression,9,1,16,1.1.0,real,True,ok,13231,3935,37,13,126,38,7.4226532080210745,,,,,,,,0.06799101280590476,0.9837479970443213,0.16367322533569797
d3_rainbow_trout|lstm|regression|seed09|fold02,m1_benchmark,d3_rainbow_trout,lstm,regression,9,2,16,1.1.0,real,True,ok,13281,4764,38,12,127,46,7.510262875352055,,,,,,,,0.034897609830002764,0.9980412242101518,0.05759424812457628
d3_rainbow_trout|lstm|regression|seed09|fold03,m1_benchmark,d3_rainbow_trout,lstm,regression,9,3,16,1.1.0,real,True,ok,14159,3885,38,12,136,37,8.026630999986082,,,,,,,,0.06771942341435067,0.9931822494023381,0.11350708517622779
d3_rainbow_trout|lstm|regression|seed09|fold04,m1_benchmark,d3_rainbow_trout,lstm,regression,9,4,16,1.1.0,real,True,ok,12584,3886,37,12,121,37,7.095860457979143,,,,,,,,0.055941104032425255,0.992303127819907,0.12085289794266015
d3_rainbow_trout|pca_svm|classification|seed00|fold00,m1_benchmark,d3_rainbow_trout,pca_svm,classification,0,0,16,1.1.0,real,True,ok,12899,3570,36,13,124,34,0.4759496250189841,0.9593837535014006,0.995290515503775,True,4.0,0.9371726190476191,require_all_classes,0.9003280688527409,,,
d3_rainbow_trout|pca_svm|classification|seed00|fold01,m1_benchmark,d3_rainbow_trout,pca_svm,classification,0,1,16,1.1.0,real,True,ok,12755,5461,37,13,122,52,0.7987554580904543,0.9534883720930233,0.9857505654678675,True,4.0,0.9176010040956533,require_all_classes,0.9152786850315116,,,
d3_rainbow_trout|pca_svm|classification|seed00|fold02,m1_benchmark,d3_rainbow_trout,pca_svm,classification,0,2,16,1.1.0,real,True,ok,13441,3714,38,12,128,36,0.5245682913810015,0.9181475498115239,0.9815912482935046,True,4.0,0.9012603491008806,require_all_classes,0.8996997451635425,,,
d3_rainbow_trout|pca_svm|classification|seed00|fold03,m1_benchmark,d3_rainbow_trout,pca_svm,classification,0,3,16,1.1.0,real,True,ok,12745,4775,38,12,122,46,0.6696623330935836,1.0,1.0,True,4.0,1.0,require_all_classes,1.0,,,
d3_rainbow_trout|pca_svm|classification|seed00|fold04,m1_benchmark,d3_rainbow_trout,pca_svm,classification,0,4,16,1.1.0,real,True,ok,13950,4410,37,12,134,42,0.6154752499423921,0.9514739229024943,0.9643572997750107,True,4.0,0.9142857142857143,require_all_classes,0.8980937591838067,,,
d3_rainbow_trout|pca_svm|classification|seed01|fold00,m1_benchmark,d3_rainbow_trout,pca_svm,classification,1,0,16,1.1.0,real,True,ok,12009,5671,36,13,115,54,0.6607467089779675,0.9361664609416329,0.9866338516280797,True,4.0,0.8909516312563673,require_all_classes,0.897545701409793,,,
d3_rainbow_trout|pca_svm|classification|seed01|fold01,m1_benchmark,d3_rainbow_trout,pca_svm,classification,1,1,16,1.1.0,real,True,ok,13231,4250,37,13,126,41,0.7890497921034694,1.0,1.0,True,4.0,1.0,require_all_classes,1.0,,,
d3_rainbow_trout|pca_svm|classification|seed01|fold02,m1_benchmark,d3_rainbow_trout,pca_svm,classification,1,2,16,1.1.0,real,True,ok,13386,4449,38,12,128,43,0.7380025000311434,0.9676331759946055,0.99120388566108,True,4.0,0.9520144491905289,require_all_classes,0.9557945028069844,,,
d3_rainbow_trout|pca_svm|classification|seed01|fold03,m1_benchmark,d3_rainbow_trout,pca_svm,classification,1,3,16,1.1.0,real,True,ok,14370,4095,38,12,138,39,0.9581226673908532,1.0,1.0,True,4.0,1.0,require_all_classes,1.0,,,
d3_rainbow_trout|pca_svm|classification|seed01|fold04,m1_benchmark,d3_rainbow_trout,pca_svm,classification,1,4,16,1.1.0,real,True,ok,12794,3465,37,12,123,33,0.46453329222276807,0.9988455988455989,1.0,True,4.0,0.9976190476190476,require_all_classes,0.9984641538381527,,,
d3_rainbow_trout|pca_svm|classification|seed02|fold00,m1_benchmark,d3_rainbow_trout,pca_svm,classification,2,0,16,1.1.0,real,True,ok,12795,5040,36,13,123,48,0.7652053749188781,0.9698412698412698,0.9940583513874973,True,4.0,0.9461904761904762,require_all_classes,0.947013728758956,,,
d3_rainbow_trout|pca_svm|classification|seed02|fold01,m1_benchmark,d3_rainbow_trout,pca_svm,classification,2,1,16,1.1.0,real,True,ok,13480,4095,37,13,129,39,0.7227827501483262,0.9743589743589743,0.9946943062939462,True,4.0,0.9375,require_all_classes,0.9424821436622077,,,
d3_rainbow_trout|pca_svm|classification|seed02|fold02,m1_benchmark,d3_rainbow_trout,pca_svm,classification,2,2,16,1.1.0,real,True,ok,13164,4355,38,12,126,42,0.5927997920662165,0.9430539609644087,0.9837056416156486,True,4.0,0.9229166666666667,require_all_classes,0.9110084349105494,,,
d3_rainbow_trout|pca_svm|classification|seed02|fold03,m1_benchmark,d3_rainbow_trout,pca_svm,classification,2,3,16,1.1.0,real,True,ok,13490,4411,38,12,129,42,0.6551655000075698,0.9931988211289957,0.9996959814973481,True,4.0,0.9881141045958796,require_all_classes,0.9880983841739656,,,
d3_rainbow_trout|pca_svm|classification|seed02|fold04,m1_benchmark,d3_rainbow_trout,pca_svm,classification,2,4,16,1.1.0,real,True,ok,12861,4029,37,12,123,39,0.5773281250149012,0.9811367585008687,0.9997532314021675,True,4.0,0.9741496598639456,require_all_classes,0.9705894269222153,,,
d3_rainbow_trout|pca_svm|classification|seed03|fold00,m1_benchmark,d3_rainbow_trout,pca_svm,classification,3,0,16,1.1.0,real,True,ok,11850,5145,36,13,114,49,0.5368772922083735,0.9352769679300291,0.9743451708203693,True,4.0,0.8918792517006803,require_all_classes,0.9038615995708906,,,
d3_rainbow_trout|pca_svm|classification|seed03|fold01,m1_benchmark,d3_rainbow_trout,pca_svm,classification,3,1,16,1.1.0,real,True,ok,12584,4935,37,13,121,47,0.5310492496937513,0.9663627152988855,0.9995911099482528,True,4.0,0.950595238095238,require_all_classes,0.9501081276808294,,,
d3_rainbow_trout|pca_svm|classification|seed03|fold02,m1_benchmark,d3_rainbow_trout,pca_svm,classification,3,2,16,1.1.0,real,True,ok,13269,4411,38,12,127,42,0.750241625122726,0.9684878712310134,0.9943503135509189,True,4.0,0.9604723934758208,require_all_classes,0.9549717494162336,,,
d3_rainbow_trout|pca_svm|classification|seed03|fold03,m1_benchmark,d3_rainbow_trout,pca_svm,classification,3,3,16,1.1.0,real,True,ok,14491,4250,38,12,138,41,0.8368408330716193,0.9548235294117647,0.9961480866824746,True,4.0,0.9419323671497585,require_all_classes,0.9105160164955337,,,
d3_rainbow_trout|pca_svm|classification|seed03|fold04,m1_benchmark,d3_rainbow_trout,pca_svm,classification,3,4,16,1.1.0,real,True,ok,13596,3189,37,12,130,31,0.6609090408310294,1.0,1.0,True,4.0,1.0,require_all_classes,1.0,,,
d3_rainbow_trout|pca_svm|classification|seed04|fold00,m1_benchmark,d3_rainbow_trout,pca_svm,classification,4,0,16,1.1.0,real,True,ok,12059,5040,36,13,116,48,0.6208453332073987,0.9470238095238095,0.9867111816912076,True,4.0,0.9146196660482375,require_all_classes,0.9003632685470282,,,
d3_rainbow_trout|pca_svm|classification|seed04|fold01,m1_benchmark,d3_rainbow_trout,pca_svm,classification,4,1,16,1.1.0,real,True,ok,12860,4831,37,13,123,46,0.753899541683495,0.9759884081970607,0.9971938650435292,True,4.0,0.9484292956726417,require_all_classes,0.9503150749040048,,,
d3_rainbow_trout|pca_svm|classification|seed04|fold02,m1_benchmark,d3_rainbow_trout,pca_svm,classification,4,2,16,1.1.0,real,True,ok,13336,4239,38,12,127,41,0.6529475417919457,0.9683887709365416,0.9960028385334122,True,4.0,0.9468253968253968,require_all_classes,0.9561826564247035,,,
d3_rainbow_trout|pca_svm|classification|seed04|fold03,m1_benchmark,d3_rainbow_trout,pca_svm,classification,4,3,16,1.1.0,real,True,ok,14110,4355,38,12,135,42,0.5913642910309136,0.9931113662456946,0.9969533491917393,True,4.0,0.9889705882352942,require_all_classes,0.990044272703392,,,
d3_rainbow_trout|pca_svm|classification|seed04|fold04,m1_benchmark,d3_rainbow_trout,pca_svm,classification,4,4,16,1.1.0,real,True,ok,13425,3465,37,12,129,33,0.5746490838937461,0.9370851370851371,0.9983411783200143,True,4.0,0.926959706959707,require_all_classes,0.9229764327172056,,,
d3_rainbow_trout|pca_svm|classification|seed05|fold00,m1_benchmark,d3_rainbow_trout,pca_svm,classification,5,0,16,1.1.0,real,True,ok,12324,4935,36,13,118,47,0.6981759169138968,0.9862208713272543,0.9994783397550528,True,4.0,0.9768707482993197,require_all_classes,0.9826381611194952,,,
d3_rainbow_trout|pca_svm|classification|seed05|fold01,m1_benchmark,d3_rainbow_trout,pca_svm,classification,5,1,16,1.1.0,real,True,ok,13020,4671,37,13,124,45,0.6909278333187103,0.9663883536715907,0.9907182210748163,True,4.0,0.9501461095734369,require_all_classes,0.9498288731962845,,,
d3_rainbow_trout|pca_svm|classification|seed05|fold02,m1_benchmark,d3_rainbow_trout,pca_svm,classification,5,2,16,1.1.0,real,True,ok,13806,4239,38,12,132,41,0.7868724591098726,0.9919792403868837,0.9997655204828445,True,4.0,0.9920618034447821,require_all_classes,0.9862700081599265,,,
d3_rainbow_trout|pca_svm|classification|seed05|fold03,m1_benchmark,d3_rainbow_trout,pca_svm,classification,5,3,16,1.1.0,real,True,ok,13845,3885,38,12,133,37,0.5406646248884499,0.9940797940797941,0.9973213598570742,True,4.0,0.9863095238095239,require_all_classes,0.9876032492206046,,,
d3_rainbow_trout|pca_svm|classification|seed05|fold04,m1_benchmark,d3_rainbow_trout,pca_svm,classification,5,4,16,1.1.0,real,True,ok,12795,4200,37,12,123,40,0.6998524582013488,0.965952380952381,0.9874330987806378,True,4.0,0.9513605442176871,require_all_classes,0.9479243828015007,,,
d3_rainbow_trout|pca_svm|classification|seed06|fold00,m1_benchmark,d3_rainbow_trout,pca_svm,classification,6,0,16,1.1.0,real,True,ok,13005,3570,36,13,125,34,0.49823641683906317,0.9543417366946779,0.9947272892131763,True,4.0,0.940922619047619,require_all_classes,0.9173411829065558,,,
d3_rainbow_trout|pca_svm|classification|seed06|fold01,m1_benchmark,d3_rainbow_trout,pca_svm,classification,6,1,16,1.1.0,real,True,ok,12375,5355,37,13,119,51,0.7405644170939922,0.9591036414565827,0.9860602816078611,True,4.0,0.9299744897959183,require_all_classes,0.9301100368005077,,,
d3_rainbow_trout|pca_svm|classification|seed06|fold02,m1_benchmark,d3_rainbow_trout,pca_svm,classification,6,2,16,1.1.0,real,True,ok,13059,4200,38,12,125,40,0.6624072082340717,0.969047619047619,0.9898916666041115,True,4.0,0.9568783068783069,require_all_classes,0.9493046343813539,,,
d3_rainbow_trout|pca_svm|classification|seed06|fold03,m1_benchmark,d3_rainbow_trout,pca_svm,classification,6,3,16,1.1.0,real,True,ok,13125,4671,38,12,125,45,0.6875727083534002,0.9494754870477414,0.9963616163573712,True,4.0,0.9226327687825702,require_all_classes,0.9220115999209211,,,
d3_rainbow_trout|pca_svm|classification|seed06|fold04,m1_benchmark,d3_rainbow_trout,pca_svm,classification,6,4,16,1.1.0,real,True,ok,14226,4134,37,12,136,40,0.7194033754058182,0.9997581035316885,1.0,True,4.0,0.999702380952381,require_all_classes,0.9995790670258801,,,
d3_rainbow_trout|pca_svm|classification|seed07|fold00,m1_benchmark,d3_rainbow_trout,pca_svm,classification,7,0,16,1.1.0,real,True,ok,13700,3399,36,13,131,33,0.5187015002593398,0.9090909090909091,0.9915881587778466,True,4.0,0.863031914893617,require_all_classes,0.8389962752423372,,,
d3_rainbow_trout|pca_svm|classification|seed07|fold01,m1_benchmark,d3_rainbow_trout,pca_svm,classification,7,1,16,1.1.0,real,True,ok,12639,4831,37,13,121,46,0.6149625000543892,0.9472158973297454,0.9972464833870075,True,4.0,0.9138357426303855,require_all_classes,0.8912271695180651,,,
d3_rainbow_trout|pca_svm|classification|seed07|fold02,m1_benchmark,d3_rainbow_trout,pca_svm,classification,7,2,16,1.1.0,real,True,ok,12430,4460,38,12,119,43,0.6201823749579489,1.0,1.0,True,4.0,1.0,require_all_classes,1.0,,,
d3_rainbow_trout|pca_svm|classification|seed07|fold03,m1_benchmark,d3_rainbow_trout,pca_svm,classification,7,3,16,1.1.0,real,True,ok,12690,5040,38,12,122,48,0.6040388750843704,0.957936507936508,0.9717476575982662,True,4.0,0.9497619047619048,require_all_classes,0.9362698412698413,,,
d3_rainbow_trout|pca_svm|classification|seed07|fold04,m1_benchmark,d3_rainbow_trout,pca_svm,classification,7,4,16,1.1.0,real,True,ok,14331,4200,37,12,137,40,0.5868064998649061,0.99,0.9963253958437632,True,4.0,0.9857142857142858,require_all_classes,0.9830316742081449,,,
d3_rainbow_trout|pca_svm|classification|seed08|fold00,m1_benchmark,d3_rainbow_trout,pca_svm,classification,8,0,16,1.1.0,real,True,ok,13441,4344,36,13,128,42,0.7648968328721821,0.9820441988950276,0.994512412759546,True,4.0,0.9654255319148937,require_all_classes,0.9688316722037652,,,
d3_rainbow_trout|pca_svm|classification|seed08|fold01,m1_benchmark,d3_rainbow_trout,pca_svm,classification,8,1,16,1.1.0,real,True,ok,12849,4145,37,13,123,40,0.5862362091429532,1.0,1.0,True,4.0,1.0,require_all_classes,1.0,,,
d3_rainbow_trout|pca_svm|classification|seed08|fold02,m1_benchmark,d3_rainbow_trout,pca_svm,classification,8,2,16,1.1.0,real,True,ok,12584,4936,38,12,121,47,0.5313934166915715,0.9685980551053485,0.988788305671873,True,4.0,0.9535092340712029,require_all_classes,0.9503805124234119,,,
d3_rainbow_trout|pca_svm|classification|seed08|fold03,m1_benchmark,d3_rainbow_trout,pca_svm,classification,8,3,16,1.1.0,real,True,ok,13425,4410,38,12,129,42,0.616437999997288,0.9616780045351474,0.9930106449987403,True,4.0,0.9396825396825397,require_all_classes,0.9429247468740594,,,
d3_rainbow_trout|pca_svm|classification|seed08|fold04,m1_benchmark,d3_rainbow_trout,pca_svm,classification,8,4,16,1.1.0,real,True,ok,13491,4095,37,12,129,39,0.5184246250428259,0.9728937728937729,0.9976463918900893,True,4.0,0.9471428571428572,require_all_classes,0.9485140352527544,,,
d3_rainbow_trout|pca_svm|classification|seed09|fold00,m1_benchmark,d3_rainbow_trout,pca_svm,classification,9,0,16,1.1.0,real,True,ok,12535,5460,36,13,120,52,0.43096208292990923,0.9606227106227107,0.9880675897437211,True,4.0,0.950937950937951,require_all_classes,0.93798105525396,,,
d3_rainbow_trout|pca_svm|classification|seed09|fold01,m1_benchmark,d3_rainbow_trout,pca_svm,classification,9,1,16,1.1.0,real,True,ok,13231,3935,37,13,126,38,0.38541170908138156,0.9743329097839898,0.989758628806197,True,4.0,0.9622315592903828,require_all_classes,0.9620750884077606,,,
d3_rainbow_trout|pca_svm|classification|seed09|fold02,m1_benchmark,d3_rainbow_trout,pca_svm,classification,9,2,16,1.1.0,real,True,ok,13281,4764,38,12,127,46,0.5773119158111513,0.9779596977329975,0.9852185950020638,True,4.0,0.9428104575163399,require_all_classes,0.9510455104551045,,,
d3_rainbow_trout|pca_svm|classification|seed09|fold03,m1_benchmark,d3_rainbow_trout,pca_svm,classification,9,3,16,1.1.0,real,True,ok,14159,3885,38,12,136,37,0.4621251658536494,0.9837837837837838,0.9971250365737693,True,4.0,0.971111111111111,require_all_classes,0.977844448193625,,,
d3_rainbow_trout|pca_svm|classification|seed09|fold04,m1_benchmark,d3_rainbow_trout,pca_svm,classification,9,4,16,1.1.0,real,True,ok,12584,3886,37,12,121,37,0.4282514173537493,0.925887802367473,0.98160724957897,True,4.0,0.8773975496408957,require_all_classes,0.8753594019551466,,,
d3_rainbow_trout|pca_svm|regression|seed00|fold00,m1_benchmark,d3_rainbow_trout,pca_svm,regression,0,0,16,1.1.0,real,True,ok,12899,3570,36,13,124,34,0.7738264580257237,,,,,,,,0.11388395769995836,0.9796458242396409,0.19005938958279864
d3_rainbow_trout|pca_svm|regression|seed00|fold01,m1_benchmark,d3_rainbow_trout,pca_svm,regression,0,1,16,1.1.0,real,True,ok,12755,5461,37,13,122,52,0.9783445843495429,,,,,,,,0.13148094920253775,0.976578439445304,0.1950131078545935
d3_rainbow_trout|pca_svm|regression|seed00|fold02,m1_benchmark,d3_rainbow_trout,pca_svm,regression,0,2,16,1.1.0,real,True,ok,13441,3714,38,12,128,36,0.9320061663165689,,,,,,,,0.1434704573557842,0.9735312643151302,0.21060727554077882
d3_rainbow_trout|pca_svm|regression|seed00|fold03,m1_benchmark,d3_rainbow_trout,pca_svm,regression,0,3,16,1.1.0,real,True,ok,12745,4775,38,12,122,46,1.0862239999696612,,,,,,,,0.12195200010991993,0.9819888774653811,0.18436992083008122
d3_rainbow_trout|pca_svm|regression|seed00|fold04,m1_benchmark,d3_rainbow_trout,pca_svm,regression,0,4,16,1.1.0,real,True,ok,13950,4410,37,12,134,42,1.2503947080112994,,,,,,,,0.10010042152122038,0.9894037549533647,0.14088164955122237
d3_rainbow_trout|pca_svm|regression|seed01|fold00,m1_benchmark,d3_rainbow_trout,pca_svm,regression,1,0,16,1.1.0,real,True,ok,12009,5671,36,13,115,54,0.7673037080094218,,,,,,,,0.1394951213429725,0.9772833664307103,0.21051785854206262
d3_rainbow_trout|pca_svm|regression|seed01|fold01,m1_benchmark,d3_rainbow_trout,pca_svm,regression,1,1,16,1.1.0,real,True,ok,13231,4250,37,13,126,41,1.076722249854356,,,,,,,,0.14537011332882188,0.9691688913219534,0.2253026601223329
d3_rainbow_trout|pca_svm|regression|seed01|fold02,m1_benchmark,d3_rainbow_trout,pca_svm,regression,1,2,16,1.1.0,real,True,ok,13386,4449,38,12,128,43,1.2774243750609457,,,,,,,,0.15089661484847142,0.9733427825892881,0.21636421603942646
d3_rainbow_trout|pca_svm|regression|seed01|fold03,m1_benchmark,d3_rainbow_trout,pca_svm,regression,1,3,16,1.1.0,real,True,ok,14370,4095,38,12,138,39,1.8257271670736372,,,,,,,,0.10173362043411656,0.990296788834085,0.13028033398339622
d3_rainbow_trout|pca_svm|regression|seed01|fold04,m1_benchmark,d3_rainbow_trout,pca_svm,regression,1,4,16,1.1.0,real,True,ok,12794,3465,37,12,123,33,0.8758939998224378,,,,,,,,0.10352755368956246,0.983138611414477,0.1736287139696695
d3_rainbow_trout|pca_svm|regression|seed02|fold00,m1_benchmark,d3_rainbow_trout,pca_svm,regression,2,0,16,1.1.0,real,True,ok,12795,5040,36,13,123,48,1.2514207921922207,,,,,,,,0.11902682766943236,0.9852423282927795,0.16334847886075396
d3_rainbow_trout|pca_svm|regression|seed02|fold01,m1_benchmark,d3_rainbow_trout,pca_svm,regression,2,1,16,1.1.0,real,True,ok,13480,4095,37,13,129,39,0.882987542077899,,,,,,,,0.09564921374334058,0.9825555477007522,0.17419382362733524
d3_rainbow_trout|pca_svm|regression|seed02|fold02,m1_benchmark,d3_rainbow_trout,pca_svm,regression,2,2,16,1.1.0,real,True,ok,13164,4355,38,12,126,42,0.9297161251306534,,,,,,,,0.18363616924379658,0.961557753007705,0.2716534138298415
d3_rainbow_trout|pca_svm|regression|seed02|fold03,m1_benchmark,d3_rainbow_trout,pca_svm,regression,2,3,16,1.1.0,real,True,ok,13490,4411,38,12,129,42,0.8846288328059018,,,,,,,,0.11165105164912084,0.9829961809644188,0.1755704464743214
d3_rainbow_trout|pca_svm|regression|seed02|fold04,m1_benchmark,d3_rainbow_trout,pca_svm,regression,2,4,16,1.1.0,real,True,ok,12861,4029,37,12,123,39,1.0105812917463481,,,,,,,,0.13404793539977994,0.9819701440905527,0.1743197315827919
d3_rainbow_trout|pca_svm|regression|seed03|fold00,m1_benchmark,d3_rainbow_trout,pca_svm,regression,3,0,16,1.1.0,real,True,ok,11850,5145,36,13,114,49,0.7437538341619074,,,,,,,,0.15140711945773014,0.9722938724436112,0.2278248722175958
d3_rainbow_trout|pca_svm|regression|seed03|fold01,m1_benchmark,d3_rainbow_trout,pca_svm,regression,3,1,16,1.1.0,real,True,ok,12584,4935,37,13,121,47,0.8984639579430223,,,,,,,,0.1278946423051208,0.9781249027857034,0.18951202579615709
d3_rainbow_trout|pca_svm|regression|seed03|fold02,m1_benchmark,d3_rainbow_trout,pca_svm,regression,3,2,16,1.1.0,real,True,ok,13269,4411,38,12,127,42,1.1575160827487707,,,,,,,,0.10544265399816947,0.9865225755212189,0.15561683319670444
d3_rainbow_trout|pca_svm|regression|seed03|fold03,m1_benchmark,d3_rainbow_trout,pca_svm,regression,3,3,16,1.1.0,real,True,ok,14491,4250,38,12,138,41,1.2375303753651679,,,,,,,,0.13421547589845914,0.9799352441304023,0.19097706900573252
d3_rainbow_trout|pca_svm|regression|seed03|fold04,m1_benchmark,d3_rainbow_trout,pca_svm,regression,3,4,16,1.1.0,real,True,ok,13596,3189,37,12,130,31,1.0582959996536374,,,,,,,,0.093931291374924,0.9918245628215909,0.117289465493081
d3_rainbow_trout|pca_svm|regression|seed04|fold00,m1_benchmark,d3_rainbow_trout,pca_svm,regression,4,0,16,1.1.0,real,True,ok,12059,5040,36,13,116,48,0.9252098328433931,,,,,,,,0.15555841118493802,0.9746198410098679,0.21152853310464464
d3_rainbow_trout|pca_svm|regression|seed04|fold01,m1_benchmark,d3_rainbow_trout,pca_svm,regression,4,1,16,1.1.0,real,True,ok,12860,4831,37,13,123,46,1.1517070000991225,,,,,,,,0.07872258552297738,0.9897608415807064,0.1372437093511513
d3_rainbow_trout|pca_svm|regression|seed04|fold02,m1_benchmark,d3_rainbow_trout,pca_svm,regression,4,2,16,1.1.0,real,True,ok,13336,4239,38,12,127,41,0.90455162525177,,,,,,,,0.10537573567045555,0.9872900861836537,0.14573750084691656
d3_rainbow_trout|pca_svm|regression|seed04|fold03,m1_benchmark,d3_rainbow_trout,pca_svm,regression,4,3,16,1.1.0,real,True,ok,14110,4355,38,12,135,42,1.0184540837071836,,,,,,,,0.11806531149369016,0.984889715541104,0.16756143393767078
d3_rainbow_trout|pca_svm|regression|seed04|fold04,m1_benchmark,d3_rainbow_trout,pca_svm,regression,4,4,16,1.1.0,real,True,ok,13425,3465,37,12,129,33,0.8944647079333663,,,,,,,,0.14527095084100933,0.9752569623718917,0.21412065198534685
d3_rainbow_trout|pca_svm|regression|seed05|fold00,m1_benchmark,d3_rainbow_trout,pca_svm,regression,5,0,16,1.1.0,real,True,ok,12324,4935,36,13,118,47,1.0346365422010422,,,,,,,,0.10273382592802636,0.9891508156827772,0.14008532581149838
d3_rainbow_trout|pca_svm|regression|seed05|fold01,m1_benchmark,d3_rainbow_trout,pca_svm,regression,5,1,16,1.1.0,real,True,ok,13020,4671,37,13,124,45,1.0019363746978343,,,,,,,,0.12496904518816208,0.9778097322126857,0.19116220783711552
d3_rainbow_trout|pca_svm|regression|seed05|fold02,m1_benchmark,d3_rainbow_trout,pca_svm,regression,5,2,16,1.1.0,real,True,ok,13806,4239,38,12,132,41,1.2168791252188385,,,,,,,,0.13436299055653253,0.9797766363051648,0.18370074653208915
d3_rainbow_trout|pca_svm|regression|seed05|fold03,m1_benchmark,d3_rainbow_trout,pca_svm,regression,5,3,16,1.1.0,real,True,ok,13845,3885,38,12,133,37,0.8785314168781042,,,,,,,,0.10404639570106133,0.9866898819085064,0.15090561185140602
d3_rainbow_trout|pca_svm|regression|seed05|fold04,m1_benchmark,d3_rainbow_trout,pca_svm,regression,5,4,16,1.1.0,real,True,ok,12795,4200,37,12,123,40,0.891586166806519,,,,,,,,0.1471650972781337,0.976923772124647,0.22218235716184812
d3_rainbow_trout|pca_svm|regression|seed06|fold00,m1_benchmark,d3_rainbow_trout,pca_svm,regression,6,0,16,1.1.0,real,True,ok,13005,3570,36,13,125,34,1.0655252081342041,,,,,,,,0.12119672766544855,0.9800846112935611,0.1876571433892264
d3_rainbow_trout|pca_svm|regression|seed06|fold01,m1_benchmark,d3_rainbow_trout,pca_svm,regression,6,1,16,1.1.0,real,True,ok,12375,5355,37,13,119,51,0.9122913749888539,,,,,,,,0.11229880757855278,0.9859989540103462,0.16195409842860078
d3_rainbow_trout|pca_svm|regression|seed06|fold02,m1_benchmark,d3_rainbow_trout,pca_svm,regression,6,2,16,1.1.0,real,True,ok,13059,4200,38,12,125,40,0.940340249799192,,,,,,,,0.14754804615330233,0.9678549278910644,0.2364936386001578
d3_rainbow_trout|pca_svm|regression|seed06|fold03,m1_benchmark,d3_rainbow_trout,pca_svm,regression,6,3,16,1.1.0,real,True,ok,13125,4671,38,12,125,45,0.9031982496380806,,,,,,,,0.10844024005074264,0.9869072284062163,0.15304617855215522
d3_rainbow_trout|pca_svm|regression|seed06|fold04,m1_benchmark,d3_rainbow_trout,pca_svm,regression,6,4,16,1.1.0,real,True,ok,14226,4134,37,12,136,40,0.983639667276293,,,,,,,,0.11323285107362728,0.9867139301995443,0.1546316947847753
d3_rainbow_trout|pca_svm|regression|seed07|fold00,m1_benchmark,d3_rainbow_trout,pca_svm,regression,7,0,16,1.1.0,real,True,ok,13700,3399,36,13,131,33,1.06307362485677,,,,,,,,0.13331478300960045,0.9805683561714666,0.1940292697696201
d3_rainbow_trout|pca_svm|regression|seed07|fold01,m1_benchmark,d3_rainbow_trout,pca_svm,regression,7,1,16,1.1.0,real,True,ok,12639,4831,37,13,121,46,0.8878551670350134,,,,,,,,0.15119346325005006,0.9696986244606033,0.22755012169570235
d3_rainbow_trout|pca_svm|regression|seed07|fold02,m1_benchmark,d3_rainbow_trout,pca_svm,regression,7,2,16,1.1.0,real,True,ok,12430,4460,38,12,119,43,0.9492914578877389,,,,,,,,0.10443370199193859,0.9858524863513587,0.1561236995679428
d3_rainbow_trout|pca_svm|regression|seed07|fold03,m1_benchmark,d3_rainbow_trout,pca_svm,regression,7,3,16,1.1.0,real,True,ok,12690,5040,38,12,122,48,0.9684009589254856,,,,,,,,0.11227758446280067,0.9870149665669498,0.15028276236730276
d3_rainbow_trout|pca_svm|regression|seed07|fold04,m1_benchmark,d3_rainbow_trout,pca_svm,regression,7,4,16,1.1.0,real,True,ok,14331,4200,37,12,137,40,1.0925084580667317,,,,,,,,0.11076713730446303,0.9882110193208881,0.15090308712952102
d3_rainbow_trout|pca_svm|regression|seed08|fold00,m1_benchmark,d3_rainbow_trout,pca_svm,regression,8,0,16,1.1.0,real,True,ok,13441,4344,36,13,128,42,1.0279472921974957,,,,,,,,0.09448761114898295,0.9886754097029716,0.14855451500951014
d3_rainbow_trout|pca_svm|regression|seed08|fold01,m1_benchmark,d3_rainbow_trout,pca_svm,regression,8,1,16,1.1.0,real,True,ok,12849,4145,37,13,123,40,0.8045166246592999,,,,,,,,0.13494618903869612,0.9774449386176719,0.20557141194551773
d3_rainbow_trout|pca_svm|regression|seed08|fold02,m1_benchmark,d3_rainbow_trout,pca_svm,regression,8,2,16,1.1.0,real,True,ok,12584,4936,38,12,121,47,1.0294027081690729,,,,,,,,0.1544657226025443,0.9725102264517407,0.2269967748502127
d3_rainbow_trout|pca_svm|regression|seed08|fold03,m1_benchmark,d3_rainbow_trout,pca_svm,regression,8,3,16,1.1.0,real,True,ok,13425,4410,38,12,129,42,0.9116872921586037,,,,,,,,0.1267330026419494,0.9817209805521868,0.1807467248275028
d3_rainbow_trout|pca_svm|regression|seed08|fold04,m1_benchmark,d3_rainbow_trout,pca_svm,regression,8,4,16,1.1.0,real,True,ok,13491,4095,37,12,129,39,1.078365874942392,,,,,,,,0.14247265555342845,0.9705554714127403,0.2061212203624485
d3_rainbow_trout|pca_svm|regression|seed09|fold00,m1_benchmark,d3_rainbow_trout,pca_svm,regression,9,0,16,1.1.0,real,True,ok,12535,5460,36,13,120,52,0.8768994999118149,,,,,,,,0.11588049693082006,0.9861249468107716,0.15973969552184245
d3_rainbow_trout|pca_svm|regression|seed09|fold01,m1_benchmark,d3_rainbow_trout,pca_svm,regression,9,1,16,1.1.0,real,True,ok,13231,3935,37,13,126,38,0.9250767910853028,,,,,,,,0.13273699823060897,0.9795508548480941,0.18359539047728426
d3_rainbow_trout|pca_svm|regression|seed09|fold02,m1_benchmark,d3_rainbow_trout,pca_svm,regression,9,2,16,1.1.0,real,True,ok,13281,4764,38,12,127,46,0.9846541248261929,,,,,,,,0.1277583783546523,0.981600749815807,0.17651711132442546
d3_rainbow_trout|pca_svm|regression|seed09|fold03,m1_benchmark,d3_rainbow_trout,pca_svm,regression,9,3,16,1.1.0,real,True,ok,14159,3885,38,12,136,37,0.7859132080338895,,,,,,,,0.1117785845698628,0.9829630446255623,0.17943138489844498
d3_rainbow_trout|pca_svm|regression|seed09|fold04,m1_benchmark,d3_rainbow_trout,pca_svm,regression,9,4,16,1.1.0,real,True,ok,12584,3886,37,12,121,37,0.7192379580810666,,,,,,,,0.19398433658148023,0.9555496131895458,0.29042747826089654
d3_rainbow_trout|random_forest|classification|seed00|fold00,m1_benchmark,d3_rainbow_trout,random_forest,classification,0,0,16,1.1.0,real,True,ok,12899,3570,36,13,124,34,0.526915792375803,0.9212885154061624,0.9999780722474174,True,4.0,0.8894345238095238,require_all_classes,0.8318892428355618,,,
d3_rainbow_trout|random_forest|classification|seed00|fold01,m1_benchmark,d3_rainbow_trout,random_forest,classification,0,1,16,1.1.0,real,True,ok,12755,5461,37,13,122,52,0.6632363749668002,0.9917597509613624,0.9998239117326102,True,4.0,0.9886433384293075,require_all_classes,0.9910779201835098,,,
d3_rainbow_trout|random_forest|classification|seed00|fold02,m1_benchmark,d3_rainbow_trout,random_forest,classification,0,2,16,1.1.0,real,True,ok,13441,3714,38,12,128,36,0.6466884580440819,0.9114162627894453,0.9969792446163379,True,4.0,0.888095238095238,require_all_classes,0.8844587449052589,,,
d3_rainbow_trout|random_forest|classification|seed00|fold03,m1_benchmark,d3_rainbow_trout,random_forest,classification,0,3,16,1.1.0,real,True,ok,12745,4775,38,12,122,46,0.7191917495802045,0.9974869109947644,1.0,True,4.0,0.9979591836734694,require_all_classes,0.9981842705955593,,,
d3_rainbow_trout|random_forest|classification|seed00|fold04,m1_benchmark,d3_rainbow_trout,random_forest,classification,0,4,16,1.1.0,real,True,ok,13950,4410,37,12,134,42,0.6567917079664767,0.9698412698412698,1.0,True,4.0,0.9472222222222222,require_all_classes,0.9363242325394343,,,
d3_rainbow_trout|random_forest|classification|seed01|fold00,m1_benchmark,d3_rainbow_trout,random_forest,classification,1,0,16,1.1.0,real,True,ok,12009,5671,36,13,115,54,0.6093299170024693,0.959795450537824,0.9996328518432003,True,4.0,0.9383303140096618,require_all_classes,0.9334789321450907,,,
d3_rainbow_trout|random_forest|classification|seed01|fold01,m1_benchmark,d3_rainbow_trout,random_forest,classification,1,1,16,1.1.0,real,True,ok,13231,4250,37,13,126,41,0.8968096668832004,1.0,1.0,True,4.0,1.0,require_all_classes,1.0,,,
d3_rainbow_trout|random_forest|classification|seed01|fold02,m1_benchmark,d3_rainbow_trout,random_forest,classification,1,2,16,1.1.0,real,True,ok,13386,4449,38,12,128,43,0.8164969999343157,0.9763991908293999,1.0,True,4.0,0.9660852713178294,require_all_classes,0.9651420651420651,,,
d3_rainbow_trout|random_forest|classification|seed01|fold03,m1_benchmark,d3_rainbow_trout,random_forest,classification,1,3,16,1.1.0,real,True,ok,14370,4095,38,12,138,39,0.6555415838956833,0.998046398046398,1.0,True,4.0,0.9961904761904762,require_all_classes,0.9949458179652104,,,
d3_rainbow_trout|random_forest|classification|seed01|fold04,m1_benchmark,d3_rainbow_trout,random_forest,classification,1,4,16,1.1.0,real,True,ok,12794,3465,37,12,123,33,0.5784169589169323,0.9642135642135642,0.9996405980938741,True,4.0,0.9583144368858654,require_all_classes,0.9567160035420219,,,
d3_rainbow_trout|random_forest|classification|seed02|fold00,m1_benchmark,d3_rainbow_trout,random_forest,classification,2,0,16,1.1.0,real,True,ok,12795,5040,36,13,123,48,0.522496999707073,0.9984126984126984,0.9999499551758688,True,4.0,0.9961904761904762,require_all_classes,0.9976279206769723,,,
d3_rainbow_trout|random_forest|classification|seed02|fold01,m1_benchmark,d3_rainbow_trout,random_forest,classification,2,1,16,1.1.0,real,True,ok,13480,4095,37,13,129,39,0.6472428748384118,0.9743589743589743,1.0,True,4.0,0.9375,require_all_classes,0.9415584415584415,,,
d3_rainbow_trout|random_forest|classification|seed02|fold02,m1_benchmark,d3_rainbow_trout,random_forest,classification,2,2,16,1.1.0,real,True,ok,13164,4355,38,12,126,42,0.5177432079799473,0.9981630309988518,0.9999993602581219,True,4.0,0.9985347985347985,require_all_classes,0.9986714219145136,,,
d3_rainbow_trout|random_forest|classification|seed02|fold03,m1_benchmark,d3_rainbow_trout,random_forest,classification,2,3,16,1.1.0,real,True,ok,13490,4411,38,12,129,42,0.6549709998071194,0.9836771707095897,0.9996091780153129,True,4.0,0.9904761904761905,require_all_classes,0.9816523776946479,,,
d3_rainbow_trout|random_forest|classification|seed02|fold04,m1_benchmark,d3_rainbow_trout,random_forest,classification,2,4,16,1.1.0,real,True,ok,12861,4029,37,12,123,39,0.5902016670443118,0.9846115661454455,1.0,True,4.0,0.9725177304964538,require_all_classes,0.9796858612428044,,,
d3_rainbow_trout|random_forest|classification|seed03|fold00,m1_benchmark,d3_rainbow_trout,random_forest,classification,3,0,16,1.1.0,real,True,ok,11850,5145,36,13,114,49,0.557880625128746,0.9737609329446064,0.9996441706764007,True,4.0,0.9553571428571428,require_all_classes,0.9597654118930715,,,
d3_rainbow_trout|random_forest|classification|seed03|fold01,m1_benchmark,d3_rainbow_trout,random_forest,classification,3,1,16,1.1.0,real,True,ok,12584,4935,37,13,121,47,0.5986450840719044,0.9750759878419453,1.0,True,4.0,0.9644642857142858,require_all_classes,0.965449807532488,,,
d3_rainbow_trout|random_forest|classification|seed03|fold02,m1_benchmark,d3_rainbow_trout,random_forest,classification,3,2,16,1.1.0,real,True,ok,13269,4411,38,12,127,42,0.6178879155777395,1.0,1.0,True,4.0,1.0,require_all_classes,1.0,,,
d3_rainbow_trout|random_forest|classification|seed03|fold03,m1_benchmark,d3_rainbow_trout,random_forest,classification,3,3,16,1.1.0,real,True,ok,14491,4250,38,12,138,41,0.72829629201442,0.9752941176470589,0.9986573356549922,True,4.0,0.9861111111111112,require_all_classes,0.9571428571428572,,,
d3_rainbow_trout|random_forest|classification|seed03|fold04,m1_benchmark,d3_rainbow_trout,random_forest,classification,3,4,16,1.1.0,real,True,ok,13596,3189,37,12,130,31,0.7854887498542666,1.0,1.0,True,4.0,1.0,require_all_classes,1.0,,,
d3_rainbow_trout|random_forest|classification|seed04|fold00,m1_benchmark,d3_rainbow_trout,random_forest,classification,4,0,16,1.1.0,real,True,ok,12059,5040,36,13,116,48,0.636520333122462,0.9513888888888888,0.9984090742636358,True,4.0,0.9119047619047619,require_all_classes,0.9027027027027027,,,
d3_rainbow_trout|random_forest|classification|seed04|fold01,m1_benchmark,d3_rainbow_trout,random_forest,classification,4,1,16,1.1.0,real,True,ok,12860,4831,37,13,123,46,0.7733964170329273,0.9985510246325813,1.0,True,4.0,0.9988888888888889,require_all_classes,0.999027233749245,,,
d3_rainbow_trout|random_forest|classification|seed04|fold02,m1_benchmark,d3_rainbow_trout,random_forest,classification,4,2,16,1.1.0,real,True,ok,13336,4239,38,12,127,41,0.6896711247973144,0.998348667138476,0.9999968662998588,True,4.0,0.9972222222222222,require_all_classes,0.9981655235840288,,,
d3_rainbow_trout|random_forest|classification|seed04|fold03,m1_benchmark,d3_rainbow_trout,random_forest,classification,4,3,16,1.1.0,real,True,ok,14110,4355,38,12,135,42,0.5998205416835845,1.0,1.0,True,4.0,1.0,require_all_classes,1.0,,,
d3_rainbow_trout|random_forest|classification|seed04|fold04,m1_benchmark,d3_rainbow_trout,random_forest,classification,4,4,16,1.1.0,real,True,ok,13425,3465,37,12,129,33,0.6726128337904811,0.9393939393939394,0.9993303621226901,True,4.0,0.9307692307692308,require_all_classes,0.9265079365079365,,,
d3_rainbow_trout|random_forest|classification|seed05|fold00,m1_benchmark,d3_rainbow_trout,random_forest,classification,5,0,16,1.1.0,real,True,ok,12324,4935,36,13,118,47,0.6822190419770777,0.9977710233029382,1.0,True,4.0,0.9969387755102042,require_all_classes,0.9978101767644526,,,
d3_rainbow_trout|random_forest|classification|seed05|fold01,m1_benchmark,d3_rainbow_trout,random_forest,classification,5,1,16,1.1.0,real,True,ok,13020,4671,37,13,124,45,0.7169595421291888,0.9860843502462,1.0,True,4.0,0.9761029411764706,require_all_classes,0.9781500774631856,,,
d3_rainbow_trout|random_forest|classification|seed05|fold02,m1_benchmark,d3_rainbow_trout,random_forest,classification,5,2,16,1.1.0,real,True,ok,13806,4239,38,12,132,41,0.6513096247799695,0.9865534324133051,0.999985176949477,True,4.0,0.9932142857142857,require_all_classes,0.9806741758068773,,,
d3_rainbow_trout|random_forest|classification|seed05|fold03,m1_benchmark,d3_rainbow_trout,random_forest,classification,5,3,16,1.1.0,real,True,ok,13845,3885,38,12,133,37,0.6436865413561463,0.9927927927927928,1.0,True,4.0,0.9866666666666667,require_all_classes,0.9850861688024746,,,
d3_rainbow_trout|random_forest|classification|seed05|fold04,m1_benchmark,d3_rainbow_trout,random_forest,classification,5,4,16,1.1.0,real,True,ok,12795,4200,37,12,123,40,0.6320532080717385,0.979047619047619,1.0,True,4.0,0.9700680272108844,require_all_classes,0.967760567190714,,,
d3_rainbow_trout|random_forest|classification|seed06|fold00,m1_benchmark,d3_rainbow_trout,random_forest,classification,6,0,16,1.1.0,real,True,ok,13005,3570,36,13,125,34,0.714099083095789,0.9411764705882353,0.9994001647851494,True,4.0,0.921875,require_all_classes,0.893721198156682,,,
d3_rainbow_trout|random_forest|classification|seed06|fold01,m1_benchmark,d3_rainbow_trout,random_forest,classification,6,1,16,1.1.0,real,True,ok,12375,5355,37,13,119,51,0.6652288339100778,1.0,1.0,True,4.0,1.0,require_all_classes,1.0,,,
d3_rainbow_trout|random_forest|classification|seed06|fold02,m1_benchmark,d3_rainbow_trout,random_forest,classification,6,2,16,1.1.0,real,True,ok,13059,4200,38,12,125,40,0.6380684580653906,0.9995238095238095,1.0,True,4.0,0.9995670995670995,require_all_classes,0.9996511570359277,,,
d3_rainbow_trout|random_forest|classification|seed06|fold03,m1_benchmark,d3_rainbow_trout,random_forest,classification,6,3,16,1.1.0,real,True,ok,13125,4671,38,12,125,45,0.7114324173890054,0.9882252194390923,0.9999812362204074,True,4.0,0.9843092586004654,require_all_classes,0.9872972498102698,,,
d3_rainbow_trout|random_forest|classification|seed06|fold04,m1_benchmark,d3_rainbow_trout,random_forest,classification,6,4,16,1.1.0,real,True,ok,14226,4134,37,12,136,40,0.7410486661829054,1.0,1.0,True,4.0,1.0,require_all_classes,1.0,,,
d3_rainbow_trout|random_forest|classification|seed07|fold00,m1_benchmark,d3_rainbow_trout,random_forest,classification,7,0,16,1.1.0,real,True,ok,13700,3399,36,13,131,33,0.6834563752636313,0.948220064724919,1.0,True,4.0,0.9412341204894397,require_all_classes,0.924873750770453,,,
d3_rainbow_trout|random_forest|classification|seed07|fold01,m1_benchmark,d3_rainbow_trout,random_forest,classification,7,1,16,1.1.0,real,True,ok,12639,4831,37,13,121,46,0.5571272089146078,0.9327261436555578,0.9975172559991932,True,4.0,0.8896059782608696,require_all_classes,0.860415604960197,,,
d3_rainbow_trout|random_forest|classification|seed07|fold02,m1_benchmark,d3_rainbow_trout,random_forest,classification,7,2,16,1.1.0,real,True,ok,12430,4460,38,12,119,43,0.4351912080310285,1.0,1.0,True,4.0,1.0,require_all_classes,1.0,,,
d3_rainbow_trout|random_forest|classification|seed07|fold03,m1_benchmark,d3_rainbow_trout,random_forest,classification,7,3,16,1.1.0,real,True,ok,12690,5040,38,12,122,48,0.44925254164263606,0.9692460317460317,1.0,True,4.0,0.963452380952381,require_all_classes,0.9539295716490569,,,
d3_rainbow_trout|random_forest|classification|seed07|fold04,m1_benchmark,d3_rainbow_trout,random_forest,classification,7,4,16,1.1.0,real,True,ok,14331,4200,37,12,137,40,0.46373137505725026,0.975,1.0,True,4.0,0.9642857142857143,require_all_classes,0.958041958041958,,,
d3_rainbow_trout|random_forest|classification|seed08|fold00,m1_benchmark,d3_rainbow_trout,random_forest,classification,8,0,16,1.1.0,real,True,ok,13441,4344,36,13,128,42,0.7089397497475147,1.0,1.0,True,4.0,1.0,require_all_classes,1.0,,,
d3_rainbow_trout|random_forest|classification|seed08|fold01,m1_benchmark,d3_rainbow_trout,random_forest,classification,8,1,16,1.1.0,real,True,ok,12849,4145,37,13,123,40,0.6667981250211596,1.0,1.0,True,4.0,1.0,require_all_classes,1.0,,,
d3_rainbow_trout|random_forest|classification|seed08|fold02,m1_benchmark,d3_rainbow_trout,random_forest,classification,8,2,16,1.1.0,real,True,ok,12584,4936,38,12,121,47,0.5316495001316071,0.9773095623987034,0.9999985512915236,True,4.0,0.9631847475832438,require_all_classes,0.9629639674605761,,,
d3_rainbow_trout|random_forest|classification|seed08|fold03,m1_benchmark,d3_rainbow_trout,random_forest,classification,8,3,16,1.1.0,real,True,ok,13425,4410,38,12,129,42,0.5425097080878913,0.9675736961451247,0.9983839866319417,True,4.0,0.9592592592592593,require_all_classes,0.9527493695342579,,,
d3_rainbow_trout|random_forest|classification|seed08|fold04,m1_benchmark,d3_rainbow_trout,random_forest,classification,8,4,16,1.1.0,real,True,ok,13491,4095,37,12,129,39,0.45235604187473655,1.0,1.0,True,4.0,1.0,require_all_classes,1.0,,,
d3_rainbow_trout|random_forest|classification|seed09|fold00,m1_benchmark,d3_rainbow_trout,random_forest,classification,9,0,16,1.1.0,real,True,ok,12535,5460,36,13,120,52,0.4835442495532334,1.0,1.0,True,4.0,1.0,require_all_classes,1.0,,,
d3_rainbow_trout|random_forest|classification|seed09|fold01,m1_benchmark,d3_rainbow_trout,random_forest,classification,9,1,16,1.1.0,real,True,ok,13231,3935,37,13,126,38,0.44897979218512774,0.9847522236340533,0.9997805108814802,True,4.0,0.9915966386554622,require_all_classes,0.9843628593628594,,,
d3_rainbow_trout|random_forest|classification|seed09|fold02,m1_benchmark,d3_rainbow_trout,random_forest,classification,9,2,16,1.1.0,real,True,ok,13281,4764,38,12,127,46,0.4486814169213176,0.998320738874895,1.0,True,4.0,0.9985347985347985,require_all_classes,0.9988125526160596,,,
d3_rainbow_trout|random_forest|classification|seed09|fold03,m1_benchmark,d3_rainbow_trout,random_forest,classification,9,3,16,1.1.0,real,True,ok,14159,3885,38,12,136,37,0.4486847501248121,0.9904761904761905,0.9999977324263039,True,4.0,0.9847619047619047,require_all_classes,0.9891618714550675,,,
d3_rainbow_trout|random_forest|classification|seed09|fold04,m1_benchmark,d3_rainbow_trout,random_forest,classification,9,4,16,1.1.0,real,True,ok,12584,3886,37,12,121,37,0.44462216598913074,0.9729799279464745,0.9999712141272858,True,4.0,0.9583333333333334,require_all_classes,0.9545847411015951,,,
d3_rainbow_trout|random_forest|regression|seed00|fold00,m1_benchmark,d3_rainbow_trout,random_forest,regression,0,0,16,1.1.0,real,True,ok,12899,3570,36,13,124,34,4.515465250238776,,,,,,,,0.03245598506071574,0.9889494875977655,0.14004054042878333
d3_rainbow_trout|random_forest|regression|seed00|fold01,m1_benchmark,d3_rainbow_trout,random_forest,regression,0,1,16,1.1.0,real,True,ok,12755,5461,37,13,122,52,7.602560208179057,,,,,,,,0.0486302386620602,0.9785724420170346,0.18652722486975426
d3_rainbow_trout|random_forest|regression|seed00|fold02,m1_benchmark,d3_rainbow_trout,random_forest,regression,0,2,16,1.1.0,real,True,ok,13441,3714,38,12,128,36,8.463619000278413,,,,,,,,0.03543949021722722,0.992222583190373,0.11416275972283176
d3_rainbow_trout|random_forest|regression|seed00|fold03,m1_benchmark,d3_rainbow_trout,random_forest,regression,0,3,16,1.1.0,real,True,ok,12745,4775,38,12,122,46,7.405487417243421,,,,,,,,0.004930352530564921,0.9981284900665522,0.059431370740037626
d3_rainbow_trout|random_forest|regression|seed00|fold04,m1_benchmark,d3_rainbow_trout,random_forest,regression,0,4,16,1.1.0,real,True,ok,13950,4410,37,12,134,42,7.765989249572158,,,,,,,,0.010491035525355078,0.9991022638543207,0.04100650797307252
d3_rainbow_trout|random_forest|regression|seed01|fold00,m1_benchmark,d3_rainbow_trout,random_forest,regression,1,0,16,1.1.0,real,True,ok,12009,5671,36,13,115,54,6.3072017496451735,,,,,,,,0.016169535061452373,0.9989554643583266,0.04514177055514219
d3_rainbow_trout|random_forest|regression|seed01|fold01,m1_benchmark,d3_rainbow_trout,random_forest,regression,1,1,16,1.1.0,real,True,ok,13231,4250,37,13,126,41,8.793638250324875,,,,,,,,0.0033475137255262887,0.9997954207504356,0.018352808750154166
d3_rainbow_trout|random_forest|regression|seed01|fold02,m1_benchmark,d3_rainbow_trout,random_forest,regression,1,2,16,1.1.0,real,True,ok,13386,4449,38,12,128,43,9.808885999955237,,,,,,,,0.011503139282274834,0.9985365494268742,0.0506952253568307
d3_rainbow_trout|random_forest|regression|seed01|fold03,m1_benchmark,d3_rainbow_trout,random_forest,regression,1,3,16,1.1.0,real,True,ok,14370,4095,38,12,138,39,12.105474750045687,,,,,,,,0.005042230362263471,0.999278390513456,0.03552812096338662
d3_rainbow_trout|random_forest|regression|seed01|fold04,m1_benchmark,d3_rainbow_trout,random_forest,regression,1,4,16,1.1.0,real,True,ok,12794,3465,37,12,123,33,6.434932583011687,,,,,,,,0.04563747955750822,0.9824966838802159,0.17690293899366216
d3_rainbow_trout|random_forest|regression|seed02|fold00,m1_benchmark,d3_rainbow_trout,random_forest,regression,2,0,16,1.1.0,real,True,ok,12795,5040,36,13,123,48,6.177036167122424,,,,,,,,0.005848167989449801,0.999490768465278,0.03034337029783743
d3_rainbow_trout|random_forest|regression|seed02|fold01,m1_benchmark,d3_rainbow_trout,random_forest,regression,2,1,16,1.1.0,real,True,ok,13480,4095,37,13,129,39,7.889985457994044,,,,,,,,0.00925119251122575,0.9986913639608455,0.04771045091568299
d3_rainbow_trout|random_forest|regression|seed02|fold02,m1_benchmark,d3_rainbow_trout,random_forest,regression,2,2,16,1.1.0,real,True,ok,13164,4355,38,12,126,42,7.0864468747749925,,,,,,,,0.011948189820150168,0.9989476091946321,0.04494685483332582
d3_rainbow_trout|random_forest|regression|seed02|fold03,m1_benchmark,d3_rainbow_trout,random_forest,regression,2,3,16,1.1.0,real,True,ok,13490,4411,38,12,129,42,6.996728959027678,,,,,,,,0.021525648001238577,0.99121057586683,0.12622878073370342
d3_rainbow_trout|random_forest|regression|seed02|fold04,m1_benchmark,d3_rainbow_trout,random_forest,regression,2,4,16,1.1.0,real,True,ok,12861,4029,37,12,123,39,7.286175500135869,,,,,,,,0.01982175891456371,0.9920126456924128,0.11602508501373901
d3_rainbow_trout|random_forest|regression|seed03|fold00,m1_benchmark,d3_rainbow_trout,random_forest,regression,3,0,16,1.1.0,real,True,ok,11850,5145,36,13,114,49,5.888269250281155,,,,,,,,0.046545526401071,0.9859888913638691,0.1620128533775704
d3_rainbow_trout|random_forest|regression|seed03|fold01,m1_benchmark,d3_rainbow_trout,random_forest,regression,3,1,16,1.1.0,real,True,ok,12584,4935,37,13,121,47,7.349076583050191,,,,,,,,0.0069822019588320055,0.9977431778993952,0.0608710006676301
d3_rainbow_trout|random_forest|regression|seed03|fold02,m1_benchmark,d3_rainbow_trout,random_forest,regression,3,2,16,1.1.0,real,True,ok,13269,4411,38,12,127,42,7.3162428750656545,,,,,,,,0.016559721907382648,0.9985306606509997,0.05138237499045997
d3_rainbow_trout|random_forest|regression|seed03|fold03,m1_benchmark,d3_rainbow_trout,random_forest,regression,3,3,16,1.1.0,real,True,ok,14491,4250,38,12,138,41,9.08813912468031,,,,,,,,0.03576096470591185,0.9852955844849165,0.16348886055795128
d3_rainbow_trout|random_forest|regression|seed03|fold04,m1_benchmark,d3_rainbow_trout,random_forest,regression,3,4,16,1.1.0,real,True,ok,13596,3189,37,12,130,31,8.618819208815694,,,,,,,,0.014001505174068812,0.9942749186424287,0.09815091342524097
d3_rainbow_trout|random_forest|regression|seed04|fold00,m1_benchmark,d3_rainbow_trout,random_forest,regression,4,0,16,1.1.0,real,True,ok,12059,5040,36,13,116,48,7.2821823339909315,,,,,,,,0.013839775132298173,0.9988753007301814,0.044528697833823336
d3_rainbow_trout|random_forest|regression|seed04|fold01,m1_benchmark,d3_rainbow_trout,random_forest,regression,4,1,16,1.1.0,real,True,ok,12860,4831,37,13,123,46,7.980520291719586,,,,,,,,0.007683833574850469,0.9986186367200826,0.050409718218670165
d3_rainbow_trout|random_forest|regression|seed04|fold02,m1_benchmark,d3_rainbow_trout,random_forest,regression,4,2,16,1.1.0,real,True,ok,13336,4239,38,12,127,41,7.70011179195717,,,,,,,,0.007107792718441316,0.9988239825919955,0.04433093489223522
d3_rainbow_trout|random_forest|regression|seed04|fold03,m1_benchmark,d3_rainbow_trout,random_forest,regression,4,3,16,1.1.0,real,True,ok,14110,4355,38,12,135,42,6.890740540809929,,,,,,,,0.005956142365131395,0.9997790259712314,0.02026321558527688
d3_rainbow_trout|random_forest|regression|seed04|fold04,m1_benchmark,d3_rainbow_trout,random_forest,regression,4,4,16,1.1.0,real,True,ok,13425,3465,37,12,129,33,6.944339416921139,,,,,,,,0.04340363636367641,0.9821243910555157,0.18199626359043256
d3_rainbow_trout|random_forest|regression|seed05|fold00,m1_benchmark,d3_rainbow_trout,random_forest,regression,5,0,16,1.1.0,real,True,ok,12324,4935,36,13,118,47,7.393644082825631,,,,,,,,0.010885160418810023,0.9979043313328261,0.06156805172618699
d3_rainbow_trout|random_forest|regression|seed05|fold01,m1_benchmark,d3_rainbow_trout,random_forest,regression,5,1,16,1.1.0,real,True,ok,13020,4671,37,13,124,45,6.824742125347257,,,,,,,,0.010761257403862523,0.9984948488271768,0.04978641178284816
d3_rainbow_trout|random_forest|regression|seed05|fold02,m1_benchmark,d3_rainbow_trout,random_forest,regression,5,2,16,1.1.0,real,True,ok,13806,4239,38,12,132,41,9.02271050028503,,,,,,,,0.01916533773691833,0.9912449350792424,0.12086871653703297
d3_rainbow_trout|random_forest|regression|seed05|fold03,m1_benchmark,d3_rainbow_trout,random_forest,regression,5,3,16,1.1.0,real,True,ok,13845,3885,38,12,133,37,7.610035375226289,,,,,,,,0.015509240669278515,0.9983237868340326,0.05355241492756104
d3_rainbow_trout|random_forest|regression|seed05|fold04,m1_benchmark,d3_rainbow_trout,random_forest,regression,5,4,16,1.1.0,real,True,ok,12795,4200,37,12,123,40,7.757578374817967,,,,,,,,0.006607476190504268,0.9996265624356787,0.028264165105320586
d3_rainbow_trout|random_forest|regression|seed06|fold00,m1_benchmark,d3_rainbow_trout,random_forest,regression,6,0,16,1.1.0,real,True,ok,13005,3570,36,13,125,34,7.936228416860104,,,,,,,,0.03904257703084041,0.9820041878151534,0.17838421982437885
d3_rainbow_trout|random_forest|regression|seed06|fold01,m1_benchmark,d3_rainbow_trout,random_forest,regression,6,1,16,1.1.0,real,True,ok,12375,5355,37,13,119,51,7.618464750237763,,,,,,,,0.0031100280112294847,0.9999172867837169,0.012447987857534478
d3_rainbow_trout|random_forest|regression|seed06|fold02,m1_benchmark,d3_rainbow_trout,random_forest,regression,6,2,16,1.1.0,real,True,ok,13059,4200,38,12,125,40,7.843025042209774,,,,,,,,0.004675968254000003,0.9991911065460668,0.03751525661429021
d3_rainbow_trout|random_forest|regression|seed06|fold03,m1_benchmark,d3_rainbow_trout,random_forest,regression,6,3,16,1.1.0,real,True,ok,13125,4671,38,12,125,45,7.742967207916081,,,,,,,,0.017678263041496736,0.993195779620678,0.11033057459269904
d3_rainbow_trout|random_forest|regression|seed06|fold04,m1_benchmark,d3_rainbow_trout,random_forest,regression,6,4,16,1.1.0,real,True,ok,14226,4134,37,12,136,40,8.689183583017439,,,,,,,,0.016267126269989506,0.9984995152151487,0.051965612311651616
d3_rainbow_trout|random_forest|regression|seed07|fold00,m1_benchmark,d3_rainbow_trout,random_forest,regression,7,0,16,1.1.0,real,True,ok,13700,3399,36,13,131,33,7.79604774992913,,,,,,,,0.026528253407905517,0.9895581290312423,0.14223341569140205
d3_rainbow_trout|random_forest|regression|seed07|fold01,m1_benchmark,d3_rainbow_trout,random_forest,regression,7,1,16,1.1.0,real,True,ok,12639,4831,37,13,121,46,7.330179082695395,,,,,,,,0.030886103636267266,0.9932126785510267,0.10769489301113722
d3_rainbow_trout|random_forest|regression|seed07|fold02,m1_benchmark,d3_rainbow_trout,random_forest,regression,7,2,16,1.1.0,real,True,ok,12430,4460,38,12,119,43,4.763706333935261,,,,,,,,0.000395695067301068,0.9999940278709206,0.00320769720753164
d3_rainbow_trout|random_forest|regression|seed07|fold03,m1_benchmark,d3_rainbow_trout,random_forest,regression,7,3,16,1.1.0,real,True,ok,12690,5040,38,12,122,48,4.679913416039199,,,,,,,,0.008437050264571358,0.9990763854501765,0.04008048942710137
d3_rainbow_trout|random_forest|regression|seed07|fold04,m1_benchmark,d3_rainbow_trout,random_forest,regression,7,4,16,1.1.0,real,True,ok,14331,4200,37,12,137,40,6.669191415887326,,,,,,,,0.006560801587335156,0.9995395508097084,0.029822967370873654
d3_rainbow_trout|random_forest|regression|seed08|fold00,m1_benchmark,d3_rainbow_trout,random_forest,regression,8,0,16,1.1.0,real,True,ok,13441,4344,36,13,128,42,8.535471917130053,,,,,,,,0.003771539287938641,0.9997680602271352,0.02125994908467117
d3_rainbow_trout|random_forest|regression|seed08|fold01,m1_benchmark,d3_rainbow_trout,random_forest,regression,8,1,16,1.1.0,real,True,ok,12849,4145,37,13,123,40,9.149963709060103,,,,,,,,0.005455359871356375,0.999804190336529,0.01915392456293822
d3_rainbow_trout|random_forest|regression|seed08|fold02,m1_benchmark,d3_rainbow_trout,random_forest,regression,8,2,16,1.1.0,real,True,ok,12584,4936,38,12,121,47,6.726601083762944,,,,,,,,0.014641247974107569,0.9980839278055403,0.059929415220433505
d3_rainbow_trout|random_forest|regression|seed08|fold03,m1_benchmark,d3_rainbow_trout,random_forest,regression,8,3,16,1.1.0,real,True,ok,13425,4410,38,12,129,42,7.114499167073518,,,,,,,,0.02263294784584616,0.993500263513413,0.10778091444228545
d3_rainbow_trout|random_forest|regression|seed08|fold04,m1_benchmark,d3_rainbow_trout,random_forest,regression,8,4,16,1.1.0,real,True,ok,13491,4095,37,12,129,39,4.033724583219737,,,,,,,,0.005396271876300932,0.9997294541750578,0.019757901702623412
d3_rainbow_trout|random_forest|regression|seed09|fold00,m1_benchmark,d3_rainbow_trout,random_forest,regression,9,0,16,1.1.0,real,True,ok,12535,5460,36,13,120,52,3.984258916694671,,,,,,,,0.0055141880342098985,0.9994334439063187,0.03227877030831473
d3_rainbow_trout|random_forest|regression|seed09|fold01,m1_benchmark,d3_rainbow_trout,random_forest,regression,9,1,16,1.1.0,real,True,ok,13231,3935,37,13,126,38,4.253401291090995,,,,,,,,0.021817297755217322,0.9888929553238853,0.13530799345476988
d3_rainbow_trout|random_forest|regression|seed09|fold02,m1_benchmark,d3_rainbow_trout,random_forest,regression,9,2,16,1.1.0,real,True,ok,13281,4764,38,12,127,46,4.096454874612391,,,,,,,,0.00670326756230723,0.999214879331427,0.03646321468981334
d3_rainbow_trout|random_forest|regression|seed09|fold03,m1_benchmark,d3_rainbow_trout,random_forest,regression,9,3,16,1.1.0,real,True,ok,14159,3885,38,12,136,37,4.817565875127912,,,,,,,,0.021297786357824214,0.993339608050263,0.1121895251469419
d3_rainbow_trout|random_forest|regression|seed09|fold04,m1_benchmark,d3_rainbow_trout,random_forest,regression,9,4,16,1.1.0,real,True,ok,12584,3886,37,12,121,37,4.140819750260562,,,,,,,,0.014939217704610501,0.9982947135924692,0.05688510929613999
d3_rainbow_trout|svm_rbf|classification|seed00|fold00,m1_benchmark,d3_rainbow_trout,svm_rbf,classification,0,0,16,1.1.0,real,True,ok,12899,3570,36,13,124,34,0.4545589159242809,0.9831932773109243,0.9998597231996247,True,4.0,0.9805952380952381,require_all_classes,0.9644500060348646,,,
d3_rainbow_trout|svm_rbf|classification|seed00|fold01,m1_benchmark,d3_rainbow_trout,svm_rbf,classification,0,1,16,1.1.0,real,True,ok,12755,5461,37,13,122,52,0.7083370839245617,0.987364951474089,0.9984619208259939,True,4.0,0.9932265443632864,require_all_classes,0.9871740431622646,,,
d3_rainbow_trout|svm_rbf|classification|seed00|fold02,m1_benchmark,d3_rainbow_trout,svm_rbf,classification,0,2,16,1.1.0,real,True,ok,13441,3714,38,12,128,36,0.4580709170550108,0.9413031771674745,0.988462687900363,True,4.0,0.9272728471233455,require_all_classes,0.9297380035753794,,,
d3_rainbow_trout|svm_rbf|classification|seed00|fold03,m1_benchmark,d3_rainbow_trout,svm_rbf,classification,0,3,16,1.1.0,real,True,ok,12745,4775,38,12,122,46,0.6132770827971399,1.0,1.0,True,4.0,1.0,require_all_classes,1.0,,,
d3_rainbow_trout|svm_rbf|classification|seed00|fold04,m1_benchmark,d3_rainbow_trout,svm_rbf,classification,0,4,16,1.1.0,real,True,ok,13950,4410,37,12,134,42,0.549857874866575,0.9839002267573697,1.0,True,4.0,0.9718253968253968,require_all_classes,0.9655874052211131,,,
d3_rainbow_trout|svm_rbf|classification|seed01|fold00,m1_benchmark,d3_rainbow_trout,svm_rbf,classification,1,0,16,1.1.0,real,True,ok,12009,5671,36,13,115,54,0.5968730831518769,0.978839710809381,0.9974186925426349,True,4.0,0.9624054150645766,require_all_classes,0.9714570785381206,,,
d3_rainbow_trout|svm_rbf|classification|seed01|fold01,m1_benchmark,d3_rainbow_trout,svm_rbf,classification,1,1,16,1.1.0,real,True,ok,13231,4250,37,13,126,41,0.7426494588144124,0.9818823529411764,0.9860153278950271,True,4.0,0.9472602739726027,require_all_classes,0.9580772348991429,,,
d3_rainbow_trout|svm_rbf|classification|seed01|fold02,m1_benchmark,d3_rainbow_trout,svm_rbf,classification,1,2,16,1.1.0,real,True,ok,13386,4449,38,12,128,43,0.7683281251229346,0.9979770734996628,0.9993482043980383,True,4.0,0.997093023255814,require_all_classes,0.9979441874678778,,,
d3_rainbow_trout|svm_rbf|classification|seed01|fold03,m1_benchmark,d3_rainbow_trout,svm_rbf,classification,1,3,16,1.1.0,real,True,ok,14370,4095,38,12,138,39,0.7415724168531597,1.0,1.0,True,4.0,1.0,require_all_classes,1.0,,,
d3_rainbow_trout|svm_rbf|classification|seed01|fold04,m1_benchmark,d3_rainbow_trout,svm_rbf,classification,1,4,16,1.1.0,real,True,ok,12794,3465,37,12,123,33,0.4138976247049868,0.9994227994227994,1.0,True,4.0,0.9988095238095238,require_all_classes,0.9992333888754585,,,
d3_rainbow_trout|svm_rbf|classification|seed02|fold00,m1_benchmark,d3_rainbow_trout,svm_rbf,classification,2,0,16,1.1.0,real,True,ok,12795,5040,36,13,123,48,0.6088946671225131,0.9827380952380952,0.998458410176445,True,4.0,0.9632142857142857,require_all_classes,0.9717429267192831,,,
d3_rainbow_trout|svm_rbf|classification|seed02|fold01,m1_benchmark,d3_rainbow_trout,svm_rbf,classification,2,1,16,1.1.0,real,True,ok,13480,4095,37,13,129,39,0.5835538753308356,0.9951159951159951,1.0,True,4.0,0.9880952380952381,require_all_classes,0.9925866495507061,,,
d3_rainbow_trout|svm_rbf|classification|seed02|fold02,m1_benchmark,d3_rainbow_trout,svm_rbf,classification,2,2,16,1.1.0,real,True,ok,13164,4355,38,12,126,42,0.43654912477359176,0.9582089552238806,0.9953426778533724,True,4.0,0.9310995267672286,require_all_classes,0.9303074021102204,,,
d3_rainbow_trout|svm_rbf|classification|seed02|fold03,m1_benchmark,d3_rainbow_trout,svm_rbf,classification,2,3,16,1.1.0,real,True,ok,13490,4411,38,12,129,42,0.6039320421405137,0.9979596463386987,0.9999683085363371,True,4.0,0.9988095238095238,require_all_classes,0.9976253095808109,,,
d3_rainbow_trout|svm_rbf|classification|seed02|fold04,m1_benchmark,d3_rainbow_trout,svm_rbf,classification,2,4,16,1.1.0,real,True,ok,12861,4029,37,12,123,39,0.5214730831794441,1.0,1.0,True,4.0,1.0,require_all_classes,1.0,,,
d3_rainbow_trout|svm_rbf|classification|seed03|fold00,m1_benchmark,d3_rainbow_trout,svm_rbf,classification,3,0,16,1.1.0,real,True,ok,11850,5145,36,13,114,49,0.502689250279218,0.9350826044703596,0.9896468328080237,True,4.0,0.9110374149659863,require_all_classes,0.9173940330841854,,,
d3_rainbow_trout|svm_rbf|classification|seed03|fold01,m1_benchmark,d3_rainbow_trout,svm_rbf,classification,3,1,16,1.1.0,real,True,ok,12584,4935,37,13,121,47,0.5959980841726065,0.9997973657548126,1.0,True,4.0,0.999702380952381,require_all_classes,0.999702380846932,,,
d3_rainbow_trout|svm_rbf|classification|seed03|fold02,m1_benchmark,d3_rainbow_trout,svm_rbf,classification,3,2,16,1.1.0,real,True,ok,13269,4411,38,12,127,42,0.541409790981561,0.9909317615053276,0.9980812532815463,True,4.0,0.9942405499655272,require_all_classes,0.9917411407416389,,,
d3_rainbow_trout|svm_rbf|classification|seed03|fold03,m1_benchmark,d3_rainbow_trout,svm_rbf,classification,3,3,16,1.1.0,real,True,ok,14491,4250,38,12,138,41,0.5918811657465994,0.9811764705882353,0.9984452627567034,True,4.0,0.9891154819415688,require_all_classes,0.9665237989500728,,,
d3_rainbow_trout|svm_rbf|classification|seed03|fold04,m1_benchmark,d3_rainbow_trout,svm_rbf,classification,3,4,16,1.1.0,real,True,ok,13596,3189,37,12,130,31,0.5312950410880148,1.0,1.0,True,4.0,1.0,require_all_classes,1.0,,,
d3_rainbow_trout|svm_rbf|classification|seed04|fold00,m1_benchmark,d3_rainbow_trout,svm_rbf,classification,4,0,16,1.1.0,real,True,ok,12059,5040,36,13,116,48,0.5948695410043001,0.9823412698412698,0.9949915560854707,True,4.0,0.9697278911564626,require_all_classes,0.964353807060451,,,
d3_rainbow_trout|svm_rbf|classification|seed04|fold01,m1_benchmark,d3_rainbow_trout,svm_rbf,classification,4,1,16,1.1.0,real,True,ok,12860,4831,37,13,123,46,0.6775742503814399,0.9975160422272822,0.9999993461317153,True,4.0,0.9985714285714286,require_all_classes,0.9967594108585607,,,
d3_rainbow_trout|svm_rbf|classification|seed04|fold02,m1_benchmark,d3_rainbow_trout,svm_rbf,classification,4,2,16,1.1.0,real,True,ok,13336,4239,38,12,127,41,0.6065138331614435,0.9752300070771408,0.9978766324911089,True,4.0,0.9583333333333334,require_all_classes,0.9708624708624709,,,
d3_rainbow_trout|svm_rbf|classification|seed04|fold03,m1_benchmark,d3_rainbow_trout,svm_rbf,classification,4,3,16,1.1.0,real,True,ok,14110,4355,38,12,135,42,0.537028250284493,0.9972445464982779,1.0,True,4.0,0.9955882352941177,require_all_classes,0.9960014310667761,,,
d3_rainbow_trout|svm_rbf|classification|seed04|fold04,m1_benchmark,d3_rainbow_trout,svm_rbf,classification,4,4,16,1.1.0,real,True,ok,13425,3465,37,12,129,33,0.4171898327767849,0.9616161616161616,0.9986985871271585,True,4.0,0.9674358974358974,require_all_classes,0.9597122325815789,,,
d3_rainbow_trout|svm_rbf|classification|seed05|fold00,m1_benchmark,d3_rainbow_trout,svm_rbf,classification,5,0,16,1.1.0,real,True,ok,12324,4935,36,13,118,47,0.6664630421437323,0.9864235055724417,1.0,True,4.0,0.9772108843537415,require_all_classes,0.9841358226479433,,,
d3_rainbow_trout|svm_rbf|classification|seed05|fold01,m1_benchmark,d3_rainbow_trout,svm_rbf,classification,5,1,16,1.1.0,real,True,ok,13020,4671,37,13,124,45,0.5935358749702573,0.9903660886319846,0.9991431626549911,True,4.0,0.9929730429627261,require_all_classes,0.990680592896524,,,
d3_rainbow_trout|svm_rbf|classification|seed05|fold02,m1_benchmark,d3_rainbow_trout,svm_rbf,classification,5,2,16,1.1.0,real,True,ok,13806,4239,38,12,132,41,0.5776414996944368,0.9995281906109932,1.0,True,4.0,0.9997619047619047,require_all_classes,0.9992870714365737,,,
d3_rainbow_trout|svm_rbf|classification|seed05|fold03,m1_benchmark,d3_rainbow_trout,svm_rbf,classification,5,3,16,1.1.0,real,True,ok,13845,3885,38,12,133,37,0.4851333750411868,1.0,1.0,True,4.0,1.0,require_all_classes,1.0,,,
d3_rainbow_trout|svm_rbf|classification|seed05|fold04,m1_benchmark,d3_rainbow_trout,svm_rbf,classification,5,4,16,1.1.0,real,True,ok,12795,4200,37,12,123,40,0.523280540946871,0.9747619047619047,0.9912556032514015,True,4.0,0.9639455782312925,require_all_classes,0.962284502983723,,,
d3_rainbow_trout|svm_rbf|classification|seed06|fold00,m1_benchmark,d3_rainbow_trout,svm_rbf,classification,6,0,16,1.1.0,real,True,ok,13005,3570,36,13,125,34,0.46017341688275337,0.9705882352941176,0.9990276990425799,True,4.0,0.984375,require_all_classes,0.956221198156682,,,
d3_rainbow_trout|svm_rbf|classification|seed06|fold01,m1_benchmark,d3_rainbow_trout,svm_rbf,classification,6,1,16,1.1.0,real,True,ok,12375,5355,37,13,119,51,0.7341118338517845,1.0,1.0,True,4.0,1.0,require_all_classes,1.0,,,
d3_rainbow_trout|svm_rbf|classification|seed06|fold02,m1_benchmark,d3_rainbow_trout,svm_rbf,classification,6,2,16,1.1.0,real,True,ok,13059,4200,38,12,125,40,0.5400200001895428,0.9792857142857143,0.988739967733125,True,4.0,0.9654761904761905,require_all_classes,0.9667195421944835,,,
d3_rainbow_trout|svm_rbf|classification|seed06|fold03,m1_benchmark,d3_rainbow_trout,svm_rbf,classification,6,3,16,1.1.0,real,True,ok,13125,4671,38,12,125,45,0.7394099170342088,0.9845857418111753,0.999845845425897,True,4.0,0.9783301664487305,require_all_classes,0.982781571566686,,,
d3_rainbow_trout|svm_rbf|classification|seed06|fold04,m1_benchmark,d3_rainbow_trout,svm_rbf,classification,6,4,16,1.1.0,real,True,ok,14226,4134,37,12,136,40,0.5855166250839829,0.9980648282535075,1.0,True,4.0,0.9976190476190476,require_all_classes,0.9966440005373732,,,
d3_rainbow_trout|svm_rbf|classification|seed07|fold00,m1_benchmark,d3_rainbow_trout,svm_rbf,classification,7,0,16,1.1.0,real,True,ok,13700,3399,36,13,131,33,0.4268074161373079,0.9682259488084731,0.9978992046109036,True,4.0,0.9521276595744681,require_all_classes,0.9456212744356542,,,
d3_rainbow_trout|svm_rbf|classification|seed07|fold01,m1_benchmark,d3_rainbow_trout,svm_rbf,classification,7,1,16,1.1.0,real,True,ok,12639,4831,37,13,121,46,0.5535175409168005,0.9708134961705651,0.9997914370859993,True,4.0,0.9548215209997042,require_all_classes,0.9409557005530707,,,
d3_rainbow_trout|svm_rbf|classification|seed07|fold02,m1_benchmark,d3_rainbow_trout,svm_rbf,classification,7,2,16,1.1.0,real,True,ok,12430,4460,38,12,119,43,0.5801857910118997,1.0,1.0,True,4.0,1.0,require_all_classes,1.0,,,
d3_rainbow_trout|svm_rbf|classification|seed07|fold03,m1_benchmark,d3_rainbow_trout,svm_rbf,classification,7,3,16,1.1.0,real,True,ok,12690,5040,38,12,122,48,0.5335121662355959,0.9746031746031746,0.9959880654015992,True,4.0,0.9695238095238095,require_all_classes,0.966612427733276,,,
d3_rainbow_trout|svm_rbf|classification|seed07|fold04,m1_benchmark,d3_rainbow_trout,svm_rbf,classification,7,4,16,1.1.0,real,True,ok,14331,4200,37,12,137,40,0.4442752501927316,0.9947619047619047,0.9996459168948966,True,4.0,0.9925170068027211,require_all_classes,0.9910710604436381,,,
d3_rainbow_trout|svm_rbf|classification|seed08|fold00,m1_benchmark,d3_rainbow_trout,svm_rbf,classification,8,0,16,1.1.0,real,True,ok,13441,4344,36,13,128,42,0.6132583748549223,0.9808931860036832,0.9899254171512514,True,4.0,0.963209219858156,require_all_classes,0.9667823043530502,,,
d3_rainbow_trout|svm_rbf|classification|seed08|fold01,m1_benchmark,d3_rainbow_trout,svm_rbf,classification,8,1,16,1.1.0,real,True,ok,12849,4145,37,13,123,40,0.5259935003705323,1.0,1.0,True,4.0,1.0,require_all_classes,1.0,,,
d3_rainbow_trout|svm_rbf|classification|seed08|fold02,m1_benchmark,d3_rainbow_trout,svm_rbf,classification,8,2,16,1.1.0,real,True,ok,12584,4936,38,12,121,47,0.4405415002256632,0.9904781199351702,0.9979528642217581,True,4.0,0.9902439279487539,require_all_classes,0.987213984370379,,,
d3_rainbow_trout|svm_rbf|classification|seed08|fold03,m1_benchmark,d3_rainbow_trout,svm_rbf,classification,8,3,16,1.1.0,real,True,ok,13425,4410,38,12,129,42,0.4645641250535846,0.9786848072562359,0.9997081840042643,True,4.0,0.9651360544217686,require_all_classes,0.9704890971478588,,,
d3_rainbow_trout|svm_rbf|classification|seed08|fold04,m1_benchmark,d3_rainbow_trout,svm_rbf,classification,8,4,16,1.1.0,real,True,ok,13491,4095,37,12,129,39,0.5420943326316774,0.9970695970695971,1.0,True,4.0,0.9942857142857142,require_all_classes,0.996431400538035,,,
d3_rainbow_trout|svm_rbf|classification|seed09|fold00,m1_benchmark,d3_rainbow_trout,svm_rbf,classification,9,0,16,1.1.0,real,True,ok,12535,5460,36,13,120,52,0.5251767081208527,0.9807692307692307,0.9986578139673378,True,4.0,0.9886363636363636,require_all_classes,0.9775193798449613,,,
d3_rainbow_trout|svm_rbf|classification|seed09|fold01,m1_benchmark,d3_rainbow_trout,svm_rbf,classification,9,1,16,1.1.0,real,True,ok,13231,3935,37,13,126,38,0.4784098747186363,0.9992376111817026,0.9999995482063793,True,4.0,0.9995798319327731,require_all_classes,0.9992394824902028,,,
d3_rainbow_trout|svm_rbf|classification|seed09|fold02,m1_benchmark,d3_rainbow_trout,svm_rbf,classification,9,2,16,1.1.0,real,True,ok,13281,4764,38,12,127,46,0.5730046252720058,0.9968513853904282,0.9999302182772288,True,4.0,0.9972527472527473,require_all_classes,0.9977713269032681,,,
d3_rainbow_trout|svm_rbf|classification|seed09|fold03,m1_benchmark,d3_rainbow_trout,svm_rbf,classification,9,3,16,1.1.0,real,True,ok,14159,3885,38,12,136,37,0.45865804236382246,0.985070785070785,0.9999750566893424,True,4.0,0.9723809523809523,require_all_classes,0.9808631143914407,,,
d3_rainbow_trout|svm_rbf|classification|seed09|fold04,m1_benchmark,d3_rainbow_trout,svm_rbf,classification,9,4,16,1.1.0,real,True,ok,12584,3886,37,12,121,37,0.45834520924836397,0.9616572310859496,0.9887916485687662,True,4.0,0.94722312752731,require_all_classes,0.9411335258974571,,,
d3_rainbow_trout|svm_rbf|regression|seed00|fold00,m1_benchmark,d3_rainbow_trout,svm_rbf,regression,0,0,16,1.1.0,real,True,ok,12899,3570,36,13,124,34,0.6346150422468781,,,,,,,,0.0942967927547237,0.9901169038949262,0.13243692216344485
d3_rainbow_trout|svm_rbf|regression|seed00|fold01,m1_benchmark,d3_rainbow_trout,svm_rbf,regression,0,1,16,1.1.0,real,True,ok,12755,5461,37,13,122,52,0.919925875030458,,,,,,,,0.08417147727051806,0.9885874076780167,0.1361281809861172
d3_rainbow_trout|svm_rbf|regression|seed00|fold02,m1_benchmark,d3_rainbow_trout,svm_rbf,regression,0,2,16,1.1.0,real,True,ok,13441,3714,38,12,128,36,0.602450208272785,,,,,,,,0.12955812335033737,0.976493018512865,0.1984747228304504
d3_rainbow_trout|svm_rbf|regression|seed00|fold03,m1_benchmark,d3_rainbow_trout,svm_rbf,regression,0,3,16,1.1.0,real,True,ok,12745,4775,38,12,122,46,0.8519073338247836,,,,,,,,0.09515870362201942,0.986200206233138,0.16138232828448323
d3_rainbow_trout|svm_rbf|regression|seed00|fold04,m1_benchmark,d3_rainbow_trout,svm_rbf,regression,0,4,16,1.1.0,real,True,ok,13950,4410,37,12,134,42,0.9110927088186145,,,,,,,,0.09474530802877676,0.9922684736050641,0.12034028977141639
d3_rainbow_trout|svm_rbf|regression|seed01|fold00,m1_benchmark,d3_rainbow_trout,svm_rbf,regression,1,0,16,1.1.0,real,True,ok,12009,5671,36,13,115,54,0.5983534161932766,,,,,,,,0.11990983372968557,0.9787307631413587,0.203700882759774
d3_rainbow_trout|svm_rbf|regression|seed01|fold01,m1_benchmark,d3_rainbow_trout,svm_rbf,regression,1,1,16,1.1.0,real,True,ok,13231,4250,37,13,126,41,1.0687297922559083,,,,,,,,0.11221845194695229,0.9766516503106207,0.1960648958120659
d3_rainbow_trout|svm_rbf|regression|seed01|fold02,m1_benchmark,d3_rainbow_trout,svm_rbf,regression,1,2,16,1.1.0,real,True,ok,13386,4449,38,12,128,43,1.0936910407617688,,,,,,,,0.11691206296388124,0.9821880154518522,0.17686185806821947
d3_rainbow_trout|svm_rbf|regression|seed01|fold03,m1_benchmark,d3_rainbow_trout,svm_rbf,regression,1,3,16,1.1.0,real,True,ok,14370,4095,38,12,138,39,1.2388104172423482,,,,,,,,0.0713082648363396,0.9945264024906051,0.09784926132093212
d3_rainbow_trout|svm_rbf|regression|seed01|fold04,m1_benchmark,d3_rainbow_trout,svm_rbf,regression,1,4,16,1.1.0,real,True,ok,12794,3465,37,12,123,33,0.5374229163862765,,,,,,,,0.08784120061000535,0.989664285684935,0.13593933099223593
d3_rainbow_trout|svm_rbf|regression|seed02|fold00,m1_benchmark,d3_rainbow_trout,svm_rbf,regression,2,0,16,1.1.0,real,True,ok,12795,5040,36,13,123,48,0.8386570829898119,,,,,,,,0.08422746834213878,0.9908445723060016,0.12866057578382534
d3_rainbow_trout|svm_rbf|regression|seed02|fold01,m1_benchmark,d3_rainbow_trout,svm_rbf,regression,2,1,16,1.1.0,real,True,ok,13480,4095,37,13,129,39,0.8000632091425359,,,,,,,,0.07548021425612497,0.9907986041698084,0.1265117723148342
d3_rainbow_trout|svm_rbf|regression|seed02|fold02,m1_benchmark,d3_rainbow_trout,svm_rbf,regression,2,2,16,1.1.0,real,True,ok,13164,4355,38,12,126,42,0.5959154171869159,,,,,,,,0.11566575167093547,0.9793130840950975,0.1992776803512122
d3_rainbow_trout|svm_rbf|regression|seed02|fold03,m1_benchmark,d3_rainbow_trout,svm_rbf,regression,2,3,16,1.1.0,real,True,ok,13490,4411,38,12,129,42,0.8700578329153359,,,,,,,,0.08923007791419818,0.9846847303376433,0.1666251296705868
d3_rainbow_trout|svm_rbf|regression|seed02|fold04,m1_benchmark,d3_rainbow_trout,svm_rbf,regression,2,4,16,1.1.0,real,True,ok,12861,4029,37,12,123,39,0.6889381250366569,,,,,,,,0.09931882049824411,0.9871197281960971,0.14733737714579104
d3_rainbow_trout|svm_rbf|regression|seed03|fold00,m1_benchmark,d3_rainbow_trout,svm_rbf,regression,3,0,16,1.1.0,real,True,ok,11850,5145,36,13,114,49,0.5609121252782643,,,,,,,,0.11408552125815438,0.9790652453317275,0.19803737386181547
d3_rainbow_trout|svm_rbf|regression|seed03|fold01,m1_benchmark,d3_rainbow_trout,svm_rbf,regression,3,1,16,1.1.0,real,True,ok,12584,4935,37,13,121,47,0.8942523328587413,,,,,,,,0.08605978523587018,0.98339012161839,0.16513723340427278
d3_rainbow_trout|svm_rbf|regression|seed03|fold02,m1_benchmark,d3_rainbow_trout,svm_rbf,regression,3,2,16,1.1.0,real,True,ok,13269,4411,38,12,127,42,0.8768991669639945,,,,,,,,0.09071759627667064,0.9903645597448847,0.13157970281256787
d3_rainbow_trout|svm_rbf|regression|seed03|fold03,m1_benchmark,d3_rainbow_trout,svm_rbf,regression,3,3,16,1.1.0,real,True,ok,14491,4250,38,12,138,41,0.9914888329803944,,,,,,,,0.10168751958498175,0.9885670211753363,0.14415973767239296
d3_rainbow_trout|svm_rbf|regression|seed03|fold04,m1_benchmark,d3_rainbow_trout,svm_rbf,regression,3,4,16,1.1.0,real,True,ok,13596,3189,37,12,130,31,0.7914645001292229,,,,,,,,0.09623204538741843,0.9904960847683002,0.12646046992800278
d3_rainbow_trout|svm_rbf|regression|seed04|fold00,m1_benchmark,d3_rainbow_trout,svm_rbf,regression,4,0,16,1.1.0,real,True,ok,12059,5040,36,13,116,48,0.6688633747398853,,,,,,,,0.13007239657990813,0.9751186487512614,0.20943958545863048
d3_rainbow_trout|svm_rbf|regression|seed04|fold01,m1_benchmark,d3_rainbow_trout,svm_rbf,regression,4,1,16,1.1.0,real,True,ok,12860,4831,37,13,123,46,0.9957610829733312,,,,,,,,0.07880437757407242,0.9873607931350181,0.15248257845561533
d3_rainbow_trout|svm_rbf|regression|seed04|fold02,m1_benchmark,d3_rainbow_trout,svm_rbf,regression,4,2,16,1.1.0,real,True,ok,13336,4239,38,12,127,41,0.7052253750152886,,,,,,,,0.09632731776588978,0.9861359727906561,0.15221053624865857
d3_rainbow_trout|svm_rbf|regression|seed04|fold03,m1_benchmark,d3_rainbow_trout,svm_rbf,regression,4,3,16,1.1.0,real,True,ok,14110,4355,38,12,135,42,0.830898332875222,,,,,,,,0.08490709533941165,0.9907569386086758,0.13105260767639557
d3_rainbow_trout|svm_rbf|regression|seed04|fold04,m1_benchmark,d3_rainbow_trout,svm_rbf,regression,4,4,16,1.1.0,real,True,ok,13425,3465,37,12,129,33,0.7248275419697165,,,,,,,,0.1256790643951099,0.9776136914754907,0.20366823122541783
d3_rainbow_trout|svm_rbf|regression|seed05|fold00,m1_benchmark,d3_rainbow_trout,svm_rbf,regression,5,0,16,1.1.0,real,True,ok,12324,4935,36,13,118,47,0.8226053337566555,,,,,,,,0.08196526413937917,0.9912392185100096,0.1258825480143884
d3_rainbow_trout|svm_rbf|regression|seed05|fold01,m1_benchmark,d3_rainbow_trout,svm_rbf,regression,5,1,16,1.1.0,real,True,ok,13020,4671,37,13,124,45,0.8165639159269631,,,,,,,,0.10454310409876652,0.9850330230495467,0.15699571934933787
d3_rainbow_trout|svm_rbf|regression|seed05|fold02,m1_benchmark,d3_rainbow_trout,svm_rbf,regression,5,2,16,1.1.0,real,True,ok,13806,4239,38,12,132,41,0.8607709999196231,,,,,,,,0.0946784823670802,0.9877351692181716,0.14305894085790638
d3_rainbow_trout|svm_rbf|regression|seed05|fold03,m1_benchmark,d3_rainbow_trout,svm_rbf,regression,5,3,16,1.1.0,real,True,ok,13845,3885,38,12,133,37,0.727396166883409,,,,,,,,0.08574240908254244,0.9928169768503698,0.1108582629351439
d3_rainbow_trout|svm_rbf|regression|seed05|fold04,m1_benchmark,d3_rainbow_trout,svm_rbf,regression,5,4,16,1.1.0,real,True,ok,12795,4200,37,12,123,40,0.6705456669442356,,,,,,,,0.11851809012940204,0.9757700308223629,0.22766883819482484
d3_rainbow_trout|svm_rbf|regression|seed06|fold00,m1_benchmark,d3_rainbow_trout,svm_rbf,regression,6,0,16,1.1.0,real,True,ok,13005,3570,36,13,125,34,0.7876916253007948,,,,,,,,0.10045334737597011,0.9891477739823975,0.13852562631367038
d3_rainbow_trout|svm_rbf|regression|seed06|fold01,m1_benchmark,d3_rainbow_trout,svm_rbf,regression,6,1,16,1.1.0,real,True,ok,12375,5355,37,13,119,51,0.9039989579468966,,,,,,,,0.09223097836588509,0.9925720567376055,0.1179630493616578
d3_rainbow_trout|svm_rbf|regression|seed06|fold02,m1_benchmark,d3_rainbow_trout,svm_rbf,regression,6,2,16,1.1.0,real,True,ok,13059,4200,38,12,125,40,0.7111872499808669,,,,,,,,0.1136404342027578,0.973855864145832,0.21327964385471548
d3_rainbow_trout|svm_rbf|regression|seed06|fold03,m1_benchmark,d3_rainbow_trout,svm_rbf,regression,6,3,16,1.1.0,real,True,ok,13125,4671,38,12,125,45,0.9497258751653135,,,,,,,,0.11989925656026419,0.9817423320635953,0.18072962450841035
d3_rainbow_trout|svm_rbf|regression|seed06|fold04,m1_benchmark,d3_rainbow_trout,svm_rbf,regression,6,4,16,1.1.0,real,True,ok,14226,4134,37,12,136,40,0.9984608329832554,,,,,,,,0.0961510457353539,0.987017883530919,0.1528526602197503
d3_rainbow_trout|svm_rbf|regression|seed07|fold00,m1_benchmark,d3_rainbow_trout,svm_rbf,regression,7,0,16,1.1.0,real,True,ok,13700,3399,36,13,131,33,0.6999479159712791,,,,,,,,0.11725405740277463,0.9761139562354271,0.2151218828144882
d3_rainbow_trout|svm_rbf|regression|seed07|fold01,m1_benchmark,d3_rainbow_trout,svm_rbf,regression,7,1,16,1.1.0,real,True,ok,12639,4831,37,13,121,46,0.7416647090576589,,,,,,,,0.11322263271131451,0.9851563394915018,0.15926355538974782
d3_rainbow_trout|svm_rbf|regression|seed07|fold02,m1_benchmark,d3_rainbow_trout,svm_rbf,regression,7,2,16,1.1.0,real,True,ok,12430,4460,38,12,119,43,0.72950983280316,,,,,,,,0.09039274676650955,0.9847032688339802,0.16234095268032767
d3_rainbow_trout|svm_rbf|regression|seed07|fold03,m1_benchmark,d3_rainbow_trout,svm_rbf,regression,7,3,16,1.1.0,real,True,ok,12690,5040,38,12,122,48,0.5843864581547678,,,,,,,,0.10072639414722971,0.9864477854618949,0.1535298293772024
d3_rainbow_trout|svm_rbf|regression|seed07|fold04,m1_benchmark,d3_rainbow_trout,svm_rbf,regression,7,4,16,1.1.0,real,True,ok,14331,4200,37,12,137,40,0.7764664590358734,,,,,,,,0.09719845360179294,0.9862504105255603,0.16296894808320628
d3_rainbow_trout|svm_rbf|regression|seed08|fold00,m1_benchmark,d3_rainbow_trout,svm_rbf,regression,8,0,16,1.1.0,real,True,ok,13441,4344,36,13,128,42,0.7668415419757366,,,,,,,,0.08459802082813382,0.9885659585952745,0.14927067153153334
d3_rainbow_trout|svm_rbf|regression|seed08|fold01,m1_benchmark,d3_rainbow_trout,svm_rbf,regression,8,1,16,1.1.0,real,True,ok,12849,4145,37,13,123,40,0.6564219170249999,,,,,,,,0.0761953920490181,0.9911243087842685,0.1289560745094842
d3_rainbow_trout|svm_rbf|regression|seed08|fold02,m1_benchmark,d3_rainbow_trout,svm_rbf,regression,8,2,16,1.1.0,real,True,ok,12584,4936,38,12,121,47,0.6375986249186099,,,,,,,,0.14764279689116486,0.9639867325113297,0.25981568696969637
d3_rainbow_trout|svm_rbf|regression|seed08|fold03,m1_benchmark,d3_rainbow_trout,svm_rbf,regression,8,3,16,1.1.0,real,True,ok,13425,4410,38,12,129,42,0.7429740829393268,,,,,,,,0.10031299069965803,0.9884586054441349,0.14362271529649867
d3_rainbow_trout|svm_rbf|regression|seed08|fold04,m1_benchmark,d3_rainbow_trout,svm_rbf,regression,8,4,16,1.1.0,real,True,ok,13491,4095,37,12,129,39,0.715115875005722,,,,,,,,0.09549978492560221,0.987086861358493,0.1365011496747615
d3_rainbow_trout|svm_rbf|regression|seed09|fold00,m1_benchmark,d3_rainbow_trout,svm_rbf,regression,9,0,16,1.1.0,real,True,ok,12535,5460,36,13,120,52,0.7115095839835703,,,,,,,,0.08977343365855682,0.9905691865605037,0.13169524689862575
d3_rainbow_trout|svm_rbf|regression|seed09|fold01,m1_benchmark,d3_rainbow_trout,svm_rbf,regression,9,1,16,1.1.0,real,True,ok,13231,3935,37,13,126,38,0.6890806667506695,,,,,,,,0.10851368121239327,0.9860270932713706,0.15176358408484464
d3_rainbow_trout|svm_rbf|regression|seed09|fold02,m1_benchmark,d3_rainbow_trout,svm_rbf,regression,9,2,16,1.1.0,real,True,ok,13281,4764,38,12,127,46,0.7989435000345111,,,,,,,,0.08579193820681212,0.9864811178973238,0.15130634469765208
d3_rainbow_trout|svm_rbf|regression|seed09|fold03,m1_benchmark,d3_rainbow_trout,svm_rbf,regression,9,3,16,1.1.0,real,True,ok,14159,3885,38,12,136,37,0.6457638749852777,,,,,,,,0.09435747273723372,0.9896727865137713,0.13969922399538548
d3_rainbow_trout|svm_rbf|regression|seed09|fold04,m1_benchmark,d3_rainbow_trout,svm_rbf,regression,9,4,16,1.1.0,real,True,ok,12584,3886,37,12,121,37,0.5569432498887181,,,,,,,,0.16430604004758134,0.9548916433675078,0.2925690855843016
d3_rainbow_trout|tcn|classification|seed00|fold00,m1_benchmark,d3_rainbow_trout,tcn,classification,0,0,16,1.1.0,real,True,ok,12899,3570,36,13,124,34,6.984575290698558,0.9467787114845938,0.999359764739229,True,4.0,0.9245833333333333,require_all_classes,0.878925921468172,,,
d3_rainbow_trout|tcn|classification|seed00|fold01,m1_benchmark,d3_rainbow_trout,tcn,classification,0,1,16,1.1.0,real,True,ok,12755,5461,37,13,122,52,6.834079124964774,0.9512909723493865,0.9970739644485831,True,4.0,0.9430000000000001,require_all_classes,0.9352259343146904,,,
d3_rainbow_trout|tcn|classification|seed00|fold02,m1_benchmark,d3_rainbow_trout,tcn,classification,0,2,16,1.1.0,real,True,ok,13441,3714,38,12,128,36,6.40234929183498,0.8548734518039849,0.9914944059024281,True,4.0,0.8188946896588093,require_all_classes,0.820304919266723,,,
d3_rainbow_trout|tcn|classification|seed00|fold03,m1_benchmark,d3_rainbow_trout,tcn,classification,0,3,16,1.1.0,real,True,ok,12745,4775,38,12,122,46,6.386773833073676,0.9997905759162303,1.0,True,4.0,0.9996598639455783,require_all_classes,0.9996461277371331,,,
d3_rainbow_trout|tcn|classification|seed00|fold04,m1_benchmark,d3_rainbow_trout,tcn,classification,0,4,16,1.1.0,real,True,ok,13950,4410,37,12,134,42,7.148634084034711,0.9791383219954648,0.9999815234735869,True,4.0,0.9634920634920635,require_all_classes,0.9556301075900994,,,
d3_rainbow_trout|tcn|classification|seed01|fold00,m1_benchmark,d3_rainbow_trout,tcn,classification,1,0,16,1.1.0,real,True,ok,12009,5671,36,13,115,54,8.43902429100126,0.9467466055369423,0.9950266073424852,True,4.0,0.9264184357317806,require_all_classes,0.9263989492515052,,,
d3_rainbow_trout|tcn|classification|seed01|fold01,m1_benchmark,d3_rainbow_trout,tcn,classification,1,1,16,1.1.0,real,True,ok,13231,4250,37,13,126,41,9.215079041663557,0.9261176470588235,0.9731660554060189,True,4.0,0.8795501473841159,require_all_classes,0.8745669395098264,,,
d3_rainbow_trout|tcn|classification|seed01|fold02,m1_benchmark,d3_rainbow_trout,tcn,classification,1,2,16,1.1.0,real,True,ok,13386,4449,38,12,128,43,8.819528332911432,0.9995504607777028,1.0,True,4.0,0.9997354497354497,require_all_classes,0.9995279809307893,,,
d3_rainbow_trout|tcn|classification|seed01|fold03,m1_benchmark,d3_rainbow_trout,tcn,classification,1,3,16,1.1.0,real,True,ok,14370,4095,38,12,138,39,7.291293917223811,0.9941391941391942,1.0,True,4.0,0.9885714285714285,require_all_classes,0.9849777348570202,,,
d3_rainbow_trout|tcn|classification|seed01|fold04,m1_benchmark,d3_rainbow_trout,tcn,classification,1,4,16,1.1.0,real,True,ok,12794,3465,37,12,123,33,6.613448292016983,0.9910533910533911,0.9999815866196102,True,4.0,0.9815476190476191,require_all_classes,0.9878117226306709,,,
d3_rainbow_trout|tcn|classification|seed02|fold00,m1_benchmark,d3_rainbow_trout,tcn,classification,2,0,16,1.1.0,real,True,ok,12795,5040,36,13,123,48,6.49154012510553,0.953968253968254,0.9968508797439104,True,4.0,0.9125595238095239,require_all_classes,0.9182424807405951,,,
d3_rainbow_trout|tcn|classification|seed02|fold01,m1_benchmark,d3_rainbow_trout,tcn,classification,2,1,16,1.1.0,real,True,ok,13480,4095,37,13,129,39,6.921341041103005,0.9995115995115995,1.0,True,4.0,0.9997354497354497,require_all_classes,0.99939236967273,,,
d3_rainbow_trout|tcn|classification|seed02|fold02,m1_benchmark,d3_rainbow_trout,tcn,classification,2,2,16,1.1.0,real,True,ok,13164,4355,38,12,126,42,6.3038538340479136,0.9611940298507463,0.9962168382113997,True,4.0,0.9421272580938731,require_all_classes,0.9484603420687368,,,
d3_rainbow_trout|tcn|classification|seed02|fold03,m1_benchmark,d3_rainbow_trout,tcn,classification,2,3,16,1.1.0,real,True,ok,13490,4411,38,12,129,42,6.389350083190948,0.9712083427794151,0.9973466460903734,True,4.0,0.982473544973545,require_all_classes,0.968402128427587,,,
d3_rainbow_trout|tcn|classification|seed02|fold04,m1_benchmark,d3_rainbow_trout,tcn,classification,2,4,16,1.1.0,real,True,ok,12861,4029,37,12,123,39,6.147954209242016,1.0,1.0,True,4.0,1.0,require_all_classes,1.0,,,
d3_rainbow_trout|tcn|classification|seed03|fold00,m1_benchmark,d3_rainbow_trout,tcn,classification,3,0,16,1.1.0,real,True,ok,11850,5145,36,13,114,49,6.060905457939953,0.9418853255587949,0.994225681750132,True,4.0,0.9336139455782313,require_all_classes,0.935210126999634,,,
d3_rainbow_trout|tcn|classification|seed03|fold01,m1_benchmark,d3_rainbow_trout,tcn,classification,3,1,16,1.1.0,real,True,ok,12584,4935,37,13,121,47,7.220310290809721,0.9576494427558258,0.9999619890691319,True,4.0,0.9379166666666667,require_all_classes,0.9370914843002653,,,
d3_rainbow_trout|tcn|classification|seed03|fold02,m1_benchmark,d3_rainbow_trout,tcn,classification,3,2,16,1.1.0,real,True,ok,13269,4411,38,12,127,42,6.662552707828581,0.9805032872364543,0.9998164783154642,True,4.0,0.975850078438034,require_all_classes,0.9716493074938711,,,
d3_rainbow_trout|tcn|classification|seed03|fold03,m1_benchmark,d3_rainbow_trout,tcn,classification,3,3,16,1.1.0,real,True,ok,14491,4250,38,12,138,41,7.868632541038096,0.9543529411764706,0.999999215317012,True,4.0,0.9456004140786749,require_all_classes,0.9119052119763787,,,
d3_rainbow_trout|tcn|classification|seed03|fold04,m1_benchmark,d3_rainbow_trout,tcn,classification,3,4,16,1.1.0,real,True,ok,13596,3189,37,12,130,31,6.643735042307526,1.0,1.0,True,4.0,1.0,require_all_classes,1.0,,,
d3_rainbow_trout|tcn|classification|seed04|fold00,m1_benchmark,d3_rainbow_trout,tcn,classification,4,0,16,1.1.0,real,True,ok,12059,5040,36,13,116,48,5.93909354088828,0.9595238095238096,0.9984000948327091,True,4.0,0.9306122448979592,require_all_classes,0.9283683400193543,,,
d3_rainbow_trout|tcn|classification|seed04|fold01,m1_benchmark,d3_rainbow_trout,tcn,classification,4,1,16,1.1.0,real,True,ok,12860,4831,37,13,123,46,6.4812522497959435,0.9950320844545643,0.9998596938378307,True,4.0,0.9970238095238095,require_all_classes,0.9929291882028961,,,
d3_rainbow_trout|tcn|classification|seed04|fold02,m1_benchmark,d3_rainbow_trout,tcn,classification,4,2,16,1.1.0,real,True,ok,13336,4239,38,12,127,41,6.336236167233437,0.9608398207124321,0.9996237953135498,True,4.0,0.9225957049486462,require_all_classes,0.9480288201863079,,,
d3_rainbow_trout|tcn|classification|seed04|fold03,m1_benchmark,d3_rainbow_trout,tcn,classification,4,3,16,1.1.0,real,True,ok,14110,4355,38,12,135,42,7.034834458027035,1.0,1.0,True,4.0,1.0,require_all_classes,1.0,,,
d3_rainbow_trout|tcn|classification|seed04|fold04,m1_benchmark,d3_rainbow_trout,tcn,classification,4,4,16,1.1.0,real,True,ok,13425,3465,37,12,129,33,6.853568624705076,0.9751803751803751,1.0,True,4.0,0.9792673992673993,require_all_classes,0.9734299901505129,,,
d3_rainbow_trout|tcn|classification|seed05|fold00,m1_benchmark,d3_rainbow_trout,tcn,classification,5,0,16,1.1.0,real,True,ok,12324,4935,36,13,118,47,6.278311541769654,0.9933130699088146,0.999999631069359,True,4.0,0.9887755102040816,require_all_classes,0.9923099002913286,,,
d3_rainbow_trout|tcn|classification|seed05|fold01,m1_benchmark,d3_rainbow_trout,tcn,classification,5,1,16,1.1.0,real,True,ok,13020,4671,37,13,124,45,6.5439470410346985,0.9764504388781845,0.9994424368392267,True,4.0,0.9605532212885155,require_all_classes,0.9633548281124317,,,
d3_rainbow_trout|tcn|classification|seed05|fold02,m1_benchmark,d3_rainbow_trout,tcn,classification,5,2,16,1.1.0,real,True,ok,13806,4239,38,12,132,41,7.100941374897957,0.998348667138476,1.0,True,4.0,0.9991666666666666,require_all_classes,0.9975165220270699,,,
d3_rainbow_trout|tcn|classification|seed05|fold03,m1_benchmark,d3_rainbow_trout,tcn,classification,5,3,16,1.1.0,real,True,ok,13845,3885,38,12,133,37,6.8545106668025255,0.9644787644787645,0.997423920325706,True,4.0,0.9303571428571429,require_all_classes,0.9321035163192466,,,
d3_rainbow_trout|tcn|classification|seed05|fold04,m1_benchmark,d3_rainbow_trout,tcn,classification,5,4,16,1.1.0,real,True,ok,12795,4200,37,12,123,40,6.8877086248248816,0.9766666666666667,0.9971065209670653,True,4.0,0.9674777603349032,require_all_classes,0.9736696744156561,,,
d3_rainbow_trout|tcn|classification|seed06|fold00,m1_benchmark,d3_rainbow_trout,tcn,classification,6,0,16,1.1.0,real,True,ok,13005,3570,36,13,125,34,6.614474083296955,0.9778711484593837,0.9997983566186331,True,4.0,0.9627976190476191,require_all_classes,0.9522969376520716,,,
d3_rainbow_trout|tcn|classification|seed06|fold01,m1_benchmark,d3_rainbow_trout,tcn,classification,6,1,16,1.1.0,real,True,ok,12375,5355,37,13,119,51,6.262363708112389,0.9811391223155929,0.9992334029151779,True,4.0,0.9672619047619048,require_all_classes,0.9677165673928706,,,
d3_rainbow_trout|tcn|classification|seed06|fold02,m1_benchmark,d3_rainbow_trout,tcn,classification,6,2,16,1.1.0,real,True,ok,13059,4200,38,12,125,40,6.583093082997948,0.9728571428571429,0.9883909066753205,True,4.0,0.9555555555555555,require_all_classes,0.9581709748044169,,,
d3_rainbow_trout|tcn|classification|seed06|fold03,m1_benchmark,d3_rainbow_trout,tcn,classification,6,3,16,1.1.0,real,True,ok,13125,4671,38,12,125,45,7.720692874863744,0.9738813958467137,0.9997723799421978,True,4.0,0.9599852111897391,require_all_classes,0.9704571462139885,,,
d3_rainbow_trout|tcn|classification|seed06|fold04,m1_benchmark,d3_rainbow_trout,tcn,classification,6,4,16,1.1.0,real,True,ok,14226,4134,37,12,136,40,7.744902082718909,0.9230769230769231,0.9966555261465274,True,4.0,0.9056006493506493,require_all_classes,0.8776922542443357,,,
d3_rainbow_trout|tcn|classification|seed07|fold00,m1_benchmark,d3_rainbow_trout,tcn,classification,7,0,16,1.1.0,real,True,ok,13700,3399,36,13,131,33,6.551094708964229,0.9432185937040306,0.9911170379443774,True,4.0,0.9144503546099291,require_all_classes,0.9109179105310752,,,
d3_rainbow_trout|tcn|classification|seed07|fold01,m1_benchmark,d3_rainbow_trout,tcn,classification,7,1,16,1.1.0,real,True,ok,12639,4831,37,13,121,46,6.014888667035848,0.9207203477540882,0.9933888467056984,True,4.0,0.8789567004337967,require_all_classes,0.8460451751128242,,,
d3_rainbow_trout|tcn|classification|seed07|fold02,m1_benchmark,d3_rainbow_trout,tcn,classification,7,2,16,1.1.0,real,True,ok,12430,4460,38,12,119,43,5.943280250299722,0.9995515695067264,0.9999906552663439,True,4.0,0.9996031746031746,require_all_classes,0.999444654905031,,,
d3_rainbow_trout|tcn|classification|seed07|fold03,m1_benchmark,d3_rainbow_trout,tcn,classification,7,3,16,1.1.0,real,True,ok,12690,5040,38,12,122,48,6.078618042171001,1.0,1.0,True,4.0,1.0,require_all_classes,1.0,,,
d3_rainbow_trout|tcn|classification|seed07|fold04,m1_benchmark,d3_rainbow_trout,tcn,classification,7,4,16,1.1.0,real,True,ok,14331,4200,37,12,137,40,7.101713040843606,0.949047619047619,0.9995996163346291,True,4.0,0.9344812925170068,require_all_classes,0.9313071047343322,,,
d3_rainbow_trout|tcn|classification|seed08|fold00,m1_benchmark,d3_rainbow_trout,tcn,classification,8,0,16,1.1.0,real,True,ok,13441,4344,36,13,128,42,6.42414900008589,0.9760589318600368,0.9936407927307862,True,4.0,0.9539007092198581,require_all_classes,0.9580909506035578,,,
d3_rainbow_trout|tcn|classification|seed08|fold01,m1_benchmark,d3_rainbow_trout,tcn,classification,8,1,16,1.1.0,real,True,ok,12849,4145,37,13,123,40,7.050330583006144,1.0,1.0,True,4.0,1.0,require_all_classes,1.0,,,
d3_rainbow_trout|tcn|classification|seed08|fold02,m1_benchmark,d3_rainbow_trout,tcn,classification,8,2,16,1.1.0,real,True,ok,12584,4936,38,12,121,47,6.765036583412439,0.9661669367909238,0.9982148138989435,True,4.0,0.9563820264948084,require_all_classes,0.9515127332921728,,,
d3_rainbow_trout|tcn|classification|seed08|fold03,m1_benchmark,d3_rainbow_trout,tcn,classification,8,3,16,1.1.0,real,True,ok,13425,4410,38,12,129,42,6.43436974985525,0.9757369614512472,0.9996622784916436,True,4.0,0.9580687830687831,require_all_classes,0.9699908583633955,,,
d3_rainbow_trout|tcn|classification|seed08|fold04,m1_benchmark,d3_rainbow_trout,tcn,classification,8,4,16,1.1.0,real,True,ok,13491,4095,37,12,129,39,6.318130000028759,0.991941391941392,0.9999997332266239,True,4.0,0.9842857142857143,require_all_classes,0.9842701770728638,,,
d3_rainbow_trout|tcn|classification|seed09|fold00,m1_benchmark,d3_rainbow_trout,tcn,classification,9,0,16,1.1.0,real,True,ok,12535,5460,36,13,120,52,6.163179459050298,0.9901098901098901,0.9998329194111507,True,4.0,0.9862708719851577,require_all_classes,0.9830722864763757,,,
d3_rainbow_trout|tcn|classification|seed09|fold01,m1_benchmark,d3_rainbow_trout,tcn,classification,9,1,16,1.1.0,real,True,ok,13231,3935,37,13,126,38,6.178059916943312,0.9689961880559085,0.9995217080455399,True,4.0,0.9755718954248367,require_all_classes,0.9653949499021067,,,
d3_rainbow_trout|tcn|classification|seed09|fold02,m1_benchmark,d3_rainbow_trout,tcn,classification,9,2,16,1.1.0,real,True,ok,13281,4764,38,12,127,46,6.243674542289227,0.977120067170445,0.9940169497551988,True,4.0,0.9420778567837391,require_all_classes,0.9504521207170571,,,
d3_rainbow_trout|tcn|classification|seed09|fold03,m1_benchmark,d3_rainbow_trout,tcn,classification,9,3,16,1.1.0,real,True,ok,14159,3885,38,12,136,37,6.660868417005986,0.9891891891891892,0.9999965986394558,True,4.0,0.98,require_all_classes,0.9862938596491229,,,
d3_rainbow_trout|tcn|classification|seed09|fold04,m1_benchmark,d3_rainbow_trout,tcn,classification,9,4,16,1.1.0,real,True,ok,12584,3886,37,12,121,37,5.907729791942984,0.9678332475553268,0.9894847551439307,True,4.0,0.9551587301587302,require_all_classes,0.9580987664281193,,,
d3_rainbow_trout|tcn|regression|seed00|fold00,m1_benchmark,d3_rainbow_trout,tcn,regression,0,0,16,1.1.0,real,True,ok,12899,3570,36,13,124,34,7.490808750037104,,,,,,,,0.08910197908738073,0.9901232230976109,0.13239457563738094
d3_rainbow_trout|tcn|regression|seed00|fold01,m1_benchmark,d3_rainbow_trout,tcn,regression,0,1,16,1.1.0,real,True,ok,12755,5461,37,13,122,52,7.316065208055079,,,,,,,,0.11608154192094815,0.9790035199180933,0.1846414221638274
d3_rainbow_trout|tcn|regression|seed00|fold02,m1_benchmark,d3_rainbow_trout,tcn,regression,0,2,16,1.1.0,real,True,ok,13441,3714,38,12,128,36,6.648915708065033,,,,,,,,0.13217359969612086,0.9738566963600206,0.20930856729541178
d3_rainbow_trout|tcn|regression|seed00|fold03,m1_benchmark,d3_rainbow_trout,tcn,regression,0,3,16,1.1.0,real,True,ok,12745,4775,38,12,122,46,6.452366834040731,,,,,,,,0.08935468420458091,0.9913901021479242,0.1274731383885907
d3_rainbow_trout|tcn|regression|seed00|fold04,m1_benchmark,d3_rainbow_trout,tcn,regression,0,4,16,1.1.0,real,True,ok,13950,4410,37,12,134,42,7.103324708994478,,,,,,,,0.08541467866443449,0.99116633563105,0.1286319574903428
d3_rainbow_trout|tcn|regression|seed01|fold00,m1_benchmark,d3_rainbow_trout,tcn,regression,1,0,16,1.1.0,real,True,ok,12009,5671,36,13,115,54,7.491302542388439,,,,,,,,0.14805232500235385,0.9684468673916156,0.24810653216729422
d3_rainbow_trout|tcn|regression|seed01|fold01,m1_benchmark,d3_rainbow_trout,tcn,regression,1,1,16,1.1.0,real,True,ok,13231,4250,37,13,126,41,7.608157459180802,,,,,,,,0.14596705943388097,0.9453100283510908,0.30007208608453867
d3_rainbow_trout|tcn|regression|seed01|fold02,m1_benchmark,d3_rainbow_trout,tcn,regression,1,2,16,1.1.0,real,True,ok,13386,4449,38,12,128,43,8.891813000198454,,,,,,,,0.12502956852105854,0.9834618837005413,0.17042019161142843
d3_rainbow_trout|tcn|regression|seed01|fold03,m1_benchmark,d3_rainbow_trout,tcn,regression,1,3,16,1.1.0,real,True,ok,14370,4095,38,12,138,39,7.064626957755536,,,,,,,,0.05913535255972428,0.9947002317407144,0.09628298849690976
d3_rainbow_trout|tcn|regression|seed01|fold04,m1_benchmark,d3_rainbow_trout,tcn,regression,1,4,16,1.1.0,real,True,ok,12794,3465,37,12,123,33,6.697360124904662,,,,,,,,0.09088227863504432,0.9864139165312967,0.15585545923369762
d3_rainbow_trout|tcn|regression|seed02|fold00,m1_benchmark,d3_rainbow_trout,tcn,regression,2,0,16,1.1.0,real,True,ok,12795,5040,36,13,123,48,6.4867079998366535,,,,,,,,0.08794753896622431,0.9894317717847126,0.13823157730780844
d3_rainbow_trout|tcn|regression|seed02|fold01,m1_benchmark,d3_rainbow_trout,tcn,regression,2,1,16,1.1.0,real,True,ok,13480,4095,37,13,129,39,7.35103441728279,,,,,,,,0.0975325600620591,0.9879315430968397,0.1448871784138557
d3_rainbow_trout|tcn|regression|seed02|fold02,m1_benchmark,d3_rainbow_trout,tcn,regression,2,2,16,1.1.0,real,True,ok,13164,4355,38,12,126,42,6.344625957775861,,,,,,,,0.1517312642326311,0.9725821147083272,0.22941814417781065
d3_rainbow_trout|tcn|regression|seed02|fold03,m1_benchmark,d3_rainbow_trout,tcn,regression,2,3,16,1.1.0,real,True,ok,13490,4411,38,12,129,42,6.4320519170723855,,,,,,,,0.09907605742413668,0.9860804038375697,0.15885156367230344
d3_rainbow_trout|tcn|regression|seed02|fold04,m1_benchmark,d3_rainbow_trout,tcn,regression,2,4,16,1.1.0,real,True,ok,12861,4029,37,12,123,39,6.071981624700129,,,,,,,,0.10638064072723279,0.9725667803968547,0.21502492782090096
d3_rainbow_trout|tcn|regression|seed03|fold00,m1_benchmark,d3_rainbow_trout,tcn,regression,3,0,16,1.1.0,real,True,ok,11850,5145,36,13,114,49,6.224555000197142,,,,,,,,0.15299833453616773,0.9552388440704895,0.28957686854412396
d3_rainbow_trout|tcn|regression|seed03|fold01,m1_benchmark,d3_rainbow_trout,tcn,regression,3,1,16,1.1.0,real,True,ok,12584,4935,37,13,121,47,7.840857333969325,,,,,,,,0.08059015949253137,0.9911043022559154,0.12085142821713829
d3_rainbow_trout|tcn|regression|seed03|fold02,m1_benchmark,d3_rainbow_trout,tcn,regression,3,2,16,1.1.0,real,True,ok,13269,4411,38,12,127,42,6.474031124729663,,,,,,,,0.10750062729111884,0.9840751743948901,0.16915719003332447
d3_rainbow_trout|tcn|regression|seed03|fold03,m1_benchmark,d3_rainbow_trout,tcn,regression,3,3,16,1.1.0,real,True,ok,14491,4250,38,12,138,41,7.161473124753684,,,,,,,,0.10556526595620548,0.9842864117486635,0.16900593976044273
d3_rainbow_trout|tcn|regression|seed03|fold04,m1_benchmark,d3_rainbow_trout,tcn,regression,3,4,16,1.1.0,real,True,ok,13596,3189,37,12,130,31,6.608434166293591,,,,,,,,0.08393799788079398,0.9915178669317573,0.11946922736089789
d3_rainbow_trout|tcn|regression|seed04|fold00,m1_benchmark,d3_rainbow_trout,tcn,regression,4,0,16,1.1.0,real,True,ok,12059,5040,36,13,116,48,5.988332082983106,,,,,,,,0.126492064025667,0.9776964814374912,0.19829350050212433
d3_rainbow_trout|tcn|regression|seed04|fold01,m1_benchmark,d3_rainbow_trout,tcn,regression,4,1,16,1.1.0,real,True,ok,12860,4831,37,13,123,46,6.475744625087827,,,,,,,,0.10263432878609947,0.9839456383407481,0.17185288895876275
d3_rainbow_trout|tcn|regression|seed04|fold02,m1_benchmark,d3_rainbow_trout,tcn,regression,4,2,16,1.1.0,real,True,ok,13336,4239,38,12,127,41,6.738649292383343,,,,,,,,0.08310586581957968,0.9854800872153239,0.15576935401339695
d3_rainbow_trout|tcn|regression|seed04|fold03,m1_benchmark,d3_rainbow_trout,tcn,regression,4,3,16,1.1.0,real,True,ok,14110,4355,38,12,135,42,7.109543291851878,,,,,,,,0.10302644949911932,0.9877359801431617,0.15095731778039678
d3_rainbow_trout|tcn|regression|seed04|fold04,m1_benchmark,d3_rainbow_trout,tcn,regression,4,4,16,1.1.0,real,True,ok,13425,3465,37,12,129,33,6.663483541924506,,,,,,,,0.1410523713677477,0.9696694112805595,0.2370677453671857
d3_rainbow_trout|tcn|regression|seed05|fold00,m1_benchmark,d3_rainbow_trout,tcn,regression,5,0,16,1.1.0,real,True,ok,12324,4935,36,13,118,47,6.242070250213146,,,,,,,,0.0890754148894892,0.9893753474844778,0.1386281630128236
d3_rainbow_trout|tcn|regression|seed05|fold01,m1_benchmark,d3_rainbow_trout,tcn,regression,5,1,16,1.1.0,real,True,ok,13020,4671,37,13,124,45,6.790165999904275,,,,,,,,0.12887865968956175,0.973723787918464,0.20801858862029637
d3_rainbow_trout|tcn|regression|seed05|fold02,m1_benchmark,d3_rainbow_trout,tcn,regression,5,2,16,1.1.0,real,True,ok,13806,4239,38,12,132,41,7.126837000250816,,,,,,,,0.09710657117051263,0.9842989304370775,0.16186346906009455
d3_rainbow_trout|tcn|regression|seed05|fold03,m1_benchmark,d3_rainbow_trout,tcn,regression,5,3,16,1.1.0,real,True,ok,13845,3885,38,12,133,37,6.670392208732665,,,,,,,,0.11683337227073885,0.9835304598926383,0.16786307415434998
d3_rainbow_trout|tcn|regression|seed05|fold04,m1_benchmark,d3_rainbow_trout,tcn,regression,5,4,16,1.1.0,real,True,ok,12795,4200,37,12,123,40,6.795294584240764,,,,,,,,0.10791880368732268,0.9842296333704559,0.1836741570787489
d3_rainbow_trout|tcn|regression|seed06|fold00,m1_benchmark,d3_rainbow_trout,tcn,regression,6,0,16,1.1.0,real,True,ok,13005,3570,36,13,125,34,6.467756791040301,,,,,,,,0.1097721210287399,0.9822250943114775,0.17728596671998695
d3_rainbow_trout|tcn|regression|seed06|fold01,m1_benchmark,d3_rainbow_trout,tcn,regression,6,1,16,1.1.0,real,True,ok,12375,5355,37,13,119,51,6.2333479593507946,,,,,,,,0.09374386357860412,0.9893572718429797,0.1412011345742691
d3_rainbow_trout|tcn|regression|seed06|fold02,m1_benchmark,d3_rainbow_trout,tcn,regression,6,2,16,1.1.0,real,True,ok,13059,4200,38,12,125,40,6.602474624756724,,,,,,,,0.1208381309191386,0.9789999122802592,0.19114934556822155
d3_rainbow_trout|tcn|regression|seed06|fold03,m1_benchmark,d3_rainbow_trout,tcn,regression,6,3,16,1.1.0,real,True,ok,13125,4671,38,12,125,45,8.188195124734193,,,,,,,,0.12723537878111227,0.9752999951215405,0.21021089137329788
d3_rainbow_trout|tcn|regression|seed06|fold04,m1_benchmark,d3_rainbow_trout,tcn,regression,6,4,16,1.1.0,real,True,ok,14226,4134,37,12,136,40,7.417156625073403,,,,,,,,0.08794524338606428,0.9888069007287923,0.14193040065099408
d3_rainbow_trout|tcn|regression|seed07|fold00,m1_benchmark,d3_rainbow_trout,tcn,regression,7,0,16,1.1.0,real,True,ok,13700,3399,36,13,131,33,6.518841082695872,,,,,,,,0.11978648912699721,0.9679262404709503,0.2492799867221777
d3_rainbow_trout|tcn|regression|seed07|fold01,m1_benchmark,d3_rainbow_trout,tcn,regression,7,1,16,1.1.0,real,True,ok,12639,4831,37,13,121,46,5.8961918340064585,,,,,,,,0.1305923422551062,0.97405413571145,0.21056198748987381
d3_rainbow_trout|tcn|regression|seed07|fold02,m1_benchmark,d3_rainbow_trout,tcn,regression,7,2,16,1.1.0,real,True,ok,12430,4460,38,12,119,43,5.94085625000298,,,,,,,,0.08605784282983688,0.9898016617013327,0.13255419612522465
d3_rainbow_trout|tcn|regression|seed07|fold03,m1_benchmark,d3_rainbow_trout,tcn,regression,7,3,16,1.1.0,real,True,ok,12690,5040,38,12,122,48,5.943790375255048,,,,,,,,0.15119899542369541,0.9650592173427881,0.2465210152281289
d3_rainbow_trout|tcn|regression|seed07|fold04,m1_benchmark,d3_rainbow_trout,tcn,regression,7,4,16,1.1.0,real,True,ok,14331,4200,37,12,137,40,6.956416291184723,,,,,,,,0.16422439077468154,0.957691753161734,0.2858725866563889
d3_rainbow_trout|tcn|regression|seed08|fold00,m1_benchmark,d3_rainbow_trout,tcn,regression,8,0,16,1.1.0,real,True,ok,13441,4344,36,13,128,42,6.510332124773413,,,,,,,,0.11471044602315086,0.9771724340316277,0.2109135150296674
d3_rainbow_trout|tcn|regression|seed08|fold01,m1_benchmark,d3_rainbow_trout,tcn,regression,8,1,16,1.1.0,real,True,ok,12849,4145,37,13,123,40,6.879954458680004,,,,,,,,0.12812462858239188,0.9786007000504792,0.20023523196289006
d3_rainbow_trout|tcn|regression|seed08|fold02,m1_benchmark,d3_rainbow_trout,tcn,regression,8,2,16,1.1.0,real,True,ok,12584,4936,38,12,121,47,8.329980583395809,,,,,,,,0.12160437022074694,0.9775652755564255,0.20506638497461083
d3_rainbow_trout|tcn|regression|seed08|fold03,m1_benchmark,d3_rainbow_trout,tcn,regression,8,3,16,1.1.0,real,True,ok,13425,4410,38,12,129,42,6.385171792004257,,,,,,,,0.08870117557724586,0.9877836054200562,0.14776293705000415
d3_rainbow_trout|tcn|regression|seed08|fold04,m1_benchmark,d3_rainbow_trout,tcn,regression,8,4,16,1.1.0,real,True,ok,13491,4095,37,12,129,39,6.2403338751755655,,,,,,,,0.1237915841127054,0.9780683739649544,0.17789175441777558
d3_rainbow_trout|tcn|regression|seed09|fold00,m1_benchmark,d3_rainbow_trout,tcn,regression,9,0,16,1.1.0,real,True,ok,12535,5460,36,13,120,52,5.947349959053099,,,,,,,,0.08354871887863784,0.9928735191727064,0.11448091304994079
d3_rainbow_trout|tcn|regression|seed09|fold01,m1_benchmark,d3_rainbow_trout,tcn,regression,9,1,16,1.1.0,real,True,ok,13231,3935,37,13,126,38,6.10888145910576,,,,,,,,0.0922322103241045,0.9877733034319444,0.14196417454231547
d3_rainbow_trout|tcn|regression|seed09|fold02,m1_benchmark,d3_rainbow_trout,tcn,regression,9,2,16,1.1.0,real,True,ok,13281,4764,38,12,127,46,6.172666208818555,,,,,,,,0.09992504680587103,0.983024339154713,0.16955089798130796
d3_rainbow_trout|tcn|regression|seed09|fold03,m1_benchmark,d3_rainbow_trout,tcn,regression,9,3,16,1.1.0,real,True,ok,14159,3885,38,12,136,37,6.551458374597132,,,,,,,,0.09795769982356368,0.9853297987261895,0.16650238255886185
d3_rainbow_trout|tcn|regression|seed09|fold04,m1_benchmark,d3_rainbow_trout,tcn,regression,9,4,16,1.1.0,real,True,ok,12584,3886,37,12,121,37,5.8820230001583695,,,,,,,,0.12660084032116634,0.980202213644292,0.19382431077150525
