contrast_id,dataset,task,metric,first,second,seed,fold_id,window_length,a,b,delta
R0_vs_R2,d3_rainbow_trout,classification,macro_f1,R0,R2,0,0,16,0.5,0.5,0.0
R0_vs_R2,d3_rainbow_trout,classification,macro_f1,R0,R2,0,1,16,0.75,0.75,0.0
R0_vs_R2,d3_rainbow_trout,classification,macro_f1,R0,R2,0,2,16,0.5,0.5,0.0
R0_vs_R2,d3_rainbow_trout,classification,macro_f1,R0,R2,0,3,16,0.25,0.25,0.0
R0_vs_R2,d3_rainbow_trout,classification,macro_f1,R0,R2,0,4,16,0.75,0.75,0.0
R0_vs_R2,d3_rainbow_trout,classification,macro_f1,R0,R2,0,5,16,0.5,0.5,0.0
R0_vs_R2,d3_rainbow_trout,classification,macro_f1,R0,R2,0,6,16,0.5,0.5,0.0
R0_vs_R2,d3_rainbow_trout,classification,macro_f1,R0,R2,0,7,16,0.75,0.75,0.0
R0_vs_R2,d3_rainbow_trout,classification,macro_f1,R0,R2,0,8,16,0.5,0.5,0.0
R0_vs_R2,d3_rainbow_trout,classification,macro_f1,R0,R2,0,9,16,0.5,0.5,0.0
R0_vs_R2,d3_rainbow_trout,classification,macro_f1,R0,R2,0,10,16,0.25,0.25,0.0
R0_vs_R2,d3_rainbow_trout,classification,macro_f1,R0,R2,0,11,16,0.7165178571428572,0.7141025641025641,0.0024152930402930872
R0_vs_R2,d3_rainbow_trout,classification,macro_f1,R0,R2,0,12,16,0.25,0.25,0.0
R0_vs_R2,d3_rainbow_trout,classification,macro_f1,R0,R2,0,13,16,0.7394323671497585,0.7411739983188568,-0.0017416311690983122
R0_vs_R2,d3_rainbow_trout,classification,macro_f1,R0,R2,0,14,16,0.62421269562939,0.625741076830006,-0.0015283812006160469
R0_vs_R2,d3_rainbow_trout,classification,macro_f1,R0,R2,0,15,16,0.5,0.5,0.0
R0_vs_R2,d3_rainbow_trout,classification,macro_f1,R0,R2,0,16,16,0.75,0.75,0.0
R0_vs_R2,d3_rainbow_trout,classification,macro_f1,R0,R2,0,17,16,1.0,1.0,0.0
R0_vs_R2,d3_rainbow_trout,classification,macro_f1,R0,R2,0,18,16,0.75,0.75,0.0
R0_vs_R2,d3_rainbow_trout,classification,macro_f1,R0,R2,0,19,16,0.75,0.75,0.0
R0_vs_R2,d3_rainbow_trout,classification,macro_f1,R0,R2,0,20,16,0.25,0.25,0.0
R0_vs_R2,d3_rainbow_trout,classification,macro_f1,R0,R2,0,21,16,0.75,0.75,0.0
R0_vs_R2,d3_rainbow_trout,classification,macro_f1,R0,R2,0,22,16,0.5,0.5,0.0
R0_vs_R2,d3_rainbow_trout,classification,macro_f1,R0,R2,0,23,16,0.75,0.75,0.0
R0_vs_R2,d3_rainbow_trout,classification,macro_f1,R0,R2,0,24,16,0.75,0.75,0.0
R0_vs_R2,d3_rainbow_trout,classification,macro_f1,R0,R2,0,25,16,0.75,0.75,0.0
R0_vs_R2,d3_rainbow_trout,classification,macro_f1,R0,R2,0,26,16,0.5,0.5,0.0
R0_vs_R2,d3_rainbow_trout,classification,macro_f1,R0,R2,0,27,16,0.5271883289124668,0.5523006886590494,-0.025112359746582547
R0_vs_R2,d3_rainbow_trout,classification,macro_f1,R0,R2,0,28,16,0.7290528233151183,0.7290528233151183,0.0
R0_vs_R2,d3_rainbow_trout,classification,macro_f1,R0,R2,0,29,16,0.75,0.75,0.0
R0_vs_R2,d3_rainbow_trout,classification,macro_f1,R0,R2,0,30,16,0.5,0.5,0.0
R0_vs_R2,d3_rainbow_trout,classification,macro_f1,R0,R2,0,31,16,1.0,1.0,0.0
R0_vs_R2,d3_rainbow_trout,classification,macro_f1,R0,R2,0,32,16,0.5,0.5,0.0
R0_vs_R2,d3_rainbow_trout,classification,macro_f1,R0,R2,0,33,16,0.5,0.5,0.0
R0_vs_R2,d3_rainbow_trout,classification,macro_f1,R0,R2,0,34,16,0.5,0.5,0.0
R0_vs_R2,d3_rainbow_trout,classification,macro_f1,R0,R2,0,35,16,0.75,0.75,0.0
R0_vs_R2,d3_rainbow_trout,classification,macro_f1,R0,R2,0,36,16,0.75,0.75,0.0
R0_vs_R2,d3_rainbow_trout,classification,macro_f1,R0,R2,0,37,16,0.5,0.5,0.0
R0_vs_R2,d3_rainbow_trout,classification,macro_f1,R0,R2,0,38,16,0.75,0.75,0.0
R0_vs_R2,d3_rainbow_trout,classification,macro_f1,R0,R2,0,39,16,0.25,0.25,0.0
R0_vs_R2,d3_rainbow_trout,classification,macro_f1,R0,R2,0,40,16,0.25,0.25,0.0
R0_vs_R2,d3_rainbow_trout,classification,macro_f1,R0,R2,0,41,16,1.0,1.0,0.0
R0_vs_R2,d3_rainbow_trout,classification,macro_f1,R0,R2,0,42,16,0.75,0.75,0.0
R0_vs_R2,d3_rainbow_trout,classification,macro_f1,R0,R2,0,43,16,1.0,1.0,0.0
R0_vs_R2,d3_rainbow_trout,classification,macro_f1,R0,R2,0,44,16,0.75,0.75,0.0
R0_vs_R2,d3_rainbow_trout,classification,macro_f1,R0,R2,0,45,16,0.75,0.75,0.0
R0_vs_R2,d3_rainbow_trout,classification,macro_f1,R0,R2,0,46,16,0.5,0.5,0.0
R0_vs_R2,d3_rainbow_trout,classification,macro_f1,R0,R2,0,47,16,0.75,0.75,0.0
R0_vs_R2,d3_rainbow_trout,classification,macro_f1,R0,R2,0,48,16,0.7432762836185819,0.7413793103448276,0.0018969732737542655
R0_vs_R2,d3_rainbow_trout,classification,macro_f1,R0,R2,0,49,16,0.5,0.5,0.0
R0_vs_R2,d3_rainbow_trout,classification,macro_f1,R0,R2,0,50,16,0.5,0.5,0.0
R0_vs_R2,d3_rainbow_trout,classification,macro_f1,R0,R2,0,51,16,0.5,0.5,0.0
R0_vs_R2,d3_rainbow_trout,classification,macro_f1,R0,R2,0,52,16,0.5,0.5,0.0
R0_vs_R2,d3_rainbow_trout,classification,macro_f1,R0,R2,0,53,16,0.5,0.5,0.0
R0_vs_R2,d3_rainbow_trout,classification,macro_f1,R0,R2,0,54,16,0.5,0.5,0.0
R0_vs_R2,d3_rainbow_trout,classification,macro_f1,R0,R2,0,55,16,0.75,0.75,0.0
R0_vs_R2,d3_rainbow_trout,classification,macro_f1,R0,R2,0,56,16,0.5,0.5,0.0
R0_vs_R2,d3_rainbow_trout,classification,macro_f1,R0,R2,0,57,16,0.75,0.75,0.0
R0_vs_R2,d3_rainbow_trout,classification,macro_f1,R0,R2,0,58,16,0.75,0.75,0.0
R0_vs_R2,d3_rainbow_trout,classification,macro_f1,R0,R2,0,59,16,0.75,0.75,0.0
R0_vs_R2,d3_rainbow_trout,classification,macro_f1,R0,R2,0,60,16,1.0,1.0,0.0
R0_vs_R2,d3_rainbow_trout,classification,macro_f1,R0,R2,0,61,16,0.75,0.75,0.0
R0_vs_R2,d3_rainbow_trout,classification,macro_f1,R0,R2,1,0,16,0.75,0.75,0.0
R0_vs_R2,d3_rainbow_trout,classification,macro_f1,R0,R2,1,1,16,0.75,0.75,0.0
R0_vs_R2,d3_rainbow_trout,classification,macro_f1,R0,R2,1,2,16,0.75,0.7476189936279733,0.0023810063720266506
R0_vs_R2,d3_rainbow_trout,classification,macro_f1,R0,R2,1,3,16,0.7074684194550167,0.7138642360278245,-0.006395816572807744
R0_vs_R2,d3_rainbow_trout,classification,macro_f1,R0,R2,1,4,16,0.75,0.75,0.0
R0_vs_R2,d3_rainbow_trout,classification,macro_f1,R0,R2,1,5,16,0.75,0.75,0.0
R0_vs_R2,d3_rainbow_trout,classification,macro_f1,R0,R2,1,6,16,0.5,0.5,0.0
R0_vs_R2,d3_rainbow_trout,classification,macro_f1,R0,R2,1,7,16,0.7192946378078248,0.7192946378078248,0.0
R0_vs_R2,d3_rainbow_trout,classification,macro_f1,R0,R2,1,8,16,0.75,0.75,0.0
R0_vs_R2,d3_rainbow_trout,classification,macro_f1,R0,R2,1,9,16,0.75,0.75,0.0
R0_vs_R2,d3_rainbow_trout,classification,macro_f1,R0,R2,1,10,16,1.0,1.0,0.0
R0_vs_R2,d3_rainbow_trout,classification,macro_f1,R0,R2,1,11,16,0.75,0.75,0.0
R0_vs_R2,d3_rainbow_trout,classification,macro_f1,R0,R2,1,12,16,0.75,0.75,0.0
R0_vs_R2,d3_rainbow_trout,classification,macro_f1,R0,R2,1,13,16,0.75,0.75,0.0
R0_vs_R2,d3_rainbow_trout,classification,macro_f1,R0,R2,1,14,16,1.0,1.0,0.0
R0_vs_R2,d3_rainbow_trout,classification,macro_f1,R0,R2,1,15,16,0.5,0.5,0.0
R0_vs_R2,d3_rainbow_trout,classification,macro_f1,R0,R2,1,16,16,0.75,0.75,0.0
R0_vs_R2,d3_rainbow_trout,classification,macro_f1,R0,R2,1,17,16,0.25,0.25,0.0
R0_vs_R2,d3_rainbow_trout,classification,macro_f1,R0,R2,1,18,16,0.25,0.25,0.0
R0_vs_R2,d3_rainbow_trout,classification,macro_f1,R0,R2,1,19,16,0.75,0.75,0.0
R0_vs_R2,d3_rainbow_trout,classification,macro_f1,R0,R2,1,20,16,0.25,0.25,0.0
R0_vs_R2,d3_rainbow_trout,classification,macro_f1,R0,R2,1,21,16,0.5,0.5,0.0
R0_vs_R2,d3_rainbow_trout,classification,macro_f1,R0,R2,1,22,16,0.5453216374269005,0.5523006886590494,-0.006979051232148814
R0_vs_R2,d3_rainbow_trout,classification,macro_f1,R0,R2,1,23,16,0.5,0.5,0.0
R0_vs_R2,d3_rainbow_trout,classification,macro_f1,R0,R2,1,24,16,0.75,0.75,0.0
R0_vs_R2,d3_rainbow_trout,classification,macro_f1,R0,R2,1,25,16,0.5,0.5,0.0
R0_vs_R2,d3_rainbow_trout,classification,macro_f1,R0,R2,1,26,16,0.75,0.75,0.0
R0_vs_R2,d3_rainbow_trout,classification,macro_f1,R0,R2,1,27,16,0.5,0.5,0.0
R0_vs_R2,d3_rainbow_trout,classification,macro_f1,R0,R2,1,28,16,0.75,0.75,0.0
R0_vs_R2,d3_rainbow_trout,classification,macro_f1,R0,R2,1,29,16,0.5,0.5,0.0
R0_vs_R2,d3_rainbow_trout,classification,macro_f1,R0,R2,1,30,16,0.75,0.75,0.0
R0_vs_R2,d3_rainbow_trout,classification,macro_f1,R0,R2,1,31,16,0.5,0.5,0.0
R0_vs_R2,d3_rainbow_trout,classification,macro_f1,R0,R2,1,32,16,0.75,0.75,0.0
R0_vs_R2,d3_rainbow_trout,classification,macro_f1,R0,R2,1,33,16,0.75,0.75,0.0
R0_vs_R2,d3_rainbow_trout,classification,macro_f1,R0,R2,1,34,16,0.75,0.75,0.0
R0_vs_R2,d3_rainbow_trout,classification,macro_f1,R0,R2,1,35,16,0.5,0.5,0.0
R0_vs_R2,d3_rainbow_trout,classification,macro_f1,R0,R2,1,36,16,0.75,0.75,0.0
R0_vs_R2,d3_rainbow_trout,classification,macro_f1,R0,R2,1,37,16,1.0,1.0,0.0
R0_vs_R2,d3_rainbow_trout,classification,macro_f1,R0,R2,1,38,16,0.25,0.25,0.0
R0_vs_R2,d3_rainbow_trout,classification,macro_f1,R0,R2,1,39,16,0.5,0.5,0.0
R0_vs_R2,d3_rainbow_trout,classification,macro_f1,R0,R2,1,40,16,0.75,0.75,0.0
R0_vs_R2,d3_rainbow_trout,classification,macro_f1,R0,R2,1,41,16,0.5,0.5,0.0
R0_vs_R2,d3_rainbow_trout,classification,macro_f1,R0,R2,1,42,16,0.5,0.5,0.0
R0_vs_R2,d3_rainbow_trout,classification,macro_f1,R0,R2,1,43,16,0.5,0.5,0.0
R0_vs_R2,d3_rainbow_trout,classification,macro_f1,R0,R2,1,44,16,1.0,1.0,0.0
R0_vs_R2,d3_rainbow_trout,classification,macro_f1,R0,R2,1,45,16,0.5,0.5,0.0
R0_vs_R2,d3_rainbow_trout,classification,macro_f1,R0,R2,1,46,16,0.7141025641025641,0.7068256578947368,0.007276906207827283
R0_vs_R2,d3_rainbow_trout,classification,macro_f1,R0,R2,1,47,16,0.75,0.75,0.0
R0_vs_R2,d3_rainbow_trout,classification,macro_f1,R0,R2,1,48,16,0.5,0.5,0.0
R0_vs_R2,d3_rainbow_trout,classification,macro_f1,R0,R2,1,49,16,0.25,0.25,0.0
R0_vs_R2,d3_rainbow_trout,classification,macro_f1,R0,R2,1,50,16,0.5,0.5,0.0
R0_vs_R2,d3_rainbow_trout,classification,macro_f1,R0,R2,1,51,16,0.5,0.5,0.0
R0_vs_R2,d3_rainbow_trout,classification,macro_f1,R0,R2,1,52,16,0.25,0.25,0.0
R0_vs_R2,d3_rainbow_trout,classification,macro_f1,R0,R2,1,53,16,0.5,0.5,0.0
R0_vs_R2,d3_rainbow_trout,classification,macro_f1,R0,R2,1,54,16,0.5,0.5,0.0
R0_vs_R2,d3_rainbow_trout,classification,macro_f1,R0,R2,1,55,16,0.75,0.75,0.0
R0_vs_R2,d3_rainbow_trout,classification,macro_f1,R0,R2,1,56,16,0.75,0.75,0.0
R0_vs_R2,d3_rainbow_trout,classification,macro_f1,R0,R2,1,57,16,0.5,0.5,0.0
R0_vs_R2,d3_rainbow_trout,classification,macro_f1,R0,R2,1,58,16,0.75,0.75,0.0
R0_vs_R2,d3_rainbow_trout,classification,macro_f1,R0,R2,1,59,16,0.5,0.5,0.0
R0_vs_R2,d3_rainbow_trout,classification,macro_f1,R0,R2,1,60,16,1.0,1.0,0.0
R0_vs_R2,d3_rainbow_trout,classification,macro_f1,R0,R2,1,61,16,0.5,0.5,0.0
R0_vs_R2,d3_rainbow_trout,classification,macro_f1,R0,R2,2,0,16,0.25,0.25,0.0
R0_vs_R2,d3_rainbow_trout,classification,macro_f1,R0,R2,2,1,16,0.5,0.5,0.0
R0_vs_R2,d3_rainbow_trout,classification,macro_f1,R0,R2,2,2,16,0.75,0.75,0.0
R0_vs_R2,d3_rainbow_trout,classification,macro_f1,R0,R2,2,3,16,0.25,0.25,0.0
R0_vs_R2,d3_rainbow_trout,classification,macro_f1,R0,R2,2,4,16,0.7384806973848069,0.7564158329708569,-0.017935135586049977
R0_vs_R2,d3_rainbow_trout,classification,macro_f1,R0,R2,2,5,16,0.75,0.75,0.0
R0_vs_R2,d3_rainbow_trout,classification,macro_f1,R0,R2,2,6,16,0.75,0.75,0.0
R0_vs_R2,d3_rainbow_trout,classification,macro_f1,R0,R2,2,7,16,1.0,1.0,0.0
R0_vs_R2,d3_rainbow_trout,classification,macro_f1,R0,R2,2,8,16,0.5,0.5,0.0
R0_vs_R2,d3_rainbow_trout,classification,macro_f1,R0,R2,2,9,16,0.75,0.75,0.0
R0_vs_R2,d3_rainbow_trout,classification,macro_f1,R0,R2,2,10,16,0.5,0.5,0.0
R0_vs_R2,d3_rainbow_trout,classification,macro_f1,R0,R2,2,11,16,0.75,0.75,0.0
R0_vs_R2,d3_rainbow_trout,classification,macro_f1,R0,R2,2,12,16,0.7342515748425157,0.7240740740740741,0.010177500768441594
R0_vs_R2,d3_rainbow_trout,classification,macro_f1,R0,R2,2,13,16,0.5,0.5,0.0
R0_vs_R2,d3_rainbow_trout,classification,macro_f1,R0,R2,2,14,16,1.0,1.0,0.0
R0_vs_R2,d3_rainbow_trout,classification,macro_f1,R0,R2,2,15,16,0.5,0.5,0.0
R0_vs_R2,d3_rainbow_trout,classification,macro_f1,R0,R2,2,16,16,0.5,0.5,0.0
R0_vs_R2,d3_rainbow_trout,classification,macro_f1,R0,R2,2,17,16,0.5,0.5,0.0
R0_vs_R2,d3_rainbow_trout,classification,macro_f1,R0,R2,2,18,16,0.25,0.25,0.0
R0_vs_R2,d3_rainbow_trout,classification,macro_f1,R0,R2,2,19,16,0.75,0.75,0.0
R0_vs_R2,d3_rainbow_trout,classification,macro_f1,R0,R2,2,20,16,0.75,0.75,0.0
R0_vs_R2,d3_rainbow_trout,classification,macro_f1,R0,R2,2,21,16,0.5,0.5,0.0
R0_vs_R2,d3_rainbow_trout,classification,macro_f1,R0,R2,2,22,16,0.75,0.75,0.0
R0_vs_R2,d3_rainbow_trout,classification,macro_f1,R0,R2,2,23,16,0.75,0.75,0.0
R0_vs_R2,d3_rainbow_trout,classification,macro_f1,R0,R2,2,24,16,0.5,0.5,0.0
R0_vs_R2,d3_rainbow_trout,classification,macro_f1,R0,R2,2,25,16,0.75,0.75,0.0
R0_vs_R2,d3_rainbow_trout,classification,macro_f1,R0,R2,2,26,16,0.5,0.5,0.0
R0_vs_R2,d3_rainbow_trout,classification,macro_f1,R0,R2,2,27,16,1.0,1.0,0.0
R0_vs_R2,d3_rainbow_trout,classification,macro_f1,R0,R2,2,28,16,0.75,0.75,0.0
R0_vs_R2,d3_rainbow_trout,classification,macro_f1,R0,R2,2,29,16,0.25,0.25,0.0
R0_vs_R2,d3_rainbow_trout,classification,macro_f1,R0,R2,2,30,16,0.5,0.5,0.0
R0_vs_R2,d3_rainbow_trout,classification,macro_f1,R0,R2,2,31,16,0.25,0.25,0.0
R0_vs_R2,d3_rainbow_trout,classification,macro_f1,R0,R2,2,32,16,0.75,0.75,0.0
R0_vs_R2,d3_rainbow_trout,classification,macro_f1,R0,R2,2,33,16,0.6538258296343268,0.7165178571428572,-0.06269202750853042
R0_vs_R2,d3_rainbow_trout,classification,macro_f1,R0,R2,2,34,16,1.0,1.0,0.0
R0_vs_R2,d3_rainbow_trout,classification,macro_f1,R0,R2,2,35,16,0.5,0.5,0.0
R0_vs_R2,d3_rainbow_trout,classification,macro_f1,R0,R2,2,36,16,0.75,0.75,0.0
R0_vs_R2,d3_rainbow_trout,classification,macro_f1,R0,R2,2,37,16,0.75,0.75,0.0
R0_vs_R2,d3_rainbow_trout,classification,macro_f1,R0,R2,2,38,16,0.75,0.75,0.0
R0_vs_R2,d3_rainbow_trout,classification,macro_f1,R0,R2,2,39,16,0.75,0.75,0.0
R0_vs_R2,d3_rainbow_trout,classification,macro_f1,R0,R2,2,40,16,0.661465663928744,0.6444318181818182,0.01703384574692579
R0_vs_R2,d3_rainbow_trout,classification,macro_f1,R0,R2,2,41,16,0.5,0.5,0.0
R0_vs_R2,d3_rainbow_trout,classification,macro_f1,R0,R2,2,42,16,0.5,0.5,0.0
R0_vs_R2,d3_rainbow_trout,classification,macro_f1,R0,R2,2,43,16,0.5,0.5,0.0
R0_vs_R2,d3_rainbow_trout,classification,macro_f1,R0,R2,2,44,16,0.735702614379085,0.7333147942157954,0.0023878201632896445
R0_vs_R2,d3_rainbow_trout,classification,macro_f1,R0,R2,2,45,16,0.75,0.75,0.0
R0_vs_R2,d3_rainbow_trout,classification,macro_f1,R0,R2,2,46,16,0.7469879518072289,0.75,-0.003012048192771122
R0_vs_R2,d3_rainbow_trout,classification,macro_f1,R0,R2,2,47,16,0.5,0.5,0.0
R0_vs_R2,d3_rainbow_trout,classification,macro_f1,R0,R2,2,48,16,0.75,0.75,0.0
R0_vs_R2,d3_rainbow_trout,classification,macro_f1,R0,R2,2,49,16,0.5,0.5,0.0
R0_vs_R2,d3_rainbow_trout,classification,macro_f1,R0,R2,2,50,16,0.75,0.75,0.0
R0_vs_R2,d3_rainbow_trout,classification,macro_f1,R0,R2,2,51,16,0.5,0.5,0.0
R0_vs_R2,d3_rainbow_trout,classification,macro_f1,R0,R2,2,52,16,0.5,0.5,0.0
R0_vs_R2,d3_rainbow_trout,classification,macro_f1,R0,R2,2,53,16,0.5,0.5,0.0
R0_vs_R2,d3_rainbow_trout,classification,macro_f1,R0,R2,2,54,16,0.75,0.75,0.0
R0_vs_R2,d3_rainbow_trout,classification,macro_f1,R0,R2,2,55,16,0.75,0.75,0.0
R0_vs_R2,d3_rainbow_trout,classification,macro_f1,R0,R2,2,56,16,0.75,0.75,0.0
R0_vs_R2,d3_rainbow_trout,classification,macro_f1,R0,R2,2,57,16,0.75,0.75,0.0
R0_vs_R2,d3_rainbow_trout,classification,macro_f1,R0,R2,2,58,16,1.0,1.0,0.0
R0_vs_R2,d3_rainbow_trout,classification,macro_f1,R0,R2,2,59,16,0.5,0.5,0.0
R0_vs_R2,d3_rainbow_trout,classification,macro_f1,R0,R2,2,60,16,0.25,0.25,0.0
R0_vs_R2,d3_rainbow_trout,classification,macro_f1,R0,R2,2,61,16,0.5,0.5,0.0
R0_vs_R2,d3_rainbow_trout,classification,macro_f1,R0,R2,3,0,16,0.5453216374269005,0.5196382705479452,0.025683366878955338
R0_vs_R2,d3_rainbow_trout,classification,macro_f1,R0,R2,3,1,16,0.75,0.75,0.0
R0_vs_R2,d3_rainbow_trout,classification,macro_f1,R0,R2,3,2,16,0.5,0.5,0.0
R0_vs_R2,d3_rainbow_trout,classification,macro_f1,R0,R2,3,3,16,0.75,0.75,0.0
R0_vs_R2,d3_rainbow_trout,classification,macro_f1,R0,R2,3,4,16,0.75,0.75,0.0
R0_vs_R2,d3_rainbow_trout,classification,macro_f1,R0,R2,3,5,16,1.0,1.0,0.0
R0_vs_R2,d3_rainbow_trout,classification,macro_f1,R0,R2,3,6,16,0.75,0.75,0.0
R0_vs_R2,d3_rainbow_trout,classification,macro_f1,R0,R2,3,7,16,0.728531997546514,0.7428556848336395,-0.01432368728712552
R0_vs_R2,d3_rainbow_trout,classification,macro_f1,R0,R2,3,8,16,0.5,0.5,0.0
R0_vs_R2,d3_rainbow_trout,classification,macro_f1,R0,R2,3,9,16,0.75,0.75,0.0
R0_vs_R2,d3_rainbow_trout,classification,macro_f1,R0,R2,3,10,16,0.5,0.5,0.0
R0_vs_R2,d3_rainbow_trout,classification,macro_f1,R0,R2,3,11,16,0.5,0.5,0.0
R0_vs_R2,d3_rainbow_trout,classification,macro_f1,R0,R2,3,12,16,0.7290528233151183,0.7242161900269026,0.004836633288215708
R0_vs_R2,d3_rainbow_trout,classification,macro_f1,R0,R2,3,13,16,0.7482014388489209,0.75,-0.0017985611510791255
R0_vs_R2,d3_rainbow_trout,classification,macro_f1,R0,R2,3,14,16,0.5,0.5,0.0
R0_vs_R2,d3_rainbow_trout,classification,macro_f1,R0,R2,3,15,16,1.0,1.0,0.0
R0_vs_R2,d3_rainbow_trout,classification,macro_f1,R0,R2,3,16,16,1.0,1.0,0.0
R0_vs_R2,d3_rainbow_trout,classification,macro_f1,R0,R2,3,17,16,0.75,0.75,0.0
R0_vs_R2,d3_rainbow_trout,classification,macro_f1,R0,R2,3,18,16,1.0,1.0,0.0
R0_vs_R2,d3_rainbow_trout,classification,macro_f1,R0,R2,3,19,16,0.25,0.25,0.0
R0_vs_R2,d3_rainbow_trout,classification,macro_f1,R0,R2,3,20,16,0.5,0.5,0.0
R0_vs_R2,d3_rainbow_trout,classification,macro_f1,R0,R2,3,21,16,0.5,0.5,0.0
R0_vs_R2,d3_rainbow_trout,classification,macro_f1,R0,R2,3,22,16,0.75,0.75,0.0
R0_vs_R2,d3_rainbow_trout,classification,macro_f1,R0,R2,3,23,16,0.75,0.75,0.0
R0_vs_R2,d3_rainbow_trout,classification,macro_f1,R0,R2,3,24,16,0.75,0.75,0.0
R0_vs_R2,d3_rainbow_trout,classification,macro_f1,R0,R2,3,25,16,0.5,0.5,0.0
R0_vs_R2,d3_rainbow_trout,classification,macro_f1,R0,R2,3,26,16,0.75,0.75,0.0
R0_vs_R2,d3_rainbow_trout,classification,macro_f1,R0,R2,3,27,16,0.75,0.75,0.0
R0_vs_R2,d3_rainbow_trout,classification,macro_f1,R0,R2,3,28,16,0.5,0.5,0.0
R0_vs_R2,d3_rainbow_trout,classification,macro_f1,R0,R2,3,29,16,0.25,0.25,0.0
R0_vs_R2,d3_rainbow_trout,classification,macro_f1,R0,R2,3,30,16,0.75,0.75,0.0
R0_vs_R2,d3_rainbow_trout,classification,macro_f1,R0,R2,3,31,16,0.75,0.75,0.0
R0_vs_R2,d3_rainbow_trout,classification,macro_f1,R0,R2,3,32,16,0.75,0.75,0.0
R0_vs_R2,d3_rainbow_trout,classification,macro_f1,R0,R2,3,33,16,0.5,0.5,0.0
R0_vs_R2,d3_rainbow_trout,classification,macro_f1,R0,R2,3,34,16,0.674677693487543,0.6165540540540541,0.05812363943348897
R0_vs_R2,d3_rainbow_trout,classification,macro_f1,R0,R2,3,35,16,1.0,1.0,0.0
R0_vs_R2,d3_rainbow_trout,classification,macro_f1,R0,R2,3,36,16,0.5,0.5,0.0
R0_vs_R2,d3_rainbow_trout,classification,macro_f1,R0,R2,3,37,16,0.75,0.75,0.0
R0_vs_R2,d3_rainbow_trout,classification,macro_f1,R0,R2,3,38,16,0.75,0.75,0.0
R0_vs_R2,d3_rainbow_trout,classification,macro_f1,R0,R2,3,39,16,0.25,0.25,0.0
R0_vs_R2,d3_rainbow_trout,classification,macro_f1,R0,R2,3,40,16,0.5,0.5,0.0
R0_vs_R2,d3_rainbow_trout,classification,macro_f1,R0,R2,3,41,16,0.75,0.75,0.0
R0_vs_R2,d3_rainbow_trout,classification,macro_f1,R0,R2,3,42,16,0.4988038277511961,0.4951456310679611,0.003658196683234971
R0_vs_R2,d3_rainbow_trout,classification,macro_f1,R0,R2,3,43,16,0.75,0.75,0.0
R0_vs_R2,d3_rainbow_trout,classification,macro_f1,R0,R2,3,44,16,0.75,0.75,0.0
R0_vs_R2,d3_rainbow_trout,classification,macro_f1,R0,R2,3,45,16,0.75,0.75,0.0
R0_vs_R2,d3_rainbow_trout,classification,macro_f1,R0,R2,3,46,16,0.25,0.25,0.0
R0_vs_R2,d3_rainbow_trout,classification,macro_f1,R0,R2,3,47,16,0.25,0.25,0.0
R0_vs_R2,d3_rainbow_trout,classification,macro_f1,R0,R2,3,48,16,0.75,0.75,0.0
R0_vs_R2,d3_rainbow_trout,classification,macro_f1,R0,R2,3,49,16,0.75,0.75,0.0
R0_vs_R2,d3_rainbow_trout,classification,macro_f1,R0,R2,3,50,16,0.5,0.5,0.0
R0_vs_R2,d3_rainbow_trout,classification,macro_f1,R0,R2,3,51,16,0.5,0.5,0.0
R0_vs_R2,d3_rainbow_trout,classification,macro_f1,R0,R2,3,52,16,0.5,0.5,0.0
R0_vs_R2,d3_rainbow_trout,classification,macro_f1,R0,R2,3,53,16,0.5,0.5,0.0
R0_vs_R2,d3_rainbow_trout,classification,macro_f1,R0,R2,3,54,16,0.5,0.5,0.0
R0_vs_R2,d3_rainbow_trout,classification,macro_f1,R0,R2,3,55,16,0.5,0.5,0.0
R0_vs_R2,d3_rainbow_trout,classification,macro_f1,R0,R2,3,56,16,0.75,0.75,0.0
R0_vs_R2,d3_rainbow_trout,classification,macro_f1,R0,R2,3,57,16,0.5,0.5,0.0
R0_vs_R2,d3_rainbow_trout,classification,macro_f1,R0,R2,3,58,16,0.5,0.5,0.0
R0_vs_R2,d3_rainbow_trout,classification,macro_f1,R0,R2,3,59,16,0.25,0.25,0.0
R0_vs_R2,d3_rainbow_trout,classification,macro_f1,R0,R2,3,60,16,0.5,0.5,0.0
R0_vs_R2,d3_rainbow_trout,classification,macro_f1,R0,R2,3,61,16,0.75,0.75,0.0
R0_vs_R2,d3_rainbow_trout,classification,macro_f1,R0,R2,4,0,16,0.75,0.75,0.0
R0_vs_R2,d3_rainbow_trout,classification,macro_f1,R0,R2,4,1,16,0.75,0.75,0.0
R0_vs_R2,d3_rainbow_trout,classification,macro_f1,R0,R2,4,2,16,0.75,0.75,0.0
R0_vs_R2,d3_rainbow_trout,classification,macro_f1,R0,R2,4,3,16,0.75,0.75,0.0
R0_vs_R2,d3_rainbow_trout,classification,macro_f1,R0,R2,4,4,16,0.75,0.75,0.0
R0_vs_R2,d3_rainbow_trout,classification,macro_f1,R0,R2,4,5,16,0.75,0.75,0.0
R0_vs_R2,d3_rainbow_trout,classification,macro_f1,R0,R2,4,6,16,0.5,0.5,0.0
R0_vs_R2,d3_rainbow_trout,classification,macro_f1,R0,R2,4,7,16,0.7429232566498922,0.75,-0.0070767433501077726
R0_vs_R2,d3_rainbow_trout,classification,macro_f1,R0,R2,4,8,16,0.25,0.25,0.0
R0_vs_R2,d3_rainbow_trout,classification,macro_f1,R0,R2,4,9,16,0.5,0.5,0.0
R0_vs_R2,d3_rainbow_trout,classification,macro_f1,R0,R2,4,10,16,0.6209607460420733,0.6321942660714712,-0.011233520029397925
R0_vs_R2,d3_rainbow_trout,classification,macro_f1,R0,R2,4,11,16,0.5,0.5,0.0
R0_vs_R2,d3_rainbow_trout,classification,macro_f1,R0,R2,4,12,16,0.5,0.5,0.0
R0_vs_R2,d3_rainbow_trout,classification,macro_f1,R0,R2,4,13,16,1.0,1.0,0.0
R0_vs_R2,d3_rainbow_trout,classification,macro_f1,R0,R2,4,14,16,0.7482014388489209,0.7416643512086691,0.0065370876402517375
R0_vs_R2,d3_rainbow_trout,classification,macro_f1,R0,R2,4,15,16,0.5,0.5,0.0
R0_vs_R2,d3_rainbow_trout,classification,macro_f1,R0,R2,4,16,16,0.75,0.75,0.0
R0_vs_R2,d3_rainbow_trout,classification,macro_f1,R0,R2,4,17,16,0.5,0.5,0.0
R0_vs_R2,d3_rainbow_trout,classification,macro_f1,R0,R2,4,18,16,0.75,0.75,0.0
R0_vs_R2,d3_rainbow_trout,classification,macro_f1,R0,R2,4,19,16,0.25,0.25,0.0
R0_vs_R2,d3_rainbow_trout,classification,macro_f1,R0,R2,4,20,16,0.5,0.5,0.0
R0_vs_R2,d3_rainbow_trout,classification,macro_f1,R0,R2,4,21,16,0.5,0.5,0.0
R0_vs_R2,d3_rainbow_trout,classification,macro_f1,R0,R2,4,22,16,1.0,1.0,0.0
R0_vs_R2,d3_rainbow_trout,classification,macro_f1,R0,R2,4,23,16,0.75,0.75,0.0
R0_vs_R2,d3_rainbow_trout,classification,macro_f1,R0,R2,4,24,16,0.5,0.5,0.0
R0_vs_R2,d3_rainbow_trout,classification,macro_f1,R0,R2,4,25,16,0.6771600768402609,0.636018439701765,0.041141637138495946
R0_vs_R2,d3_rainbow_trout,classification,macro_f1,R0,R2,4,26,16,0.5,0.5,0.0
R0_vs_R2,d3_rainbow_trout,classification,macro_f1,R0,R2,4,27,16,0.75,0.75,0.0
R0_vs_R2,d3_rainbow_trout,classification,macro_f1,R0,R2,4,28,16,0.5,0.5,0.0
R0_vs_R2,d3_rainbow_trout,classification,macro_f1,R0,R2,4,29,16,0.75,0.75,0.0
R0_vs_R2,d3_rainbow_trout,classification,macro_f1,R0,R2,4,30,16,0.5,0.5,0.0
R0_vs_R2,d3_rainbow_trout,classification,macro_f1,R0,R2,4,31,16,0.75,0.75,0.0
R0_vs_R2,d3_rainbow_trout,classification,macro_f1,R0,R2,4,32,16,0.25,0.25,0.0
R0_vs_R2,d3_rainbow_trout,classification,macro_f1,R0,R2,4,33,16,0.25,0.25,0.0
R0_vs_R2,d3_rainbow_trout,classification,macro_f1,R0,R2,4,34,16,1.0,1.0,0.0
R0_vs_R2,d3_rainbow_trout,classification,macro_f1,R0,R2,4,35,16,0.477979274611399,0.4714854111405835,0.006493863470815486
R0_vs_R2,d3_rainbow_trout,classification,macro_f1,R0,R2,4,36,16,0.7290528233151183,0.7290528233151183,0.0
R0_vs_R2,d3_rainbow_trout,classification,macro_f1,R0,R2,4,37,16,0.5,0.5,0.0
R0_vs_R2,d3_rainbow_trout,classification,macro_f1,R0,R2,4,38,16,0.75,0.75,0.0
R0_vs_R2,d3_rainbow_trout,classification,macro_f1,R0,R2,4,39,16,0.75,0.75,0.0
R0_vs_R2,d3_rainbow_trout,classification,macro_f1,R0,R2,4,40,16,0.75,0.75,0.0
R0_vs_R2,d3_rainbow_trout,classification,macro_f1,R0,R2,4,41,16,1.0,1.0,0.0
R0_vs_R2,d3_rainbow_trout,classification,macro_f1,R0,R2,4,42,16,0.25,0.25,0.0
R0_vs_R2,d3_rainbow_trout,classification,macro_f1,R0,R2,4,43,16,0.5,0.5,0.0
R0_vs_R2,d3_rainbow_trout,classification,macro_f1,R0,R2,4,44,16,0.5,0.5,0.0
R0_vs_R2,d3_rainbow_trout,classification,macro_f1,R0,R2,4,45,16,0.75,0.75,0.0
R0_vs_R2,d3_rainbow_trout,classification,macro_f1,R0,R2,4,46,16,0.5,0.5,0.0
R0_vs_R2,d3_rainbow_trout,classification,macro_f1,R0,R2,4,47,16,1.0,1.0,0.0
R0_vs_R2,d3_rainbow_trout,classification,macro_f1,R0,R2,4,48,16,0.75,0.75,0.0
R0_vs_R2,d3_rainbow_trout,classification,macro_f1,R0,R2,4,49,16,0.75,0.75,0.0
R0_vs_R2,d3_rainbow_trout,classification,macro_f1,R0,R2,4,50,16,0.75,0.75,0.0
R0_vs_R2,d3_rainbow_trout,classification,macro_f1,R0,R2,4,51,16,0.7333147942157954,0.7476189936279733,-0.014304199412177976
R0_vs_R2,d3_rainbow_trout,classification,macro_f1,R0,R2,4,52,16,0.75,0.75,0.0
R0_vs_R2,d3_rainbow_trout,classification,macro_f1,R0,R2,4,53,16,0.5,0.5,0.0
R0_vs_R2,d3_rainbow_trout,classification,macro_f1,R0,R2,4,54,16,0.75,0.75,0.0
R0_vs_R2,d3_rainbow_trout,classification,macro_f1,R0,R2,4,55,16,0.5,0.5,0.0
R0_vs_R2,d3_rainbow_trout,classification,macro_f1,R0,R2,4,56,16,0.75,0.75,0.0
R0_vs_R2,d3_rainbow_trout,classification,macro_f1,R0,R2,4,57,16,0.75,0.75,0.0
R0_vs_R2,d3_rainbow_trout,classification,macro_f1,R0,R2,4,58,16,0.5,0.5,0.0
R0_vs_R2,d3_rainbow_trout,classification,macro_f1,R0,R2,4,59,16,0.25,0.25,0.0
R0_vs_R2,d3_rainbow_trout,classification,macro_f1,R0,R2,4,60,16,0.5,0.5,0.0
R0_vs_R2,d3_rainbow_trout,classification,macro_f1,R0,R2,4,61,16,0.5,0.5,0.0
R0_vs_R2,d3_rainbow_trout,classification,macro_f1,R0,R2,5,0,16,0.75,0.75,0.0
R0_vs_R2,d3_rainbow_trout,classification,macro_f1,R0,R2,5,1,16,0.75,0.75,0.0
R0_vs_R2,d3_rainbow_trout,classification,macro_f1,R0,R2,5,2,16,0.5,0.5,0.0
R0_vs_R2,d3_rainbow_trout,classification,macro_f1,R0,R2,5,3,16,0.7290528233151183,0.7192946378078248,0.00975818550729357
R0_vs_R2,d3_rainbow_trout,classification,macro_f1,R0,R2,5,4,16,0.5,0.5,0.0
R0_vs_R2,d3_rainbow_trout,classification,macro_f1,R0,R2,5,5,16,0.5,0.5,0.0
R0_vs_R2,d3_rainbow_trout,classification,macro_f1,R0,R2,5,6,16,0.75,0.75,0.0
R0_vs_R2,d3_rainbow_trout,classification,macro_f1,R0,R2,5,7,16,0.75,0.75,0.0
R0_vs_R2,d3_rainbow_trout,classification,macro_f1,R0,R2,5,8,16,0.5,0.5,0.0
R0_vs_R2,d3_rainbow_trout,classification,macro_f1,R0,R2,5,9,16,0.75,0.75,0.0
R0_vs_R2,d3_rainbow_trout,classification,macro_f1,R0,R2,5,10,16,0.25,0.25,0.0
R0_vs_R2,d3_rainbow_trout,classification,macro_f1,R0,R2,5,11,16,1.0,1.0,0.0
R0_vs_R2,d3_rainbow_trout,classification,macro_f1,R0,R2,5,12,16,0.75,0.75,0.0
R0_vs_R2,d3_rainbow_trout,classification,macro_f1,R0,R2,5,13,16,0.5,0.5,0.0
R0_vs_R2,d3_rainbow_trout,classification,macro_f1,R0,R2,5,14,16,0.75,0.75,0.0
R0_vs_R2,d3_rainbow_trout,classification,macro_f1,R0,R2,5,15,16,0.25,0.25,0.0
R0_vs_R2,d3_rainbow_trout,classification,macro_f1,R0,R2,5,16,16,0.75,0.75,0.0
R0_vs_R2,d3_rainbow_trout,classification,macro_f1,R0,R2,5,17,16,0.5,0.5,0.0
R0_vs_R2,d3_rainbow_trout,classification,macro_f1,R0,R2,5,18,16,0.75,0.75,0.0
R0_vs_R2,d3_rainbow_trout,classification,macro_f1,R0,R2,5,19,16,0.75,0.75,0.0
R0_vs_R2,d3_rainbow_trout,classification,macro_f1,R0,R2,5,20,16,1.0,1.0,0.0
R0_vs_R2,d3_rainbow_trout,classification,macro_f1,R0,R2,5,21,16,0.5,0.5,0.0
R0_vs_R2,d3_rainbow_trout,classification,macro_f1,R0,R2,5,22,16,0.75,0.75,0.0
R0_vs_R2,d3_rainbow_trout,classification,macro_f1,R0,R2,5,23,16,1.0,1.0,0.0
R0_vs_R2,d3_rainbow_trout,classification,macro_f1,R0,R2,5,24,16,0.6762256809338522,0.6740593534711182,0.00216632746273393
R0_vs_R2,d3_rainbow_trout,classification,macro_f1,R0,R2,5,25,16,0.5,0.5,0.0
R0_vs_R2,d3_rainbow_trout,classification,macro_f1,R0,R2,5,26,16,0.7333147942157954,0.7333147942157954,0.0
R0_vs_R2,d3_rainbow_trout,classification,macro_f1,R0,R2,5,27,16,0.5,0.5,0.0
R0_vs_R2,d3_rainbow_trout,classification,macro_f1,R0,R2,5,28,16,0.5,0.5,0.0
R0_vs_R2,d3_rainbow_trout,classification,macro_f1,R0,R2,5,29,16,0.5,0.5,0.0
R0_vs_R2,d3_rainbow_trout,classification,macro_f1,R0,R2,5,30,16,0.75,0.75,0.0
R0_vs_R2,d3_rainbow_trout,classification,macro_f1,R0,R2,5,31,16,0.5,0.5,0.0
R0_vs_R2,d3_rainbow_trout,classification,macro_f1,R0,R2,5,32,16,0.5,0.5,0.0
R0_vs_R2,d3_rainbow_trout,classification,macro_f1,R0,R2,5,33,16,0.75,0.75,0.0
R0_vs_R2,d3_rainbow_trout,classification,macro_f1,R0,R2,5,34,16,0.75,0.75,0.0
R0_vs_R2,d3_rainbow_trout,classification,macro_f1,R0,R2,5,35,16,0.5,0.5,0.0
R0_vs_R2,d3_rainbow_trout,classification,macro_f1,R0,R2,5,36,16,0.75,0.75,0.0
R0_vs_R2,d3_rainbow_trout,classification,macro_f1,R0,R2,5,37,16,0.5,0.5,0.0
R0_vs_R2,d3_rainbow_trout,classification,macro_f1,R0,R2,5,38,16,0.75,0.75,0.0
R0_vs_R2,d3_rainbow_trout,classification,macro_f1,R0,R2,5,39,16,0.25,0.25,0.0
R0_vs_R2,d3_rainbow_trout,classification,macro_f1,R0,R2,5,40,16,0.75,0.75,0.0
R0_vs_R2,d3_rainbow_trout,classification,macro_f1,R0,R2,5,41,16,0.75,0.75,0.0
R0_vs_R2,d3_rainbow_trout,classification,macro_f1,R0,R2,5,42,16,0.75,0.75,0.0
R0_vs_R2,d3_rainbow_trout,classification,macro_f1,R0,R2,5,43,16,0.25,0.25,0.0
R0_vs_R2,d3_rainbow_trout,classification,macro_f1,R0,R2,5,44,16,0.5,0.5,0.0
R0_vs_R2,d3_rainbow_trout,classification,macro_f1,R0,R2,5,45,16,0.75,0.75,0.0
R0_vs_R2,d3_rainbow_trout,classification,macro_f1,R0,R2,5,46,16,0.5,0.5,0.0
R0_vs_R2,d3_rainbow_trout,classification,macro_f1,R0,R2,5,47,16,0.5,0.5,0.0
R0_vs_R2,d3_rainbow_trout,classification,macro_f1,R0,R2,5,48,16,0.75,0.75,0.0
R0_vs_R2,d3_rainbow_trout,classification,macro_f1,R0,R2,5,49,16,0.5,0.5,0.0
R0_vs_R2,d3_rainbow_trout,classification,macro_f1,R0,R2,5,50,16,1.0,1.0,0.0
R0_vs_R2,d3_rainbow_trout,classification,macro_f1,R0,R2,5,51,16,0.75,0.75,0.0
R0_vs_R2,d3_rainbow_trout,classification,macro_f1,R0,R2,5,52,16,0.5,0.5,0.0
R0_vs_R2,d3_rainbow_trout,classification,macro_f1,R0,R2,5,53,16,1.0,1.0,0.0
R0_vs_R2,d3_rainbow_trout,classification,macro_f1,R0,R2,5,54,16,0.25,0.25,0.0
R0_vs_R2,d3_rainbow_trout,classification,macro_f1,R0,R2,5,55,16,0.7440467753366407,0.7428556848336395,0.0011910905030011465
R0_vs_R2,d3_rainbow_trout,classification,macro_f1,R0,R2,5,56,16,0.5,0.5,0.0
R0_vs_R2,d3_rainbow_trout,classification,macro_f1,R0,R2,5,57,16,0.5079661016949153,0.4958466277918363,0.012119473903078992
R0_vs_R2,d3_rainbow_trout,classification,macro_f1,R0,R2,5,58,16,0.5,0.5,0.0
R0_vs_R2,d3_rainbow_trout,classification,macro_f1,R0,R2,5,59,16,0.25,0.25,0.0
R0_vs_R2,d3_rainbow_trout,classification,macro_f1,R0,R2,5,60,16,0.75,0.75,0.0
R0_vs_R2,d3_rainbow_trout,classification,macro_f1,R0,R2,5,61,16,0.75,0.75,0.0
R0_vs_R2,d3_rainbow_trout,classification,macro_f1,R0,R2,6,0,16,0.5,0.5,0.0
R0_vs_R2,d3_rainbow_trout,classification,macro_f1,R0,R2,6,1,16,0.5,0.5,0.0
R0_vs_R2,d3_rainbow_trout,classification,macro_f1,R0,R2,6,2,16,0.5,0.5,0.0
R0_vs_R2,d3_rainbow_trout,classification,macro_f1,R0,R2,6,3,16,0.75,0.75,0.0
R0_vs_R2,d3_rainbow_trout,classification,macro_f1,R0,R2,6,4,16,0.75,0.75,0.0
R0_vs_R2,d3_rainbow_trout,classification,macro_f1,R0,R2,6,5,16,0.25,0.25,0.0
R0_vs_R2,d3_rainbow_trout,classification,macro_f1,R0,R2,6,6,16,0.5,0.5,0.0
R0_vs_R2,d3_rainbow_trout,classification,macro_f1,R0,R2,6,7,16,0.75,0.75,0.0
R0_vs_R2,d3_rainbow_trout,classification,macro_f1,R0,R2,6,8,16,0.5,0.5,0.0
R0_vs_R2,d3_rainbow_trout,classification,macro_f1,R0,R2,6,9,16,0.5,0.5,0.0
R0_vs_R2,d3_rainbow_trout,classification,macro_f1,R0,R2,6,10,16,0.75,0.75,0.0
R0_vs_R2,d3_rainbow_trout,classification,macro_f1,R0,R2,6,11,16,0.5,0.5,0.0
R0_vs_R2,d3_rainbow_trout,classification,macro_f1,R0,R2,6,12,16,0.5,0.5,0.0
R0_vs_R2,d3_rainbow_trout,classification,macro_f1,R0,R2,6,13,16,0.75,0.75,0.0
R0_vs_R2,d3_rainbow_trout,classification,macro_f1,R0,R2,6,14,16,0.75,0.75,0.0
R0_vs_R2,d3_rainbow_trout,classification,macro_f1,R0,R2,6,15,16,0.5,0.5,0.0
R0_vs_R2,d3_rainbow_trout,classification,macro_f1,R0,R2,6,16,16,1.0,1.0,0.0
R0_vs_R2,d3_rainbow_trout,classification,macro_f1,R0,R2,6,17,16,0.5,0.5,0.0
R0_vs_R2,d3_rainbow_trout,classification,macro_f1,R0,R2,6,18,16,1.0,1.0,0.0
R0_vs_R2,d3_rainbow_trout,classification,macro_f1,R0,R2,6,19,16,0.75,0.75,0.0
R0_vs_R2,d3_rainbow_trout,classification,macro_f1,R0,R2,6,20,16,0.5,0.5,0.0
R0_vs_R2,d3_rainbow_trout,classification,macro_f1,R0,R2,6,21,16,0.75,0.75,0.0
R0_vs_R2,d3_rainbow_trout,classification,macro_f1,R0,R2,6,22,16,0.75,0.75,0.0
R0_vs_R2,d3_rainbow_trout,classification,macro_f1,R0,R2,6,23,16,1.0,1.0,0.0
R0_vs_R2,d3_rainbow_trout,classification,macro_f1,R0,R2,6,24,16,0.5,0.5,0.0
R0_vs_R2,d3_rainbow_trout,classification,macro_f1,R0,R2,6,25,16,0.25,0.25,0.0
R0_vs_R2,d3_rainbow_trout,classification,macro_f1,R0,R2,6,26,16,0.75,0.75,0.0
R0_vs_R2,d3_rainbow_trout,classification,macro_f1,R0,R2,6,27,16,0.75,0.75,0.0
R0_vs_R2,d3_rainbow_trout,classification,macro_f1,R0,R2,6,28,16,0.25,0.25,0.0
R0_vs_R2,d3_rainbow_trout,classification,macro_f1,R0,R2,6,29,16,0.5,0.5,0.0
R0_vs_R2,d3_rainbow_trout,classification,macro_f1,R0,R2,6,30,16,0.25,0.25,0.0
R0_vs_R2,d3_rainbow_trout,classification,macro_f1,R0,R2,6,31,16,0.75,0.75,0.0
R0_vs_R2,d3_rainbow_trout,classification,macro_f1,R0,R2,6,32,16,0.5523006886590494,0.5723978187877105,-0.0200971301286611
R0_vs_R2,d3_rainbow_trout,classification,macro_f1,R0,R2,6,33,16,0.75,0.75,0.0
R0_vs_R2,d3_rainbow_trout,classification,macro_f1,R0,R2,6,34,16,1.0,1.0,0.0
R0_vs_R2,d3_rainbow_trout,classification,macro_f1,R0,R2,6,35,16,0.25,0.25,0.0
R0_vs_R2,d3_rainbow_trout,classification,macro_f1,R0,R2,6,36,16,0.75,0.75,0.0
R0_vs_R2,d3_rainbow_trout,classification,macro_f1,R0,R2,6,37,16,0.75,0.75,0.0
R0_vs_R2,d3_rainbow_trout,classification,macro_f1,R0,R2,6,38,16,0.5,0.5,0.0
R0_vs_R2,d3_rainbow_trout,classification,macro_f1,R0,R2,6,39,16,0.75,0.75,0.0
R0_vs_R2,d3_rainbow_trout,classification,macro_f1,R0,R2,6,40,16,0.75,0.75,0.0
R0_vs_R2,d3_rainbow_trout,classification,macro_f1,R0,R2,6,41,16,0.7520419714915217,0.7475961538461539,0.004445817645367889
R0_vs_R2,d3_rainbow_trout,classification,macro_f1,R0,R2,6,42,16,0.75,0.75,0.0
R0_vs_R2,d3_rainbow_trout,classification,macro_f1,R0,R2,6,43,16,0.5,0.5,0.0
R0_vs_R2,d3_rainbow_trout,classification,macro_f1,R0,R2,6,44,16,0.75,0.75,0.0
R0_vs_R2,d3_rainbow_trout,classification,macro_f1,R0,R2,6,45,16,0.5,0.5,0.0
R0_vs_R2,d3_rainbow_trout,classification,macro_f1,R0,R2,6,46,16,0.75,0.75,0.0
R0_vs_R2,d3_rainbow_trout,classification,macro_f1,R0,R2,6,47,16,0.6885487528344671,0.6715880893300248,0.016960663504442364
R0_vs_R2,d3_rainbow_trout,classification,macro_f1,R0,R2,6,48,16,0.5,0.5,0.0
R0_vs_R2,d3_rainbow_trout,classification,macro_f1,R0,R2,6,49,16,0.25,0.25,0.0
R0_vs_R2,d3_rainbow_trout,classification,macro_f1,R0,R2,6,50,16,0.75,0.75,0.0
R0_vs_R2,d3_rainbow_trout,classification,macro_f1,R0,R2,6,51,16,0.5,0.5,0.0
R0_vs_R2,d3_rainbow_trout,classification,macro_f1,R0,R2,6,52,16,0.5,0.5,0.0
R0_vs_R2,d3_rainbow_trout,classification,macro_f1,R0,R2,6,53,16,1.0,1.0,0.0
R0_vs_R2,d3_rainbow_trout,classification,macro_f1,R0,R2,6,54,16,0.75,0.7464283892035308,0.0035716107964691712
R0_vs_R2,d3_rainbow_trout,classification,macro_f1,R0,R2,6,55,16,0.5,0.5,0.0
R0_vs_R2,d3_rainbow_trout,classification,macro_f1,R0,R2,6,56,16,0.5,0.5,0.0
R0_vs_R2,d3_rainbow_trout,classification,macro_f1,R0,R2,6,57,16,0.5,0.5,0.0
R0_vs_R2,d3_rainbow_trout,classification,macro_f1,R0,R2,6,58,16,0.75,0.75,0.0
R0_vs_R2,d3_rainbow_trout,classification,macro_f1,R0,R2,6,59,16,0.75,0.75,0.0
R0_vs_R2,d3_rainbow_trout,classification,macro_f1,R0,R2,6,60,16,0.75,0.75,0.0
R0_vs_R2,d3_rainbow_trout,classification,macro_f1,R0,R2,6,61,16,0.75,0.75,0.0
R0_vs_R2,d3_rainbow_trout,classification,macro_f1,R0,R2,7,0,16,0.25,0.25,0.0
R0_vs_R2,d3_rainbow_trout,classification,macro_f1,R0,R2,7,1,16,0.25,0.25,0.0
R0_vs_R2,d3_rainbow_trout,classification,macro_f1,R0,R2,7,2,16,0.5,0.5,0.0
R0_vs_R2,d3_rainbow_trout,classification,macro_f1,R0,R2,7,3,16,0.5,0.5,0.0
R0_vs_R2,d3_rainbow_trout,classification,macro_f1,R0,R2,7,4,16,0.5,0.5,0.0
R0_vs_R2,d3_rainbow_trout,classification,macro_f1,R0,R2,7,5,16,0.75,0.75,0.0
R0_vs_R2,d3_rainbow_trout,classification,macro_f1,R0,R2,7,6,16,0.7043885319737534,0.7404727338716994,-0.03608420189794603
R0_vs_R2,d3_rainbow_trout,classification,macro_f1,R0,R2,7,7,16,0.75,0.75,0.0
R0_vs_R2,d3_rainbow_trout,classification,macro_f1,R0,R2,7,8,16,0.75,0.75,0.0
R0_vs_R2,d3_rainbow_trout,classification,macro_f1,R0,R2,7,9,16,0.75,0.75,0.0
R0_vs_R2,d3_rainbow_trout,classification,macro_f1,R0,R2,7,10,16,0.25,0.25,0.0
R0_vs_R2,d3_rainbow_trout,classification,macro_f1,R0,R2,7,11,16,0.5,0.5,0.0
R0_vs_R2,d3_rainbow_trout,classification,macro_f1,R0,R2,7,12,16,0.5,0.5,0.0
R0_vs_R2,d3_rainbow_trout,classification,macro_f1,R0,R2,7,13,16,0.5,0.5,0.0
R0_vs_R2,d3_rainbow_trout,classification,macro_f1,R0,R2,7,14,16,0.5,0.5,0.0
R0_vs_R2,d3_rainbow_trout,classification,macro_f1,R0,R2,7,15,16,0.5,0.5,0.0
R0_vs_R2,d3_rainbow_trout,classification,macro_f1,R0,R2,7,16,16,0.5,0.5,0.0
R0_vs_R2,d3_rainbow_trout,classification,macro_f1,R0,R2,7,17,16,0.75,0.75,0.0
R0_vs_R2,d3_rainbow_trout,classification,macro_f1,R0,R2,7,18,16,0.5,0.5,0.0
R0_vs_R2,d3_rainbow_trout,classification,macro_f1,R0,R2,7,19,16,0.7242161900269026,0.7192946378078248,0.004921552219077863
R0_vs_R2,d3_rainbow_trout,classification,macro_f1,R0,R2,7,20,16,0.6104016064257028,0.6104305032470525,-2.8896821349655433e-05
R0_vs_R2,d3_rainbow_trout,classification,macro_f1,R0,R2,7,21,16,0.5,0.5,0.0
R0_vs_R2,d3_rainbow_trout,classification,macro_f1,R0,R2,7,22,16,0.5,0.5,0.0
R0_vs_R2,d3_rainbow_trout,classification,macro_f1,R0,R2,7,23,16,0.5,0.5,0.0
R0_vs_R2,d3_rainbow_trout,classification,macro_f1,R0,R2,7,24,16,0.75,0.75,0.0
R0_vs_R2,d3_rainbow_trout,classification,macro_f1,R0,R2,7,25,16,1.0,1.0,0.0
R0_vs_R2,d3_rainbow_trout,classification,macro_f1,R0,R2,7,26,16,0.75,0.75,0.0
R0_vs_R2,d3_rainbow_trout,classification,macro_f1,R0,R2,7,27,16,0.5,0.5,0.0
R0_vs_R2,d3_rainbow_trout,classification,macro_f1,R0,R2,7,28,16,1.0,1.0,0.0
R0_vs_R2,d3_rainbow_trout,classification,macro_f1,R0,R2,7,29,16,0.25,0.25,0.0
R0_vs_R2,d3_rainbow_trout,classification,macro_f1,R0,R2,7,30,16,0.75,0.75,0.0
R0_vs_R2,d3_rainbow_trout,classification,macro_f1,R0,R2,7,31,16,0.5,0.5,0.0
R0_vs_R2,d3_rainbow_trout,classification,macro_f1,R0,R2,7,32,16,0.5,0.5,0.0
R0_vs_R2,d3_rainbow_trout,classification,macro_f1,R0,R2,7,33,16,0.25,0.25,0.0
R0_vs_R2,d3_rainbow_trout,classification,macro_f1,R0,R2,7,34,16,0.7451456310679612,0.7439024390243902,0.0012431920435709287
R0_vs_R2,d3_rainbow_trout,classification,macro_f1,R0,R2,7,35,16,0.75,0.75,0.0
R0_vs_R2,d3_rainbow_trout,classification,macro_f1,R0,R2,7,36,16,0.75,0.75,0.0
R0_vs_R2,d3_rainbow_trout,classification,macro_f1,R0,R2,7,37,16,0.75,0.75,0.0
R0_vs_R2,d3_rainbow_trout,classification,macro_f1,R0,R2,7,38,16,0.75,0.75,0.0
R0_vs_R2,d3_rainbow_trout,classification,macro_f1,R0,R2,7,39,16,0.75,0.75,0.0
R0_vs_R2,d3_rainbow_trout,classification,macro_f1,R0,R2,7,40,16,0.75,0.75,0.0
R0_vs_R2,d3_rainbow_trout,classification,macro_f1,R0,R2,7,41,16,0.75,0.75,0.0
R0_vs_R2,d3_rainbow_trout,classification,macro_f1,R0,R2,7,42,16,0.5,0.5,0.0
R0_vs_R2,d3_rainbow_trout,classification,macro_f1,R0,R2,7,43,16,0.25,0.25,0.0
R0_vs_R2,d3_rainbow_trout,classification,macro_f1,R0,R2,7,44,16,0.75,0.75,0.0
R0_vs_R2,d3_rainbow_trout,classification,macro_f1,R0,R2,7,45,16,0.75,0.75,0.0
R0_vs_R2,d3_rainbow_trout,classification,macro_f1,R0,R2,7,46,16,0.75,0.75,0.0
R0_vs_R2,d3_rainbow_trout,classification,macro_f1,R0,R2,7,47,16,1.0,1.0,0.0
R0_vs_R2,d3_rainbow_trout,classification,macro_f1,R0,R2,7,48,16,0.75,0.75,0.0
R0_vs_R2,d3_rainbow_trout,classification,macro_f1,R0,R2,7,49,16,1.0,1.0,0.0
R0_vs_R2,d3_rainbow_trout,classification,macro_f1,R0,R2,7,50,16,1.0,1.0,0.0
R0_vs_R2,d3_rainbow_trout,classification,macro_f1,R0,R2,7,51,16,0.7308328447045548,0.7308328447045548,0.0
R0_vs_R2,d3_rainbow_trout,classification,macro_f1,R0,R2,7,52,16,0.5,0.5,0.0
R0_vs_R2,d3_rainbow_trout,classification,macro_f1,R0,R2,7,53,16,0.75,0.75,0.0
R0_vs_R2,d3_rainbow_trout,classification,macro_f1,R0,R2,7,54,16,0.5,0.5,0.0
R0_vs_R2,d3_rainbow_trout,classification,macro_f1,R0,R2,7,55,16,0.5,0.5,0.0
R0_vs_R2,d3_rainbow_trout,classification,macro_f1,R0,R2,7,56,16,0.7213349713349714,0.7165178571428572,0.004817114192114169
R0_vs_R2,d3_rainbow_trout,classification,macro_f1,R0,R2,7,57,16,0.75,0.75,0.0
R0_vs_R2,d3_rainbow_trout,classification,macro_f1,R0,R2,7,58,16,0.5,0.5,0.0
R0_vs_R2,d3_rainbow_trout,classification,macro_f1,R0,R2,7,59,16,0.75,0.75,0.0
R0_vs_R2,d3_rainbow_trout,classification,macro_f1,R0,R2,7,60,16,0.5,0.5,0.0
R0_vs_R2,d3_rainbow_trout,classification,macro_f1,R0,R2,7,61,16,0.75,0.75,0.0
R0_vs_R2,d3_rainbow_trout,classification,macro_f1,R0,R2,8,0,16,0.5,0.5,0.0
R0_vs_R2,d3_rainbow_trout,classification,macro_f1,R0,R2,8,1,16,0.5,0.5,0.0
R0_vs_R2,d3_rainbow_trout,classification,macro_f1,R0,R2,8,2,16,0.75,0.75,0.0
R0_vs_R2,d3_rainbow_trout,classification,macro_f1,R0,R2,8,3,16,1.0,1.0,0.0
R0_vs_R2,d3_rainbow_trout,classification,macro_f1,R0,R2,8,4,16,0.75,0.75,0.0
R0_vs_R2,d3_rainbow_trout,classification,macro_f1,R0,R2,8,5,16,0.5,0.5,0.0
R0_vs_R2,d3_rainbow_trout,classification,macro_f1,R0,R2,8,6,16,0.5,0.5,0.0
R0_vs_R2,d3_rainbow_trout,classification,macro_f1,R0,R2,8,7,16,0.6538258296343268,0.735702614379085,-0.08187678474475824
R0_vs_R2,d3_rainbow_trout,classification,macro_f1,R0,R2,8,8,16,0.5,0.5,0.0
R0_vs_R2,d3_rainbow_trout,classification,macro_f1,R0,R2,8,9,16,0.5,0.5,0.0
R0_vs_R2,d3_rainbow_trout,classification,macro_f1,R0,R2,8,10,16,0.75,0.75,0.0
R0_vs_R2,d3_rainbow_trout,classification,macro_f1,R0,R2,8,11,16,0.75,0.75,0.0
R0_vs_R2,d3_rainbow_trout,classification,macro_f1,R0,R2,8,12,16,0.5,0.5,0.0
R0_vs_R2,d3_rainbow_trout,classification,macro_f1,R0,R2,8,13,16,0.75,0.75,0.0
R0_vs_R2,d3_rainbow_trout,classification,macro_f1,R0,R2,8,14,16,0.5,0.5,0.0
R0_vs_R2,d3_rainbow_trout,classification,macro_f1,R0,R2,8,15,16,0.5,0.5,0.0
R0_vs_R2,d3_rainbow_trout,classification,macro_f1,R0,R2,8,16,16,0.75,0.75,0.0
R0_vs_R2,d3_rainbow_trout,classification,macro_f1,R0,R2,8,17,16,0.5,0.5,0.0
R0_vs_R2,d3_rainbow_trout,classification,macro_f1,R0,R2,8,18,16,1.0,1.0,0.0
R0_vs_R2,d3_rainbow_trout,classification,macro_f1,R0,R2,8,19,16,0.75,0.75,0.0
R0_vs_R2,d3_rainbow_trout,classification,macro_f1,R0,R2,8,20,16,0.5,0.5,0.0
R0_vs_R2,d3_rainbow_trout,classification,macro_f1,R0,R2,8,21,16,0.25,0.25,0.0
R0_vs_R2,d3_rainbow_trout,classification,macro_f1,R0,R2,8,22,16,0.5,0.5,0.0
R0_vs_R2,d3_rainbow_trout,classification,macro_f1,R0,R2,8,23,16,0.25,0.25,0.0
R0_vs_R2,d3_rainbow_trout,classification,macro_f1,R0,R2,8,24,16,0.5,0.5,0.0
R0_vs_R2,d3_rainbow_trout,classification,macro_f1,R0,R2,8,25,16,1.0,1.0,0.0
R0_vs_R2,d3_rainbow_trout,classification,macro_f1,R0,R2,8,26,16,0.75,0.75,0.0
R0_vs_R2,d3_rainbow_trout,classification,macro_f1,R0,R2,8,27,16,1.0,1.0,0.0
R0_vs_R2,d3_rainbow_trout,classification,macro_f1,R0,R2,8,28,16,0.75,0.75,0.0
R0_vs_R2,d3_rainbow_trout,classification,macro_f1,R0,R2,8,29,16,0.75,0.75,0.0
R0_vs_R2,d3_rainbow_trout,classification,macro_f1,R0,R2,8,30,16,0.7452376632801161,0.75,-0.004762336719883908
R0_vs_R2,d3_rainbow_trout,classification,macro_f1,R0,R2,8,31,16,0.5,0.5,0.0
R0_vs_R2,d3_rainbow_trout,classification,macro_f1,R0,R2,8,32,16,0.75,0.75,0.0
R0_vs_R2,d3_rainbow_trout,classification,macro_f1,R0,R2,8,33,16,0.75,0.75,0.0
R0_vs_R2,d3_rainbow_trout,classification,macro_f1,R0,R2,8,34,16,0.6836625939436558,0.6367484263077925,0.04691416763586331
R0_vs_R2,d3_rainbow_trout,classification,macro_f1,R0,R2,8,35,16,0.5,0.5,0.0
R0_vs_R2,d3_rainbow_trout,classification,macro_f1,R0,R2,8,36,16,0.25,0.25,0.0
R0_vs_R2,d3_rainbow_trout,classification,macro_f1,R0,R2,8,37,16,0.75,0.75,0.0
R0_vs_R2,d3_rainbow_trout,classification,macro_f1,R0,R2,8,38,16,0.75,0.75,0.0
R0_vs_R2,d3_rainbow_trout,classification,macro_f1,R0,R2,8,39,16,0.5,0.5,0.0
R0_vs_R2,d3_rainbow_trout,classification,macro_f1,R0,R2,8,40,16,0.75,0.75,0.0
R0_vs_R2,d3_rainbow_trout,classification,macro_f1,R0,R2,8,41,16,0.75,0.75,0.0
R0_vs_R2,d3_rainbow_trout,classification,macro_f1,R0,R2,8,42,16,0.5,0.5,0.0
R0_vs_R2,d3_rainbow_trout,classification,macro_f1,R0,R2,8,43,16,0.25,0.25,0.0
R0_vs_R2,d3_rainbow_trout,classification,macro_f1,R0,R2,8,44,16,0.75,0.75,0.0
R0_vs_R2,d3_rainbow_trout,classification,macro_f1,R0,R2,8,45,16,0.75,0.75,0.0
R0_vs_R2,d3_rainbow_trout,classification,macro_f1,R0,R2,8,46,16,0.75,0.75,0.0
R0_vs_R2,d3_rainbow_trout,classification,macro_f1,R0,R2,8,47,16,0.7290528233151183,0.7290528233151183,0.0
R0_vs_R2,d3_rainbow_trout,classification,macro_f1,R0,R2,8,48,16,0.5,0.5,0.0
R0_vs_R2,d3_rainbow_trout,classification,macro_f1,R0,R2,8,49,16,0.75,0.7400990099009901,0.00990099009900991
R0_vs_R2,d3_rainbow_trout,classification,macro_f1,R0,R2,8,50,16,1.0,1.0,0.0
R0_vs_R2,d3_rainbow_trout,classification,macro_f1,R0,R2,8,51,16,0.25,0.25,0.0
R0_vs_R2,d3_rainbow_trout,classification,macro_f1,R0,R2,8,52,16,0.25,0.25,0.0
R0_vs_R2,d3_rainbow_trout,classification,macro_f1,R0,R2,8,53,16,0.75,0.75,0.0
R0_vs_R2,d3_rainbow_trout,classification,macro_f1,R0,R2,8,54,16,0.75,0.75,0.0
R0_vs_R2,d3_rainbow_trout,classification,macro_f1,R0,R2,8,55,16,0.75,0.75,0.0
R0_vs_R2,d3_rainbow_trout,classification,macro_f1,R0,R2,8,56,16,0.5,0.5,0.0
R0_vs_R2,d3_rainbow_trout,classification,macro_f1,R0,R2,8,57,16,0.5,0.5,0.0
R0_vs_R2,d3_rainbow_trout,classification,macro_f1,R0,R2,8,58,16,0.5,0.5,0.0
R0_vs_R2,d3_rainbow_trout,classification,macro_f1,R0,R2,8,59,16,0.75,0.75,0.0
R0_vs_R2,d3_rainbow_trout,classification,macro_f1,R0,R2,8,60,16,0.728531997546514,0.7261363636363636,0.0023956339101504076
R0_vs_R2,d3_rainbow_trout,classification,macro_f1,R0,R2,8,61,16,0.5,0.5,0.0
R0_vs_R2,d3_rainbow_trout,classification,macro_f1,R0,R2,9,0,16,0.75,0.75,0.0
R0_vs_R2,d3_rainbow_trout,classification,macro_f1,R0,R2,9,1,16,0.5,0.5,0.0
R0_vs_R2,d3_rainbow_trout,classification,macro_f1,R0,R2,9,2,16,0.5,0.5,0.0
R0_vs_R2,d3_rainbow_trout,classification,macro_f1,R0,R2,9,3,16,0.75,0.75,0.0
R0_vs_R2,d3_rainbow_trout,classification,macro_f1,R0,R2,9,4,16,0.5,0.5,0.0
R0_vs_R2,d3_rainbow_trout,classification,macro_f1,R0,R2,9,5,16,1.0,1.0,0.0
R0_vs_R2,d3_rainbow_trout,classification,macro_f1,R0,R2,9,6,16,0.75,0.75,0.0
R0_vs_R2,d3_rainbow_trout,classification,macro_f1,R0,R2,9,7,16,1.0,1.0,0.0
R0_vs_R2,d3_rainbow_trout,classification,macro_f1,R0,R2,9,8,16,1.0,1.0,0.0
R0_vs_R2,d3_rainbow_trout,classification,macro_f1,R0,R2,9,9,16,0.5,0.5,0.0
R0_vs_R2,d3_rainbow_trout,classification,macro_f1,R0,R2,9,10,16,0.75,0.75,0.0
R0_vs_R2,d3_rainbow_trout,classification,macro_f1,R0,R2,9,11,16,0.75,0.75,0.0
R0_vs_R2,d3_rainbow_trout,classification,macro_f1,R0,R2,9,12,16,0.5,0.5,0.0
R0_vs_R2,d3_rainbow_trout,classification,macro_f1,R0,R2,9,13,16,0.75,0.75,0.0
R0_vs_R2,d3_rainbow_trout,classification,macro_f1,R0,R2,9,14,16,0.5,0.5,0.0
R0_vs_R2,d3_rainbow_trout,classification,macro_f1,R0,R2,9,15,16,0.75,0.75,0.0
R0_vs_R2,d3_rainbow_trout,classification,macro_f1,R0,R2,9,16,16,0.25,0.25,0.0
R0_vs_R2,d3_rainbow_trout,classification,macro_f1,R0,R2,9,17,16,0.75,0.75,0.0
R0_vs_R2,d3_rainbow_trout,classification,macro_f1,R0,R2,9,18,16,0.75,0.75,0.0
R0_vs_R2,d3_rainbow_trout,classification,macro_f1,R0,R2,9,19,16,0.5,0.5,0.0
R0_vs_R2,d3_rainbow_trout,classification,macro_f1,R0,R2,9,20,16,0.5,0.5,0.0
R0_vs_R2,d3_rainbow_trout,classification,macro_f1,R0,R2,9,21,16,0.25,0.25,0.0
R0_vs_R2,d3_rainbow_trout,classification,macro_f1,R0,R2,9,22,16,0.7189285470396759,0.7380884855360181,-0.019159938496342233
R0_vs_R2,d3_rainbow_trout,classification,macro_f1,R0,R2,9,23,16,0.75,0.75,0.0
R0_vs_R2,d3_rainbow_trout,classification,macro_f1,R0,R2,9,24,16,0.5,0.5,0.0
R0_vs_R2,d3_rainbow_trout,classification,macro_f1,R0,R2,9,25,16,0.75,0.75,0.0
R0_vs_R2,d3_rainbow_trout,classification,macro_f1,R0,R2,9,26,16,0.75,0.75,0.0
R0_vs_R2,d3_rainbow_trout,classification,macro_f1,R0,R2,9,27,16,0.75,0.75,0.0
R0_vs_R2,d3_rainbow_trout,classification,macro_f1,R0,R2,9,28,16,0.75,0.7469879518072289,0.003012048192771122
R0_vs_R2,d3_rainbow_trout,classification,macro_f1,R0,R2,9,29,16,0.75,0.75,0.0
R0_vs_R2,d3_rainbow_trout,classification,macro_f1,R0,R2,9,30,16,0.5,0.5,0.0
R0_vs_R2,d3_rainbow_trout,classification,macro_f1,R0,R2,9,31,16,1.0,1.0,0.0
R0_vs_R2,d3_rainbow_trout,classification,macro_f1,R0,R2,9,32,16,0.75,0.75,0.0
R0_vs_R2,d3_rainbow_trout,classification,macro_f1,R0,R2,9,33,16,0.5,0.5,0.0
R0_vs_R2,d3_rainbow_trout,classification,macro_f1,R0,R2,9,34,16,0.5,0.5,0.0
R0_vs_R2,d3_rainbow_trout,classification,macro_f1,R0,R2,9,35,16,0.5,0.5,0.0
R0_vs_R2,d3_rainbow_trout,classification,macro_f1,R0,R2,9,36,16,0.75,0.75,0.0
R0_vs_R2,d3_rainbow_trout,classification,macro_f1,R0,R2,9,37,16,0.5,0.5,0.0
R0_vs_R2,d3_rainbow_trout,classification,macro_f1,R0,R2,9,38,16,0.5,0.5,0.0
R0_vs_R2,d3_rainbow_trout,classification,macro_f1,R0,R2,9,39,16,0.5,0.5,0.0
R0_vs_R2,d3_rainbow_trout,classification,macro_f1,R0,R2,9,40,16,0.75,0.75,0.0
R0_vs_R2,d3_rainbow_trout,classification,macro_f1,R0,R2,9,41,16,0.5,0.5,0.0
R0_vs_R2,d3_rainbow_trout,classification,macro_f1,R0,R2,9,42,16,1.0,1.0,0.0
R0_vs_R2,d3_rainbow_trout,classification,macro_f1,R0,R2,9,43,16,0.5,0.5,0.0
R0_vs_R2,d3_rainbow_trout,classification,macro_f1,R0,R2,9,44,16,0.5,0.5,0.0
R0_vs_R2,d3_rainbow_trout,classification,macro_f1,R0,R2,9,45,16,0.7242161900269026,0.7290528233151183,-0.004836633288215708
R0_vs_R2,d3_rainbow_trout,classification,macro_f1,R0,R2,9,46,16,0.75,0.75,0.0
R0_vs_R2,d3_rainbow_trout,classification,macro_f1,R0,R2,9,47,16,0.25,0.25,0.0
R0_vs_R2,d3_rainbow_trout,classification,macro_f1,R0,R2,9,48,16,0.25,0.25,0.0
R0_vs_R2,d3_rainbow_trout,classification,macro_f1,R0,R2,9,49,16,0.7464453371851584,0.74821850716556,-0.0017731699804016676
R0_vs_R2,d3_rainbow_trout,classification,macro_f1,R0,R2,9,50,16,0.6808836395450568,0.6808836395450568,0.0
R0_vs_R2,d3_rainbow_trout,classification,macro_f1,R0,R2,9,51,16,0.25,0.25,0.0
R0_vs_R2,d3_rainbow_trout,classification,macro_f1,R0,R2,9,52,16,0.6152248674045191,0.6485124590395813,-0.03328759163506223
R0_vs_R2,d3_rainbow_trout,classification,macro_f1,R0,R2,9,53,16,0.25,0.25,0.0
R0_vs_R2,d3_rainbow_trout,classification,macro_f1,R0,R2,9,54,16,0.5,0.5,0.0
R0_vs_R2,d3_rainbow_trout,classification,macro_f1,R0,R2,9,55,16,0.5,0.5,0.0
R0_vs_R2,d3_rainbow_trout,classification,macro_f1,R0,R2,9,56,16,0.75,0.75,0.0
R0_vs_R2,d3_rainbow_trout,classification,macro_f1,R0,R2,9,57,16,0.75,0.75,0.0
R0_vs_R2,d3_rainbow_trout,classification,macro_f1,R0,R2,9,58,16,0.75,0.75,0.0
R0_vs_R2,d3_rainbow_trout,classification,macro_f1,R0,R2,9,59,16,0.5,0.5,0.0
R0_vs_R2,d3_rainbow_trout,classification,macro_f1,R0,R2,9,60,16,0.75,0.75,0.0
R0_vs_R2,d3_rainbow_trout,classification,macro_f1,R0,R2,9,61,16,0.75,0.75,0.0
R0_vs_R2,d3_rainbow_trout,regression,mae,R0,R2,0,0,16,0.0631530908572718,0.0643542318358807,-0.0012011409786088917
R0_vs_R2,d3_rainbow_trout,regression,mae,R0,R2,0,1,16,0.0699371029207971,0.0712138324183636,-0.0012767294975664922
R0_vs_R2,d3_rainbow_trout,regression,mae,R0,R2,0,2,16,0.0518422857660102,0.0535637660548896,-0.001721480288879397
R0_vs_R2,d3_rainbow_trout,regression,mae,R0,R2,0,3,16,0.0231112804425255,0.0216282023661354,0.0014830780763901014
R0_vs_R2,d3_rainbow_trout,regression,mae,R0,R2,0,4,16,0.0588883789923986,0.0620268538782422,-0.003138474885843602
R0_vs_R2,d3_rainbow_trout,regression,mae,R0,R2,0,5,16,0.0173143947438874,0.0183639375380184,-0.001049542794131001
R0_vs_R2,d3_rainbow_trout,regression,mae,R0,R2,0,6,16,0.0700834073107845,0.0655881049176027,0.004495302393181799
R0_vs_R2,d3_rainbow_trout,regression,mae,R0,R2,0,7,16,0.1124392078306439,0.1137540057893922,-0.0013147979587482955
R0_vs_R2,d3_rainbow_trout,regression,mae,R0,R2,0,8,16,0.0746224262826518,0.0764905927236968,-0.0018681664410449966
R0_vs_R2,d3_rainbow_trout,regression,mae,R0,R2,0,9,16,0.2275928914541906,0.2269873481440067,0.0006055433101838925
R0_vs_R2,d3_rainbow_trout,regression,mae,R0,R2,0,10,16,0.0705878393626486,0.0716347673726476,-0.0010469280099989903
R0_vs_R2,d3_rainbow_trout,regression,mae,R0,R2,0,11,16,0.1944218130313,0.1933972250957576,0.001024587935542387
R0_vs_R2,d3_rainbow_trout,regression,mae,R0,R2,0,12,16,0.1631400833865319,0.1604074073744532,0.0027326760120787164
R0_vs_R2,d3_rainbow_trout,regression,mae,R0,R2,0,13,16,0.0881301864439443,0.0869530006411047,0.0011771858028395976
R0_vs_R2,d3_rainbow_trout,regression,mae,R0,R2,0,14,16,0.1864090746195006,0.2003086403014966,-0.01389956568199599
R0_vs_R2,d3_rainbow_trout,regression,mae,R0,R2,0,15,16,0.0400606133510537,0.0419117988506072,-0.001851185499553501
R0_vs_R2,d3_rainbow_trout,regression,mae,R0,R2,0,16,16,0.0581195773888934,0.0602360368326928,-0.002116459443799401
R0_vs_R2,d3_rainbow_trout,regression,mae,R0,R2,0,17,16,0.0493172166531129,0.0515012935643506,-0.0021840769112376965
R0_vs_R2,d3_rainbow_trout,regression,mae,R0,R2,0,18,16,0.1907436236804938,0.1933019049127422,-0.0025582812322484105
R0_vs_R2,d3_rainbow_trout,regression,mae,R0,R2,0,19,16,0.051584227655232,0.0504615024372002,0.001122725218031799
R0_vs_R2,d3_rainbow_trout,regression,mae,R0,R2,0,20,16,0.0533231106875832,0.0541792968786293,-0.0008561861910461044
R0_vs_R2,d3_rainbow_trout,regression,mae,R0,R2,0,21,16,0.0544038109982921,0.0577627787806554,-0.0033589677823633035
R0_vs_R2,d3_rainbow_trout,regression,mae,R0,R2,0,22,16,0.0616778402446793,0.0622365711953858,-0.0005587309507065
R0_vs_R2,d3_rainbow_trout,regression,mae,R0,R2,0,23,16,0.0791423378317129,0.0756692046419843,0.003473133189728597
R0_vs_R2,d3_rainbow_trout,regression,mae,R0,R2,0,24,16,0.1407939434322064,0.1428312433726594,-0.0020372999404530134
R0_vs_R2,d3_rainbow_trout,regression,mae,R0,R2,0,25,16,0.0772663216585747,0.0753459816953575,0.0019203399632171936
R0_vs_R2,d3_rainbow_trout,regression,mae,R0,R2,0,26,16,0.2786757982269645,0.2781042899634761,0.0005715082634883961
R0_vs_R2,d3_rainbow_trout,regression,mae,R0,R2,0,27,16,0.1484256857895117,0.1424964855188355,0.005929200270676199
R0_vs_R2,d3_rainbow_trout,regression,mae,R0,R2,0,28,16,0.1349778476738684,0.1328313994168865,0.0021464482569819032
R0_vs_R2,d3_rainbow_trout,regression,mae,R0,R2,0,29,16,0.1039278006283156,0.1239463702640068,-0.020018569635691208
R0_vs_R2,d3_rainbow_trout,regression,mae,R0,R2,0,30,16,0.0806095220817667,0.0782470539935917,0.0023624680881749877
R0_vs_R2,d3_rainbow_trout,regression,mae,R0,R2,0,31,16,0.0438768725431993,0.0440338865445086,-0.00015701400130929688
R0_vs_R2,d3_rainbow_trout,regression,mae,R0,R2,0,32,16,0.0748191957009112,0.0750542132430602,-0.00023501754214901027
R0_vs_R2,d3_rainbow_trout,regression,mae,R0,R2,0,33,16,0.0620302892417675,0.0620415681944867,-1.1278952719205593e-05
R0_vs_R2,d3_rainbow_trout,regression,mae,R0,R2,0,34,16,0.091943572654866,0.0894775042009118,0.0024660684539541955
R0_vs_R2,d3_rainbow_trout,regression,mae,R0,R2,0,35,16,0.0434767775566995,0.0428149116808676,0.0006618658758318977
R0_vs_R2,d3_rainbow_trout,regression,mae,R0,R2,0,36,16,0.113537067383368,0.1165964538486121,-0.0030593864652441044
R0_vs_R2,d3_rainbow_trout,regression,mae,R0,R2,0,37,16,0.07525070082512,0.0746983737072114,0.0005523271179086048
R0_vs_R2,d3_rainbow_trout,regression,mae,R0,R2,0,38,16,0.093173017807773,0.0947502772655769,-0.0015772594578039034
R0_vs_R2,d3_rainbow_trout,regression,mae,R0,R2,0,39,16,0.0130438992016131,0.0132078803226194,-0.00016398112100629927
R0_vs_R2,d3_rainbow_trout,regression,mae,R0,R2,0,40,16,0.2105346852421621,0.2010371319818815,0.009497553260280595
R0_vs_R2,d3_rainbow_trout,regression,mae,R0,R2,0,41,16,0.0832487375258809,0.0866810184724639,-0.0034322809465830023
R0_vs_R2,d3_rainbow_trout,regression,mae,R0,R2,0,42,16,0.0966407418681194,0.09839316373814,-0.0017524218700206012
R0_vs_R2,d3_rainbow_trout,regression,mae,R0,R2,0,43,16,0.0416487512326434,0.0436555105430945,-0.002006759310451099
R0_vs_R2,d3_rainbow_trout,regression,mae,R0,R2,0,44,16,0.1092770665815812,0.1091899782310091,8.708835057211206e-05
R0_vs_R2,d3_rainbow_trout,regression,mae,R0,R2,0,45,16,0.0926349438386797,0.0936702102810015,-0.0010352664423217972
R0_vs_R2,d3_rainbow_trout,regression,mae,R0,R2,0,46,16,0.0304361083438605,0.0326832474937418,-0.002247139149881304
R0_vs_R2,d3_rainbow_trout,regression,mae,R0,R2,0,47,16,0.0435190552216551,0.045922772211285,-0.002403716989629899
R0_vs_R2,d3_rainbow_trout,regression,mae,R0,R2,0,48,16,0.2039852552844071,0.1947002015323781,0.00928505375202901
R0_vs_R2,d3_rainbow_trout,regression,mae,R0,R2,0,49,16,0.1368299944002974,0.1388852865669386,-0.002055292166641215
R0_vs_R2,d3_rainbow_trout,regression,mae,R0,R2,0,50,16,0.0600943884981886,0.0597855988911737,0.00030878960701490044
R0_vs_R2,d3_rainbow_trout,regression,mae,R0,R2,0,51,16,0.2327476710731731,0.2314557275050693,0.0012919435681038038
R0_vs_R2,d3_rainbow_trout,regression,mae,R0,R2,0,52,16,0.0697731885895469,0.0705778265207757,-0.0008046379312287993
R0_vs_R2,d3_rainbow_trout,regression,mae,R0,R2,0,53,16,0.0262642573027201,0.0255784362188574,0.0006858210838627012
R0_vs_R2,d3_rainbow_trout,regression,mae,R0,R2,0,54,16,0.043952079600023,0.0412604319508305,0.0026916476491925037
R0_vs_R2,d3_rainbow_trout,regression,mae,R0,R2,0,55,16,0.0472261341426092,0.0470708619220154,0.00015527222059379814
R0_vs_R2,d3_rainbow_trout,regression,mae,R0,R2,0,56,16,0.0340831188550193,0.0336287272882311,0.00045439156678819814
R0_vs_R2,d3_rainbow_trout,regression,mae,R0,R2,0,57,16,0.1397243287870224,0.1397631610073589,-3.88322203364877e-05
R0_vs_R2,d3_rainbow_trout,regression,mae,R0,R2,0,58,16,0.0530281166887392,0.0531401925106695,-0.00011207582193030474
R0_vs_R2,d3_rainbow_trout,regression,mae,R0,R2,0,59,16,0.138707958424291,0.1391816644883675,-0.0004737060640764845
R0_vs_R2,d3_rainbow_trout,regression,mae,R0,R2,0,60,16,0.0763796168426552,0.0766093345453597,-0.0002297177027044961
R0_vs_R2,d3_rainbow_trout,regression,mae,R0,R2,0,61,16,0.0800243490810978,0.0807891381618216,-0.0007647890807237906
R0_vs_R2,d3_rainbow_trout,regression,mae,R0,R2,1,0,16,0.1194972123722756,0.1165623885859388,0.0029348237863368043
R0_vs_R2,d3_rainbow_trout,regression,mae,R0,R2,1,1,16,0.0660154226368014,0.0725113737430835,-0.006495951106282108
R0_vs_R2,d3_rainbow_trout,regression,mae,R0,R2,1,2,16,0.1810025072173523,0.1826065640990243,-0.001604056881671978
R0_vs_R2,d3_rainbow_trout,regression,mae,R0,R2,1,3,16,0.2009964635731696,0.2004708642102156,0.0005255993629540157
R0_vs_R2,d3_rainbow_trout,regression,mae,R0,R2,1,4,16,0.0810864273681934,0.0809885710042498,9.785636394359087e-05
R0_vs_R2,d3_rainbow_trout,regression,mae,R0,R2,1,5,16,0.0586433200265626,0.0622810577939483,-0.0036377377673856987
R0_vs_R2,d3_rainbow_trout,regression,mae,R0,R2,1,6,16,0.0468306888298224,0.0521689094513885,-0.005338220621566102
R0_vs_R2,d3_rainbow_trout,regression,mae,R0,R2,1,7,16,0.1372379579203103,0.1352127273599613,0.002025230560349006
R0_vs_R2,d3_rainbow_trout,regression,mae,R0,R2,1,8,16,0.0551367821644829,0.0549732636641777,0.00016351850030520143
R0_vs_R2,d3_rainbow_trout,regression,mae,R0,R2,1,9,16,0.1040188000780689,0.0896793323807297,0.014339467697339195
R0_vs_R2,d3_rainbow_trout,regression,mae,R0,R2,1,10,16,0.0673613267282009,0.0661393833589691,0.001221943369231801
R0_vs_R2,d3_rainbow_trout,regression,mae,R0,R2,1,11,16,0.1309107062787958,0.1284396267120618,0.002471079566734008
R0_vs_R2,d3_rainbow_trout,regression,mae,R0,R2,1,12,16,0.078608456509789,0.0803864210351816,-0.0017779645253925974
R0_vs_R2,d3_rainbow_trout,regression,mae,R0,R2,1,13,16,0.0854647385741881,0.084997818680388,0.00046691989380009957
R0_vs_R2,d3_rainbow_trout,regression,mae,R0,R2,1,14,16,0.0518808564575322,0.0484569832249198,0.0034238732326124025
R0_vs_R2,d3_rainbow_trout,regression,mae,R0,R2,1,15,16,0.0264419467584052,0.0244587825020963,0.0019831642563089003
R0_vs_R2,d3_rainbow_trout,regression,mae,R0,R2,1,16,16,0.1878983250483654,0.1805162720244062,0.007382053023959195
R0_vs_R2,d3_rainbow_trout,regression,mae,R0,R2,1,17,16,0.0378503182731454,0.0387469404235214,-0.0008966221503759961
R0_vs_R2,d3_rainbow_trout,regression,mae,R0,R2,1,18,16,0.1796845582517494,0.2096636559723213,-0.029979097720571918
R0_vs_R2,d3_rainbow_trout,regression,mae,R0,R2,1,19,16,0.096845650899265,0.0981684566192127,-0.001322805719947695
R0_vs_R2,d3_rainbow_trout,regression,mae,R0,R2,1,20,16,0.0157712200842141,0.0169329801720986,-0.0011617600878844996
R0_vs_R2,d3_rainbow_trout,regression,mae,R0,R2,1,21,16,0.0504558553918753,0.0503337989787275,0.00012205641314779608
R0_vs_R2,d3_rainbow_trout,regression,mae,R0,R2,1,22,16,0.1298209179480651,0.1146006821048982,0.01522023584316691
R0_vs_R2,d3_rainbow_trout,regression,mae,R0,R2,1,23,16,0.0403274452406546,0.0396856328365663,0.0006418124040882961
R0_vs_R2,d3_rainbow_trout,regression,mae,R0,R2,1,24,16,0.0496612500131696,0.0480568951354166,0.0016043548777530045
R0_vs_R2,d3_rainbow_trout,regression,mae,R0,R2,1,25,16,0.0738320223240503,0.0703111539228872,0.003520868401163099
R0_vs_R2,d3_rainbow_trout,regression,mae,R0,R2,1,26,16,0.1407185287093419,0.1391043967351891,0.0016141319741528048
R0_vs_R2,d3_rainbow_trout,regression,mae,R0,R2,1,27,16,0.1099219778825665,0.1115270676168893,-0.001605089734322801
R0_vs_R2,d3_rainbow_trout,regression,mae,R0,R2,1,28,16,0.1398428476023768,0.1412597179599878,-0.0014168703576109831
R0_vs_R2,d3_rainbow_trout,regression,mae,R0,R2,1,29,16,0.0669929882398266,0.077197532789505,-0.010204544549678396
R0_vs_R2,d3_rainbow_trout,regression,mae,R0,R2,1,30,16,0.0548041743324171,0.0529716325692236,0.0018325417631934945
R0_vs_R2,d3_rainbow_trout,regression,mae,R0,R2,1,31,16,0.0667740585887138,0.0687607225414409,-0.001986663952727105
R0_vs_R2,d3_rainbow_trout,regression,mae,R0,R2,1,32,16,0.1175733339758723,0.1191961013357001,-0.0016227673598278036
R0_vs_R2,d3_rainbow_trout,regression,mae,R0,R2,1,33,16,0.1004346147427433,0.0940770360671519,0.006357578675591405
R0_vs_R2,d3_rainbow_trout,regression,mae,R0,R2,1,34,16,0.0626650761386498,0.0601876895747738,0.0024773865638759995
R0_vs_R2,d3_rainbow_trout,regression,mae,R0,R2,1,35,16,0.0605653576829258,0.0583035558937733,0.002261801789152501
R0_vs_R2,d3_rainbow_trout,regression,mae,R0,R2,1,36,16,0.0697621098818956,0.0635863565290013,0.006175753352894303
R0_vs_R2,d3_rainbow_trout,regression,mae,R0,R2,1,37,16,0.0350668617066652,0.0357410991705061,-0.0006742374638408974
R0_vs_R2,d3_rainbow_trout,regression,mae,R0,R2,1,38,16,0.1701170908607994,0.1696214743404351,0.0004956165203643115
R0_vs_R2,d3_rainbow_trout,regression,mae,R0,R2,1,39,16,0.070821926567047,0.0687712062984334,0.0020507202686135956
R0_vs_R2,d3_rainbow_trout,regression,mae,R0,R2,1,40,16,0.0925898292331759,0.096125600337321,-0.0035357711041451023
R0_vs_R2,d3_rainbow_trout,regression,mae,R0,R2,1,41,16,0.0595257638554621,0.0591285678067414,0.0003971960487206966
R0_vs_R2,d3_rainbow_trout,regression,mae,R0,R2,1,42,16,0.0771320465837409,0.0752413967653186,0.0018906498184222964
R0_vs_R2,d3_rainbow_trout,regression,mae,R0,R2,1,43,16,0.0876262422352651,0.09325517803433,-0.005628935799064899
R0_vs_R2,d3_rainbow_trout,regression,mae,R0,R2,1,44,16,0.0330969183008459,0.0356188465616809,-0.002521928260834999
R0_vs_R2,d3_rainbow_trout,regression,mae,R0,R2,1,45,16,0.0152098686073067,0.0160925908931414,-0.0008827222858347021
R0_vs_R2,d3_rainbow_trout,regression,mae,R0,R2,1,46,16,0.1834866452896069,0.1806875234368849,0.002799121852721992
R0_vs_R2,d3_rainbow_trout,regression,mae,R0,R2,1,47,16,0.0522203077140935,0.0532942040599263,-0.0010738963458327977
R0_vs_R2,d3_rainbow_trout,regression,mae,R0,R2,1,48,16,0.0428146636682759,0.0415903663618076,0.0012242973064683013
R0_vs_R2,d3_rainbow_trout,regression,mae,R0,R2,1,49,16,0.0748537776346147,0.0740784856759005,0.0007752919587142026
R0_vs_R2,d3_rainbow_trout,regression,mae,R0,R2,1,50,16,0.2632517600311579,0.2642568146083575,-0.0010050545771995711
R0_vs_R2,d3_rainbow_trout,regression,mae,R0,R2,1,51,16,0.1922759132191575,0.1790249442388851,0.013250968980272393
R0_vs_R2,d3_rainbow_trout,regression,mae,R0,R2,1,52,16,0.0339914347227123,0.0328426624597349,0.001148772262977403
R0_vs_R2,d3_rainbow_trout,regression,mae,R0,R2,1,53,16,0.0671203152318829,0.0710955889699395,-0.003975273738056603
R0_vs_R2,d3_rainbow_trout,regression,mae,R0,R2,1,54,16,0.0375938080781411,0.0371932535855318,0.000400554492609298
R0_vs_R2,d3_rainbow_trout,regression,mae,R0,R2,1,55,16,0.0285932985948326,0.0330931331325648,-0.004499834537732204
R0_vs_R2,d3_rainbow_trout,regression,mae,R0,R2,1,56,16,0.0449009825712816,0.042710777852201,0.002190204719080595
R0_vs_R2,d3_rainbow_trout,regression,mae,R0,R2,1,57,16,0.0574282493001796,0.0537013249472914,0.0037269243528881973
R0_vs_R2,d3_rainbow_trout,regression,mae,R0,R2,1,58,16,0.0887116631908516,0.0902280054741327,-0.0015163422832811108
R0_vs_R2,d3_rainbow_trout,regression,mae,R0,R2,1,59,16,0.2261840573379116,0.2264572559854906,-0.0002731986475789927
R0_vs_R2,d3_rainbow_trout,regression,mae,R0,R2,1,60,16,0.0982496057031257,0.0946848350654151,0.0035647706377106014
R0_vs_R2,d3_rainbow_trout,regression,mae,R0,R2,1,61,16,0.0825752189025323,0.079693266919229,0.0028819519833033075
R0_vs_R2,d3_rainbow_trout,regression,mae,R0,R2,2,0,16,0.1649400300456296,0.1547016200149892,0.01023841003064041
R0_vs_R2,d3_rainbow_trout,regression,mae,R0,R2,2,1,16,0.0614479980249897,0.0573474914627589,0.0041005065622308
R0_vs_R2,d3_rainbow_trout,regression,mae,R0,R2,2,2,16,0.0615721490304889,0.0580558767081555,0.003516272322333404
R0_vs_R2,d3_rainbow_trout,regression,mae,R0,R2,2,3,16,0.0246932970244764,0.0237270514230111,0.0009662456014652987
R0_vs_R2,d3_rainbow_trout,regression,mae,R0,R2,2,4,16,0.1405561268712333,0.1376310335014782,0.002925093369755105
R0_vs_R2,d3_rainbow_trout,regression,mae,R0,R2,2,5,16,0.0427770284391191,0.0536943374646308,-0.010917309025511704
R0_vs_R2,d3_rainbow_trout,regression,mae,R0,R2,2,6,16,0.0966088209181055,0.0860484748937824,0.010560346024323111
R0_vs_R2,d3_rainbow_trout,regression,mae,R0,R2,2,7,16,0.03912436884384,0.0399765045410728,-0.0008521356972328031
R0_vs_R2,d3_rainbow_trout,regression,mae,R0,R2,2,8,16,0.1156688303309152,0.1194302482700214,-0.0037614179391061986
R0_vs_R2,d3_rainbow_trout,regression,mae,R0,R2,2,9,16,0.1012674239597943,0.1549976137925185,-0.05373018983272421
R0_vs_R2,d3_rainbow_trout,regression,mae,R0,R2,2,10,16,0.0637528472553618,0.0658317907304216,-0.002078943475059797
R0_vs_R2,d3_rainbow_trout,regression,mae,R0,R2,2,11,16,0.1232505413163339,0.1144511476278064,0.008799393688527501
R0_vs_R2,d3_rainbow_trout,regression,mae,R0,R2,2,12,16,0.0944455994978138,0.1015174291232224,-0.007071829625408602
R0_vs_R2,d3_rainbow_trout,regression,mae,R0,R2,2,13,16,0.0434960363384511,0.0480270693752508,-0.004531033036799699
R0_vs_R2,d3_rainbow_trout,regression,mae,R0,R2,2,14,16,0.0393198443045246,0.0377391434125194,0.0015807008920051963
R0_vs_R2,d3_rainbow_trout,regression,mae,R0,R2,2,15,16,0.0359900033998751,0.0251081166908257,0.0108818867090494
R0_vs_R2,d3_rainbow_trout,regression,mae,R0,R2,2,16,16,0.0685178481583877,0.0648934130466764,0.003624435111711302
R0_vs_R2,d3_rainbow_trout,regression,mae,R0,R2,2,17,16,0.0649662852251398,0.0608433111144221,0.004122974110717693
R0_vs_R2,d3_rainbow_trout,regression,mae,R0,R2,2,18,16,0.0471185936540675,0.0407586553805378,0.006359938273529701
R0_vs_R2,d3_rainbow_trout,regression,mae,R0,R2,2,19,16,0.1018289383826216,0.0876581235514032,0.01417081483121839
R0_vs_R2,d3_rainbow_trout,regression,mae,R0,R2,2,20,16,0.0572814199207873,0.0582278168533584,-0.0009463969325710989
R0_vs_R2,d3_rainbow_trout,regression,mae,R0,R2,2,21,16,0.1765155410742197,0.1803350456293452,-0.0038195045551254747
R0_vs_R2,d3_rainbow_trout,regression,mae,R0,R2,2,22,16,0.0535278951734521,0.0533343595567738,0.00019353561667830033
R0_vs_R2,d3_rainbow_trout,regression,mae,R0,R2,2,23,16,0.0453172263605985,0.0450668999458679,0.0002503264147305992
R0_vs_R2,d3_rainbow_trout,regression,mae,R0,R2,2,24,16,0.0371923375627282,0.0316674883253776,0.005524849237350603
R0_vs_R2,d3_rainbow_trout,regression,mae,R0,R2,2,25,16,0.1447648802139004,0.1358264944624152,0.0089383857514852
R0_vs_R2,d3_rainbow_trout,regression,mae,R0,R2,2,26,16,0.0341422064528404,0.0361357041302891,-0.001993497677448698
R0_vs_R2,d3_rainbow_trout,regression,mae,R0,R2,2,27,16,0.0848528038830534,0.0884852690949249,-0.003632465211871508
R0_vs_R2,d3_rainbow_trout,regression,mae,R0,R2,2,28,16,0.0649913783069243,0.0645606770817889,0.0004307012251353881
R0_vs_R2,d3_rainbow_trout,regression,mae,R0,R2,2,29,16,0.2156630601014297,0.2181163440283947,-0.0024532839269650053
R0_vs_R2,d3_rainbow_trout,regression,mae,R0,R2,2,30,16,0.1069959754592605,0.1210223064620004,-0.014026331002739909
R0_vs_R2,d3_rainbow_trout,regression,mae,R0,R2,2,31,16,0.0872527780534587,0.0824599149662391,0.004792863087219601
R0_vs_R2,d3_rainbow_trout,regression,mae,R0,R2,2,32,16,0.1186045285427422,0.1272516362024218,-0.008647107659679604
R0_vs_R2,d3_rainbow_trout,regression,mae,R0,R2,2,33,16,0.1431761561262093,0.1236641116445931,0.019512044481616198
R0_vs_R2,d3_rainbow_trout,regression,mae,R0,R2,2,34,16,0.0644796714540803,0.0607622278364991,0.0037174436175812023
R0_vs_R2,d3_rainbow_trout,regression,mae,R0,R2,2,35,16,0.0712496657873607,0.0587081237313751,0.012541542055985594
R0_vs_R2,d3_rainbow_trout,regression,mae,R0,R2,2,36,16,0.1324398626684075,0.1247578608482738,0.007682001820133691
R0_vs_R2,d3_rainbow_trout,regression,mae,R0,R2,2,37,16,0.0883060646581007,0.0939530665579067,-0.005647001899805992
R0_vs_R2,d3_rainbow_trout,regression,mae,R0,R2,2,38,16,0.1051375840999792,0.1080911809948383,-0.0029535968948591063
R0_vs_R2,d3_rainbow_trout,regression,mae,R0,R2,2,39,16,0.0953011504532441,0.0921623875859266,0.003138762867317499
R0_vs_R2,d3_rainbow_trout,regression,mae,R0,R2,2,40,16,0.2156242506850297,0.228066889302044,-0.012442638617014307
R0_vs_R2,d3_rainbow_trout,regression,mae,R0,R2,2,41,16,0.0437688141930676,0.0482151645558991,-0.004446350362831503
R0_vs_R2,d3_rainbow_trout,regression,mae,R0,R2,2,42,16,0.0664429075374098,0.0691905074150922,-0.0027475998776823884
R0_vs_R2,d3_rainbow_trout,regression,mae,R0,R2,2,43,16,0.0594384924174327,0.0575858738896653,0.0018526185277673995
R0_vs_R2,d3_rainbow_trout,regression,mae,R0,R2,2,44,16,0.1923951091190315,0.1846610567561556,0.007734052362875887
R0_vs_R2,d3_rainbow_trout,regression,mae,R0,R2,2,45,16,0.0731897697561531,0.0730862990065755,0.00010347074957760272
R0_vs_R2,d3_rainbow_trout,regression,mae,R0,R2,2,46,16,0.1855764151585299,0.1621493948982453,0.023427020260284592
R0_vs_R2,d3_rainbow_trout,regression,mae,R0,R2,2,47,16,0.0822036492470751,0.079907120586805,0.0022965286602700946
R0_vs_R2,d3_rainbow_trout,regression,mae,R0,R2,2,48,16,0.050980879071994,0.0517124124993297,-0.000731533427335701
R0_vs_R2,d3_rainbow_trout,regression,mae,R0,R2,2,49,16,0.2233428780593851,0.2254138252464674,-0.0020709471870822838
R0_vs_R2,d3_rainbow_trout,regression,mae,R0,R2,2,50,16,0.1454993033778668,0.1549256342567,-0.009426330878833211
R0_vs_R2,d3_rainbow_trout,regression,mae,R0,R2,2,51,16,0.0572653042559709,0.0594298925306515,-0.0021645882746805997
R0_vs_R2,d3_rainbow_trout,regression,mae,R0,R2,2,52,16,0.0428365819919134,0.0414932585719616,0.001343323419951796
R0_vs_R2,d3_rainbow_trout,regression,mae,R0,R2,2,53,16,0.0792591030430539,0.0837253767972725,-0.004466273754218597
R0_vs_R2,d3_rainbow_trout,regression,mae,R0,R2,2,54,16,0.118658356951533,0.1192585356101585,-0.0006001786586255081
R0_vs_R2,d3_rainbow_trout,regression,mae,R0,R2,2,55,16,0.0671625331500336,0.0647080025652349,0.002454530584798692
R0_vs_R2,d3_rainbow_trout,regression,mae,R0,R2,2,56,16,0.0744968404737013,0.0678263779978302,0.0066704624758710945
R0_vs_R2,d3_rainbow_trout,regression,mae,R0,R2,2,57,16,0.1830699133138288,0.2022635860778114,-0.019193672763982594
R0_vs_R2,d3_rainbow_trout,regression,mae,R0,R2,2,58,16,0.0649044337600452,0.0641741738748268,0.0007302598852184095
R0_vs_R2,d3_rainbow_trout,regression,mae,R0,R2,2,59,16,0.2807107130683389,0.2816930713488736,-0.000982358280534723
R0_vs_R2,d3_rainbow_trout,regression,mae,R0,R2,2,60,16,0.037716632558816,0.0375874204128739,0.00012921214594210223
R0_vs_R2,d3_rainbow_trout,regression,mae,R0,R2,2,61,16,0.0845350506588768,0.0782219920887127,0.006313058570164107
R0_vs_R2,d3_rainbow_trout,regression,mae,R0,R2,3,0,16,0.1417099184773796,0.1013738026345313,0.0403361158428483
R0_vs_R2,d3_rainbow_trout,regression,mae,R0,R2,3,1,16,0.0943118135389046,0.0963585659476701,-0.0020467524087655065
R0_vs_R2,d3_rainbow_trout,regression,mae,R0,R2,3,2,16,0.1191570411785604,0.1134216502640366,0.005735390914523797
R0_vs_R2,d3_rainbow_trout,regression,mae,R0,R2,3,3,16,0.1610198929174494,0.1602234532431027,0.0007964396743466995
R0_vs_R2,d3_rainbow_trout,regression,mae,R0,R2,3,4,16,0.0723117339543936,0.0684223858603157,0.003889348094077899
R0_vs_R2,d3_rainbow_trout,regression,mae,R0,R2,3,5,16,0.0360505819055114,0.039681267370174,-0.0036306854646626016
R0_vs_R2,d3_rainbow_trout,regression,mae,R0,R2,3,6,16,0.0860108348320442,0.0937442532996207,-0.007733418467576497
R0_vs_R2,d3_rainbow_trout,regression,mae,R0,R2,3,7,16,0.1849656616719837,0.1816307381943747,0.0033349234776089975
R0_vs_R2,d3_rainbow_trout,regression,mae,R0,R2,3,8,16,0.0292316181182395,0.0320386218226915,-0.0028070037044520026
R0_vs_R2,d3_rainbow_trout,regression,mae,R0,R2,3,9,16,0.0714176850967833,0.0739946423041327,-0.0025769572073494063
R0_vs_R2,d3_rainbow_trout,regression,mae,R0,R2,3,10,16,0.0627589640559556,0.0573356143347468,0.005423349721208802
R0_vs_R2,d3_rainbow_trout,regression,mae,R0,R2,3,11,16,0.0366023502336508,0.040923303136704,-0.0043209529030532046
R0_vs_R2,d3_rainbow_trout,regression,mae,R0,R2,3,12,16,0.1276047205008638,0.1234140803112443,0.004190640189619496
R0_vs_R2,d3_rainbow_trout,regression,mae,R0,R2,3,13,16,0.1923589848293455,0.1961345122239078,-0.0037755273945623002
R0_vs_R2,d3_rainbow_trout,regression,mae,R0,R2,3,14,16,0.0704871511305119,0.0611236639682004,0.009363487162311508
R0_vs_R2,d3_rainbow_trout,regression,mae,R0,R2,3,15,16,0.0504709905405506,0.0463018894276194,0.0041691011129312006
R0_vs_R2,d3_rainbow_trout,regression,mae,R0,R2,3,16,16,0.0363768179939193,0.0338299647171245,0.002546853276794797
R0_vs_R2,d3_rainbow_trout,regression,mae,R0,R2,3,17,16,0.0740702285862871,0.0743668736239424,-0.0002966450376552937
R0_vs_R2,d3_rainbow_trout,regression,mae,R0,R2,3,18,16,0.1095549324634597,0.1014759889263582,0.008078943537101493
R0_vs_R2,d3_rainbow_trout,regression,mae,R0,R2,3,19,16,0.0459642173391412,0.0498609715110685,-0.003896754171927294
R0_vs_R2,d3_rainbow_trout,regression,mae,R0,R2,3,20,16,0.0756819301310737,0.0728673284007946,0.002814601730279101
R0_vs_R2,d3_rainbow_trout,regression,mae,R0,R2,3,21,16,0.0723056556292843,0.0644215822957535,0.007884073333530806
R0_vs_R2,d3_rainbow_trout,regression,mae,R0,R2,3,22,16,0.0490369854756122,0.0415820703262814,0.007454915149330797
R0_vs_R2,d3_rainbow_trout,regression,mae,R0,R2,3,23,16,0.1216606304056435,0.1190342144711413,0.002626415934502191
R0_vs_R2,d3_rainbow_trout,regression,mae,R0,R2,3,24,16,0.2123795206708884,0.2139701863830255,-0.0015906657121371182
R0_vs_R2,d3_rainbow_trout,regression,mae,R0,R2,3,25,16,0.0458949629249096,0.0401748147345031,0.005720148190406497
R0_vs_R2,d3_rainbow_trout,regression,mae,R0,R2,3,26,16,0.0681998741668179,0.0661288604164398,0.0020710137503781034
R0_vs_R2,d3_rainbow_trout,regression,mae,R0,R2,3,27,16,0.1084527517643803,0.1102195439669197,-0.001766792202539405
R0_vs_R2,d3_rainbow_trout,regression,mae,R0,R2,3,28,16,0.0593842859376652,0.0618371488883397,-0.0024528629506745045
R0_vs_R2,d3_rainbow_trout,regression,mae,R0,R2,3,29,16,0.2011403160329028,0.2127942599016425,-0.011653943868739691
R0_vs_R2,d3_rainbow_trout,regression,mae,R0,R2,3,30,16,0.0896145090258321,0.0856696593247137,0.0039448497011184
R0_vs_R2,d3_rainbow_trout,regression,mae,R0,R2,3,31,16,0.0455167499791448,0.0448340801244584,0.0006826698546864018
R0_vs_R2,d3_rainbow_trout,regression,mae,R0,R2,3,32,16,0.1182053500553847,0.1104709158570835,0.007734434198301193
R0_vs_R2,d3_rainbow_trout,regression,mae,R0,R2,3,33,16,0.0486762992737973,0.0440547565464728,0.0046215427273244986
R0_vs_R2,d3_rainbow_trout,regression,mae,R0,R2,3,34,16,0.2196414308386446,0.2326292714248998,-0.012987840586255212
R0_vs_R2,d3_rainbow_trout,regression,mae,R0,R2,3,35,16,0.072514859435294,0.0669467502116279,0.005568109223666101
R0_vs_R2,d3_rainbow_trout,regression,mae,R0,R2,3,36,16,0.0662378726289503,0.0687882227254764,-0.0025503500965260995
R0_vs_R2,d3_rainbow_trout,regression,mae,R0,R2,3,37,16,0.1133733967297165,0.1137125175811053,-0.000339120851388805
R0_vs_R2,d3_rainbow_trout,regression,mae,R0,R2,3,38,16,0.1107486525140908,0.1319515699928047,-0.02120291747871389
R0_vs_R2,d3_rainbow_trout,regression,mae,R0,R2,3,39,16,0.0753623380259338,0.067967504832801,0.007394833193132791
R0_vs_R2,d3_rainbow_trout,regression,mae,R0,R2,3,40,16,0.0727997371195172,0.072274011795864,0.0005257253236532061
R0_vs_R2,d3_rainbow_trout,regression,mae,R0,R2,3,41,16,0.0627493681177084,0.0583842007351324,0.004365167382576002
R0_vs_R2,d3_rainbow_trout,regression,mae,R0,R2,3,42,16,0.2411401050678005,0.2406294632240857,0.0005106418437147986
R0_vs_R2,d3_rainbow_trout,regression,mae,R0,R2,3,43,16,0.094645429479525,0.0936006048898109,0.0010448245897141106
R0_vs_R2,d3_rainbow_trout,regression,mae,R0,R2,3,44,16,0.0569969073378495,0.0667663148961732,-0.0097694075583237
R0_vs_R2,d3_rainbow_trout,regression,mae,R0,R2,3,45,16,0.056794949023126,0.0580231932291847,-0.0012282442060587012
R0_vs_R2,d3_rainbow_trout,regression,mae,R0,R2,3,46,16,0.0254765405019673,0.0258560893479746,-0.0003795488460072993
R0_vs_R2,d3_rainbow_trout,regression,mae,R0,R2,3,47,16,0.2151580729415999,0.2278453658271796,-0.01268729288557971
R0_vs_R2,d3_rainbow_trout,regression,mae,R0,R2,3,48,16,0.1332268391780869,0.1308297929429361,0.0023970462351508015
R0_vs_R2,d3_rainbow_trout,regression,mae,R0,R2,3,49,16,0.1416218857446122,0.1393317784960394,0.0022901072485728147
R0_vs_R2,d3_rainbow_trout,regression,mae,R0,R2,3,50,16,0.0629547799228672,0.0644910502327653,-0.0015362703098980995
R0_vs_R2,d3_rainbow_trout,regression,mae,R0,R2,3,51,16,0.0288597475633262,0.0328665938273317,-0.004006846264005503
R0_vs_R2,d3_rainbow_trout,regression,mae,R0,R2,3,52,16,0.0608318372387165,0.0607483796707692,8.345756794729542e-05
R0_vs_R2,d3_rainbow_trout,regression,mae,R0,R2,3,53,16,0.0705700554933165,0.076224439297412,-0.0056543838040954975
R0_vs_R2,d3_rainbow_trout,regression,mae,R0,R2,3,54,16,0.0394037093713733,0.034321484651166,0.0050822247202073
R0_vs_R2,d3_rainbow_trout,regression,mae,R0,R2,3,55,16,0.2760288780832431,0.2760927758439417,-6.389776069859465e-05
R0_vs_R2,d3_rainbow_trout,regression,mae,R0,R2,3,56,16,0.0453684032888571,0.048274498601189,-0.002906095312331901
R0_vs_R2,d3_rainbow_trout,regression,mae,R0,R2,3,57,16,0.0590556822738705,0.0557448559525014,0.003310826321369101
R0_vs_R2,d3_rainbow_trout,regression,mae,R0,R2,3,58,16,0.2104025639805159,0.212126911330466,-0.0017243473499500839
R0_vs_R2,d3_rainbow_trout,regression,mae,R0,R2,3,59,16,0.0130336957130006,0.0141306086334979,-0.0010969129204973001
R0_vs_R2,d3_rainbow_trout,regression,mae,R0,R2,3,60,16,0.0513355981641858,0.0583860628731089,-0.0070504647089231
R0_vs_R2,d3_rainbow_trout,regression,mae,R0,R2,3,61,16,0.0558008803767327,0.0519421328655468,0.003858747511185895
R0_vs_R2,d3_rainbow_trout,regression,mae,R0,R2,4,0,16,0.1412967056418788,0.1444043360042435,-0.003107630362364694
R0_vs_R2,d3_rainbow_trout,regression,mae,R0,R2,4,1,16,0.1000166413379375,0.1056691721732211,-0.005652530835283595
R0_vs_R2,d3_rainbow_trout,regression,mae,R0,R2,4,2,16,0.1131532942949343,0.1089696635657899,0.004183630729144405
R0_vs_R2,d3_rainbow_trout,regression,mae,R0,R2,4,3,16,0.0937834960141785,0.0952928126058809,-0.001509316591702406
R0_vs_R2,d3_rainbow_trout,regression,mae,R0,R2,4,4,16,0.126778572624426,0.1233762584420445,0.0034023141823814884
R0_vs_R2,d3_rainbow_trout,regression,mae,R0,R2,4,5,16,0.050623568013005,0.0501192245889025,0.0005043434241025005
R0_vs_R2,d3_rainbow_trout,regression,mae,R0,R2,4,6,16,0.072459134015605,0.0740172194224377,-0.0015580854068327071
R0_vs_R2,d3_rainbow_trout,regression,mae,R0,R2,4,7,16,0.0821481196206403,0.0802403861712401,0.0019077334494001924
R0_vs_R2,d3_rainbow_trout,regression,mae,R0,R2,4,8,16,0.2098780147205704,0.2011202387352905,0.008757775985279909
R0_vs_R2,d3_rainbow_trout,regression,mae,R0,R2,4,9,16,0.0290055714356796,0.0281807312177524,0.0008248402179272009
R0_vs_R2,d3_rainbow_trout,regression,mae,R0,R2,4,10,16,0.1244763816443993,0.1189070465739658,0.005569335070433501
R0_vs_R2,d3_rainbow_trout,regression,mae,R0,R2,4,11,16,0.1193301633972893,0.1182037018342822,0.0011264615630071084
R0_vs_R2,d3_rainbow_trout,regression,mae,R0,R2,4,12,16,0.0673796769726112,0.0666072285686134,0.0007724484039978025
R0_vs_R2,d3_rainbow_trout,regression,mae,R0,R2,4,13,16,0.0988523000823346,0.0990546794898042,-0.00020237940746960226
R0_vs_R2,d3_rainbow_trout,regression,mae,R0,R2,4,14,16,0.2035767500002289,0.2008502744082217,0.0027264755920071992
R0_vs_R2,d3_rainbow_trout,regression,mae,R0,R2,4,15,16,0.0850470529108388,0.0887455032275542,-0.003698450316715396
R0_vs_R2,d3_rainbow_trout,regression,mae,R0,R2,4,16,16,0.0514901788510371,0.0492491871291639,0.002240991721873198
R0_vs_R2,d3_rainbow_trout,regression,mae,R0,R2,4,17,16,0.0658029762873513,0.0634330310685354,0.0023699452188158943
R0_vs_R2,d3_rainbow_trout,regression,mae,R0,R2,4,18,16,0.0906442407439596,0.0925755710338068,-0.0019313302898471968
R0_vs_R2,d3_rainbow_trout,regression,mae,R0,R2,4,19,16,0.0315614198702149,0.0314951520850147,6.626778520019833e-05
R0_vs_R2,d3_rainbow_trout,regression,mae,R0,R2,4,20,16,0.0715078447709693,0.0686428089820671,0.0028650357889022093
R0_vs_R2,d3_rainbow_trout,regression,mae,R0,R2,4,21,16,0.0622320741549477,0.0556715035000236,0.006560570654924096
R0_vs_R2,d3_rainbow_trout,regression,mae,R0,R2,4,22,16,0.0351433122597059,0.0371127948926806,-0.001969482632974702
R0_vs_R2,d3_rainbow_trout,regression,mae,R0,R2,4,23,16,0.1305026977250684,0.1244493393297905,0.0060533583952778885
R0_vs_R2,d3_rainbow_trout,regression,mae,R0,R2,4,24,16,0.0631599220657176,0.0674468616458263,-0.004286939580108701
R0_vs_R2,d3_rainbow_trout,regression,mae,R0,R2,4,25,16,0.2171091311925264,0.2192790191185532,-0.0021698879260267923
R0_vs_R2,d3_rainbow_trout,regression,mae,R0,R2,4,26,16,0.069686596773927,0.070459518328588,-0.0007729215546610074
R0_vs_R2,d3_rainbow_trout,regression,mae,R0,R2,4,27,16,0.0724012804953891,0.0693210994511169,0.0030801810442721983
R0_vs_R2,d3_rainbow_trout,regression,mae,R0,R2,4,28,16,0.2620952616496,0.2602212353412838,0.0018740263083162345
R0_vs_R2,d3_rainbow_trout,regression,mae,R0,R2,4,29,16,0.0518363884854253,0.0514397937016381,0.0003965947837872019
R0_vs_R2,d3_rainbow_trout,regression,mae,R0,R2,4,30,16,0.0274489688427244,0.0270546126238694,0.00039435621885500205
R0_vs_R2,d3_rainbow_trout,regression,mae,R0,R2,4,31,16,0.0989867581484928,0.0966685729395801,0.002318185208912693
R0_vs_R2,d3_rainbow_trout,regression,mae,R0,R2,4,32,16,0.0749471734754787,0.076555190561262,-0.0016080170857833004
R0_vs_R2,d3_rainbow_trout,regression,mae,R0,R2,4,33,16,0.0521526793924257,0.0499660730202325,0.0021866063721932005
R0_vs_R2,d3_rainbow_trout,regression,mae,R0,R2,4,34,16,0.0509206524207586,0.0495314918712092,0.0013891605495493994
R0_vs_R2,d3_rainbow_trout,regression,mae,R0,R2,4,35,16,0.0483592699262773,0.0458242244243096,0.002535045501967703
R0_vs_R2,d3_rainbow_trout,regression,mae,R0,R2,4,36,16,0.1391612860317748,0.1371295546195469,0.0020317314122278995
R0_vs_R2,d3_rainbow_trout,regression,mae,R0,R2,4,37,16,0.0703398831231609,0.0710805065760934,-0.0007406234529324929
R0_vs_R2,d3_rainbow_trout,regression,mae,R0,R2,4,38,16,0.0540164698062231,0.0580505950520657,-0.004034125245842603
R0_vs_R2,d3_rainbow_trout,regression,mae,R0,R2,4,39,16,0.0632180572393679,0.0632880291072576,-6.997186788970655e-05
R0_vs_R2,d3_rainbow_trout,regression,mae,R0,R2,4,40,16,0.0635524279742175,0.0659621286279559,-0.0024097006537383975
R0_vs_R2,d3_rainbow_trout,regression,mae,R0,R2,4,41,16,0.0726126624265616,0.0747618950815204,-0.0021492326549587965
R0_vs_R2,d3_rainbow_trout,regression,mae,R0,R2,4,42,16,0.1522350540416582,0.1660111090110844,-0.013776054969426188
R0_vs_R2,d3_rainbow_trout,regression,mae,R0,R2,4,43,16,0.0825423368832553,0.0826375605510007,-9.522366774540603e-05
R0_vs_R2,d3_rainbow_trout,regression,mae,R0,R2,4,44,16,0.2497602194264032,0.2472505467660028,0.0025096726604003916
R0_vs_R2,d3_rainbow_trout,regression,mae,R0,R2,4,45,16,0.0690143482791892,0.0693193140895326,-0.00030496581034339387
R0_vs_R2,d3_rainbow_trout,regression,mae,R0,R2,4,46,16,0.0514890509911832,0.0513431428175487,0.00014590817363450276
R0_vs_R2,d3_rainbow_trout,regression,mae,R0,R2,4,47,16,0.029019688730338,0.0299872018123678,-0.0009675130820297993
R0_vs_R2,d3_rainbow_trout,regression,mae,R0,R2,4,48,16,0.1359476156508215,0.1361301388128343,-0.00018252316201280983
R0_vs_R2,d3_rainbow_trout,regression,mae,R0,R2,4,49,16,0.2147880231402233,0.2261810403073544,-0.011393017167131092
R0_vs_R2,d3_rainbow_trout,regression,mae,R0,R2,4,50,16,0.060558311617148,0.0599313682806593,0.0006269433364887028
R0_vs_R2,d3_rainbow_trout,regression,mae,R0,R2,4,51,16,0.2502529573565977,0.2531179175183783,-0.0028649601617806164
R0_vs_R2,d3_rainbow_trout,regression,mae,R0,R2,4,52,16,0.134834101294939,0.1486608200575612,-0.013826718762622203
R0_vs_R2,d3_rainbow_trout,regression,mae,R0,R2,4,53,16,0.0606167201341595,0.0580359885363574,0.0025807315978021023
R0_vs_R2,d3_rainbow_trout,regression,mae,R0,R2,4,54,16,0.0349568406854896,0.0391470223615363,-0.004190181676046699
R0_vs_R2,d3_rainbow_trout,regression,mae,R0,R2,4,55,16,0.0638243977926015,0.0605424719583282,0.0032819258342733013
R0_vs_R2,d3_rainbow_trout,regression,mae,R0,R2,4,56,16,0.1000186707842497,0.1023028691419157,-0.002284198357666009
R0_vs_R2,d3_rainbow_trout,regression,mae,R0,R2,4,57,16,0.0616755183666416,0.0623077380463972,-0.0006322196797556023
R0_vs_R2,d3_rainbow_trout,regression,mae,R0,R2,4,58,16,0.0261836223719276,0.0265124289700614,-0.00032880659813380037
R0_vs_R2,d3_rainbow_trout,regression,mae,R0,R2,4,59,16,0.0161000175037555,0.0172281626319585,-0.0011281451282030008
R0_vs_R2,d3_rainbow_trout,regression,mae,R0,R2,4,60,16,0.2231349961652374,0.2235045467615103,-0.00036955059627288844
R0_vs_R2,d3_rainbow_trout,regression,mae,R0,R2,4,61,16,0.0316300408682052,0.0317470338406827,-0.00011699297247749763
R0_vs_R2,d3_rainbow_trout,regression,mae,R0,R2,5,0,16,0.0531569300466448,0.0520374334972155,0.0011194965494292983
R0_vs_R2,d3_rainbow_trout,regression,mae,R0,R2,5,1,16,0.0758465949923651,0.0753402462030195,0.0005063487893455926
R0_vs_R2,d3_rainbow_trout,regression,mae,R0,R2,5,2,16,0.0193353474198078,0.0183297609948195,0.0010055864249882973
R0_vs_R2,d3_rainbow_trout,regression,mae,R0,R2,5,3,16,0.1388040571634333,0.13945456715742,-0.0006505099939866921
R0_vs_R2,d3_rainbow_trout,regression,mae,R0,R2,5,4,16,0.0325214011852492,0.0268069594804876,0.005714441704761604
R0_vs_R2,d3_rainbow_trout,regression,mae,R0,R2,5,5,16,0.0801943095016734,0.0779257679918714,0.002268541509802005
R0_vs_R2,d3_rainbow_trout,regression,mae,R0,R2,5,6,16,0.0702099935598559,0.0667495844657349,0.0034604090941210003
R0_vs_R2,d3_rainbow_trout,regression,mae,R0,R2,5,7,16,0.1329175729734239,0.1325266604163602,0.00039091255706372174
R0_vs_R2,d3_rainbow_trout,regression,mae,R0,R2,5,8,16,0.124023823683536,0.1256826909983381,-0.0016588673148020955
R0_vs_R2,d3_rainbow_trout,regression,mae,R0,R2,5,9,16,0.0595006445288884,0.0577843473028383,0.0017162972260500939
R0_vs_R2,d3_rainbow_trout,regression,mae,R0,R2,5,10,16,0.0456061933072376,0.0445642862967779,0.0010419070104596972
R0_vs_R2,d3_rainbow_trout,regression,mae,R0,R2,5,11,16,0.0790095757364347,0.0720763346685256,0.006933241067909102
R0_vs_R2,d3_rainbow_trout,regression,mae,R0,R2,5,12,16,0.1506732926746052,0.1568653370217785,-0.006192044347173298
R0_vs_R2,d3_rainbow_trout,regression,mae,R0,R2,5,13,16,0.0707104011888726,0.0708454703490565,-0.00013506916018389548
R0_vs_R2,d3_rainbow_trout,regression,mae,R0,R2,5,14,16,0.1342869189817563,0.1263967328634083,0.007890186118347992
R0_vs_R2,d3_rainbow_trout,regression,mae,R0,R2,5,15,16,0.2132446583920576,0.2219979348462392,-0.008753276454181586
R0_vs_R2,d3_rainbow_trout,regression,mae,R0,R2,5,16,16,0.1062596965274789,0.0973269911993188,0.008932705328160095
R0_vs_R2,d3_rainbow_trout,regression,mae,R0,R2,5,17,16,0.0750281466072632,0.069113099754728,0.005915046852535202
R0_vs_R2,d3_rainbow_trout,regression,mae,R0,R2,5,18,16,0.0611514044602198,0.0601281241396874,0.0010232803205324006
R0_vs_R2,d3_rainbow_trout,regression,mae,R0,R2,5,19,16,0.0543190757054163,0.0556939170623445,-0.001374841356928197
R0_vs_R2,d3_rainbow_trout,regression,mae,R0,R2,5,20,16,0.0495408063126557,0.0508967428276843,-0.0013559365150285982
R0_vs_R2,d3_rainbow_trout,regression,mae,R0,R2,5,21,16,0.0817939571262347,0.0815267393668465,0.00026721775938820524
R0_vs_R2,d3_rainbow_trout,regression,mae,R0,R2,5,22,16,0.0985090224206864,0.0954014826778963,0.0031075397427900997
R0_vs_R2,d3_rainbow_trout,regression,mae,R0,R2,5,23,16,0.0326105621980413,0.0342070901747205,-0.0015965279766791962
R0_vs_R2,d3_rainbow_trout,regression,mae,R0,R2,5,24,16,0.2218181786493468,0.2143383873029105,0.00747979134643631
R0_vs_R2,d3_rainbow_trout,regression,mae,R0,R2,5,25,16,0.2723377433856509,0.2764318934693938,-0.004094150083742865
R0_vs_R2,d3_rainbow_trout,regression,mae,R0,R2,5,26,16,0.1895719981050223,0.1897711037543669,-0.00019910564934461084
R0_vs_R2,d3_rainbow_trout,regression,mae,R0,R2,5,27,16,0.0437749178808765,0.0451832437581795,-0.001408325877303003
R0_vs_R2,d3_rainbow_trout,regression,mae,R0,R2,5,28,16,0.0369657342027031,0.037205145106281,-0.0002394109035779024
R0_vs_R2,d3_rainbow_trout,regression,mae,R0,R2,5,29,16,0.0875934704100524,0.0890605989880622,-0.0014671285780098048
R0_vs_R2,d3_rainbow_trout,regression,mae,R0,R2,5,30,16,0.1947995656376604,0.2051820090504774,-0.010382443412816994
R0_vs_R2,d3_rainbow_trout,regression,mae,R0,R2,5,31,16,0.0640218782199549,0.0684053433513616,-0.004383465131406694
R0_vs_R2,d3_rainbow_trout,regression,mae,R0,R2,5,32,16,0.0491647601646636,0.048375313236904,0.0007894469277595975
R0_vs_R2,d3_rainbow_trout,regression,mae,R0,R2,5,33,16,0.0517260036371794,0.0532563568688908,-0.0015303532317113983
R0_vs_R2,d3_rainbow_trout,regression,mae,R0,R2,5,34,16,0.0936386454946012,0.1025276438827785,-0.008888998388177305
R0_vs_R2,d3_rainbow_trout,regression,mae,R0,R2,5,35,16,0.225451321140816,0.2250849244488559,0.00036639669196011915
R0_vs_R2,d3_rainbow_trout,regression,mae,R0,R2,5,36,16,0.0633668741536958,0.0629838072930687,0.0003830668606270987
R0_vs_R2,d3_rainbow_trout,regression,mae,R0,R2,5,37,16,0.0670047826218303,0.0654422693490984,0.0015625132727318941
R0_vs_R2,d3_rainbow_trout,regression,mae,R0,R2,5,38,16,0.0939454680540669,0.0913377048160015,0.0026077632380653998
R0_vs_R2,d3_rainbow_trout,regression,mae,R0,R2,5,39,16,0.1910329354241479,0.1874860641114139,0.0035468713127339846
R0_vs_R2,d3_rainbow_trout,regression,mae,R0,R2,5,40,16,0.082925507959841,0.0891718671917785,-0.006246359231937504
R0_vs_R2,d3_rainbow_trout,regression,mae,R0,R2,5,41,16,0.1324171065511057,0.1275381299799036,0.004878976571202093
R0_vs_R2,d3_rainbow_trout,regression,mae,R0,R2,5,42,16,0.0597629225151231,0.0603573115550086,-0.0005943890398854984
R0_vs_R2,d3_rainbow_trout,regression,mae,R0,R2,5,43,16,0.0325301023394104,0.0310593921625802,0.0014707101768301999
R0_vs_R2,d3_rainbow_trout,regression,mae,R0,R2,5,44,16,0.0609265046998631,0.0595753847722675,0.0013511199275955954
R0_vs_R2,d3_rainbow_trout,regression,mae,R0,R2,5,45,16,0.0760022238651508,0.079512542294347,-0.003510318429196191
R0_vs_R2,d3_rainbow_trout,regression,mae,R0,R2,5,46,16,0.0608704443178497,0.0611280038811706,-0.0002575595633209013
R0_vs_R2,d3_rainbow_trout,regression,mae,R0,R2,5,47,16,0.0685625557304903,0.0758666964494183,-0.007304140718928001
R0_vs_R2,d3_rainbow_trout,regression,mae,R0,R2,5,48,16,0.1418634684103121,0.1423728111397335,-0.0005093427294213804
R0_vs_R2,d3_rainbow_trout,regression,mae,R0,R2,5,49,16,0.0275584550793435,0.023707718824181,0.003850736255162499
R0_vs_R2,d3_rainbow_trout,regression,mae,R0,R2,5,50,16,0.0294540898052473,0.03035599755311,-0.0009019077478627027
R0_vs_R2,d3_rainbow_trout,regression,mae,R0,R2,5,51,16,0.091980573033887,0.0983611745895308,-0.0063806015556437945
R0_vs_R2,d3_rainbow_trout,regression,mae,R0,R2,5,52,16,0.2125327572603645,0.2104525683853403,0.0020801888750242026
R0_vs_R2,d3_rainbow_trout,regression,mae,R0,R2,5,53,16,0.064031360038245,0.064555662829136,-0.0005243027908909959
R0_vs_R2,d3_rainbow_trout,regression,mae,R0,R2,5,54,16,0.0513873584213216,0.0530160406153511,-0.0016286821940295002
R0_vs_R2,d3_rainbow_trout,regression,mae,R0,R2,5,55,16,0.1814194156682697,0.1880566409972766,-0.006637225329006902
R0_vs_R2,d3_rainbow_trout,regression,mae,R0,R2,5,56,16,0.0686651855322137,0.0676789181196514,0.000986267412562289
R0_vs_R2,d3_rainbow_trout,regression,mae,R0,R2,5,57,16,0.1229657244167077,0.129437525546312,-0.006471801129604299
R0_vs_R2,d3_rainbow_trout,regression,mae,R0,R2,5,58,16,0.0836206547136519,0.0807135473308778,0.00290710738277411
R0_vs_R2,d3_rainbow_trout,regression,mae,R0,R2,5,59,16,0.015686058932243,0.0173305820153208,-0.0016445230830778
R0_vs_R2,d3_rainbow_trout,regression,mae,R0,R2,5,60,16,0.0420954811433884,0.0398672506080919,0.0022282305352964993
R0_vs_R2,d3_rainbow_trout,regression,mae,R0,R2,5,61,16,0.0949541537322343,0.0926045393166409,0.0023496144155934068
R0_vs_R2,d3_rainbow_trout,regression,mae,R0,R2,6,0,16,0.1935371626299688,0.1956040769839812,-0.002066914354012378
R0_vs_R2,d3_rainbow_trout,regression,mae,R0,R2,6,1,16,0.0156479106826352,0.0159699513596502,-0.0003220406770150022
R0_vs_R2,d3_rainbow_trout,regression,mae,R0,R2,6,2,16,0.0838941703740656,0.081088889868906,0.002805280505159602
R0_vs_R2,d3_rainbow_trout,regression,mae,R0,R2,6,3,16,0.0846034697234562,0.0966164837161709,-0.012013013992714705
R0_vs_R2,d3_rainbow_trout,regression,mae,R0,R2,6,4,16,0.0551672623537808,0.0534093094209251,0.0017579529328556956
R0_vs_R2,d3_rainbow_trout,regression,mae,R0,R2,6,5,16,0.033369741414477,0.0336128414021636,-0.0002430999876865958
R0_vs_R2,d3_rainbow_trout,regression,mae,R0,R2,6,6,16,0.0557979089686388,0.0616868061185215,-0.005888897149882701
R0_vs_R2,d3_rainbow_trout,regression,mae,R0,R2,6,7,16,0.173806181497937,0.1776052645961014,-0.003799083098164402
R0_vs_R2,d3_rainbow_trout,regression,mae,R0,R2,6,8,16,0.2377530100997694,0.2342896656083249,0.0034633444914445033
R0_vs_R2,d3_rainbow_trout,regression,mae,R0,R2,6,9,16,0.0666527277505649,0.0665197359810736,0.00013299176949130298
R0_vs_R2,d3_rainbow_trout,regression,mae,R0,R2,6,10,16,0.0378229304970421,0.0406098429494791,-0.002786912452437
R0_vs_R2,d3_rainbow_trout,regression,mae,R0,R2,6,11,16,0.0440193635304514,0.0406249340913529,0.003394429439098498
R0_vs_R2,d3_rainbow_trout,regression,mae,R0,R2,6,12,16,0.0772800955714024,0.0754626349156653,0.0018174606557371104
R0_vs_R2,d3_rainbow_trout,regression,mae,R0,R2,6,13,16,0.1381637291552877,0.1387397458167546,-0.0005760166614668938
R0_vs_R2,d3_rainbow_trout,regression,mae,R0,R2,6,14,16,0.1334154666150137,0.1318308049156353,0.0015846616993783758
R0_vs_R2,d3_rainbow_trout,regression,mae,R0,R2,6,15,16,0.0592174566929217,0.0573891443299314,0.001828312362990303
R0_vs_R2,d3_rainbow_trout,regression,mae,R0,R2,6,16,16,0.0750459633069979,0.0741289396082253,0.0009170236987726121
R0_vs_R2,d3_rainbow_trout,regression,mae,R0,R2,6,17,16,0.0554670574684846,0.0573927151063542,-0.0019256576378696016
R0_vs_R2,d3_rainbow_trout,regression,mae,R0,R2,6,18,16,0.0313387385505,0.0308360637240761,0.0005026748264238962
R0_vs_R2,d3_rainbow_trout,regression,mae,R0,R2,6,19,16,0.0601186573220439,0.0555322336960901,0.004586423625953795
R0_vs_R2,d3_rainbow_trout,regression,mae,R0,R2,6,20,16,0.0756927012977908,0.072649270323101,0.003043430974689787
R0_vs_R2,d3_rainbow_trout,regression,mae,R0,R2,6,21,16,0.1561243595221359,0.1443188451639803,0.011805514358155605
R0_vs_R2,d3_rainbow_trout,regression,mae,R0,R2,6,22,16,0.0958560008090489,0.0992694062493174,-0.0034134054402685104
R0_vs_R2,d3_rainbow_trout,regression,mae,R0,R2,6,23,16,0.0343351063142766,0.0329369167312942,0.0013981895829823995
R0_vs_R2,d3_rainbow_trout,regression,mae,R0,R2,6,24,16,0.0694457336030167,0.067768997918731,0.0016767356842856962
R0_vs_R2,d3_rainbow_trout,regression,mae,R0,R2,6,25,16,0.0880728458371885,0.0868245397405358,0.0012483060966526904
R0_vs_R2,d3_rainbow_trout,regression,mae,R0,R2,6,26,16,0.076398251979587,0.0735884777941034,0.0028097741854836017
R0_vs_R2,d3_rainbow_trout,regression,mae,R0,R2,6,27,16,0.0853378494157429,0.0892371603687666,-0.003899310953023691
R0_vs_R2,d3_rainbow_trout,regression,mae,R0,R2,6,28,16,0.1932954299440965,0.2022681906404911,-0.008972760696394605
R0_vs_R2,d3_rainbow_trout,regression,mae,R0,R2,6,29,16,0.0404937297161869,0.0377613382912725,0.002732391424914403
R0_vs_R2,d3_rainbow_trout,regression,mae,R0,R2,6,30,16,0.012977934623334,0.0134397995388656,-0.0004618649155315995
R0_vs_R2,d3_rainbow_trout,regression,mae,R0,R2,6,31,16,0.1351737744059152,0.143968001255789,-0.008794226849873826
R0_vs_R2,d3_rainbow_trout,regression,mae,R0,R2,6,32,16,0.1449399559664653,0.1340723351621163,0.010867620804348999
R0_vs_R2,d3_rainbow_trout,regression,mae,R0,R2,6,33,16,0.067226287506427,0.0684749474435845,-0.0012486599371575036
R0_vs_R2,d3_rainbow_trout,regression,mae,R0,R2,6,34,16,0.0907016576222186,0.0888237622729977,0.0018778953492209066
R0_vs_R2,d3_rainbow_trout,regression,mae,R0,R2,6,35,16,0.044574917675461,0.0454729503662878,-0.0008980326908267985
R0_vs_R2,d3_rainbow_trout,regression,mae,R0,R2,6,36,16,0.1315401066362763,0.1356952278344256,-0.004155121198149314
R0_vs_R2,d3_rainbow_trout,regression,mae,R0,R2,6,37,16,0.1814779262336365,0.1869757154275414,-0.005497789193904895
R0_vs_R2,d3_rainbow_trout,regression,mae,R0,R2,6,38,16,0.2794527673721101,0.2864888892417444,-0.007036121869634315
R0_vs_R2,d3_rainbow_trout,regression,mae,R0,R2,6,39,16,0.0561597223024893,0.0581207008687564,-0.001960978566267098
R0_vs_R2,d3_rainbow_trout,regression,mae,R0,R2,6,40,16,0.1086175504838786,0.1076336197054633,0.0009839307784152984
R0_vs_R2,d3_rainbow_trout,regression,mae,R0,R2,6,41,16,0.1387555519079358,0.1374252300404233,0.001330321867512474
R0_vs_R2,d3_rainbow_trout,regression,mae,R0,R2,6,42,16,0.0838826317699333,0.0824123911189354,0.0014702406509978921
R0_vs_R2,d3_rainbow_trout,regression,mae,R0,R2,6,43,16,0.122400004525098,0.1237144756132471,-0.0013144710881490967
R0_vs_R2,d3_rainbow_trout,regression,mae,R0,R2,6,44,16,0.0592748006569116,0.0577008806635519,0.0015739199933597
R0_vs_R2,d3_rainbow_trout,regression,mae,R0,R2,6,45,16,0.0383104303112575,0.0373097364981556,0.0010006938131018953
R0_vs_R2,d3_rainbow_trout,regression,mae,R0,R2,6,46,16,0.1102774808111389,0.1049930283535033,0.005284452457635605
R0_vs_R2,d3_rainbow_trout,regression,mae,R0,R2,6,47,16,0.2342033090025717,0.2503492687926508,-0.0161459597900791
R0_vs_R2,d3_rainbow_trout,regression,mae,R0,R2,6,48,16,0.0690746819977313,0.0663129168203796,0.002761765177351702
R0_vs_R2,d3_rainbow_trout,regression,mae,R0,R2,6,49,16,0.2098208707386412,0.2337006191592426,-0.023879748420601393
R0_vs_R2,d3_rainbow_trout,regression,mae,R0,R2,6,50,16,0.0640845629566646,0.0617603133832857,0.0023242495733789073
R0_vs_R2,d3_rainbow_trout,regression,mae,R0,R2,6,51,16,0.0366306982575038,0.0356463791638923,0.0009843190936114979
R0_vs_R2,d3_rainbow_trout,regression,mae,R0,R2,6,52,16,0.0579364310825276,0.0581783065382006,-0.00024187545567300184
R0_vs_R2,d3_rainbow_trout,regression,mae,R0,R2,6,53,16,0.0565193087308492,0.0560684106747009,0.0004508980561482995
R0_vs_R2,d3_rainbow_trout,regression,mae,R0,R2,6,54,16,0.1930865696032598,0.2047247466387055,-0.011638177035445701
R0_vs_R2,d3_rainbow_trout,regression,mae,R0,R2,6,55,16,0.0731809587974401,0.0761229563690838,-0.0029419975716436925
R0_vs_R2,d3_rainbow_trout,regression,mae,R0,R2,6,56,16,0.0787447813225218,0.0781890566652539,0.0005557246572679003
R0_vs_R2,d3_rainbow_trout,regression,mae,R0,R2,6,57,16,0.0235394488056352,0.0185537727372937,0.004985676068341497
R0_vs_R2,d3_rainbow_trout,regression,mae,R0,R2,6,58,16,0.1015070453565112,0.101092488899558,0.000414556456953194
R0_vs_R2,d3_rainbow_trout,regression,mae,R0,R2,6,59,16,0.0447124489636087,0.0446640229717541,4.842599185460317e-05
R0_vs_R2,d3_rainbow_trout,regression,mae,R0,R2,6,60,16,0.077274504491572,0.0789086721958541,-0.0016341677042820968
R0_vs_R2,d3_rainbow_trout,regression,mae,R0,R2,6,61,16,0.1513074653214055,0.1471024593949181,0.0042050059264873985
R0_vs_R2,d3_rainbow_trout,regression,mae,R0,R2,7,0,16,0.0131879654513862,0.0131872821387815,6.833126047003923e-07
R0_vs_R2,d3_rainbow_trout,regression,mae,R0,R2,7,1,16,0.078353090946465,0.0807729239562779,-0.0024198330098128967
R0_vs_R2,d3_rainbow_trout,regression,mae,R0,R2,7,2,16,0.0732958337376138,0.0745341610421644,-0.0012383273045506044
R0_vs_R2,d3_rainbow_trout,regression,mae,R0,R2,7,3,16,0.2179090873822869,0.2176515040114505,0.00025758337083639504
R0_vs_R2,d3_rainbow_trout,regression,mae,R0,R2,7,4,16,0.0371520321287614,0.0366004436416214,0.0005515884871400006
R0_vs_R2,d3_rainbow_trout,regression,mae,R0,R2,7,5,16,0.0493714279474393,0.04992050255299,-0.0005490746055506965
R0_vs_R2,d3_rainbow_trout,regression,mae,R0,R2,7,6,16,0.1100831162959135,0.1214303949767643,-0.011347278680850809
R0_vs_R2,d3_rainbow_trout,regression,mae,R0,R2,7,7,16,0.0531378537829028,0.0536172565899666,-0.0004794028070638015
R0_vs_R2,d3_rainbow_trout,regression,mae,R0,R2,7,8,16,0.1381923235192294,0.1278956210385675,0.01029670248066189
R0_vs_R2,d3_rainbow_trout,regression,mae,R0,R2,7,9,16,0.1349184566373283,0.1394147924559553,-0.0044963358186270175
R0_vs_R2,d3_rainbow_trout,regression,mae,R0,R2,7,10,16,0.1652228652259254,0.1515421550145494,0.013680710211376013
R0_vs_R2,d3_rainbow_trout,regression,mae,R0,R2,7,11,16,0.0739204968478292,0.0696594890415424,0.004261007806286798
R0_vs_R2,d3_rainbow_trout,regression,mae,R0,R2,7,12,16,0.0603895313409643,0.0603479135135475,4.161782741680248e-05
R0_vs_R2,d3_rainbow_trout,regression,mae,R0,R2,7,13,16,0.0813618553304977,0.0787079174581696,0.0026539378723280937
R0_vs_R2,d3_rainbow_trout,regression,mae,R0,R2,7,14,16,0.0716194992945916,0.0734120532936872,-0.0017925539990956002
R0_vs_R2,d3_rainbow_trout,regression,mae,R0,R2,7,15,16,0.0688139692276754,0.0695728289812923,-0.0007588597536169056
R0_vs_R2,d3_rainbow_trout,regression,mae,R0,R2,7,16,16,0.2927344294317361,0.2913977817789296,0.0013366476528064997
R0_vs_R2,d3_rainbow_trout,regression,mae,R0,R2,7,17,16,0.1265924065072205,0.1240854148391024,0.0025069916681181026
R0_vs_R2,d3_rainbow_trout,regression,mae,R0,R2,7,18,16,0.0514346467267171,0.0495615895745168,0.0018730571522002984
R0_vs_R2,d3_rainbow_trout,regression,mae,R0,R2,7,19,16,0.1255090872868516,0.1244820855577198,0.0010270017291317962
R0_vs_R2,d3_rainbow_trout,regression,mae,R0,R2,7,20,16,0.2015066024338485,0.2122207626483019,-0.0107141602144534
R0_vs_R2,d3_rainbow_trout,regression,mae,R0,R2,7,21,16,0.0354919403272982,0.0358361455269858,-0.0003442051996876
R0_vs_R2,d3_rainbow_trout,regression,mae,R0,R2,7,22,16,0.069526921962958,0.0678477685967846,0.0016791533661733998
R0_vs_R2,d3_rainbow_trout,regression,mae,R0,R2,7,23,16,0.0601354516485788,0.0603849012180483,-0.00024944956946949814
R0_vs_R2,d3_rainbow_trout,regression,mae,R0,R2,7,24,16,0.0970837892069999,0.0966961378202366,0.0003876513867632908
R0_vs_R2,d3_rainbow_trout,regression,mae,R0,R2,7,25,16,0.052003241477384,0.0511403667500752,0.0008628747273087961
R0_vs_R2,d3_rainbow_trout,regression,mae,R0,R2,7,26,16,0.0557913402796463,0.058464144602973,-0.0026728043233266996
R0_vs_R2,d3_rainbow_trout,regression,mae,R0,R2,7,27,16,0.0610103986648891,0.0616195038739281,-0.0006091052090390001
R0_vs_R2,d3_rainbow_trout,regression,mae,R0,R2,7,28,16,0.0344205333294798,0.0346200066520207,-0.00019947332254090233
R0_vs_R2,d3_rainbow_trout,regression,mae,R0,R2,7,29,16,0.2057869534863197,0.2113756343134061,-0.005588680827086412
R0_vs_R2,d3_rainbow_trout,regression,mae,R0,R2,7,30,16,0.0642639711704955,0.0637399234872488,0.000524047683246695
R0_vs_R2,d3_rainbow_trout,regression,mae,R0,R2,7,31,16,0.0260367345707665,0.0251998467948069,0.0008368877759596001
R0_vs_R2,d3_rainbow_trout,regression,mae,R0,R2,7,32,16,0.1216990147310269,0.1240427624660359,-0.0023437477350090052
R0_vs_R2,d3_rainbow_trout,regression,mae,R0,R2,7,33,16,0.0328627813286611,0.0315163821278175,0.0013463992008435968
R0_vs_R2,d3_rainbow_trout,regression,mae,R0,R2,7,34,16,0.1935656801307589,0.1991582525510369,-0.005592572420277997
R0_vs_R2,d3_rainbow_trout,regression,mae,R0,R2,7,35,16,0.1062973653893306,0.1046246339020537,0.0016727314872768961
R0_vs_R2,d3_rainbow_trout,regression,mae,R0,R2,7,36,16,0.1007953253560941,0.1005196428537559,0.00027568250233819813
R0_vs_R2,d3_rainbow_trout,regression,mae,R0,R2,7,37,16,0.0461207754122852,0.0462861403531407,-0.00016536494085549885
R0_vs_R2,d3_rainbow_trout,regression,mae,R0,R2,7,38,16,0.1297906813550517,0.1287296946964143,0.0010609866586374084
R0_vs_R2,d3_rainbow_trout,regression,mae,R0,R2,7,39,16,0.0431156155547998,0.0422340436935943,0.0008815718612055004
R0_vs_R2,d3_rainbow_trout,regression,mae,R0,R2,7,40,16,0.1009740102673194,0.1062329040007443,-0.005258893733424891
R0_vs_R2,d3_rainbow_trout,regression,mae,R0,R2,7,41,16,0.1204510469628648,0.1200514703629752,0.00039957659988959504
R0_vs_R2,d3_rainbow_trout,regression,mae,R0,R2,7,42,16,0.0562708712576435,0.0555391337745393,0.0007317374831041987
R0_vs_R2,d3_rainbow_trout,regression,mae,R0,R2,7,43,16,0.0298630594322867,0.0296920899845214,0.00017096944776530051
R0_vs_R2,d3_rainbow_trout,regression,mae,R0,R2,7,44,16,0.0447484750416362,0.0443216145368034,0.00042686050483279475
R0_vs_R2,d3_rainbow_trout,regression,mae,R0,R2,7,45,16,0.1425837025640668,0.1463843098414944,-0.0038006072774275923
R0_vs_R2,d3_rainbow_trout,regression,mae,R0,R2,7,46,16,0.2059275077711311,0.2114182499796206,-0.005490742208489496
R0_vs_R2,d3_rainbow_trout,regression,mae,R0,R2,7,47,16,0.0717428261220081,0.0703826131917488,0.0013602129302592997
R0_vs_R2,d3_rainbow_trout,regression,mae,R0,R2,7,48,16,0.0562173091209907,0.0570090703055308,-0.0007917611845401004
R0_vs_R2,d3_rainbow_trout,regression,mae,R0,R2,7,49,16,0.0786519373206601,0.0766007046427385,0.002051232677921594
R0_vs_R2,d3_rainbow_trout,regression,mae,R0,R2,7,50,16,0.0393234531381554,0.0404433473990834,-0.0011198942609280046
R0_vs_R2,d3_rainbow_trout,regression,mae,R0,R2,7,51,16,0.0695745638222185,0.0756162005234777,-0.0060416367012592065
R0_vs_R2,d3_rainbow_trout,regression,mae,R0,R2,7,52,16,0.0636275353760261,0.0628664587944506,0.0007610765815754955
R0_vs_R2,d3_rainbow_trout,regression,mae,R0,R2,7,53,16,0.0879298845488038,0.0885531639946266,-0.0006232794458227997
R0_vs_R2,d3_rainbow_trout,regression,mae,R0,R2,7,54,16,0.2052380680149327,0.2055499789915776,-0.0003119109766449024
R0_vs_R2,d3_rainbow_trout,regression,mae,R0,R2,7,55,16,0.0417230146379988,0.0407482134982556,0.0009748011397432005
R0_vs_R2,d3_rainbow_trout,regression,mae,R0,R2,7,56,16,0.1902378867161911,0.1906392902838746,-0.00040140356768350594
R0_vs_R2,d3_rainbow_trout,regression,mae,R0,R2,7,57,16,0.0920792609615112,0.0902738530176798,0.001805407943831397
R0_vs_R2,d3_rainbow_trout,regression,mae,R0,R2,7,58,16,0.0258529625704811,0.0279454144524487,-0.0020924518819675983
R0_vs_R2,d3_rainbow_trout,regression,mae,R0,R2,7,59,16,0.0953455804138314,0.0978864326148462,-0.0025408522010147983
R0_vs_R2,d3_rainbow_trout,regression,mae,R0,R2,7,60,16,0.0327434230465239,0.0327789401213771,-3.551707485319883e-05
R0_vs_R2,d3_rainbow_trout,regression,mae,R0,R2,7,61,16,0.0639691021984301,0.061701569507756,0.002267532690674104
R0_vs_R2,d3_rainbow_trout,regression,mae,R0,R2,8,0,16,0.0379476147668738,0.0306948322583138,0.007252782508559999
R0_vs_R2,d3_rainbow_trout,regression,mae,R0,R2,8,1,16,0.0539424099199949,0.051859152207052,0.002083257712942904
R0_vs_R2,d3_rainbow_trout,regression,mae,R0,R2,8,2,16,0.0877489676291713,0.0881380390775797,-0.00038907144840839847
R0_vs_R2,d3_rainbow_trout,regression,mae,R0,R2,8,3,16,0.0354992586443098,0.037561595283857,-0.002062336639547198
R0_vs_R2,d3_rainbow_trout,regression,mae,R0,R2,8,4,16,0.0578644213035345,0.0570539799715896,0.0008104413319449041
R0_vs_R2,d3_rainbow_trout,regression,mae,R0,R2,8,5,16,0.282783581462182,0.2909394493932608,-0.008155867931078753
R0_vs_R2,d3_rainbow_trout,regression,mae,R0,R2,8,6,16,0.0639264879354722,0.069500508459342,-0.005574020523869794
R0_vs_R2,d3_rainbow_trout,regression,mae,R0,R2,8,7,16,0.1079083527468093,0.0974419971439447,0.010466355602864588
R0_vs_R2,d3_rainbow_trout,regression,mae,R0,R2,8,8,16,0.0653197530842182,0.0651753051081526,0.00014444797606559534
R0_vs_R2,d3_rainbow_trout,regression,mae,R0,R2,8,9,16,0.0585162763604492,0.0584647379980576,5.1538362391599646e-05
R0_vs_R2,d3_rainbow_trout,regression,mae,R0,R2,8,10,16,0.0755205662079637,0.0696587590589982,0.005861807148965503
R0_vs_R2,d3_rainbow_trout,regression,mae,R0,R2,8,11,16,0.03378695733083,0.0372664925303917,-0.0034795351995616994
R0_vs_R2,d3_rainbow_trout,regression,mae,R0,R2,8,12,16,0.056821177592954,0.0552868582320186,0.0015343193609353989
R0_vs_R2,d3_rainbow_trout,regression,mae,R0,R2,8,13,16,0.0962977348846678,0.0923234798373391,0.0039742550473286925
R0_vs_R2,d3_rainbow_trout,regression,mae,R0,R2,8,14,16,0.0328507281828096,0.0292670155967723,0.003583712586037305
R0_vs_R2,d3_rainbow_trout,regression,mae,R0,R2,8,15,16,0.234209271116956,0.224287708465272,0.009921562651684007
R0_vs_R2,d3_rainbow_trout,regression,mae,R0,R2,8,16,16,0.0714501724246591,0.0682582068075175,0.0031919656171416066
R0_vs_R2,d3_rainbow_trout,regression,mae,R0,R2,8,17,16,0.03860762327706,0.041157736373406,-0.0025501130963460003
R0_vs_R2,d3_rainbow_trout,regression,mae,R0,R2,8,18,16,0.0739378570269881,0.0761606862374614,-0.002222829210473301
R0_vs_R2,d3_rainbow_trout,regression,mae,R0,R2,8,19,16,0.2026369662767299,0.2192487643606495,-0.016611798083919604
R0_vs_R2,d3_rainbow_trout,regression,mae,R0,R2,8,20,16,0.0202760762713003,0.0200436176999295,0.00023245857137079926
R0_vs_R2,d3_rainbow_trout,regression,mae,R0,R2,8,21,16,0.0734873905783538,0.0728245564797354,0.0006628340986183923
R0_vs_R2,d3_rainbow_trout,regression,mae,R0,R2,8,22,16,0.0721056815978471,0.0638787392087253,0.008226942389121791
R0_vs_R2,d3_rainbow_trout,regression,mae,R0,R2,8,23,16,0.2055480838555004,0.2066993266560512,-0.001151242800550789
R0_vs_R2,d3_rainbow_trout,regression,mae,R0,R2,8,24,16,0.0602878090302633,0.0571311291768596,0.0031566798534036974
R0_vs_R2,d3_rainbow_trout,regression,mae,R0,R2,8,25,16,0.0545781950876516,0.0559547830666726,-0.0013765879790210017
R0_vs_R2,d3_rainbow_trout,regression,mae,R0,R2,8,26,16,0.1128581528027177,0.1143243334236192,-0.0014661806209014944
R0_vs_R2,d3_rainbow_trout,regression,mae,R0,R2,8,27,16,0.0958651403533006,0.0976430414507023,-0.0017779010974016962
R0_vs_R2,d3_rainbow_trout,regression,mae,R0,R2,8,28,16,0.0789050548349512,0.0764581699702547,0.0024468848646964914
R0_vs_R2,d3_rainbow_trout,regression,mae,R0,R2,8,29,16,0.1177039252209933,0.1180112781718171,-0.0003073529508238054
R0_vs_R2,d3_rainbow_trout,regression,mae,R0,R2,8,30,16,0.2052226895740226,0.2047872642589619,0.00043542531506068904
R0_vs_R2,d3_rainbow_trout,regression,mae,R0,R2,8,31,16,0.1166167871196632,0.1200272311275978,-0.00341044400793461
R0_vs_R2,d3_rainbow_trout,regression,mae,R0,R2,8,32,16,0.0872694500953251,0.0835314167503725,0.003738033344952596
R0_vs_R2,d3_rainbow_trout,regression,mae,R0,R2,8,33,16,0.041783912308299,0.0425001373553708,-0.0007162250470718057
R0_vs_R2,d3_rainbow_trout,regression,mae,R0,R2,8,34,16,0.1757668080217833,0.2112060306568533,-0.03543922263507002
R0_vs_R2,d3_rainbow_trout,regression,mae,R0,R2,8,35,16,0.0778053449021694,0.0762543726576588,0.00155097224451059
R0_vs_R2,d3_rainbow_trout,regression,mae,R0,R2,8,36,16,0.0288656276954744,0.0244689920898946,0.004396635605579801
R0_vs_R2,d3_rainbow_trout,regression,mae,R0,R2,8,37,16,0.0427067466236356,0.0394284095221692,0.003278337101466397
R0_vs_R2,d3_rainbow_trout,regression,mae,R0,R2,8,38,16,0.1477177003958817,0.156865404940334,-0.009147704544452295
R0_vs_R2,d3_rainbow_trout,regression,mae,R0,R2,8,39,16,0.2255501833006037,0.226440341471108,-0.0008901581705043071
R0_vs_R2,d3_rainbow_trout,regression,mae,R0,R2,8,40,16,0.0632392337528167,0.0683181312146563,-0.005078897461839593
R0_vs_R2,d3_rainbow_trout,regression,mae,R0,R2,8,41,16,0.1567040905612865,0.1638744012997223,-0.007170310738435798
R0_vs_R2,d3_rainbow_trout,regression,mae,R0,R2,8,42,16,0.0697870623471432,0.0698479021750069,-6.0839827863701235e-05
R0_vs_R2,d3_rainbow_trout,regression,mae,R0,R2,8,43,16,0.0160692263612467,0.0159639678977714,0.00010525846347530024
R0_vs_R2,d3_rainbow_trout,regression,mae,R0,R2,8,44,16,0.0598476940979275,0.0644735649667439,-0.004625870868816405
R0_vs_R2,d3_rainbow_trout,regression,mae,R0,R2,8,45,16,0.0899521646599575,0.0779539756442561,0.011998189015701405
R0_vs_R2,d3_rainbow_trout,regression,mae,R0,R2,8,46,16,0.0563081426284793,0.0588990690421264,-0.002590926413647096
R0_vs_R2,d3_rainbow_trout,regression,mae,R0,R2,8,47,16,0.1368885641017598,0.132809229065562,0.004079335036197812
R0_vs_R2,d3_rainbow_trout,regression,mae,R0,R2,8,48,16,0.0281729401360418,0.0253415205024305,0.0028314196336113005
R0_vs_R2,d3_rainbow_trout,regression,mae,R0,R2,8,49,16,0.0986875327742625,0.1136988764689837,-0.015011343694721208
R0_vs_R2,d3_rainbow_trout,regression,mae,R0,R2,8,50,16,0.0328594795286506,0.0311199484209197,0.0017395311077308996
R0_vs_R2,d3_rainbow_trout,regression,mae,R0,R2,8,51,16,0.0461579297972928,0.0455352210044883,0.0006227087928045022
R0_vs_R2,d3_rainbow_trout,regression,mae,R0,R2,8,52,16,0.17448997146741,0.1585149981405635,0.015974973326846498
R0_vs_R2,d3_rainbow_trout,regression,mae,R0,R2,8,53,16,0.1333743819137742,0.1243126606000059,0.009061721313768312
R0_vs_R2,d3_rainbow_trout,regression,mae,R0,R2,8,54,16,0.0511551150480449,0.0556502792201076,-0.0044951641720627
R0_vs_R2,d3_rainbow_trout,regression,mae,R0,R2,8,55,16,0.1277199098559491,0.1524213016181807,-0.0247013917622316
R0_vs_R2,d3_rainbow_trout,regression,mae,R0,R2,8,56,16,0.041107505286729,0.0475435626339878,-0.0064360573472588
R0_vs_R2,d3_rainbow_trout,regression,mae,R0,R2,8,57,16,0.070410270911527,0.0691402486262867,0.0012700222852402993
R0_vs_R2,d3_rainbow_trout,regression,mae,R0,R2,8,58,16,0.0917444031628755,0.107725977095197,-0.015981573932321497
R0_vs_R2,d3_rainbow_trout,regression,mae,R0,R2,8,59,16,0.1082472571646742,0.1208930723151105,-0.012645815150436293
R0_vs_R2,d3_rainbow_trout,regression,mae,R0,R2,8,60,16,0.1953904821925912,0.2004235613707128,-0.005033079178121597
R0_vs_R2,d3_rainbow_trout,regression,mae,R0,R2,8,61,16,0.0776328222739323,0.0871883363688007,-0.009555514094868406
R0_vs_R2,d3_rainbow_trout,regression,mae,R0,R2,9,0,16,0.0324601883410983,0.0351146856523239,-0.0026544973112255996
R0_vs_R2,d3_rainbow_trout,regression,mae,R0,R2,9,1,16,0.0589721488700949,0.0553635498470746,0.003608599023020298
R0_vs_R2,d3_rainbow_trout,regression,mae,R0,R2,9,2,16,0.0393806564093398,0.0402942271512654,-0.0009135707419255998
R0_vs_R2,d3_rainbow_trout,regression,mae,R0,R2,9,3,16,0.0879852847658933,0.087785294315928,0.00019999044996529824
R0_vs_R2,d3_rainbow_trout,regression,mae,R0,R2,9,4,16,0.0602948280097771,0.0660278714797332,-0.005733043469956102
R0_vs_R2,d3_rainbow_trout,regression,mae,R0,R2,9,5,16,0.0542849992030956,0.0600013722542342,-0.005716373051138597
R0_vs_R2,d3_rainbow_trout,regression,mae,R0,R2,9,6,16,0.1356542638321881,0.156173592237212,-0.020519328405023907
R0_vs_R2,d3_rainbow_trout,regression,mae,R0,R2,9,7,16,0.0677622612567654,0.0650239440730701,0.002738317183695299
R0_vs_R2,d3_rainbow_trout,regression,mae,R0,R2,9,8,16,0.0315122715593909,0.0291794951301709,0.0023327764292200015
R0_vs_R2,d3_rainbow_trout,regression,mae,R0,R2,9,9,16,0.06383698360718,0.0636193801964088,0.00021760341077120549
R0_vs_R2,d3_rainbow_trout,regression,mae,R0,R2,9,10,16,0.0955462172141586,0.0943434844313965,0.0012027327827621032
R0_vs_R2,d3_rainbow_trout,regression,mae,R0,R2,9,11,16,0.0601951484996729,0.0575430435373953,0.0026521049622776002
R0_vs_R2,d3_rainbow_trout,regression,mae,R0,R2,9,12,16,0.0666916250538559,0.0668610085891921,-0.0001693835353362011
R0_vs_R2,d3_rainbow_trout,regression,mae,R0,R2,9,13,16,0.0378932680979995,0.036390509515637,0.0015027585823624984
R0_vs_R2,d3_rainbow_trout,regression,mae,R0,R2,9,14,16,0.0657545008217115,0.0698588313552733,-0.004104330533561795
R0_vs_R2,d3_rainbow_trout,regression,mae,R0,R2,9,15,16,0.1338075044450793,0.1394503213842516,-0.0056428169391722904
R0_vs_R2,d3_rainbow_trout,regression,mae,R0,R2,9,16,16,0.1819482056195175,0.1546760008273396,0.0272722047921779
R0_vs_R2,d3_rainbow_trout,regression,mae,R0,R2,9,17,16,0.0932873077686896,0.0955522636934407,-0.002264955924751108
R0_vs_R2,d3_rainbow_trout,regression,mae,R0,R2,9,18,16,0.1251840957991882,0.1278476297798751,-0.0026635339806868885
R0_vs_R2,d3_rainbow_trout,regression,mae,R0,R2,9,19,16,0.0262145845996298,0.0233068631753617,0.0029077214242680983
R0_vs_R2,d3_rainbow_trout,regression,mae,R0,R2,9,20,16,0.1317956586955796,0.1302519667237389,0.001543691971840705
R0_vs_R2,d3_rainbow_trout,regression,mae,R0,R2,9,21,16,0.0371555465574091,0.0351311948701238,0.0020243516872853057
R0_vs_R2,d3_rainbow_trout,regression,mae,R0,R2,9,22,16,0.1984753628668562,0.1910688537978555,0.0074065090690007
R0_vs_R2,d3_rainbow_trout,regression,mae,R0,R2,9,23,16,0.1493857145541969,0.157127862019821,-0.0077421474656241
R0_vs_R2,d3_rainbow_trout,regression,mae,R0,R2,9,24,16,0.221510777900142,0.2223434201672159,-0.0008326422670738853
R0_vs_R2,d3_rainbow_trout,regression,mae,R0,R2,9,25,16,0.0707989157413723,0.0678666052154663,0.0029323105259060067
R0_vs_R2,d3_rainbow_trout,regression,mae,R0,R2,9,26,16,0.1157276984278223,0.1171913340871798,-0.001463635659357504
R0_vs_R2,d3_rainbow_trout,regression,mae,R0,R2,9,27,16,0.0944301274035075,0.0943126930210555,0.00011743438245200022
R0_vs_R2,d3_rainbow_trout,regression,mae,R0,R2,9,28,16,0.1780076337673,0.1763543689043211,0.0016532648629788982
R0_vs_R2,d3_rainbow_trout,regression,mae,R0,R2,9,29,16,0.0787805864412207,0.0796531634428834,-0.0008725770016626971
R0_vs_R2,d3_rainbow_trout,regression,mae,R0,R2,9,30,16,0.0801543715879669,0.0691547463627103,0.010999625225256604
R0_vs_R2,d3_rainbow_trout,regression,mae,R0,R2,9,31,16,0.0858900329599131,0.0855305839322955,0.00035944902761760045
R0_vs_R2,d3_rainbow_trout,regression,mae,R0,R2,9,32,16,0.0471865524578624,0.0497885305574664,-0.0026019780996039965
R0_vs_R2,d3_rainbow_trout,regression,mae,R0,R2,9,33,16,0.0520616545334687,0.0498803542284601,0.002181300305008599
R0_vs_R2,d3_rainbow_trout,regression,mae,R0,R2,9,34,16,0.0250334209351137,0.0289228236467317,-0.0038894027116180008
R0_vs_R2,d3_rainbow_trout,regression,mae,R0,R2,9,35,16,0.066712195097177,0.0643237671560718,0.002388427941105206
R0_vs_R2,d3_rainbow_trout,regression,mae,R0,R2,9,36,16,0.0625919877968524,0.0637157317125475,-0.0011237439156950996
R0_vs_R2,d3_rainbow_trout,regression,mae,R0,R2,9,37,16,0.0340730051394652,0.0314156542828878,0.002657350856577402
R0_vs_R2,d3_rainbow_trout,regression,mae,R0,R2,9,38,16,0.0681058201779131,0.0675214059547141,0.0005844142231989924
R0_vs_R2,d3_rainbow_trout,regression,mae,R0,R2,9,39,16,0.0684437849696254,0.0701049931211419,-0.001661208151516505
R0_vs_R2,d3_rainbow_trout,regression,mae,R0,R2,9,40,16,0.0580923248913868,0.0590850850707482,-0.000992760179361403
R0_vs_R2,d3_rainbow_trout,regression,mae,R0,R2,9,41,16,0.072405208805658,0.0777910683269022,-0.005385859521244207
R0_vs_R2,d3_rainbow_trout,regression,mae,R0,R2,9,42,16,0.038718056093313,0.0373167606365755,0.0014012954567374988
R0_vs_R2,d3_rainbow_trout,regression,mae,R0,R2,9,43,16,0.1005418555509967,0.0981578952990394,0.0023839602519573067
R0_vs_R2,d3_rainbow_trout,regression,mae,R0,R2,9,44,16,0.2675580026057148,0.2697275642265367,-0.002169561620821936
R0_vs_R2,d3_rainbow_trout,regression,mae,R0,R2,9,45,16,0.1370363311355487,0.1363619086405468,0.0006744224950019084
R0_vs_R2,d3_rainbow_trout,regression,mae,R0,R2,9,46,16,0.0562162792930619,0.0511393040566054,0.005076975236456505
R0_vs_R2,d3_rainbow_trout,regression,mae,R0,R2,9,47,16,0.0158386661084682,0.017807599679009,-0.0019689335705407977
R0_vs_R2,d3_rainbow_trout,regression,mae,R0,R2,9,48,16,0.0811332323778961,0.0796130564066983,0.0015201759711978013
R0_vs_R2,d3_rainbow_trout,regression,mae,R0,R2,9,49,16,0.0691684630977757,0.0722443481579433,-0.0030758850601675936
R0_vs_R2,d3_rainbow_trout,regression,mae,R0,R2,9,50,16,0.2135429498338467,0.2228900957537719,-0.009347145919925193
R0_vs_R2,d3_rainbow_trout,regression,mae,R0,R2,9,51,16,0.0362989372714205,0.0341733180538597,0.002125619217560798
R0_vs_R2,d3_rainbow_trout,regression,mae,R0,R2,9,52,16,0.0709547758025281,0.0679349943214391,0.003019781481089001
R0_vs_R2,d3_rainbow_trout,regression,mae,R0,R2,9,53,16,0.1852833477636771,0.1717848338148312,0.013498513948845908
R0_vs_R2,d3_rainbow_trout,regression,mae,R0,R2,9,54,16,0.2155369709620443,0.2213036870076304,-0.0057667160455860955
R0_vs_R2,d3_rainbow_trout,regression,mae,R0,R2,9,55,16,0.0734693905658769,0.0722527257289036,0.0012166648369733024
R0_vs_R2,d3_rainbow_trout,regression,mae,R0,R2,9,56,16,0.0536523368938928,0.0557832988672482,-0.002130961973355397
R0_vs_R2,d3_rainbow_trout,regression,mae,R0,R2,9,57,16,0.0667598615444047,0.0658249427485382,0.0009349187958665045
R0_vs_R2,d3_rainbow_trout,regression,mae,R0,R2,9,58,16,0.1102676849050731,0.1170696538751472,-0.006801968970074096
R0_vs_R2,d3_rainbow_trout,regression,mae,R0,R2,9,59,16,0.0658520041483255,0.0655639621746078,0.0002880419737176926
R0_vs_R2,d3_rainbow_trout,regression,mae,R0,R2,9,60,16,0.1678400414246258,0.1714778836384622,-0.0036378422138363953
R0_vs_R2,d3_rainbow_trout,regression,mae,R0,R2,9,61,16,0.1303199267360172,0.1348719511416984,-0.004552024405681199
R0_vs_R4,d3_rainbow_trout,classification,macro_f1,R0,R4,0,0,16,0.5,0.5,0.0
R0_vs_R4,d3_rainbow_trout,classification,macro_f1,R0,R4,0,1,16,0.75,0.75,0.0
R0_vs_R4,d3_rainbow_trout,classification,macro_f1,R0,R4,0,2,16,0.5,0.5,0.0
R0_vs_R4,d3_rainbow_trout,classification,macro_f1,R0,R4,0,3,16,0.25,0.25,0.0
R0_vs_R4,d3_rainbow_trout,classification,macro_f1,R0,R4,0,4,16,0.75,0.75,0.0
R0_vs_R4,d3_rainbow_trout,classification,macro_f1,R0,R4,0,5,16,0.5,0.5,0.0
R0_vs_R4,d3_rainbow_trout,classification,macro_f1,R0,R4,0,6,16,0.5,0.5,0.0
R0_vs_R4,d3_rainbow_trout,classification,macro_f1,R0,R4,0,7,16,0.75,0.75,0.0
R0_vs_R4,d3_rainbow_trout,classification,macro_f1,R0,R4,0,8,16,0.5,0.5,0.0
R0_vs_R4,d3_rainbow_trout,classification,macro_f1,R0,R4,0,9,16,0.5,0.5,0.0
R0_vs_R4,d3_rainbow_trout,classification,macro_f1,R0,R4,0,10,16,0.25,0.25,0.0
R0_vs_R4,d3_rainbow_trout,classification,macro_f1,R0,R4,0,11,16,0.7165178571428572,0.7213349713349714,-0.004817114192114169
R0_vs_R4,d3_rainbow_trout,classification,macro_f1,R0,R4,0,12,16,0.25,0.25,0.0
R0_vs_R4,d3_rainbow_trout,classification,macro_f1,R0,R4,0,13,16,0.7394323671497585,0.7342515748425157,0.005180792307242776
R0_vs_R4,d3_rainbow_trout,classification,macro_f1,R0,R4,0,14,16,0.62421269562939,0.6196212212695729,0.004591474359817105
R0_vs_R4,d3_rainbow_trout,classification,macro_f1,R0,R4,0,15,16,0.5,0.5,0.0
R0_vs_R4,d3_rainbow_trout,classification,macro_f1,R0,R4,0,16,16,0.75,0.75,0.0
R0_vs_R4,d3_rainbow_trout,classification,macro_f1,R0,R4,0,17,16,1.0,1.0,0.0
R0_vs_R4,d3_rainbow_trout,classification,macro_f1,R0,R4,0,18,16,0.75,0.75,0.0
R0_vs_R4,d3_rainbow_trout,classification,macro_f1,R0,R4,0,19,16,0.75,0.75,0.0
R0_vs_R4,d3_rainbow_trout,classification,macro_f1,R0,R4,0,20,16,0.25,0.25,0.0
R0_vs_R4,d3_rainbow_trout,classification,macro_f1,R0,R4,0,21,16,0.75,0.75,0.0
R0_vs_R4,d3_rainbow_trout,classification,macro_f1,R0,R4,0,22,16,0.5,0.5,0.0
R0_vs_R4,d3_rainbow_trout,classification,macro_f1,R0,R4,0,23,16,0.75,0.75,0.0
R0_vs_R4,d3_rainbow_trout,classification,macro_f1,R0,R4,0,24,16,0.75,0.75,0.0
R0_vs_R4,d3_rainbow_trout,classification,macro_f1,R0,R4,0,25,16,0.75,0.75,0.0
R0_vs_R4,d3_rainbow_trout,classification,macro_f1,R0,R4,0,26,16,0.5,0.5,0.0
R0_vs_R4,d3_rainbow_trout,classification,macro_f1,R0,R4,0,27,16,0.5271883289124668,0.5381899871630296,-0.011001658250562762
R0_vs_R4,d3_rainbow_trout,classification,macro_f1,R0,R4,0,28,16,0.7290528233151183,0.7338069001870003,-0.004754076871882007
R0_vs_R4,d3_rainbow_trout,classification,macro_f1,R0,R4,0,29,16,0.75,0.75,0.0
R0_vs_R4,d3_rainbow_trout,classification,macro_f1,R0,R4,0,30,16,0.5,0.5,0.0
R0_vs_R4,d3_rainbow_trout,classification,macro_f1,R0,R4,0,31,16,1.0,1.0,0.0
R0_vs_R4,d3_rainbow_trout,classification,macro_f1,R0,R4,0,32,16,0.5,0.5,0.0
R0_vs_R4,d3_rainbow_trout,classification,macro_f1,R0,R4,0,33,16,0.5,0.5,0.0
R0_vs_R4,d3_rainbow_trout,classification,macro_f1,R0,R4,0,34,16,0.5,0.5,0.0
R0_vs_R4,d3_rainbow_trout,classification,macro_f1,R0,R4,0,35,16,0.75,0.75,0.0
R0_vs_R4,d3_rainbow_trout,classification,macro_f1,R0,R4,0,36,16,0.75,0.75,0.0
R0_vs_R4,d3_rainbow_trout,classification,macro_f1,R0,R4,0,37,16,0.5,0.5,0.0
R0_vs_R4,d3_rainbow_trout,classification,macro_f1,R0,R4,0,38,16,0.75,0.75,0.0
R0_vs_R4,d3_rainbow_trout,classification,macro_f1,R0,R4,0,39,16,0.25,0.25,0.0
R0_vs_R4,d3_rainbow_trout,classification,macro_f1,R0,R4,0,40,16,0.25,0.25,0.0
R0_vs_R4,d3_rainbow_trout,classification,macro_f1,R0,R4,0,41,16,1.0,1.0,0.0
R0_vs_R4,d3_rainbow_trout,classification,macro_f1,R0,R4,0,42,16,0.75,0.75,0.0
R0_vs_R4,d3_rainbow_trout,classification,macro_f1,R0,R4,0,43,16,1.0,1.0,0.0
R0_vs_R4,d3_rainbow_trout,classification,macro_f1,R0,R4,0,44,16,0.75,0.75,0.0
R0_vs_R4,d3_rainbow_trout,classification,macro_f1,R0,R4,0,45,16,0.75,0.75,0.0
R0_vs_R4,d3_rainbow_trout,classification,macro_f1,R0,R4,0,46,16,0.5,0.5,0.0
R0_vs_R4,d3_rainbow_trout,classification,macro_f1,R0,R4,0,47,16,0.75,0.75,0.0
R0_vs_R4,d3_rainbow_trout,classification,macro_f1,R0,R4,0,48,16,0.7432762836185819,0.7396562514487043,0.0036200321698776072
R0_vs_R4,d3_rainbow_trout,classification,macro_f1,R0,R4,0,49,16,0.5,0.5,0.0
R0_vs_R4,d3_rainbow_trout,classification,macro_f1,R0,R4,0,50,16,0.5,0.5,0.0
R0_vs_R4,d3_rainbow_trout,classification,macro_f1,R0,R4,0,51,16,0.5,0.5,0.0
R0_vs_R4,d3_rainbow_trout,classification,macro_f1,R0,R4,0,52,16,0.5,0.5,0.0
R0_vs_R4,d3_rainbow_trout,classification,macro_f1,R0,R4,0,53,16,0.5,0.5,0.0
R0_vs_R4,d3_rainbow_trout,classification,macro_f1,R0,R4,0,54,16,0.5,0.5,0.0
R0_vs_R4,d3_rainbow_trout,classification,macro_f1,R0,R4,0,55,16,0.75,0.75,0.0
R0_vs_R4,d3_rainbow_trout,classification,macro_f1,R0,R4,0,56,16,0.5,0.5,0.0
R0_vs_R4,d3_rainbow_trout,classification,macro_f1,R0,R4,0,57,16,0.75,0.75,0.0
R0_vs_R4,d3_rainbow_trout,classification,macro_f1,R0,R4,0,58,16,0.75,0.75,0.0
R0_vs_R4,d3_rainbow_trout,classification,macro_f1,R0,R4,0,59,16,0.75,0.75,0.0
R0_vs_R4,d3_rainbow_trout,classification,macro_f1,R0,R4,0,60,16,1.0,1.0,0.0
R0_vs_R4,d3_rainbow_trout,classification,macro_f1,R0,R4,0,61,16,0.75,0.75,0.0
R0_vs_R4,d3_rainbow_trout,classification,macro_f1,R0,R4,1,0,16,0.75,0.75,0.0
R0_vs_R4,d3_rainbow_trout,classification,macro_f1,R0,R4,1,1,16,0.75,0.75,0.0
R0_vs_R4,d3_rainbow_trout,classification,macro_f1,R0,R4,1,2,16,0.75,0.7482014388489209,0.0017985611510791255
R0_vs_R4,d3_rainbow_trout,classification,macro_f1,R0,R4,1,3,16,0.7074684194550167,0.6908333333333333,0.016635086121683407
R0_vs_R4,d3_rainbow_trout,classification,macro_f1,R0,R4,1,4,16,0.75,0.75,0.0
R0_vs_R4,d3_rainbow_trout,classification,macro_f1,R0,R4,1,5,16,0.75,0.75,0.0
R0_vs_R4,d3_rainbow_trout,classification,macro_f1,R0,R4,1,6,16,0.5,0.5,0.0
R0_vs_R4,d3_rainbow_trout,classification,macro_f1,R0,R4,1,7,16,0.7192946378078248,0.7142857142857143,0.005008923522110464
R0_vs_R4,d3_rainbow_trout,classification,macro_f1,R0,R4,1,8,16,0.75,0.75,0.0
R0_vs_R4,d3_rainbow_trout,classification,macro_f1,R0,R4,1,9,16,0.75,0.75,0.0
R0_vs_R4,d3_rainbow_trout,classification,macro_f1,R0,R4,1,10,16,1.0,1.0,0.0
R0_vs_R4,d3_rainbow_trout,classification,macro_f1,R0,R4,1,11,16,0.75,0.75,0.0
R0_vs_R4,d3_rainbow_trout,classification,macro_f1,R0,R4,1,12,16,0.75,0.7411739983188568,0.008826001681143225
R0_vs_R4,d3_rainbow_trout,classification,macro_f1,R0,R4,1,13,16,0.75,0.75,0.0
R0_vs_R4,d3_rainbow_trout,classification,macro_f1,R0,R4,1,14,16,1.0,1.0,0.0
R0_vs_R4,d3_rainbow_trout,classification,macro_f1,R0,R4,1,15,16,0.5,0.5,0.0
R0_vs_R4,d3_rainbow_trout,classification,macro_f1,R0,R4,1,16,16,0.75,0.75,0.0
R0_vs_R4,d3_rainbow_trout,classification,macro_f1,R0,R4,1,17,16,0.25,0.25,0.0
R0_vs_R4,d3_rainbow_trout,classification,macro_f1,R0,R4,1,18,16,0.25,0.25,0.0
R0_vs_R4,d3_rainbow_trout,classification,macro_f1,R0,R4,1,19,16,0.75,0.75,0.0
R0_vs_R4,d3_rainbow_trout,classification,macro_f1,R0,R4,1,20,16,0.25,0.25,0.0
R0_vs_R4,d3_rainbow_trout,classification,macro_f1,R0,R4,1,21,16,0.5,0.5,0.0
R0_vs_R4,d3_rainbow_trout,classification,macro_f1,R0,R4,1,22,16,0.5453216374269005,0.5882849761526232,-0.042963338725722666
R0_vs_R4,d3_rainbow_trout,classification,macro_f1,R0,R4,1,23,16,0.5,0.5,0.0
R0_vs_R4,d3_rainbow_trout,classification,macro_f1,R0,R4,1,24,16,0.75,0.75,0.0
R0_vs_R4,d3_rainbow_trout,classification,macro_f1,R0,R4,1,25,16,0.5,0.5,0.0
R0_vs_R4,d3_rainbow_trout,classification,macro_f1,R0,R4,1,26,16,0.75,0.75,0.0
R0_vs_R4,d3_rainbow_trout,classification,macro_f1,R0,R4,1,27,16,0.5,0.5,0.0
R0_vs_R4,d3_rainbow_trout,classification,macro_f1,R0,R4,1,28,16,0.75,0.75,0.0
R0_vs_R4,d3_rainbow_trout,classification,macro_f1,R0,R4,1,29,16,0.5,0.5,0.0
R0_vs_R4,d3_rainbow_trout,classification,macro_f1,R0,R4,1,30,16,0.75,0.75,0.0
R0_vs_R4,d3_rainbow_trout,classification,macro_f1,R0,R4,1,31,16,0.5,0.5,0.0
R0_vs_R4,d3_rainbow_trout,classification,macro_f1,R0,R4,1,32,16,0.75,0.75,0.0
R0_vs_R4,d3_rainbow_trout,classification,macro_f1,R0,R4,1,33,16,0.75,0.75,0.0
R0_vs_R4,d3_rainbow_trout,classification,macro_f1,R0,R4,1,34,16,0.75,0.75,0.0
R0_vs_R4,d3_rainbow_trout,classification,macro_f1,R0,R4,1,35,16,0.5,0.5,0.0
R0_vs_R4,d3_rainbow_trout,classification,macro_f1,R0,R4,1,36,16,0.75,0.75,0.0
R0_vs_R4,d3_rainbow_trout,classification,macro_f1,R0,R4,1,37,16,1.0,1.0,0.0
R0_vs_R4,d3_rainbow_trout,classification,macro_f1,R0,R4,1,38,16,0.25,0.25,0.0
R0_vs_R4,d3_rainbow_trout,classification,macro_f1,R0,R4,1,39,16,0.5,0.5,0.0
R0_vs_R4,d3_rainbow_trout,classification,macro_f1,R0,R4,1,40,16,0.75,0.75,0.0
R0_vs_R4,d3_rainbow_trout,classification,macro_f1,R0,R4,1,41,16,0.5,0.5,0.0
R0_vs_R4,d3_rainbow_trout,classification,macro_f1,R0,R4,1,42,16,0.5,0.5,0.0
R0_vs_R4,d3_rainbow_trout,classification,macro_f1,R0,R4,1,43,16,0.5,0.5,0.0
R0_vs_R4,d3_rainbow_trout,classification,macro_f1,R0,R4,1,44,16,1.0,1.0,0.0
R0_vs_R4,d3_rainbow_trout,classification,macro_f1,R0,R4,1,45,16,0.5,0.5,0.0
R0_vs_R4,d3_rainbow_trout,classification,macro_f1,R0,R4,1,46,16,0.7141025641025641,0.7116823282547212,0.0024202358478429
R0_vs_R4,d3_rainbow_trout,classification,macro_f1,R0,R4,1,47,16,0.75,0.75,0.0
R0_vs_R4,d3_rainbow_trout,classification,macro_f1,R0,R4,1,48,16,0.5,0.5,0.0
R0_vs_R4,d3_rainbow_trout,classification,macro_f1,R0,R4,1,49,16,0.25,0.25,0.0
R0_vs_R4,d3_rainbow_trout,classification,macro_f1,R0,R4,1,50,16,0.5,0.5,0.0
R0_vs_R4,d3_rainbow_trout,classification,macro_f1,R0,R4,1,51,16,0.5,0.5,0.0
R0_vs_R4,d3_rainbow_trout,classification,macro_f1,R0,R4,1,52,16,0.25,0.25,0.0
R0_vs_R4,d3_rainbow_trout,classification,macro_f1,R0,R4,1,53,16,0.5,0.5,0.0
R0_vs_R4,d3_rainbow_trout,classification,macro_f1,R0,R4,1,54,16,0.5,0.5,0.0
R0_vs_R4,d3_rainbow_trout,classification,macro_f1,R0,R4,1,55,16,0.75,0.75,0.0
R0_vs_R4,d3_rainbow_trout,classification,macro_f1,R0,R4,1,56,16,0.75,0.75,0.0
R0_vs_R4,d3_rainbow_trout,classification,macro_f1,R0,R4,1,57,16,0.5,0.5,0.0
R0_vs_R4,d3_rainbow_trout,classification,macro_f1,R0,R4,1,58,16,0.75,0.75,0.0
R0_vs_R4,d3_rainbow_trout,classification,macro_f1,R0,R4,1,59,16,0.5,0.5,0.0
R0_vs_R4,d3_rainbow_trout,classification,macro_f1,R0,R4,1,60,16,1.0,1.0,0.0
R0_vs_R4,d3_rainbow_trout,classification,macro_f1,R0,R4,1,61,16,0.5,0.5,0.0
R0_vs_R4,d3_rainbow_trout,classification,macro_f1,R0,R4,2,0,16,0.25,0.25,0.0
R0_vs_R4,d3_rainbow_trout,classification,macro_f1,R0,R4,2,1,16,0.5,0.5,0.0
R0_vs_R4,d3_rainbow_trout,classification,macro_f1,R0,R4,2,2,16,0.75,0.75,0.0
R0_vs_R4,d3_rainbow_trout,classification,macro_f1,R0,R4,2,3,16,0.25,0.25,0.0
R0_vs_R4,d3_rainbow_trout,classification,macro_f1,R0,R4,2,4,16,0.7384806973848069,0.7192946378078248,0.019186059576982162
R0_vs_R4,d3_rainbow_trout,classification,macro_f1,R0,R4,2,5,16,0.75,0.75,0.0
R0_vs_R4,d3_rainbow_trout,classification,macro_f1,R0,R4,2,6,16,0.75,0.75,0.0
R0_vs_R4,d3_rainbow_trout,classification,macro_f1,R0,R4,2,7,16,1.0,1.0,0.0
R0_vs_R4,d3_rainbow_trout,classification,macro_f1,R0,R4,2,8,16,0.5,0.5,0.0
R0_vs_R4,d3_rainbow_trout,classification,macro_f1,R0,R4,2,9,16,0.75,0.75,0.0
R0_vs_R4,d3_rainbow_trout,classification,macro_f1,R0,R4,2,10,16,0.5,0.5,0.0
R0_vs_R4,d3_rainbow_trout,classification,macro_f1,R0,R4,2,11,16,0.75,0.75,0.0
R0_vs_R4,d3_rainbow_trout,classification,macro_f1,R0,R4,2,12,16,0.7342515748425157,0.7325388026607539,0.0017127721817618013
R0_vs_R4,d3_rainbow_trout,classification,macro_f1,R0,R4,2,13,16,0.5,0.5,0.0
R0_vs_R4,d3_rainbow_trout,classification,macro_f1,R0,R4,2,14,16,1.0,1.0,0.0
R0_vs_R4,d3_rainbow_trout,classification,macro_f1,R0,R4,2,15,16,0.5,0.5,0.0
R0_vs_R4,d3_rainbow_trout,classification,macro_f1,R0,R4,2,16,16,0.5,0.5,0.0
R0_vs_R4,d3_rainbow_trout,classification,macro_f1,R0,R4,2,17,16,0.5,0.5,0.0
R0_vs_R4,d3_rainbow_trout,classification,macro_f1,R0,R4,2,18,16,0.25,0.25,0.0
R0_vs_R4,d3_rainbow_trout,classification,macro_f1,R0,R4,2,19,16,0.75,0.75,0.0
R0_vs_R4,d3_rainbow_trout,classification,macro_f1,R0,R4,2,20,16,0.75,0.75,0.0
R0_vs_R4,d3_rainbow_trout,classification,macro_f1,R0,R4,2,21,16,0.5,0.5,0.0
R0_vs_R4,d3_rainbow_trout,classification,macro_f1,R0,R4,2,22,16,0.75,0.75,0.0
R0_vs_R4,d3_rainbow_trout,classification,macro_f1,R0,R4,2,23,16,0.75,0.75,0.0
R0_vs_R4,d3_rainbow_trout,classification,macro_f1,R0,R4,2,24,16,0.5,0.5,0.0
R0_vs_R4,d3_rainbow_trout,classification,macro_f1,R0,R4,2,25,16,0.75,0.75,0.0
R0_vs_R4,d3_rainbow_trout,classification,macro_f1,R0,R4,2,26,16,0.5,0.5,0.0
R0_vs_R4,d3_rainbow_trout,classification,macro_f1,R0,R4,2,27,16,1.0,1.0,0.0
R0_vs_R4,d3_rainbow_trout,classification,macro_f1,R0,R4,2,28,16,0.75,0.75,0.0
R0_vs_R4,d3_rainbow_trout,classification,macro_f1,R0,R4,2,29,16,0.25,0.25,0.0
R0_vs_R4,d3_rainbow_trout,classification,macro_f1,R0,R4,2,30,16,0.5,0.5,0.0
R0_vs_R4,d3_rainbow_trout,classification,macro_f1,R0,R4,2,31,16,0.25,0.25,0.0
R0_vs_R4,d3_rainbow_trout,classification,macro_f1,R0,R4,2,32,16,0.75,0.75,0.0
R0_vs_R4,d3_rainbow_trout,classification,macro_f1,R0,R4,2,33,16,0.6538258296343268,0.6896204715353651,-0.035794641901038315
R0_vs_R4,d3_rainbow_trout,classification,macro_f1,R0,R4,2,34,16,1.0,1.0,0.0
R0_vs_R4,d3_rainbow_trout,classification,macro_f1,R0,R4,2,35,16,0.5,0.5,0.0
R0_vs_R4,d3_rainbow_trout,classification,macro_f1,R0,R4,2,36,16,0.75,0.75,0.0
R0_vs_R4,d3_rainbow_trout,classification,macro_f1,R0,R4,2,37,16,0.75,0.75,0.0
R0_vs_R4,d3_rainbow_trout,classification,macro_f1,R0,R4,2,38,16,0.75,0.75,0.0
R0_vs_R4,d3_rainbow_trout,classification,macro_f1,R0,R4,2,39,16,0.75,0.75,0.0
R0_vs_R4,d3_rainbow_trout,classification,macro_f1,R0,R4,2,40,16,0.661465663928744,0.6273967967516354,0.03406886717710855
R0_vs_R4,d3_rainbow_trout,classification,macro_f1,R0,R4,2,41,16,0.5,0.5,0.0
R0_vs_R4,d3_rainbow_trout,classification,macro_f1,R0,R4,2,42,16,0.5,0.5,0.0
R0_vs_R4,d3_rainbow_trout,classification,macro_f1,R0,R4,2,43,16,0.5,0.5,0.0
R0_vs_R4,d3_rainbow_trout,classification,macro_f1,R0,R4,2,44,16,0.735702614379085,0.7452376632801161,-0.009535048901031073
R0_vs_R4,d3_rainbow_trout,classification,macro_f1,R0,R4,2,45,16,0.75,0.75,0.0
R0_vs_R4,d3_rainbow_trout,classification,macro_f1,R0,R4,2,46,16,0.7469879518072289,0.7400990099009901,0.006888941906238788
R0_vs_R4,d3_rainbow_trout,classification,macro_f1,R0,R4,2,47,16,0.5,0.5,0.0
R0_vs_R4,d3_rainbow_trout,classification,macro_f1,R0,R4,2,48,16,0.75,0.75,0.0
R0_vs_R4,d3_rainbow_trout,classification,macro_f1,R0,R4,2,49,16,0.5,0.4988038277511961,0.0011961722488039173
R0_vs_R4,d3_rainbow_trout,classification,macro_f1,R0,R4,2,50,16,0.75,0.75,0.0
R0_vs_R4,d3_rainbow_trout,classification,macro_f1,R0,R4,2,51,16,0.5,0.5,0.0
R0_vs_R4,d3_rainbow_trout,classification,macro_f1,R0,R4,2,52,16,0.5,0.5,0.0
R0_vs_R4,d3_rainbow_trout,classification,macro_f1,R0,R4,2,53,16,0.5,0.5,0.0
R0_vs_R4,d3_rainbow_trout,classification,macro_f1,R0,R4,2,54,16,0.75,0.75,0.0
R0_vs_R4,d3_rainbow_trout,classification,macro_f1,R0,R4,2,55,16,0.75,0.75,0.0
R0_vs_R4,d3_rainbow_trout,classification,macro_f1,R0,R4,2,56,16,0.75,0.75,0.0
R0_vs_R4,d3_rainbow_trout,classification,macro_f1,R0,R4,2,57,16,0.75,0.75,0.0
R0_vs_R4,d3_rainbow_trout,classification,macro_f1,R0,R4,2,58,16,1.0,1.0,0.0
R0_vs_R4,d3_rainbow_trout,classification,macro_f1,R0,R4,2,59,16,0.5,0.5,0.0
R0_vs_R4,d3_rainbow_trout,classification,macro_f1,R0,R4,2,60,16,0.25,0.25,0.0
R0_vs_R4,d3_rainbow_trout,classification,macro_f1,R0,R4,2,61,16,0.5,0.5,0.0
R0_vs_R4,d3_rainbow_trout,classification,macro_f1,R0,R4,3,0,16,0.5453216374269005,0.7165178571428572,-0.17119621971595667
R0_vs_R4,d3_rainbow_trout,classification,macro_f1,R0,R4,3,1,16,0.75,0.75,0.0
R0_vs_R4,d3_rainbow_trout,classification,macro_f1,R0,R4,3,2,16,0.5,0.5,0.0
R0_vs_R4,d3_rainbow_trout,classification,macro_f1,R0,R4,3,3,16,0.75,0.75,0.0
R0_vs_R4,d3_rainbow_trout,classification,macro_f1,R0,R4,3,4,16,0.75,0.75,0.0
R0_vs_R4,d3_rainbow_trout,classification,macro_f1,R0,R4,3,5,16,1.0,1.0,0.0
R0_vs_R4,d3_rainbow_trout,classification,macro_f1,R0,R4,3,6,16,0.75,0.75,0.0
R0_vs_R4,d3_rainbow_trout,classification,macro_f1,R0,R4,3,7,16,0.728531997546514,0.7428556848336395,-0.01432368728712552
R0_vs_R4,d3_rainbow_trout,classification,macro_f1,R0,R4,3,8,16,0.5,0.5,0.0
R0_vs_R4,d3_rainbow_trout,classification,macro_f1,R0,R4,3,9,16,0.75,0.75,0.0
R0_vs_R4,d3_rainbow_trout,classification,macro_f1,R0,R4,3,10,16,0.5,0.5,0.0
R0_vs_R4,d3_rainbow_trout,classification,macro_f1,R0,R4,3,11,16,0.5,0.5,0.0
R0_vs_R4,d3_rainbow_trout,classification,macro_f1,R0,R4,3,12,16,0.7290528233151183,0.7290528233151183,0.0
R0_vs_R4,d3_rainbow_trout,classification,macro_f1,R0,R4,3,13,16,0.7482014388489209,0.7240740740740741,0.024127364774846782
R0_vs_R4,d3_rainbow_trout,classification,macro_f1,R0,R4,3,14,16,0.5,0.5,0.0
R0_vs_R4,d3_rainbow_trout,classification,macro_f1,R0,R4,3,15,16,1.0,1.0,0.0
R0_vs_R4,d3_rainbow_trout,classification,macro_f1,R0,R4,3,16,16,1.0,1.0,0.0
R0_vs_R4,d3_rainbow_trout,classification,macro_f1,R0,R4,3,17,16,0.75,0.75,0.0
R0_vs_R4,d3_rainbow_trout,classification,macro_f1,R0,R4,3,18,16,1.0,1.0,0.0
R0_vs_R4,d3_rainbow_trout,classification,macro_f1,R0,R4,3,19,16,0.25,0.25,0.0
R0_vs_R4,d3_rainbow_trout,classification,macro_f1,R0,R4,3,20,16,0.5,0.5,0.0
R0_vs_R4,d3_rainbow_trout,classification,macro_f1,R0,R4,3,21,16,0.5,0.5,0.0
R0_vs_R4,d3_rainbow_trout,classification,macro_f1,R0,R4,3,22,16,0.75,0.75,0.0
R0_vs_R4,d3_rainbow_trout,classification,macro_f1,R0,R4,3,23,16,0.75,0.75,0.0
R0_vs_R4,d3_rainbow_trout,classification,macro_f1,R0,R4,3,24,16,0.75,0.75,0.0
R0_vs_R4,d3_rainbow_trout,classification,macro_f1,R0,R4,3,25,16,0.5,0.5,0.0
R0_vs_R4,d3_rainbow_trout,classification,macro_f1,R0,R4,3,26,16,0.75,0.75,0.0
R0_vs_R4,d3_rainbow_trout,classification,macro_f1,R0,R4,3,27,16,0.75,0.75,0.0
R0_vs_R4,d3_rainbow_trout,classification,macro_f1,R0,R4,3,28,16,0.5,0.5,0.0
R0_vs_R4,d3_rainbow_trout,classification,macro_f1,R0,R4,3,29,16,0.25,0.25,0.0
R0_vs_R4,d3_rainbow_trout,classification,macro_f1,R0,R4,3,30,16,0.75,0.75,0.0
R0_vs_R4,d3_rainbow_trout,classification,macro_f1,R0,R4,3,31,16,0.75,0.75,0.0
R0_vs_R4,d3_rainbow_trout,classification,macro_f1,R0,R4,3,32,16,0.75,0.75,0.0
R0_vs_R4,d3_rainbow_trout,classification,macro_f1,R0,R4,3,33,16,0.5,0.5,0.0
R0_vs_R4,d3_rainbow_trout,classification,macro_f1,R0,R4,3,34,16,0.674677693487543,0.624288280773935,0.050389412713608084
R0_vs_R4,d3_rainbow_trout,classification,macro_f1,R0,R4,3,35,16,1.0,1.0,0.0
R0_vs_R4,d3_rainbow_trout,classification,macro_f1,R0,R4,3,36,16,0.5,0.5,0.0
R0_vs_R4,d3_rainbow_trout,classification,macro_f1,R0,R4,3,37,16,0.75,0.75,0.0
R0_vs_R4,d3_rainbow_trout,classification,macro_f1,R0,R4,3,38,16,0.75,0.75,0.0
R0_vs_R4,d3_rainbow_trout,classification,macro_f1,R0,R4,3,39,16,0.25,0.25,0.0
R0_vs_R4,d3_rainbow_trout,classification,macro_f1,R0,R4,3,40,16,0.5,0.5,0.0
R0_vs_R4,d3_rainbow_trout,classification,macro_f1,R0,R4,3,41,16,0.75,0.75,0.0
R0_vs_R4,d3_rainbow_trout,classification,macro_f1,R0,R4,3,42,16,0.4988038277511961,0.4939024390243902,0.0049013887268059
R0_vs_R4,d3_rainbow_trout,classification,macro_f1,R0,R4,3,43,16,0.75,0.75,0.0
R0_vs_R4,d3_rainbow_trout,classification,macro_f1,R0,R4,3,44,16,0.75,0.75,0.0
R0_vs_R4,d3_rainbow_trout,classification,macro_f1,R0,R4,3,45,16,0.75,0.75,0.0
R0_vs_R4,d3_rainbow_trout,classification,macro_f1,R0,R4,3,46,16,0.25,0.25,0.0
R0_vs_R4,d3_rainbow_trout,classification,macro_f1,R0,R4,3,47,16,0.25,0.25,0.0
R0_vs_R4,d3_rainbow_trout,classification,macro_f1,R0,R4,3,48,16,0.75,0.75,0.0
R0_vs_R4,d3_rainbow_trout,classification,macro_f1,R0,R4,3,49,16,0.75,0.75,0.0
R0_vs_R4,d3_rainbow_trout,classification,macro_f1,R0,R4,3,50,16,0.5,0.5,0.0
R0_vs_R4,d3_rainbow_trout,classification,macro_f1,R0,R4,3,51,16,0.5,0.5,0.0
R0_vs_R4,d3_rainbow_trout,classification,macro_f1,R0,R4,3,52,16,0.5,0.5,0.0
R0_vs_R4,d3_rainbow_trout,classification,macro_f1,R0,R4,3,53,16,0.5,0.5,0.0
R0_vs_R4,d3_rainbow_trout,classification,macro_f1,R0,R4,3,54,16,0.5,0.5,0.0
R0_vs_R4,d3_rainbow_trout,classification,macro_f1,R0,R4,3,55,16,0.5,0.5,0.0
R0_vs_R4,d3_rainbow_trout,classification,macro_f1,R0,R4,3,56,16,0.75,0.75,0.0
R0_vs_R4,d3_rainbow_trout,classification,macro_f1,R0,R4,3,57,16,0.5,0.5,0.0
R0_vs_R4,d3_rainbow_trout,classification,macro_f1,R0,R4,3,58,16,0.5,0.5,0.0
R0_vs_R4,d3_rainbow_trout,classification,macro_f1,R0,R4,3,59,16,0.25,0.25,0.0
R0_vs_R4,d3_rainbow_trout,classification,macro_f1,R0,R4,3,60,16,0.5,0.5,0.0
R0_vs_R4,d3_rainbow_trout,classification,macro_f1,R0,R4,3,61,16,0.75,0.75,0.0
R0_vs_R4,d3_rainbow_trout,classification,macro_f1,R0,R4,4,0,16,0.75,0.75,0.0
R0_vs_R4,d3_rainbow_trout,classification,macro_f1,R0,R4,4,1,16,0.75,0.75,0.0
R0_vs_R4,d3_rainbow_trout,classification,macro_f1,R0,R4,4,2,16,0.75,0.75,0.0
R0_vs_R4,d3_rainbow_trout,classification,macro_f1,R0,R4,4,3,16,0.75,0.75,0.0
R0_vs_R4,d3_rainbow_trout,classification,macro_f1,R0,R4,4,4,16,0.75,0.75,0.0
R0_vs_R4,d3_rainbow_trout,classification,macro_f1,R0,R4,4,5,16,0.75,0.75,0.0
R0_vs_R4,d3_rainbow_trout,classification,macro_f1,R0,R4,4,6,16,0.5,0.5,0.0
R0_vs_R4,d3_rainbow_trout,classification,macro_f1,R0,R4,4,7,16,0.7429232566498922,0.75,-0.0070767433501077726
R0_vs_R4,d3_rainbow_trout,classification,macro_f1,R0,R4,4,8,16,0.25,0.25,0.0
R0_vs_R4,d3_rainbow_trout,classification,macro_f1,R0,R4,4,9,16,0.5,0.5,0.0
R0_vs_R4,d3_rainbow_trout,classification,macro_f1,R0,R4,4,10,16,0.6209607460420733,0.5944444444444444,0.026516301597628855
R0_vs_R4,d3_rainbow_trout,classification,macro_f1,R0,R4,4,11,16,0.5,0.5,0.0
R0_vs_R4,d3_rainbow_trout,classification,macro_f1,R0,R4,4,12,16,0.5,0.5,0.0
R0_vs_R4,d3_rainbow_trout,classification,macro_f1,R0,R4,4,13,16,1.0,1.0,0.0
R0_vs_R4,d3_rainbow_trout,classification,macro_f1,R0,R4,4,14,16,0.7482014388489209,0.75,-0.0017985611510791255
R0_vs_R4,d3_rainbow_trout,classification,macro_f1,R0,R4,4,15,16,0.5,0.5,0.0
R0_vs_R4,d3_rainbow_trout,classification,macro_f1,R0,R4,4,16,16,0.75,0.75,0.0
R0_vs_R4,d3_rainbow_trout,classification,macro_f1,R0,R4,4,17,16,0.5,0.5,0.0
R0_vs_R4,d3_rainbow_trout,classification,macro_f1,R0,R4,4,18,16,0.75,0.75,0.0
R0_vs_R4,d3_rainbow_trout,classification,macro_f1,R0,R4,4,19,16,0.25,0.25,0.0
R0_vs_R4,d3_rainbow_trout,classification,macro_f1,R0,R4,4,20,16,0.5,0.5,0.0
R0_vs_R4,d3_rainbow_trout,classification,macro_f1,R0,R4,4,21,16,0.5,0.5,0.0
R0_vs_R4,d3_rainbow_trout,classification,macro_f1,R0,R4,4,22,16,1.0,1.0,0.0
R0_vs_R4,d3_rainbow_trout,classification,macro_f1,R0,R4,4,23,16,0.75,0.75,0.0
R0_vs_R4,d3_rainbow_trout,classification,macro_f1,R0,R4,4,24,16,0.5,0.5,0.0
R0_vs_R4,d3_rainbow_trout,classification,macro_f1,R0,R4,4,25,16,0.6771600768402609,0.6547132299577844,0.022446846882476557
R0_vs_R4,d3_rainbow_trout,classification,macro_f1,R0,R4,4,26,16,0.5,0.5,0.0
R0_vs_R4,d3_rainbow_trout,classification,macro_f1,R0,R4,4,27,16,0.75,0.75,0.0
R0_vs_R4,d3_rainbow_trout,classification,macro_f1,R0,R4,4,28,16,0.5,0.5,0.0
R0_vs_R4,d3_rainbow_trout,classification,macro_f1,R0,R4,4,29,16,0.75,0.75,0.0
R0_vs_R4,d3_rainbow_trout,classification,macro_f1,R0,R4,4,30,16,0.5,0.5,0.0
R0_vs_R4,d3_rainbow_trout,classification,macro_f1,R0,R4,4,31,16,0.75,0.75,0.0
R0_vs_R4,d3_rainbow_trout,classification,macro_f1,R0,R4,4,32,16,0.25,0.25,0.0
R0_vs_R4,d3_rainbow_trout,classification,macro_f1,R0,R4,4,33,16,0.25,0.25,0.0
R0_vs_R4,d3_rainbow_trout,classification,macro_f1,R0,R4,4,34,16,1.0,1.0,0.0
R0_vs_R4,d3_rainbow_trout,classification,macro_f1,R0,R4,4,35,16,0.477979274611399,0.4607438016528925,0.01723547295850647
R0_vs_R4,d3_rainbow_trout,classification,macro_f1,R0,R4,4,36,16,0.7290528233151183,0.7384806973848069,-0.009427874069688591
R0_vs_R4,d3_rainbow_trout,classification,macro_f1,R0,R4,4,37,16,0.5,0.5,0.0
R0_vs_R4,d3_rainbow_trout,classification,macro_f1,R0,R4,4,38,16,0.75,0.75,0.0
R0_vs_R4,d3_rainbow_trout,classification,macro_f1,R0,R4,4,39,16,0.75,0.75,0.0
R0_vs_R4,d3_rainbow_trout,classification,macro_f1,R0,R4,4,40,16,0.75,0.75,0.0
R0_vs_R4,d3_rainbow_trout,classification,macro_f1,R0,R4,4,41,16,1.0,1.0,0.0
R0_vs_R4,d3_rainbow_trout,classification,macro_f1,R0,R4,4,42,16,0.25,0.25,0.0
R0_vs_R4,d3_rainbow_trout,classification,macro_f1,R0,R4,4,43,16,0.5,0.5,0.0
R0_vs_R4,d3_rainbow_trout,classification,macro_f1,R0,R4,4,44,16,0.5,0.5,0.0
R0_vs_R4,d3_rainbow_trout,classification,macro_f1,R0,R4,4,45,16,0.75,0.75,0.0
R0_vs_R4,d3_rainbow_trout,classification,macro_f1,R0,R4,4,46,16,0.5,0.5,0.0
R0_vs_R4,d3_rainbow_trout,classification,macro_f1,R0,R4,4,47,16,1.0,1.0,0.0
R0_vs_R4,d3_rainbow_trout,classification,macro_f1,R0,R4,4,48,16,0.75,0.75,0.0
R0_vs_R4,d3_rainbow_trout,classification,macro_f1,R0,R4,4,49,16,0.75,0.75,0.0
R0_vs_R4,d3_rainbow_trout,classification,macro_f1,R0,R4,4,50,16,0.75,0.75,0.0
R0_vs_R4,d3_rainbow_trout,classification,macro_f1,R0,R4,4,51,16,0.7333147942157954,0.7476189936279733,-0.014304199412177976
R0_vs_R4,d3_rainbow_trout,classification,macro_f1,R0,R4,4,52,16,0.75,0.75,0.0
R0_vs_R4,d3_rainbow_trout,classification,macro_f1,R0,R4,4,53,16,0.5,0.5,0.0
R0_vs_R4,d3_rainbow_trout,classification,macro_f1,R0,R4,4,54,16,0.75,0.75,0.0
R0_vs_R4,d3_rainbow_trout,classification,macro_f1,R0,R4,4,55,16,0.5,0.5,0.0
R0_vs_R4,d3_rainbow_trout,classification,macro_f1,R0,R4,4,56,16,0.75,0.75,0.0
R0_vs_R4,d3_rainbow_trout,classification,macro_f1,R0,R4,4,57,16,0.75,0.75,0.0
R0_vs_R4,d3_rainbow_trout,classification,macro_f1,R0,R4,4,58,16,0.5,0.5,0.0
R0_vs_R4,d3_rainbow_trout,classification,macro_f1,R0,R4,4,59,16,0.25,0.25,0.0
R0_vs_R4,d3_rainbow_trout,classification,macro_f1,R0,R4,4,60,16,0.5,0.5,0.0
R0_vs_R4,d3_rainbow_trout,classification,macro_f1,R0,R4,4,61,16,0.5,0.5,0.0
R0_vs_R4,d3_rainbow_trout,classification,macro_f1,R0,R4,5,0,16,0.75,0.75,0.0
R0_vs_R4,d3_rainbow_trout,classification,macro_f1,R0,R4,5,1,16,0.75,0.75,0.0
R0_vs_R4,d3_rainbow_trout,classification,macro_f1,R0,R4,5,2,16,0.5,0.5,0.0
R0_vs_R4,d3_rainbow_trout,classification,macro_f1,R0,R4,5,3,16,0.7290528233151183,0.7338069001870003,-0.004754076871882007
R0_vs_R4,d3_rainbow_trout,classification,macro_f1,R0,R4,5,4,16,0.5,0.5,0.0
R0_vs_R4,d3_rainbow_trout,classification,macro_f1,R0,R4,5,5,16,0.5,0.5,0.0
R0_vs_R4,d3_rainbow_trout,classification,macro_f1,R0,R4,5,6,16,0.75,0.75,0.0
R0_vs_R4,d3_rainbow_trout,classification,macro_f1,R0,R4,5,7,16,0.75,0.75,0.0
R0_vs_R4,d3_rainbow_trout,classification,macro_f1,R0,R4,5,8,16,0.5,0.5,0.0
R0_vs_R4,d3_rainbow_trout,classification,macro_f1,R0,R4,5,9,16,0.75,0.75,0.0
R0_vs_R4,d3_rainbow_trout,classification,macro_f1,R0,R4,5,10,16,0.25,0.25,0.0
R0_vs_R4,d3_rainbow_trout,classification,macro_f1,R0,R4,5,11,16,1.0,1.0,0.0
R0_vs_R4,d3_rainbow_trout,classification,macro_f1,R0,R4,5,12,16,0.75,0.75,0.0
R0_vs_R4,d3_rainbow_trout,classification,macro_f1,R0,R4,5,13,16,0.5,0.5,0.0
R0_vs_R4,d3_rainbow_trout,classification,macro_f1,R0,R4,5,14,16,0.75,0.75,0.0
R0_vs_R4,d3_rainbow_trout,classification,macro_f1,R0,R4,5,15,16,0.25,0.25,0.0
R0_vs_R4,d3_rainbow_trout,classification,macro_f1,R0,R4,5,16,16,0.75,0.75,0.0
R0_vs_R4,d3_rainbow_trout,classification,macro_f1,R0,R4,5,17,16,0.5,0.5,0.0
R0_vs_R4,d3_rainbow_trout,classification,macro_f1,R0,R4,5,18,16,0.75,0.75,0.0
R0_vs_R4,d3_rainbow_trout,classification,macro_f1,R0,R4,5,19,16,0.75,0.75,0.0
R0_vs_R4,d3_rainbow_trout,classification,macro_f1,R0,R4,5,20,16,1.0,1.0,0.0
R0_vs_R4,d3_rainbow_trout,classification,macro_f1,R0,R4,5,21,16,0.5,0.5,0.0
R0_vs_R4,d3_rainbow_trout,classification,macro_f1,R0,R4,5,22,16,0.75,0.75,0.0
R0_vs_R4,d3_rainbow_trout,classification,macro_f1,R0,R4,5,23,16,1.0,1.0,0.0
R0_vs_R4,d3_rainbow_trout,classification,macro_f1,R0,R4,5,24,16,0.6762256809338522,0.639466800498829,0.03675888043502318
R0_vs_R4,d3_rainbow_trout,classification,macro_f1,R0,R4,5,25,16,0.5,0.5,0.0
R0_vs_R4,d3_rainbow_trout,classification,macro_f1,R0,R4,5,26,16,0.7333147942157954,0.7309246979743846,0.002390096241410733
R0_vs_R4,d3_rainbow_trout,classification,macro_f1,R0,R4,5,27,16,0.5,0.5,0.0
R0_vs_R4,d3_rainbow_trout,classification,macro_f1,R0,R4,5,28,16,0.5,0.5,0.0
R0_vs_R4,d3_rainbow_trout,classification,macro_f1,R0,R4,5,29,16,0.5,0.5,0.0
R0_vs_R4,d3_rainbow_trout,classification,macro_f1,R0,R4,5,30,16,0.75,0.75,0.0
R0_vs_R4,d3_rainbow_trout,classification,macro_f1,R0,R4,5,31,16,0.5,0.5,0.0
R0_vs_R4,d3_rainbow_trout,classification,macro_f1,R0,R4,5,32,16,0.5,0.5,0.0
R0_vs_R4,d3_rainbow_trout,classification,macro_f1,R0,R4,5,33,16,0.75,0.75,0.0
R0_vs_R4,d3_rainbow_trout,classification,macro_f1,R0,R4,5,34,16,0.75,0.75,0.0
R0_vs_R4,d3_rainbow_trout,classification,macro_f1,R0,R4,5,35,16,0.5,0.5,0.0
R0_vs_R4,d3_rainbow_trout,classification,macro_f1,R0,R4,5,36,16,0.75,0.75,0.0
R0_vs_R4,d3_rainbow_trout,classification,macro_f1,R0,R4,5,37,16,0.5,0.5,0.0
R0_vs_R4,d3_rainbow_trout,classification,macro_f1,R0,R4,5,38,16,0.75,0.75,0.0
R0_vs_R4,d3_rainbow_trout,classification,macro_f1,R0,R4,5,39,16,0.25,0.25,0.0
R0_vs_R4,d3_rainbow_trout,classification,macro_f1,R0,R4,5,40,16,0.75,0.75,0.0
R0_vs_R4,d3_rainbow_trout,classification,macro_f1,R0,R4,5,41,16,0.75,0.75,0.0
R0_vs_R4,d3_rainbow_trout,classification,macro_f1,R0,R4,5,42,16,0.75,0.75,0.0
R0_vs_R4,d3_rainbow_trout,classification,macro_f1,R0,R4,5,43,16,0.25,0.25,0.0
R0_vs_R4,d3_rainbow_trout,classification,macro_f1,R0,R4,5,44,16,0.5,0.5,0.0
R0_vs_R4,d3_rainbow_trout,classification,macro_f1,R0,R4,5,45,16,0.75,0.75,0.0
R0_vs_R4,d3_rainbow_trout,classification,macro_f1,R0,R4,5,46,16,0.5,0.5,0.0
R0_vs_R4,d3_rainbow_trout,classification,macro_f1,R0,R4,5,47,16,0.5,0.5,0.0
R0_vs_R4,d3_rainbow_trout,classification,macro_f1,R0,R4,5,48,16,0.75,0.75,0.0
R0_vs_R4,d3_rainbow_trout,classification,macro_f1,R0,R4,5,49,16,0.5,0.5,0.0
R0_vs_R4,d3_rainbow_trout,classification,macro_f1,R0,R4,5,50,16,1.0,1.0,0.0
R0_vs_R4,d3_rainbow_trout,classification,macro_f1,R0,R4,5,51,16,0.75,0.75,0.0
R0_vs_R4,d3_rainbow_trout,classification,macro_f1,R0,R4,5,52,16,0.5,0.5,0.0
R0_vs_R4,d3_rainbow_trout,classification,macro_f1,R0,R4,5,53,16,1.0,1.0,0.0
R0_vs_R4,d3_rainbow_trout,classification,macro_f1,R0,R4,5,54,16,0.25,0.25,0.0
R0_vs_R4,d3_rainbow_trout,classification,macro_f1,R0,R4,5,55,16,0.7440467753366407,0.7463768115942029,-0.002330036257562229
R0_vs_R4,d3_rainbow_trout,classification,macro_f1,R0,R4,5,56,16,0.5,0.5,0.0
R0_vs_R4,d3_rainbow_trout,classification,macro_f1,R0,R4,5,57,16,0.5079661016949153,0.5234356269479741,-0.01546952525305878
R0_vs_R4,d3_rainbow_trout,classification,macro_f1,R0,R4,5,58,16,0.5,0.5,0.0
R0_vs_R4,d3_rainbow_trout,classification,macro_f1,R0,R4,5,59,16,0.25,0.25,0.0
R0_vs_R4,d3_rainbow_trout,classification,macro_f1,R0,R4,5,60,16,0.75,0.75,0.0
R0_vs_R4,d3_rainbow_trout,classification,macro_f1,R0,R4,5,61,16,0.75,0.75,0.0
R0_vs_R4,d3_rainbow_trout,classification,macro_f1,R0,R4,6,0,16,0.5,0.5,0.0
R0_vs_R4,d3_rainbow_trout,classification,macro_f1,R0,R4,6,1,16,0.5,0.5,0.0
R0_vs_R4,d3_rainbow_trout,classification,macro_f1,R0,R4,6,2,16,0.5,0.5,0.0
R0_vs_R4,d3_rainbow_trout,classification,macro_f1,R0,R4,6,3,16,0.75,0.75,0.0
R0_vs_R4,d3_rainbow_trout,classification,macro_f1,R0,R4,6,4,16,0.75,0.75,0.0
R0_vs_R4,d3_rainbow_trout,classification,macro_f1,R0,R4,6,5,16,0.25,0.25,0.0
R0_vs_R4,d3_rainbow_trout,classification,macro_f1,R0,R4,6,6,16,0.5,0.5,0.0
R0_vs_R4,d3_rainbow_trout,classification,macro_f1,R0,R4,6,7,16,0.75,0.75,0.0
R0_vs_R4,d3_rainbow_trout,classification,macro_f1,R0,R4,6,8,16,0.5,0.5,0.0
R0_vs_R4,d3_rainbow_trout,classification,macro_f1,R0,R4,6,9,16,0.5,0.5,0.0
R0_vs_R4,d3_rainbow_trout,classification,macro_f1,R0,R4,6,10,16,0.75,0.75,0.0
R0_vs_R4,d3_rainbow_trout,classification,macro_f1,R0,R4,6,11,16,0.5,0.5,0.0
R0_vs_R4,d3_rainbow_trout,classification,macro_f1,R0,R4,6,12,16,0.5,0.5,0.0
R0_vs_R4,d3_rainbow_trout,classification,macro_f1,R0,R4,6,13,16,0.75,0.75,0.0
R0_vs_R4,d3_rainbow_trout,classification,macro_f1,R0,R4,6,14,16,0.75,0.75,0.0
R0_vs_R4,d3_rainbow_trout,classification,macro_f1,R0,R4,6,15,16,0.5,0.5,0.0
R0_vs_R4,d3_rainbow_trout,classification,macro_f1,R0,R4,6,16,16,1.0,1.0,0.0
R0_vs_R4,d3_rainbow_trout,classification,macro_f1,R0,R4,6,17,16,0.5,0.5,0.0
R0_vs_R4,d3_rainbow_trout,classification,macro_f1,R0,R4,6,18,16,1.0,1.0,0.0
R0_vs_R4,d3_rainbow_trout,classification,macro_f1,R0,R4,6,19,16,0.75,0.75,0.0
R0_vs_R4,d3_rainbow_trout,classification,macro_f1,R0,R4,6,20,16,0.5,0.5,0.0
R0_vs_R4,d3_rainbow_trout,classification,macro_f1,R0,R4,6,21,16,0.75,0.75,0.0
R0_vs_R4,d3_rainbow_trout,classification,macro_f1,R0,R4,6,22,16,0.75,0.75,0.0
R0_vs_R4,d3_rainbow_trout,classification,macro_f1,R0,R4,6,23,16,1.0,1.0,0.0
R0_vs_R4,d3_rainbow_trout,classification,macro_f1,R0,R4,6,24,16,0.5,0.5,0.0
R0_vs_R4,d3_rainbow_trout,classification,macro_f1,R0,R4,6,25,16,0.25,0.25,0.0
R0_vs_R4,d3_rainbow_trout,classification,macro_f1,R0,R4,6,26,16,0.75,0.75,0.0
R0_vs_R4,d3_rainbow_trout,classification,macro_f1,R0,R4,6,27,16,0.75,0.7446803120883575,0.005319687911642501
R0_vs_R4,d3_rainbow_trout,classification,macro_f1,R0,R4,6,28,16,0.25,0.25,0.0
R0_vs_R4,d3_rainbow_trout,classification,macro_f1,R0,R4,6,29,16,0.5,0.5,0.0
R0_vs_R4,d3_rainbow_trout,classification,macro_f1,R0,R4,6,30,16,0.25,0.25,0.0
R0_vs_R4,d3_rainbow_trout,classification,macro_f1,R0,R4,6,31,16,0.75,0.75,0.0
R0_vs_R4,d3_rainbow_trout,classification,macro_f1,R0,R4,6,32,16,0.5523006886590494,0.640427853144863,-0.08812716448581359
R0_vs_R4,d3_rainbow_trout,classification,macro_f1,R0,R4,6,33,16,0.75,0.75,0.0
R0_vs_R4,d3_rainbow_trout,classification,macro_f1,R0,R4,6,34,16,1.0,1.0,0.0
R0_vs_R4,d3_rainbow_trout,classification,macro_f1,R0,R4,6,35,16,0.25,0.25,0.0
R0_vs_R4,d3_rainbow_trout,classification,macro_f1,R0,R4,6,36,16,0.75,0.75,0.0
R0_vs_R4,d3_rainbow_trout,classification,macro_f1,R0,R4,6,37,16,0.75,0.75,0.0
R0_vs_R4,d3_rainbow_trout,classification,macro_f1,R0,R4,6,38,16,0.5,0.5,0.0
R0_vs_R4,d3_rainbow_trout,classification,macro_f1,R0,R4,6,39,16,0.75,0.75,0.0
R0_vs_R4,d3_rainbow_trout,classification,macro_f1,R0,R4,6,40,16,0.75,0.75,0.0
R0_vs_R4,d3_rainbow_trout,classification,macro_f1,R0,R4,6,41,16,0.7520419714915217,0.7475961538461539,0.004445817645367889
R0_vs_R4,d3_rainbow_trout,classification,macro_f1,R0,R4,6,42,16,0.75,0.75,0.0
R0_vs_R4,d3_rainbow_trout,classification,macro_f1,R0,R4,6,43,16,0.5,0.5,0.0
R0_vs_R4,d3_rainbow_trout,classification,macro_f1,R0,R4,6,44,16,0.75,0.75,0.0
R0_vs_R4,d3_rainbow_trout,classification,macro_f1,R0,R4,6,45,16,0.5,0.5,0.0
R0_vs_R4,d3_rainbow_trout,classification,macro_f1,R0,R4,6,46,16,0.75,0.75,0.0
R0_vs_R4,d3_rainbow_trout,classification,macro_f1,R0,R4,6,47,16,0.6885487528344671,0.6425137327769147,0.046035020057552445
R0_vs_R4,d3_rainbow_trout,classification,macro_f1,R0,R4,6,48,16,0.5,0.5,0.0
R0_vs_R4,d3_rainbow_trout,classification,macro_f1,R0,R4,6,49,16,0.25,0.25,0.0
R0_vs_R4,d3_rainbow_trout,classification,macro_f1,R0,R4,6,50,16,0.75,0.75,0.0
R0_vs_R4,d3_rainbow_trout,classification,macro_f1,R0,R4,6,51,16,0.5,0.5,0.0
R0_vs_R4,d3_rainbow_trout,classification,macro_f1,R0,R4,6,52,16,0.5,0.5,0.0
R0_vs_R4,d3_rainbow_trout,classification,macro_f1,R0,R4,6,53,16,1.0,1.0,0.0
R0_vs_R4,d3_rainbow_trout,classification,macro_f1,R0,R4,6,54,16,0.75,0.7451919774709801,0.004808022529019906
R0_vs_R4,d3_rainbow_trout,classification,macro_f1,R0,R4,6,55,16,0.5,0.5,0.0
R0_vs_R4,d3_rainbow_trout,classification,macro_f1,R0,R4,6,56,16,0.5,0.5,0.0
R0_vs_R4,d3_rainbow_trout,classification,macro_f1,R0,R4,6,57,16,0.5,0.5,0.0
R0_vs_R4,d3_rainbow_trout,classification,macro_f1,R0,R4,6,58,16,0.75,0.75,0.0
R0_vs_R4,d3_rainbow_trout,classification,macro_f1,R0,R4,6,59,16,0.75,0.75,0.0
R0_vs_R4,d3_rainbow_trout,classification,macro_f1,R0,R4,6,60,16,0.75,0.75,0.0
R0_vs_R4,d3_rainbow_trout,classification,macro_f1,R0,R4,6,61,16,0.75,0.75,0.0
R0_vs_R4,d3_rainbow_trout,classification,macro_f1,R0,R4,7,0,16,0.25,0.25,0.0
R0_vs_R4,d3_rainbow_trout,classification,macro_f1,R0,R4,7,1,16,0.25,0.25,0.0
R0_vs_R4,d3_rainbow_trout,classification,macro_f1,R0,R4,7,2,16,0.5,0.5,0.0
R0_vs_R4,d3_rainbow_trout,classification,macro_f1,R0,R4,7,3,16,0.5,0.5,0.0
R0_vs_R4,d3_rainbow_trout,classification,macro_f1,R0,R4,7,4,16,0.5,0.5,0.0
R0_vs_R4,d3_rainbow_trout,classification,macro_f1,R0,R4,7,5,16,0.75,0.75,0.0
R0_vs_R4,d3_rainbow_trout,classification,macro_f1,R0,R4,7,6,16,0.7043885319737534,0.7189285470396759,-0.014540015065922507
R0_vs_R4,d3_rainbow_trout,classification,macro_f1,R0,R4,7,7,16,0.75,0.75,0.0
R0_vs_R4,d3_rainbow_trout,classification,macro_f1,R0,R4,7,8,16,0.75,0.75,0.0
R0_vs_R4,d3_rainbow_trout,classification,macro_f1,R0,R4,7,9,16,0.75,0.75,0.0
R0_vs_R4,d3_rainbow_trout,classification,macro_f1,R0,R4,7,10,16,0.25,0.25,0.0
R0_vs_R4,d3_rainbow_trout,classification,macro_f1,R0,R4,7,11,16,0.5,0.5,0.0
R0_vs_R4,d3_rainbow_trout,classification,macro_f1,R0,R4,7,12,16,0.5,0.5,0.0
R0_vs_R4,d3_rainbow_trout,classification,macro_f1,R0,R4,7,13,16,0.5,0.5,0.0
R0_vs_R4,d3_rainbow_trout,classification,macro_f1,R0,R4,7,14,16,0.5,0.5,0.0
R0_vs_R4,d3_rainbow_trout,classification,macro_f1,R0,R4,7,15,16,0.5,0.5,0.0
R0_vs_R4,d3_rainbow_trout,classification,macro_f1,R0,R4,7,16,16,0.5,0.5,0.0
R0_vs_R4,d3_rainbow_trout,classification,macro_f1,R0,R4,7,17,16,0.75,0.75,0.0
R0_vs_R4,d3_rainbow_trout,classification,macro_f1,R0,R4,7,18,16,0.5,0.5,0.0
R0_vs_R4,d3_rainbow_trout,classification,macro_f1,R0,R4,7,19,16,0.7242161900269026,0.7142857142857143,0.009930475741188327
R0_vs_R4,d3_rainbow_trout,classification,macro_f1,R0,R4,7,20,16,0.6104016064257028,0.6150183426302829,-0.00461673620458003
R0_vs_R4,d3_rainbow_trout,classification,macro_f1,R0,R4,7,21,16,0.5,0.5,0.0
R0_vs_R4,d3_rainbow_trout,classification,macro_f1,R0,R4,7,22,16,0.5,0.5,0.0
R0_vs_R4,d3_rainbow_trout,classification,macro_f1,R0,R4,7,23,16,0.5,0.5,0.0
R0_vs_R4,d3_rainbow_trout,classification,macro_f1,R0,R4,7,24,16,0.75,0.75,0.0
R0_vs_R4,d3_rainbow_trout,classification,macro_f1,R0,R4,7,25,16,1.0,1.0,0.0
R0_vs_R4,d3_rainbow_trout,classification,macro_f1,R0,R4,7,26,16,0.75,0.75,0.0
R0_vs_R4,d3_rainbow_trout,classification,macro_f1,R0,R4,7,27,16,0.5,0.5,0.0
R0_vs_R4,d3_rainbow_trout,classification,macro_f1,R0,R4,7,28,16,1.0,1.0,0.0
R0_vs_R4,d3_rainbow_trout,classification,macro_f1,R0,R4,7,29,16,0.25,0.25,0.0
R0_vs_R4,d3_rainbow_trout,classification,macro_f1,R0,R4,7,30,16,0.75,0.75,0.0
R0_vs_R4,d3_rainbow_trout,classification,macro_f1,R0,R4,7,31,16,0.5,0.5,0.0
R0_vs_R4,d3_rainbow_trout,classification,macro_f1,R0,R4,7,32,16,0.5,0.5,0.0
R0_vs_R4,d3_rainbow_trout,classification,macro_f1,R0,R4,7,33,16,0.25,0.25,0.0
R0_vs_R4,d3_rainbow_trout,classification,macro_f1,R0,R4,7,34,16,0.7451456310679612,0.7451456310679612,0.0
R0_vs_R4,d3_rainbow_trout,classification,macro_f1,R0,R4,7,35,16,0.75,0.75,0.0
R0_vs_R4,d3_rainbow_trout,classification,macro_f1,R0,R4,7,36,16,0.75,0.75,0.0
R0_vs_R4,d3_rainbow_trout,classification,macro_f1,R0,R4,7,37,16,0.75,0.75,0.0
R0_vs_R4,d3_rainbow_trout,classification,macro_f1,R0,R4,7,38,16,0.75,0.75,0.0
R0_vs_R4,d3_rainbow_trout,classification,macro_f1,R0,R4,7,39,16,0.75,0.75,0.0
R0_vs_R4,d3_rainbow_trout,classification,macro_f1,R0,R4,7,40,16,0.75,0.75,0.0
R0_vs_R4,d3_rainbow_trout,classification,macro_f1,R0,R4,7,41,16,0.75,0.75,0.0
R0_vs_R4,d3_rainbow_trout,classification,macro_f1,R0,R4,7,42,16,0.5,0.5,0.0
R0_vs_R4,d3_rainbow_trout,classification,macro_f1,R0,R4,7,43,16,0.25,0.25,0.0
R0_vs_R4,d3_rainbow_trout,classification,macro_f1,R0,R4,7,44,16,0.75,0.75,0.0
R0_vs_R4,d3_rainbow_trout,classification,macro_f1,R0,R4,7,45,16,0.75,0.75,0.0
R0_vs_R4,d3_rainbow_trout,classification,macro_f1,R0,R4,7,46,16,0.75,0.75,0.0
R0_vs_R4,d3_rainbow_trout,classification,macro_f1,R0,R4,7,47,16,1.0,1.0,0.0
R0_vs_R4,d3_rainbow_trout,classification,macro_f1,R0,R4,7,48,16,0.75,0.75,0.0
R0_vs_R4,d3_rainbow_trout,classification,macro_f1,R0,R4,7,49,16,1.0,1.0,0.0
R0_vs_R4,d3_rainbow_trout,classification,macro_f1,R0,R4,7,50,16,1.0,1.0,0.0
R0_vs_R4,d3_rainbow_trout,classification,macro_f1,R0,R4,7,51,16,0.7308328447045548,0.729133545310016,0.0016992993945388335
R0_vs_R4,d3_rainbow_trout,classification,macro_f1,R0,R4,7,52,16,0.5,0.5,0.0
R0_vs_R4,d3_rainbow_trout,classification,macro_f1,R0,R4,7,53,16,0.75,0.75,0.0
R0_vs_R4,d3_rainbow_trout,classification,macro_f1,R0,R4,7,54,16,0.5,0.5,0.0
R0_vs_R4,d3_rainbow_trout,classification,macro_f1,R0,R4,7,55,16,0.5,0.5,0.0
R0_vs_R4,d3_rainbow_trout,classification,macro_f1,R0,R4,7,56,16,0.7213349713349714,0.7043885319737534,0.01694643936121798
R0_vs_R4,d3_rainbow_trout,classification,macro_f1,R0,R4,7,57,16,0.75,0.75,0.0
R0_vs_R4,d3_rainbow_trout,classification,macro_f1,R0,R4,7,58,16,0.5,0.5,0.0
R0_vs_R4,d3_rainbow_trout,classification,macro_f1,R0,R4,7,59,16,0.75,0.75,0.0
R0_vs_R4,d3_rainbow_trout,classification,macro_f1,R0,R4,7,60,16,0.5,0.5,0.0
R0_vs_R4,d3_rainbow_trout,classification,macro_f1,R0,R4,7,61,16,0.75,0.75,0.0
R0_vs_R4,d3_rainbow_trout,classification,macro_f1,R0,R4,8,0,16,0.5,0.5,0.0
R0_vs_R4,d3_rainbow_trout,classification,macro_f1,R0,R4,8,1,16,0.5,0.5,0.0
R0_vs_R4,d3_rainbow_trout,classification,macro_f1,R0,R4,8,2,16,0.75,0.75,0.0
R0_vs_R4,d3_rainbow_trout,classification,macro_f1,R0,R4,8,3,16,1.0,1.0,0.0
R0_vs_R4,d3_rainbow_trout,classification,macro_f1,R0,R4,8,4,16,0.75,0.75,0.0
R0_vs_R4,d3_rainbow_trout,classification,macro_f1,R0,R4,8,5,16,0.5,0.5,0.0
R0_vs_R4,d3_rainbow_trout,classification,macro_f1,R0,R4,8,6,16,0.5,0.5,0.0
R0_vs_R4,d3_rainbow_trout,classification,macro_f1,R0,R4,8,7,16,0.6538258296343268,0.75,-0.09617417036567322
R0_vs_R4,d3_rainbow_trout,classification,macro_f1,R0,R4,8,8,16,0.5,0.5,0.0
R0_vs_R4,d3_rainbow_trout,classification,macro_f1,R0,R4,8,9,16,0.5,0.5,0.0
R0_vs_R4,d3_rainbow_trout,classification,macro_f1,R0,R4,8,10,16,0.75,0.75,0.0
R0_vs_R4,d3_rainbow_trout,classification,macro_f1,R0,R4,8,11,16,0.75,0.75,0.0
R0_vs_R4,d3_rainbow_trout,classification,macro_f1,R0,R4,8,12,16,0.5,0.5,0.0
R0_vs_R4,d3_rainbow_trout,classification,macro_f1,R0,R4,8,13,16,0.75,0.75,0.0
R0_vs_R4,d3_rainbow_trout,classification,macro_f1,R0,R4,8,14,16,0.5,0.5,0.0
R0_vs_R4,d3_rainbow_trout,classification,macro_f1,R0,R4,8,15,16,0.5,0.5,0.0
R0_vs_R4,d3_rainbow_trout,classification,macro_f1,R0,R4,8,16,16,0.75,0.75,0.0
R0_vs_R4,d3_rainbow_trout,classification,macro_f1,R0,R4,8,17,16,0.5,0.5,0.0
R0_vs_R4,d3_rainbow_trout,classification,macro_f1,R0,R4,8,18,16,1.0,1.0,0.0
R0_vs_R4,d3_rainbow_trout,classification,macro_f1,R0,R4,8,19,16,0.75,0.75,0.0
R0_vs_R4,d3_rainbow_trout,classification,macro_f1,R0,R4,8,20,16,0.5,0.5,0.0
R0_vs_R4,d3_rainbow_trout,classification,macro_f1,R0,R4,8,21,16,0.25,0.25,0.0
R0_vs_R4,d3_rainbow_trout,classification,macro_f1,R0,R4,8,22,16,0.5,0.5,0.0
R0_vs_R4,d3_rainbow_trout,classification,macro_f1,R0,R4,8,23,16,0.25,0.25,0.0
R0_vs_R4,d3_rainbow_trout,classification,macro_f1,R0,R4,8,24,16,0.5,0.5,0.0
R0_vs_R4,d3_rainbow_trout,classification,macro_f1,R0,R4,8,25,16,1.0,1.0,0.0
R0_vs_R4,d3_rainbow_trout,classification,macro_f1,R0,R4,8,26,16,0.75,0.75,0.0
R0_vs_R4,d3_rainbow_trout,classification,macro_f1,R0,R4,8,27,16,1.0,1.0,0.0
R0_vs_R4,d3_rainbow_trout,classification,macro_f1,R0,R4,8,28,16,0.75,0.75,0.0
R0_vs_R4,d3_rainbow_trout,classification,macro_f1,R0,R4,8,29,16,0.75,0.75,0.0
R0_vs_R4,d3_rainbow_trout,classification,macro_f1,R0,R4,8,30,16,0.7452376632801161,0.7400990099009901,0.005138653379126001
R0_vs_R4,d3_rainbow_trout,classification,macro_f1,R0,R4,8,31,16,0.5,0.5,0.0
R0_vs_R4,d3_rainbow_trout,classification,macro_f1,R0,R4,8,32,16,0.75,0.75,0.0
R0_vs_R4,d3_rainbow_trout,classification,macro_f1,R0,R4,8,33,16,0.75,0.75,0.0
R0_vs_R4,d3_rainbow_trout,classification,macro_f1,R0,R4,8,34,16,0.6836625939436558,0.6252042483660131,0.058458345577642734
R0_vs_R4,d3_rainbow_trout,classification,macro_f1,R0,R4,8,35,16,0.5,0.5,0.0
R0_vs_R4,d3_rainbow_trout,classification,macro_f1,R0,R4,8,36,16,0.25,0.25,0.0
R0_vs_R4,d3_rainbow_trout,classification,macro_f1,R0,R4,8,37,16,0.75,0.75,0.0
R0_vs_R4,d3_rainbow_trout,classification,macro_f1,R0,R4,8,38,16,0.75,0.75,0.0
R0_vs_R4,d3_rainbow_trout,classification,macro_f1,R0,R4,8,39,16,0.5,0.5,0.0
R0_vs_R4,d3_rainbow_trout,classification,macro_f1,R0,R4,8,40,16,0.75,0.75,0.0
R0_vs_R4,d3_rainbow_trout,classification,macro_f1,R0,R4,8,41,16,0.75,0.75,0.0
R0_vs_R4,d3_rainbow_trout,classification,macro_f1,R0,R4,8,42,16,0.5,0.5,0.0
R0_vs_R4,d3_rainbow_trout,classification,macro_f1,R0,R4,8,43,16,0.25,0.25,0.0
R0_vs_R4,d3_rainbow_trout,classification,macro_f1,R0,R4,8,44,16,0.75,0.75,0.0
R0_vs_R4,d3_rainbow_trout,classification,macro_f1,R0,R4,8,45,16,0.75,0.7411739983188568,0.008826001681143225
R0_vs_R4,d3_rainbow_trout,classification,macro_f1,R0,R4,8,46,16,0.75,0.75,0.0
R0_vs_R4,d3_rainbow_trout,classification,macro_f1,R0,R4,8,47,16,0.7290528233151183,0.76071964017991,-0.03166681686479167
R0_vs_R4,d3_rainbow_trout,classification,macro_f1,R0,R4,8,48,16,0.5,0.5,0.0
R0_vs_R4,d3_rainbow_trout,classification,macro_f1,R0,R4,8,49,16,0.75,0.75,0.0
R0_vs_R4,d3_rainbow_trout,classification,macro_f1,R0,R4,8,50,16,1.0,1.0,0.0
R0_vs_R4,d3_rainbow_trout,classification,macro_f1,R0,R4,8,51,16,0.25,0.25,0.0
R0_vs_R4,d3_rainbow_trout,classification,macro_f1,R0,R4,8,52,16,0.25,0.25,0.0
R0_vs_R4,d3_rainbow_trout,classification,macro_f1,R0,R4,8,53,16,0.75,0.75,0.0
R0_vs_R4,d3_rainbow_trout,classification,macro_f1,R0,R4,8,54,16,0.75,0.75,0.0
R0_vs_R4,d3_rainbow_trout,classification,macro_f1,R0,R4,8,55,16,0.75,0.75,0.0
R0_vs_R4,d3_rainbow_trout,classification,macro_f1,R0,R4,8,56,16,0.5,0.5,0.0
R0_vs_R4,d3_rainbow_trout,classification,macro_f1,R0,R4,8,57,16,0.5,0.5,0.0
R0_vs_R4,d3_rainbow_trout,classification,macro_f1,R0,R4,8,58,16,0.5,0.5,0.0
R0_vs_R4,d3_rainbow_trout,classification,macro_f1,R0,R4,8,59,16,0.75,0.75,0.0
R0_vs_R4,d3_rainbow_trout,classification,macro_f1,R0,R4,8,60,16,0.728531997546514,0.7428556848336395,-0.01432368728712552
R0_vs_R4,d3_rainbow_trout,classification,macro_f1,R0,R4,8,61,16,0.5,0.5,0.0
R0_vs_R4,d3_rainbow_trout,classification,macro_f1,R0,R4,9,0,16,0.75,0.75,0.0
R0_vs_R4,d3_rainbow_trout,classification,macro_f1,R0,R4,9,1,16,0.5,0.5,0.0
R0_vs_R4,d3_rainbow_trout,classification,macro_f1,R0,R4,9,2,16,0.5,0.5,0.0
R0_vs_R4,d3_rainbow_trout,classification,macro_f1,R0,R4,9,3,16,0.75,0.75,0.0
R0_vs_R4,d3_rainbow_trout,classification,macro_f1,R0,R4,9,4,16,0.5,0.5,0.0
R0_vs_R4,d3_rainbow_trout,classification,macro_f1,R0,R4,9,5,16,1.0,1.0,0.0
R0_vs_R4,d3_rainbow_trout,classification,macro_f1,R0,R4,9,6,16,0.75,0.75,0.0
R0_vs_R4,d3_rainbow_trout,classification,macro_f1,R0,R4,9,7,16,1.0,1.0,0.0
R0_vs_R4,d3_rainbow_trout,classification,macro_f1,R0,R4,9,8,16,1.0,1.0,0.0
R0_vs_R4,d3_rainbow_trout,classification,macro_f1,R0,R4,9,9,16,0.5,0.5,0.0
R0_vs_R4,d3_rainbow_trout,classification,macro_f1,R0,R4,9,10,16,0.75,0.75,0.0
R0_vs_R4,d3_rainbow_trout,classification,macro_f1,R0,R4,9,11,16,0.75,0.75,0.0
R0_vs_R4,d3_rainbow_trout,classification,macro_f1,R0,R4,9,12,16,0.5,0.5,0.0
R0_vs_R4,d3_rainbow_trout,classification,macro_f1,R0,R4,9,13,16,0.75,0.75,0.0
R0_vs_R4,d3_rainbow_trout,classification,macro_f1,R0,R4,9,14,16,0.5,0.5,0.0
R0_vs_R4,d3_rainbow_trout,classification,macro_f1,R0,R4,9,15,16,0.75,0.75,0.0
R0_vs_R4,d3_rainbow_trout,classification,macro_f1,R0,R4,9,16,16,0.25,0.25,0.0
R0_vs_R4,d3_rainbow_trout,classification,macro_f1,R0,R4,9,17,16,0.75,0.75,0.0
R0_vs_R4,d3_rainbow_trout,classification,macro_f1,R0,R4,9,18,16,0.75,0.75,0.0
R0_vs_R4,d3_rainbow_trout,classification,macro_f1,R0,R4,9,19,16,0.5,0.5,0.0
R0_vs_R4,d3_rainbow_trout,classification,macro_f1,R0,R4,9,20,16,0.5,0.5,0.0
R0_vs_R4,d3_rainbow_trout,classification,macro_f1,R0,R4,9,21,16,0.25,0.25,0.0
R0_vs_R4,d3_rainbow_trout,classification,macro_f1,R0,R4,9,22,16,0.7189285470396759,0.7476189936279733,-0.028690446588297447
R0_vs_R4,d3_rainbow_trout,classification,macro_f1,R0,R4,9,23,16,0.75,0.75,0.0
R0_vs_R4,d3_rainbow_trout,classification,macro_f1,R0,R4,9,24,16,0.5,0.5,0.0
R0_vs_R4,d3_rainbow_trout,classification,macro_f1,R0,R4,9,25,16,0.75,0.75,0.0
R0_vs_R4,d3_rainbow_trout,classification,macro_f1,R0,R4,9,26,16,0.75,0.75,0.0
R0_vs_R4,d3_rainbow_trout,classification,macro_f1,R0,R4,9,27,16,0.75,0.75,0.0
R0_vs_R4,d3_rainbow_trout,classification,macro_f1,R0,R4,9,28,16,0.75,0.7476189936279733,0.0023810063720266506
R0_vs_R4,d3_rainbow_trout,classification,macro_f1,R0,R4,9,29,16,0.75,0.75,0.0
R0_vs_R4,d3_rainbow_trout,classification,macro_f1,R0,R4,9,30,16,0.5,0.5,0.0
R0_vs_R4,d3_rainbow_trout,classification,macro_f1,R0,R4,9,31,16,1.0,1.0,0.0
R0_vs_R4,d3_rainbow_trout,classification,macro_f1,R0,R4,9,32,16,0.75,0.75,0.0
R0_vs_R4,d3_rainbow_trout,classification,macro_f1,R0,R4,9,33,16,0.5,0.5,0.0
R0_vs_R4,d3_rainbow_trout,classification,macro_f1,R0,R4,9,34,16,0.5,0.5,0.0
R0_vs_R4,d3_rainbow_trout,classification,macro_f1,R0,R4,9,35,16,0.5,0.5,0.0
R0_vs_R4,d3_rainbow_trout,classification,macro_f1,R0,R4,9,36,16,0.75,0.75,0.0
R0_vs_R4,d3_rainbow_trout,classification,macro_f1,R0,R4,9,37,16,0.5,0.5,0.0
R0_vs_R4,d3_rainbow_trout,classification,macro_f1,R0,R4,9,38,16,0.5,0.5,0.0
R0_vs_R4,d3_rainbow_trout,classification,macro_f1,R0,R4,9,39,16,0.5,0.5,0.0
R0_vs_R4,d3_rainbow_trout,classification,macro_f1,R0,R4,9,40,16,0.75,0.75,0.0
R0_vs_R4,d3_rainbow_trout,classification,macro_f1,R0,R4,9,41,16,0.5,0.5,0.0
R0_vs_R4,d3_rainbow_trout,classification,macro_f1,R0,R4,9,42,16,1.0,1.0,0.0
R0_vs_R4,d3_rainbow_trout,classification,macro_f1,R0,R4,9,43,16,0.5,0.5,0.0
R0_vs_R4,d3_rainbow_trout,classification,macro_f1,R0,R4,9,44,16,0.5,0.5,0.0
R0_vs_R4,d3_rainbow_trout,classification,macro_f1,R0,R4,9,45,16,0.7242161900269026,0.7475961538461539,-0.023379963819251226
R0_vs_R4,d3_rainbow_trout,classification,macro_f1,R0,R4,9,46,16,0.75,0.75,0.0
R0_vs_R4,d3_rainbow_trout,classification,macro_f1,R0,R4,9,47,16,0.25,0.25,0.0
R0_vs_R4,d3_rainbow_trout,classification,macro_f1,R0,R4,9,48,16,0.25,0.25,0.0
R0_vs_R4,d3_rainbow_trout,classification,macro_f1,R0,R4,9,49,16,0.7464453371851584,0.75,-0.003554662814841625
R0_vs_R4,d3_rainbow_trout,classification,macro_f1,R0,R4,9,50,16,0.6808836395450568,0.6835960864735537,-0.0027124469284969255
R0_vs_R4,d3_rainbow_trout,classification,macro_f1,R0,R4,9,51,16,0.25,0.25,0.0
R0_vs_R4,d3_rainbow_trout,classification,macro_f1,R0,R4,9,52,16,0.6152248674045191,0.6871315401621223,-0.07190667275760321
R0_vs_R4,d3_rainbow_trout,classification,macro_f1,R0,R4,9,53,16,0.25,0.25,0.0
R0_vs_R4,d3_rainbow_trout,classification,macro_f1,R0,R4,9,54,16,0.5,0.5,0.0
R0_vs_R4,d3_rainbow_trout,classification,macro_f1,R0,R4,9,55,16,0.5,0.5,0.0
R0_vs_R4,d3_rainbow_trout,classification,macro_f1,R0,R4,9,56,16,0.75,0.75,0.0
R0_vs_R4,d3_rainbow_trout,classification,macro_f1,R0,R4,9,57,16,0.75,0.75,0.0
R0_vs_R4,d3_rainbow_trout,classification,macro_f1,R0,R4,9,58,16,0.75,0.75,0.0
R0_vs_R4,d3_rainbow_trout,classification,macro_f1,R0,R4,9,59,16,0.5,0.5,0.0
R0_vs_R4,d3_rainbow_trout,classification,macro_f1,R0,R4,9,60,16,0.75,0.75,0.0
R0_vs_R4,d3_rainbow_trout,classification,macro_f1,R0,R4,9,61,16,0.75,0.75,0.0
R0_vs_R4,d3_rainbow_trout,regression,mae,R0,R4,0,0,16,0.0631530908572718,0.0620172403348589,0.0011358505224129054
R0_vs_R4,d3_rainbow_trout,regression,mae,R0,R4,0,1,16,0.0699371029207971,0.0705576880438354,-0.0006205851230382947
R0_vs_R4,d3_rainbow_trout,regression,mae,R0,R4,0,2,16,0.0518422857660102,0.046148165255019,0.005694120510991205
R0_vs_R4,d3_rainbow_trout,regression,mae,R0,R4,0,3,16,0.0231112804425255,0.0213569837067567,0.001754296735768799
R0_vs_R4,d3_rainbow_trout,regression,mae,R0,R4,0,4,16,0.0588883789923986,0.0605420051323605,-0.0016536261399619015
R0_vs_R4,d3_rainbow_trout,regression,mae,R0,R4,0,5,16,0.0173143947438874,0.0210744535197497,-0.0037600587758623016
R0_vs_R4,d3_rainbow_trout,regression,mae,R0,R4,0,6,16,0.0700834073107845,0.0694721911782598,0.0006112161325246973
R0_vs_R4,d3_rainbow_trout,regression,mae,R0,R4,0,7,16,0.1124392078306439,0.1142862368412017,-0.0018470290105578047
R0_vs_R4,d3_rainbow_trout,regression,mae,R0,R4,0,8,16,0.0746224262826518,0.0746210201458634,1.4061367883955178e-06
R0_vs_R4,d3_rainbow_trout,regression,mae,R0,R4,0,9,16,0.2275928914541906,0.2254789019066181,0.002113989547572498
R0_vs_R4,d3_rainbow_trout,regression,mae,R0,R4,0,10,16,0.0705878393626486,0.0726926463763158,-0.0021048070136671926
R0_vs_R4,d3_rainbow_trout,regression,mae,R0,R4,0,11,16,0.1944218130313,0.2050157650655946,-0.010593952034294613
R0_vs_R4,d3_rainbow_trout,regression,mae,R0,R4,0,12,16,0.1631400833865319,0.1591393452631925,0.004000738123339398
R0_vs_R4,d3_rainbow_trout,regression,mae,R0,R4,0,13,16,0.0881301864439443,0.085104503048381,0.0030256833955632917
R0_vs_R4,d3_rainbow_trout,regression,mae,R0,R4,0,14,16,0.1864090746195006,0.2138516600160746,-0.027442585396574015
R0_vs_R4,d3_rainbow_trout,regression,mae,R0,R4,0,15,16,0.0400606133510537,0.0407184446942272,-0.0006578313431735011
R0_vs_R4,d3_rainbow_trout,regression,mae,R0,R4,0,16,16,0.0581195773888934,0.059675389737431,-0.0015558123485375983
R0_vs_R4,d3_rainbow_trout,regression,mae,R0,R4,0,17,16,0.0493172166531129,0.0538378444750347,-0.004520627821921801
R0_vs_R4,d3_rainbow_trout,regression,mae,R0,R4,0,18,16,0.1907436236804938,0.2012473603889345,-0.010503736708440709
R0_vs_R4,d3_rainbow_trout,regression,mae,R0,R4,0,19,16,0.051584227655232,0.0446911992114705,0.006893028443761495
R0_vs_R4,d3_rainbow_trout,regression,mae,R0,R4,0,20,16,0.0533231106875832,0.0547273728106381,-0.001404262123054903
R0_vs_R4,d3_rainbow_trout,regression,mae,R0,R4,0,21,16,0.0544038109982921,0.0570597745157897,-0.0026559635174976046
R0_vs_R4,d3_rainbow_trout,regression,mae,R0,R4,0,22,16,0.0616778402446793,0.0638864164507336,-0.0022085762060543024
R0_vs_R4,d3_rainbow_trout,regression,mae,R0,R4,0,23,16,0.0791423378317129,0.083191009610195,-0.004048671778482102
R0_vs_R4,d3_rainbow_trout,regression,mae,R0,R4,0,24,16,0.1407939434322064,0.1414306234581757,-0.0006366800259693106
R0_vs_R4,d3_rainbow_trout,regression,mae,R0,R4,0,25,16,0.0772663216585747,0.0779141073818137,-0.0006477857232390083
R0_vs_R4,d3_rainbow_trout,regression,mae,R0,R4,0,26,16,0.2786757982269645,0.2837699978653851,-0.005094199638420616
R0_vs_R4,d3_rainbow_trout,regression,mae,R0,R4,0,27,16,0.1484256857895117,0.1251450801508818,0.02328060563862991
R0_vs_R4,d3_rainbow_trout,regression,mae,R0,R4,0,28,16,0.1349778476738684,0.134160464022579,0.0008173836512893884
R0_vs_R4,d3_rainbow_trout,regression,mae,R0,R4,0,29,16,0.1039278006283156,0.1176423261230736,-0.013714525494758004
R0_vs_R4,d3_rainbow_trout,regression,mae,R0,R4,0,30,16,0.0806095220817667,0.0802345112785977,0.0003750108031689986
R0_vs_R4,d3_rainbow_trout,regression,mae,R0,R4,0,31,16,0.0438768725431993,0.0447019569451023,-0.0008250844019030007
R0_vs_R4,d3_rainbow_trout,regression,mae,R0,R4,0,32,16,0.0748191957009112,0.0712538266684344,0.003565369032476798
R0_vs_R4,d3_rainbow_trout,regression,mae,R0,R4,0,33,16,0.0620302892417675,0.0679637700439273,-0.005933480802159802
R0_vs_R4,d3_rainbow_trout,regression,mae,R0,R4,0,34,16,0.091943572654866,0.0894503628007904,0.002493209854075598
R0_vs_R4,d3_rainbow_trout,regression,mae,R0,R4,0,35,16,0.0434767775566995,0.0446653770153425,-0.001188599458642997
R0_vs_R4,d3_rainbow_trout,regression,mae,R0,R4,0,36,16,0.113537067383368,0.1131267289102846,0.000410338473083402
R0_vs_R4,d3_rainbow_trout,regression,mae,R0,R4,0,37,16,0.07525070082512,0.0773132574827042,-0.0020625566575842025
R0_vs_R4,d3_rainbow_trout,regression,mae,R0,R4,0,38,16,0.093173017807773,0.0989538882454707,-0.005780870437697705
R0_vs_R4,d3_rainbow_trout,regression,mae,R0,R4,0,39,16,0.0130438992016131,0.0130722944723277,-2.839527071459881e-05
R0_vs_R4,d3_rainbow_trout,regression,mae,R0,R4,0,40,16,0.2105346852421621,0.1999225541357454,0.010612131106416706
R0_vs_R4,d3_rainbow_trout,regression,mae,R0,R4,0,41,16,0.0832487375258809,0.0804851160675532,0.002763621458327703
R0_vs_R4,d3_rainbow_trout,regression,mae,R0,R4,0,42,16,0.0966407418681194,0.0947008998897531,0.0019398419783663023
R0_vs_R4,d3_rainbow_trout,regression,mae,R0,R4,0,43,16,0.0416487512326434,0.0452207710457934,-0.0035720198131499944
R0_vs_R4,d3_rainbow_trout,regression,mae,R0,R4,0,44,16,0.1092770665815812,0.1103263928860717,-0.0010493263044904916
R0_vs_R4,d3_rainbow_trout,regression,mae,R0,R4,0,45,16,0.0926349438386797,0.0897229028143883,0.0029120410242914063
R0_vs_R4,d3_rainbow_trout,regression,mae,R0,R4,0,46,16,0.0304361083438605,0.0287289491785634,0.0017071591652970987
R0_vs_R4,d3_rainbow_trout,regression,mae,R0,R4,0,47,16,0.0435190552216551,0.04856216103188,-0.0050431058102249
R0_vs_R4,d3_rainbow_trout,regression,mae,R0,R4,0,48,16,0.2039852552844071,0.2018732518285157,0.002112003455891409
R0_vs_R4,d3_rainbow_trout,regression,mae,R0,R4,0,49,16,0.1368299944002974,0.1326737194700691,0.004156274930228299
R0_vs_R4,d3_rainbow_trout,regression,mae,R0,R4,0,50,16,0.0600943884981886,0.060980684781194,-0.0008862962830053986
R0_vs_R4,d3_rainbow_trout,regression,mae,R0,R4,0,51,16,0.2327476710731731,0.2274834316145923,0.005264239458580788
R0_vs_R4,d3_rainbow_trout,regression,mae,R0,R4,0,52,16,0.0697731885895469,0.0647228758368599,0.005050312752686997
R0_vs_R4,d3_rainbow_trout,regression,mae,R0,R4,0,53,16,0.0262642573027201,0.0213672909113101,0.004896966391410001
R0_vs_R4,d3_rainbow_trout,regression,mae,R0,R4,0,54,16,0.043952079600023,0.0429631617807602,0.0009889178192628023
R0_vs_R4,d3_rainbow_trout,regression,mae,R0,R4,0,55,16,0.0472261341426092,0.0493300389024984,-0.002103904759889204
R0_vs_R4,d3_rainbow_trout,regression,mae,R0,R4,0,56,16,0.0340831188550193,0.0356208778698152,-0.0015377590147959003
R0_vs_R4,d3_rainbow_trout,regression,mae,R0,R4,0,57,16,0.1397243287870224,0.1420652719717307,-0.0023409431847082884
R0_vs_R4,d3_rainbow_trout,regression,mae,R0,R4,0,58,16,0.0530281166887392,0.0533438319097671,-0.00031571522102790545
R0_vs_R4,d3_rainbow_trout,regression,mae,R0,R4,0,59,16,0.138707958424291,0.1345837025952569,0.0041242558290341125
R0_vs_R4,d3_rainbow_trout,regression,mae,R0,R4,0,60,16,0.0763796168426552,0.071334917144502,0.005044699698153202
R0_vs_R4,d3_rainbow_trout,regression,mae,R0,R4,0,61,16,0.0800243490810978,0.0792806270802907,0.0007437220008071066
R0_vs_R4,d3_rainbow_trout,regression,mae,R0,R4,1,0,16,0.1194972123722756,0.123584128420835,-0.004086916048559389
R0_vs_R4,d3_rainbow_trout,regression,mae,R0,R4,1,1,16,0.0660154226368014,0.0812671110787473,-0.01525168844194591
R0_vs_R4,d3_rainbow_trout,regression,mae,R0,R4,1,2,16,0.1810025072173523,0.1847022581569154,-0.0036997509395630956
R0_vs_R4,d3_rainbow_trout,regression,mae,R0,R4,1,3,16,0.2009964635731696,0.207254461110535,-0.0062579975373653896
R0_vs_R4,d3_rainbow_trout,regression,mae,R0,R4,1,4,16,0.0810864273681934,0.0741214000722047,0.0069650272959886905
R0_vs_R4,d3_rainbow_trout,regression,mae,R0,R4,1,5,16,0.0586433200265626,0.0620219044539607,-0.0033785844273981
R0_vs_R4,d3_rainbow_trout,regression,mae,R0,R4,1,6,16,0.0468306888298224,0.0543469686912893,-0.0075162798614668985
R0_vs_R4,d3_rainbow_trout,regression,mae,R0,R4,1,7,16,0.1372379579203103,0.1352067704564771,0.002031187463833184
R0_vs_R4,d3_rainbow_trout,regression,mae,R0,R4,1,8,16,0.0551367821644829,0.0506940638961866,0.0044427182682963
R0_vs_R4,d3_rainbow_trout,regression,mae,R0,R4,1,9,16,0.1040188000780689,0.1216480762763689,-0.0176292761983
R0_vs_R4,d3_rainbow_trout,regression,mae,R0,R4,1,10,16,0.0673613267282009,0.06575404113955,0.0016072855886509058
R0_vs_R4,d3_rainbow_trout,regression,mae,R0,R4,1,11,16,0.1309107062787958,0.1278484113414979,0.003062294937297899
R0_vs_R4,d3_rainbow_trout,regression,mae,R0,R4,1,12,16,0.078608456509789,0.0714900631516197,0.0071183933581693
R0_vs_R4,d3_rainbow_trout,regression,mae,R0,R4,1,13,16,0.0854647385741881,0.086307568827869,-0.0008428302536808985
R0_vs_R4,d3_rainbow_trout,regression,mae,R0,R4,1,14,16,0.0518808564575322,0.0482854878848515,0.003595368572680703
R0_vs_R4,d3_rainbow_trout,regression,mae,R0,R4,1,15,16,0.0264419467584052,0.0202445278223789,0.006197418936026301
R0_vs_R4,d3_rainbow_trout,regression,mae,R0,R4,1,16,16,0.1878983250483654,0.1938041300757917,-0.005905805027426297
R0_vs_R4,d3_rainbow_trout,regression,mae,R0,R4,1,17,16,0.0378503182731454,0.0378841865738819,-3.38683007364976e-05
R0_vs_R4,d3_rainbow_trout,regression,mae,R0,R4,1,18,16,0.1796845582517494,0.2006740083969236,-0.0209894501451742
R0_vs_R4,d3_rainbow_trout,regression,mae,R0,R4,1,19,16,0.096845650899265,0.0852529195844517,0.011592731314813295
R0_vs_R4,d3_rainbow_trout,regression,mae,R0,R4,1,20,16,0.0157712200842141,0.0172840867400577,-0.0015128666558435998
R0_vs_R4,d3_rainbow_trout,regression,mae,R0,R4,1,21,16,0.0504558553918753,0.0511400933531285,-0.0006842379612532062
R0_vs_R4,d3_rainbow_trout,regression,mae,R0,R4,1,22,16,0.1298209179480651,0.1047318844470161,0.025089033501049005
R0_vs_R4,d3_rainbow_trout,regression,mae,R0,R4,1,23,16,0.0403274452406546,0.0386728758793187,0.0016545693613359003
R0_vs_R4,d3_rainbow_trout,regression,mae,R0,R4,1,24,16,0.0496612500131696,0.0496404000062197,2.08500069499018e-05
R0_vs_R4,d3_rainbow_trout,regression,mae,R0,R4,1,25,16,0.0738320223240503,0.0692163928854144,0.0046156294386359015
R0_vs_R4,d3_rainbow_trout,regression,mae,R0,R4,1,26,16,0.1407185287093419,0.1418680067100802,-0.0011494780007383076
R0_vs_R4,d3_rainbow_trout,regression,mae,R0,R4,1,27,16,0.1099219778825665,0.112558242172139,-0.002636264289572504
R0_vs_R4,d3_rainbow_trout,regression,mae,R0,R4,1,28,16,0.1398428476023768,0.144408047412052,-0.00456519980967518
R0_vs_R4,d3_rainbow_trout,regression,mae,R0,R4,1,29,16,0.0669929882398266,0.0709312941818715,-0.00393830594204489
R0_vs_R4,d3_rainbow_trout,regression,mae,R0,R4,1,30,16,0.0548041743324171,0.055437618749847,-0.0006334444174299
R0_vs_R4,d3_rainbow_trout,regression,mae,R0,R4,1,31,16,0.0667740585887138,0.0740369095259901,-0.0072628509372762995
R0_vs_R4,d3_rainbow_trout,regression,mae,R0,R4,1,32,16,0.1175733339758723,0.1295532871793476,-0.011979953203475308
R0_vs_R4,d3_rainbow_trout,regression,mae,R0,R4,1,33,16,0.1004346147427433,0.096744215084666,0.003690399658077298
R0_vs_R4,d3_rainbow_trout,regression,mae,R0,R4,1,34,16,0.0626650761386498,0.0570241061456587,0.005640969992991102
R0_vs_R4,d3_rainbow_trout,regression,mae,R0,R4,1,35,16,0.0605653576829258,0.0544076840260059,0.006157673656919903
R0_vs_R4,d3_rainbow_trout,regression,mae,R0,R4,1,36,16,0.0697621098818956,0.0671878686256001,0.0025742412562955036
R0_vs_R4,d3_rainbow_trout,regression,mae,R0,R4,1,37,16,0.0350668617066652,0.0348973198038619,0.00016954190280330655
R0_vs_R4,d3_rainbow_trout,regression,mae,R0,R4,1,38,16,0.1701170908607994,0.1643504493815697,0.0057666414792297005
R0_vs_R4,d3_rainbow_trout,regression,mae,R0,R4,1,39,16,0.070821926567047,0.0692433180953297,0.0015786084717172993
R0_vs_R4,d3_rainbow_trout,regression,mae,R0,R4,1,40,16,0.0925898292331759,0.094160616278899,-0.00157078704572311
R0_vs_R4,d3_rainbow_trout,regression,mae,R0,R4,1,41,16,0.0595257638554621,0.0609350863085587,-0.0014093224530965995
R0_vs_R4,d3_rainbow_trout,regression,mae,R0,R4,1,42,16,0.0771320465837409,0.0811643719006324,-0.004032325316891502
R0_vs_R4,d3_rainbow_trout,regression,mae,R0,R4,1,43,16,0.0876262422352651,0.0919992531970027,-0.004373010961737589
R0_vs_R4,d3_rainbow_trout,regression,mae,R0,R4,1,44,16,0.0330969183008459,0.0339170595019827,-0.0008201412011367981
R0_vs_R4,d3_rainbow_trout,regression,mae,R0,R4,1,45,16,0.0152098686073067,0.0146923844676025,0.0005174841397041999
R0_vs_R4,d3_rainbow_trout,regression,mae,R0,R4,1,46,16,0.1834866452896069,0.1761061179020282,0.007380527387578689
R0_vs_R4,d3_rainbow_trout,regression,mae,R0,R4,1,47,16,0.0522203077140935,0.0589428260658892,-0.0067225183517957005
R0_vs_R4,d3_rainbow_trout,regression,mae,R0,R4,1,48,16,0.0428146636682759,0.0408291415122708,0.001985522156005101
R0_vs_R4,d3_rainbow_trout,regression,mae,R0,R4,1,49,16,0.0748537776346147,0.0664606777454573,0.008393099889157402
R0_vs_R4,d3_rainbow_trout,regression,mae,R0,R4,1,50,16,0.2632517600311579,0.2700260284358015,-0.006774268404643569
R0_vs_R4,d3_rainbow_trout,regression,mae,R0,R4,1,51,16,0.1922759132191575,0.1862853327984058,0.005990580420751679
R0_vs_R4,d3_rainbow_trout,regression,mae,R0,R4,1,52,16,0.0339914347227123,0.0306951961456797,0.003296238577032602
R0_vs_R4,d3_rainbow_trout,regression,mae,R0,R4,1,53,16,0.0671203152318829,0.0718164425176891,-0.0046961272858061925
R0_vs_R4,d3_rainbow_trout,regression,mae,R0,R4,1,54,16,0.0375938080781411,0.0375669496945851,2.6858383555997123e-05
R0_vs_R4,d3_rainbow_trout,regression,mae,R0,R4,1,55,16,0.0285932985948326,0.03219810164274,-0.0036048030479074004
R0_vs_R4,d3_rainbow_trout,regression,mae,R0,R4,1,56,16,0.0449009825712816,0.0438222484298883,0.0010787341413932977
R0_vs_R4,d3_rainbow_trout,regression,mae,R0,R4,1,57,16,0.0574282493001796,0.0534973477576374,0.003930901542542199
R0_vs_R4,d3_rainbow_trout,regression,mae,R0,R4,1,58,16,0.0887116631908516,0.0874648957279753,0.0012467674628762887
R0_vs_R4,d3_rainbow_trout,regression,mae,R0,R4,1,59,16,0.2261840573379116,0.227151637196236,-0.00096757985832438
R0_vs_R4,d3_rainbow_trout,regression,mae,R0,R4,1,60,16,0.0982496057031257,0.1048572105721491,-0.006607604869023398
R0_vs_R4,d3_rainbow_trout,regression,mae,R0,R4,1,61,16,0.0825752189025323,0.0793446629891821,0.003230555913350211
R0_vs_R4,d3_rainbow_trout,regression,mae,R0,R4,2,0,16,0.1649400300456296,0.1701364253929036,-0.005196395347274008
R0_vs_R4,d3_rainbow_trout,regression,mae,R0,R4,2,1,16,0.0614479980249897,0.061911788663076,-0.0004637906380862977
R0_vs_R4,d3_rainbow_trout,regression,mae,R0,R4,2,2,16,0.0615721490304889,0.0593431426655522,0.0022290063649367045
R0_vs_R4,d3_rainbow_trout,regression,mae,R0,R4,2,3,16,0.0246932970244764,0.0251030815711833,-0.0004097845467069018
R0_vs_R4,d3_rainbow_trout,regression,mae,R0,R4,2,4,16,0.1405561268712333,0.1381610580016473,0.0023950688695860145
R0_vs_R4,d3_rainbow_trout,regression,mae,R0,R4,2,5,16,0.0427770284391191,0.0527158114036345,-0.009938782964515405
R0_vs_R4,d3_rainbow_trout,regression,mae,R0,R4,2,6,16,0.0966088209181055,0.0878683054003032,0.008740515517802305
R0_vs_R4,d3_rainbow_trout,regression,mae,R0,R4,2,7,16,0.03912436884384,0.0398644981607344,-0.0007401293168944056
R0_vs_R4,d3_rainbow_trout,regression,mae,R0,R4,2,8,16,0.1156688303309152,0.1345766970450913,-0.01890786671417609
R0_vs_R4,d3_rainbow_trout,regression,mae,R0,R4,2,9,16,0.1012674239597943,0.1670990722659275,-0.0658316483061332
R0_vs_R4,d3_rainbow_trout,regression,mae,R0,R4,2,10,16,0.0637528472553618,0.0596370664226296,0.004115780832732202
R0_vs_R4,d3_rainbow_trout,regression,mae,R0,R4,2,11,16,0.1232505413163339,0.1177943099731396,0.005456231343194298
R0_vs_R4,d3_rainbow_trout,regression,mae,R0,R4,2,12,16,0.0944455994978138,0.1028632566148659,-0.0084176571170521
R0_vs_R4,d3_rainbow_trout,regression,mae,R0,R4,2,13,16,0.0434960363384511,0.0456169979046283,-0.0021209615661772
R0_vs_R4,d3_rainbow_trout,regression,mae,R0,R4,2,14,16,0.0393198443045246,0.0365141445976675,0.0028056997068571024
R0_vs_R4,d3_rainbow_trout,regression,mae,R0,R4,2,15,16,0.0359900033998751,0.0366522231843,-0.0006622197844248986
R0_vs_R4,d3_rainbow_trout,regression,mae,R0,R4,2,16,16,0.0685178481583877,0.0629194297307223,0.005598418427665397
R0_vs_R4,d3_rainbow_trout,regression,mae,R0,R4,2,17,16,0.0649662852251398,0.0590873257005807,0.005878959524559094
R0_vs_R4,d3_rainbow_trout,regression,mae,R0,R4,2,18,16,0.0471185936540675,0.0471919366095899,-7.334295552240133e-05
R0_vs_R4,d3_rainbow_trout,regression,mae,R0,R4,2,19,16,0.1018289383826216,0.0841873991721888,0.017641539210432794
R0_vs_R4,d3_rainbow_trout,regression,mae,R0,R4,2,20,16,0.0572814199207873,0.0555346971468025,0.001746722773984799
R0_vs_R4,d3_rainbow_trout,regression,mae,R0,R4,2,21,16,0.1765155410742197,0.1725320284043953,0.003983512669824413
R0_vs_R4,d3_rainbow_trout,regression,mae,R0,R4,2,22,16,0.0535278951734521,0.0534034372474678,0.0001244579259842976
R0_vs_R4,d3_rainbow_trout,regression,mae,R0,R4,2,23,16,0.0453172263605985,0.0481244402946917,-0.0028072139340932015
R0_vs_R4,d3_rainbow_trout,regression,mae,R0,R4,2,24,16,0.0371923375627282,0.033076840010311,0.004115497552417205
R0_vs_R4,d3_rainbow_trout,regression,mae,R0,R4,2,25,16,0.1447648802139004,0.1440555100364376,0.0007093701774628092
R0_vs_R4,d3_rainbow_trout,regression,mae,R0,R4,2,26,16,0.0341422064528404,0.0460245556973238,-0.0118823492444834
R0_vs_R4,d3_rainbow_trout,regression,mae,R0,R4,2,27,16,0.0848528038830534,0.0854751787907125,-0.0006223749076590956
R0_vs_R4,d3_rainbow_trout,regression,mae,R0,R4,2,28,16,0.0649913783069243,0.0734470348382942,-0.008455656531369912
R0_vs_R4,d3_rainbow_trout,regression,mae,R0,R4,2,29,16,0.2156630601014297,0.2353105876223247,-0.01964752752089502
R0_vs_R4,d3_rainbow_trout,regression,mae,R0,R4,2,30,16,0.1069959754592605,0.1103467977895397,-0.003350822330279196
R0_vs_R4,d3_rainbow_trout,regression,mae,R0,R4,2,31,16,0.0872527780534587,0.0905942619134446,-0.0033414838599858943
R0_vs_R4,d3_rainbow_trout,regression,mae,R0,R4,2,32,16,0.1186045285427422,0.1169453623679007,0.001659166174841506
R0_vs_R4,d3_rainbow_trout,regression,mae,R0,R4,2,33,16,0.1431761561262093,0.1353398352357693,0.00783632089043998
R0_vs_R4,d3_rainbow_trout,regression,mae,R0,R4,2,34,16,0.0644796714540803,0.0682358530062937,-0.0037561815522133973
R0_vs_R4,d3_rainbow_trout,regression,mae,R0,R4,2,35,16,0.0712496657873607,0.0610468330676313,0.010202832719729396
R0_vs_R4,d3_rainbow_trout,regression,mae,R0,R4,2,36,16,0.1324398626684075,0.1456839752898893,-0.013244112621481813
R0_vs_R4,d3_rainbow_trout,regression,mae,R0,R4,2,37,16,0.0883060646581007,0.0919664890454987,-0.003660424387397998
R0_vs_R4,d3_rainbow_trout,regression,mae,R0,R4,2,38,16,0.1051375840999792,0.107092957561944,-0.001955373461964796
R0_vs_R4,d3_rainbow_trout,regression,mae,R0,R4,2,39,16,0.0953011504532441,0.0968999202154876,-0.0015987697622435043
R0_vs_R4,d3_rainbow_trout,regression,mae,R0,R4,2,40,16,0.2156242506850297,0.2509472191618476,-0.0353229684768179
R0_vs_R4,d3_rainbow_trout,regression,mae,R0,R4,2,41,16,0.0437688141930676,0.0504437278417902,-0.006674913648722601
R0_vs_R4,d3_rainbow_trout,regression,mae,R0,R4,2,42,16,0.0664429075374098,0.0746379055627882,-0.008194998025378389
R0_vs_R4,d3_rainbow_trout,regression,mae,R0,R4,2,43,16,0.0594384924174327,0.0560384328541977,0.003400059563235004
R0_vs_R4,d3_rainbow_trout,regression,mae,R0,R4,2,44,16,0.1923951091190315,0.1888446460419366,0.0035504630770948897
R0_vs_R4,d3_rainbow_trout,regression,mae,R0,R4,2,45,16,0.0731897697561531,0.0797325616985431,-0.0065427919423900055
R0_vs_R4,d3_rainbow_trout,regression,mae,R0,R4,2,46,16,0.1855764151585299,0.2128014286085234,-0.027225013449993507
R0_vs_R4,d3_rainbow_trout,regression,mae,R0,R4,2,47,16,0.0822036492470751,0.080934399275291,0.0012692499717840977
R0_vs_R4,d3_rainbow_trout,regression,mae,R0,R4,2,48,16,0.050980879071994,0.0491782592798877,0.0018026197921063025
R0_vs_R4,d3_rainbow_trout,regression,mae,R0,R4,2,49,16,0.2233428780593851,0.2239019612087147,-0.0005590831493295922
R0_vs_R4,d3_rainbow_trout,regression,mae,R0,R4,2,50,16,0.1454993033778668,0.1419363959772598,0.003562907400606996
R0_vs_R4,d3_rainbow_trout,regression,mae,R0,R4,2,51,16,0.0572653042559709,0.0670825855216538,-0.009817281265682903
R0_vs_R4,d3_rainbow_trout,regression,mae,R0,R4,2,52,16,0.0428365819919134,0.0370274947368637,0.005809087255049694
R0_vs_R4,d3_rainbow_trout,regression,mae,R0,R4,2,53,16,0.0792591030430539,0.0763039266410132,0.00295517640204071
R0_vs_R4,d3_rainbow_trout,regression,mae,R0,R4,2,54,16,0.118658356951533,0.1089950106688556,0.009663346282677399
R0_vs_R4,d3_rainbow_trout,regression,mae,R0,R4,2,55,16,0.0671625331500336,0.0628428181033761,0.004319715046657499
R0_vs_R4,d3_rainbow_trout,regression,mae,R0,R4,2,56,16,0.0744968404737013,0.0724207456491209,0.0020760948245803906
R0_vs_R4,d3_rainbow_trout,regression,mae,R0,R4,2,57,16,0.1830699133138288,0.2115850097972367,-0.028515096483407915
R0_vs_R4,d3_rainbow_trout,regression,mae,R0,R4,2,58,16,0.0649044337600452,0.06687531819118,-0.0019708844311348006
R0_vs_R4,d3_rainbow_trout,regression,mae,R0,R4,2,59,16,0.2807107130683389,0.2875882763950149,-0.006877563326675995
R0_vs_R4,d3_rainbow_trout,regression,mae,R0,R4,2,60,16,0.037716632558816,0.0457286343130839,-0.008012001754267903
R0_vs_R4,d3_rainbow_trout,regression,mae,R0,R4,2,61,16,0.0845350506588768,0.0748292047511623,0.009705845907714505
R0_vs_R4,d3_rainbow_trout,regression,mae,R0,R4,3,0,16,0.1417099184773796,0.1080243377365068,0.0336855807408728
R0_vs_R4,d3_rainbow_trout,regression,mae,R0,R4,3,1,16,0.0943118135389046,0.0926567139614748,0.0016550995774297916
R0_vs_R4,d3_rainbow_trout,regression,mae,R0,R4,3,2,16,0.1191570411785604,0.1113864750199358,0.007770566158624592
R0_vs_R4,d3_rainbow_trout,regression,mae,R0,R4,3,3,16,0.1610198929174494,0.1557335875746436,0.005286305342805803
R0_vs_R4,d3_rainbow_trout,regression,mae,R0,R4,3,4,16,0.0723117339543936,0.067492726159729,0.004819007794664598
R0_vs_R4,d3_rainbow_trout,regression,mae,R0,R4,3,5,16,0.0360505819055114,0.0411711042122644,-0.005120522306753
R0_vs_R4,d3_rainbow_trout,regression,mae,R0,R4,3,6,16,0.0860108348320442,0.0957990358299029,-0.009788200997858695
R0_vs_R4,d3_rainbow_trout,regression,mae,R0,R4,3,7,16,0.1849656616719837,0.1737514520505421,0.011214209621441595
R0_vs_R4,d3_rainbow_trout,regression,mae,R0,R4,3,8,16,0.0292316181182395,0.0366845507848232,-0.007452932666583704
R0_vs_R4,d3_rainbow_trout,regression,mae,R0,R4,3,9,16,0.0714176850967833,0.0783553790197007,-0.006937693922917404
R0_vs_R4,d3_rainbow_trout,regression,mae,R0,R4,3,10,16,0.0627589640559556,0.064482635690355,-0.001723671634399404
R0_vs_R4,d3_rainbow_trout,regression,mae,R0,R4,3,11,16,0.0366023502336508,0.036562811214236,3.953901941480126e-05
R0_vs_R4,d3_rainbow_trout,regression,mae,R0,R4,3,12,16,0.1276047205008638,0.1229687044595953,0.004636016041268495
R0_vs_R4,d3_rainbow_trout,regression,mae,R0,R4,3,13,16,0.1923589848293455,0.2228982721447721,-0.0305392873154266
R0_vs_R4,d3_rainbow_trout,regression,mae,R0,R4,3,14,16,0.0704871511305119,0.0610442005664705,0.009442950564041402
R0_vs_R4,d3_rainbow_trout,regression,mae,R0,R4,3,15,16,0.0504709905405506,0.0508845188395263,-0.00041352829897570165
R0_vs_R4,d3_rainbow_trout,regression,mae,R0,R4,3,16,16,0.0363768179939193,0.0326178216168774,0.0037589963770418983
R0_vs_R4,d3_rainbow_trout,regression,mae,R0,R4,3,17,16,0.0740702285862871,0.0748420546328726,-0.0007718260465855026
R0_vs_R4,d3_rainbow_trout,regression,mae,R0,R4,3,18,16,0.1095549324634597,0.103354625205108,0.006200307258351689
R0_vs_R4,d3_rainbow_trout,regression,mae,R0,R4,3,19,16,0.0459642173391412,0.0396696358932175,0.006294581445923701
R0_vs_R4,d3_rainbow_trout,regression,mae,R0,R4,3,20,16,0.0756819301310737,0.0816493022966254,-0.005967372165551696
R0_vs_R4,d3_rainbow_trout,regression,mae,R0,R4,3,21,16,0.0723056556292843,0.0654232115693846,0.006882444059899698
R0_vs_R4,d3_rainbow_trout,regression,mae,R0,R4,3,22,16,0.0490369854756122,0.0372215244740025,0.011815461001609698
R0_vs_R4,d3_rainbow_trout,regression,mae,R0,R4,3,23,16,0.1216606304056435,0.1228203376156141,-0.0011597072099706063
R0_vs_R4,d3_rainbow_trout,regression,mae,R0,R4,3,24,16,0.2123795206708884,0.193651788775124,0.018727731895764377
R0_vs_R4,d3_rainbow_trout,regression,mae,R0,R4,3,25,16,0.0458949629249096,0.0469277561995388,-0.0010327932746292054
R0_vs_R4,d3_rainbow_trout,regression,mae,R0,R4,3,26,16,0.0681998741668179,0.0743011551042357,-0.006101280937417797
R0_vs_R4,d3_rainbow_trout,regression,mae,R0,R4,3,27,16,0.1084527517643803,0.0954420519145889,0.01301069984979139
R0_vs_R4,d3_rainbow_trout,regression,mae,R0,R4,3,28,16,0.0593842859376652,0.0600582693474745,-0.0006739834098093006
R0_vs_R4,d3_rainbow_trout,regression,mae,R0,R4,3,29,16,0.2011403160329028,0.1756862480029371,0.025454068029965693
R0_vs_R4,d3_rainbow_trout,regression,mae,R0,R4,3,30,16,0.0896145090258321,0.0819303583573345,0.007684150668497591
R0_vs_R4,d3_rainbow_trout,regression,mae,R0,R4,3,31,16,0.0455167499791448,0.0600868315208544,-0.0145700815417096
R0_vs_R4,d3_rainbow_trout,regression,mae,R0,R4,3,32,16,0.1182053500553847,0.1216239139941531,-0.003418563938768396
R0_vs_R4,d3_rainbow_trout,regression,mae,R0,R4,3,33,16,0.0486762992737973,0.0296072481156562,0.019069051158141097
R0_vs_R4,d3_rainbow_trout,regression,mae,R0,R4,3,34,16,0.2196414308386446,0.2427004434205411,-0.023059012581896493
R0_vs_R4,d3_rainbow_trout,regression,mae,R0,R4,3,35,16,0.072514859435294,0.0607554390133683,0.011759420421925695
R0_vs_R4,d3_rainbow_trout,regression,mae,R0,R4,3,36,16,0.0662378726289503,0.0777167831941096,-0.011478910565159303
R0_vs_R4,d3_rainbow_trout,regression,mae,R0,R4,3,37,16,0.1133733967297165,0.1099800781547358,0.0033933185749806943
R0_vs_R4,d3_rainbow_trout,regression,mae,R0,R4,3,38,16,0.1107486525140908,0.1335358503836432,-0.02278719786955241
R0_vs_R4,d3_rainbow_trout,regression,mae,R0,R4,3,39,16,0.0753623380259338,0.0773366305139063,-0.0019742924879724982
R0_vs_R4,d3_rainbow_trout,regression,mae,R0,R4,3,40,16,0.0727997371195172,0.0644426466976406,0.0083570904218766
R0_vs_R4,d3_rainbow_trout,regression,mae,R0,R4,3,41,16,0.0627493681177084,0.0563106378966096,0.006438730221098796
R0_vs_R4,d3_rainbow_trout,regression,mae,R0,R4,3,42,16,0.2411401050678005,0.2403012222929527,0.00083888277484781
R0_vs_R4,d3_rainbow_trout,regression,mae,R0,R4,3,43,16,0.094645429479525,0.0968746961415634,-0.00222926666203839
R0_vs_R4,d3_rainbow_trout,regression,mae,R0,R4,3,44,16,0.0569969073378495,0.055720514831911,0.0012763925059385006
R0_vs_R4,d3_rainbow_trout,regression,mae,R0,R4,3,45,16,0.056794949023126,0.0555212950906519,0.0012736539324740975
R0_vs_R4,d3_rainbow_trout,regression,mae,R0,R4,3,46,16,0.0254765405019673,0.0319678206596807,-0.0064912801577134
R0_vs_R4,d3_rainbow_trout,regression,mae,R0,R4,3,47,16,0.2151580729415999,0.1779769061598429,0.03718116678175698
R0_vs_R4,d3_rainbow_trout,regression,mae,R0,R4,3,48,16,0.1332268391780869,0.1665039415560475,-0.03327710237796061
R0_vs_R4,d3_rainbow_trout,regression,mae,R0,R4,3,49,16,0.1416218857446122,0.1300753582591541,0.011546527485458119
R0_vs_R4,d3_rainbow_trout,regression,mae,R0,R4,3,50,16,0.0629547799228672,0.0565719339427581,0.006382845980109103
R0_vs_R4,d3_rainbow_trout,regression,mae,R0,R4,3,51,16,0.0288597475633262,0.0272274746341523,0.0016322729291738981
R0_vs_R4,d3_rainbow_trout,regression,mae,R0,R4,3,52,16,0.0608318372387165,0.060732821703319,9.901553539749808e-05
R0_vs_R4,d3_rainbow_trout,regression,mae,R0,R4,3,53,16,0.0705700554933165,0.0625926322969824,0.007977423196334099
R0_vs_R4,d3_rainbow_trout,regression,mae,R0,R4,3,54,16,0.0394037093713733,0.0305772318961382,0.0088264774752351
R0_vs_R4,d3_rainbow_trout,regression,mae,R0,R4,3,55,16,0.2760288780832431,0.2741131241425836,0.0019157539406595148
R0_vs_R4,d3_rainbow_trout,regression,mae,R0,R4,3,56,16,0.0453684032888571,0.0476900638184643,-0.0023216605296072015
R0_vs_R4,d3_rainbow_trout,regression,mae,R0,R4,3,57,16,0.0590556822738705,0.0537436356899178,0.0053120465839526995
R0_vs_R4,d3_rainbow_trout,regression,mae,R0,R4,3,58,16,0.2104025639805159,0.2198884481416475,-0.009485884161131608
R0_vs_R4,d3_rainbow_trout,regression,mae,R0,R4,3,59,16,0.0130336957130006,0.0132268328256779,-0.000193137112677301
R0_vs_R4,d3_rainbow_trout,regression,mae,R0,R4,3,60,16,0.0513355981641858,0.058722497150106,-0.0073868989859202025
R0_vs_R4,d3_rainbow_trout,regression,mae,R0,R4,3,61,16,0.0558008803767327,0.0494917642571875,0.006309116119545197
R0_vs_R4,d3_rainbow_trout,regression,mae,R0,R4,4,0,16,0.1412967056418788,0.1457970827459689,-0.0045003771040900975
R0_vs_R4,d3_rainbow_trout,regression,mae,R0,R4,4,1,16,0.1000166413379375,0.0953444010534265,0.004672240284511006
R0_vs_R4,d3_rainbow_trout,regression,mae,R0,R4,4,2,16,0.1131532942949343,0.1072370565368721,0.005916237758062201
R0_vs_R4,d3_rainbow_trout,regression,mae,R0,R4,4,3,16,0.0937834960141785,0.088056185824861,0.0057273101893175055
R0_vs_R4,d3_rainbow_trout,regression,mae,R0,R4,4,4,16,0.126778572624426,0.1326761662205451,-0.005897593596119105
R0_vs_R4,d3_rainbow_trout,regression,mae,R0,R4,4,5,16,0.050623568013005,0.0609821465139316,-0.010358578500926599
R0_vs_R4,d3_rainbow_trout,regression,mae,R0,R4,4,6,16,0.072459134015605,0.0787166048090144,-0.006257470793409409
R0_vs_R4,d3_rainbow_trout,regression,mae,R0,R4,4,7,16,0.0821481196206403,0.0902343958928647,-0.0080862762722244
R0_vs_R4,d3_rainbow_trout,regression,mae,R0,R4,4,8,16,0.2098780147205704,0.1839513743883391,0.0259266403322313
R0_vs_R4,d3_rainbow_trout,regression,mae,R0,R4,4,9,16,0.0290055714356796,0.0220123918513251,0.006993179584354501
R0_vs_R4,d3_rainbow_trout,regression,mae,R0,R4,4,10,16,0.1244763816443993,0.111591705085483,0.0128846765589163
R0_vs_R4,d3_rainbow_trout,regression,mae,R0,R4,4,11,16,0.1193301633972893,0.1028767129209929,0.0164534504762964
R0_vs_R4,d3_rainbow_trout,regression,mae,R0,R4,4,12,16,0.0673796769726112,0.0614490955939102,0.005930581378700998
R0_vs_R4,d3_rainbow_trout,regression,mae,R0,R4,4,13,16,0.0988523000823346,0.0864218038561702,0.012430496226164406
R0_vs_R4,d3_rainbow_trout,regression,mae,R0,R4,4,14,16,0.2035767500002289,0.1662312758006376,0.037345474199591305
R0_vs_R4,d3_rainbow_trout,regression,mae,R0,R4,4,15,16,0.0850470529108388,0.0785573002402771,0.006489752670561705
R0_vs_R4,d3_rainbow_trout,regression,mae,R0,R4,4,16,16,0.0514901788510371,0.0422019410040237,0.009288237847013402
R0_vs_R4,d3_rainbow_trout,regression,mae,R0,R4,4,17,16,0.0658029762873513,0.0503718751585106,0.015431101128840698
R0_vs_R4,d3_rainbow_trout,regression,mae,R0,R4,4,18,16,0.0906442407439596,0.0872189734986706,0.003425267245289007
R0_vs_R4,d3_rainbow_trout,regression,mae,R0,R4,4,19,16,0.0315614198702149,0.0301675367910422,0.0013938830791727017
R0_vs_R4,d3_rainbow_trout,regression,mae,R0,R4,4,20,16,0.0715078447709693,0.06225657461799,0.009251270152979302
R0_vs_R4,d3_rainbow_trout,regression,mae,R0,R4,4,21,16,0.0622320741549477,0.0800877624729354,-0.017855688317987707
R0_vs_R4,d3_rainbow_trout,regression,mae,R0,R4,4,22,16,0.0351433122597059,0.0337576917845535,0.0013856204751524007
R0_vs_R4,d3_rainbow_trout,regression,mae,R0,R4,4,23,16,0.1305026977250684,0.1041861781844328,0.02631651954063559
R0_vs_R4,d3_rainbow_trout,regression,mae,R0,R4,4,24,16,0.0631599220657176,0.04184212940033,0.021317792665387608
R0_vs_R4,d3_rainbow_trout,regression,mae,R0,R4,4,25,16,0.2171091311925264,0.2459647752401454,-0.028855644047619006
R0_vs_R4,d3_rainbow_trout,regression,mae,R0,R4,4,26,16,0.069686596773927,0.0746444060613909,-0.004957809287463907
R0_vs_R4,d3_rainbow_trout,regression,mae,R0,R4,4,27,16,0.0724012804953891,0.0696262121720523,0.0027750683233368073
R0_vs_R4,d3_rainbow_trout,regression,mae,R0,R4,4,28,16,0.2620952616496,0.2679311223468117,-0.005835860697211703
R0_vs_R4,d3_rainbow_trout,regression,mae,R0,R4,4,29,16,0.0518363884854253,0.0490542006666071,0.002782187818818199
R0_vs_R4,d3_rainbow_trout,regression,mae,R0,R4,4,30,16,0.0274489688427244,0.0380734071335086,-0.010624438290784195
R0_vs_R4,d3_rainbow_trout,regression,mae,R0,R4,4,31,16,0.0989867581484928,0.0851942382918144,0.013792519856678398
R0_vs_R4,d3_rainbow_trout,regression,mae,R0,R4,4,32,16,0.0749471734754787,0.0800083584349016,-0.005061184959422899
R0_vs_R4,d3_rainbow_trout,regression,mae,R0,R4,4,33,16,0.0521526793924257,0.0412533231787311,0.010899356213694603
R0_vs_R4,d3_rainbow_trout,regression,mae,R0,R4,4,34,16,0.0509206524207586,0.0587727670110447,-0.007852114590286105
R0_vs_R4,d3_rainbow_trout,regression,mae,R0,R4,4,35,16,0.0483592699262773,0.0369383008616918,0.0114209690645855
R0_vs_R4,d3_rainbow_trout,regression,mae,R0,R4,4,36,16,0.1391612860317748,0.1322933032024137,0.006867982829361102
R0_vs_R4,d3_rainbow_trout,regression,mae,R0,R4,4,37,16,0.0703398831231609,0.0739211362231735,-0.003581253100012602
R0_vs_R4,d3_rainbow_trout,regression,mae,R0,R4,4,38,16,0.0540164698062231,0.0543929243572053,-0.0003764545509822026
R0_vs_R4,d3_rainbow_trout,regression,mae,R0,R4,4,39,16,0.0632180572393679,0.0484415510237095,0.014776506215658396
R0_vs_R4,d3_rainbow_trout,regression,mae,R0,R4,4,40,16,0.0635524279742175,0.062294172823574,0.0012582551506435044
R0_vs_R4,d3_rainbow_trout,regression,mae,R0,R4,4,41,16,0.0726126624265616,0.0594909011326192,0.0131217612939424
R0_vs_R4,d3_rainbow_trout,regression,mae,R0,R4,4,42,16,0.1522350540416582,0.1632977178021773,-0.011062663760519093
R0_vs_R4,d3_rainbow_trout,regression,mae,R0,R4,4,43,16,0.0825423368832553,0.0843407560851559,-0.001798419201900603
R0_vs_R4,d3_rainbow_trout,regression,mae,R0,R4,4,44,16,0.2497602194264032,0.2295713356584245,0.0201888837679787
R0_vs_R4,d3_rainbow_trout,regression,mae,R0,R4,4,45,16,0.0690143482791892,0.0608966932106715,0.0081176550685177
R0_vs_R4,d3_rainbow_trout,regression,mae,R0,R4,4,46,16,0.0514890509911832,0.0327206749002293,0.0187683760909539
R0_vs_R4,d3_rainbow_trout,regression,mae,R0,R4,4,47,16,0.029019688730338,0.0310424909605439,-0.0020228022302059
R0_vs_R4,d3_rainbow_trout,regression,mae,R0,R4,4,48,16,0.1359476156508215,0.1413202551355959,-0.0053726394847744
R0_vs_R4,d3_rainbow_trout,regression,mae,R0,R4,4,49,16,0.2147880231402233,0.2100978933797327,0.004690129760490602
R0_vs_R4,d3_rainbow_trout,regression,mae,R0,R4,4,50,16,0.060558311617148,0.0525979674912128,0.007960344125935201
R0_vs_R4,d3_rainbow_trout,regression,mae,R0,R4,4,51,16,0.2502529573565977,0.214156886216883,0.03609607113971469
R0_vs_R4,d3_rainbow_trout,regression,mae,R0,R4,4,52,16,0.134834101294939,0.1519913264177181,-0.01715722512277909
R0_vs_R4,d3_rainbow_trout,regression,mae,R0,R4,4,53,16,0.0606167201341595,0.0578536196918198,0.002763100442339704
R0_vs_R4,d3_rainbow_trout,regression,mae,R0,R4,4,54,16,0.0349568406854896,0.0387669032505032,-0.0038100625650136014
R0_vs_R4,d3_rainbow_trout,regression,mae,R0,R4,4,55,16,0.0638243977926015,0.0539006605151511,0.009923737277450405
R0_vs_R4,d3_rainbow_trout,regression,mae,R0,R4,4,56,16,0.1000186707842497,0.0953162944838735,0.00470237630037619
R0_vs_R4,d3_rainbow_trout,regression,mae,R0,R4,4,57,16,0.0616755183666416,0.0752085437455803,-0.013533025378938697
R0_vs_R4,d3_rainbow_trout,regression,mae,R0,R4,4,58,16,0.0261836223719276,0.0429146633600654,-0.0167310409881378
R0_vs_R4,d3_rainbow_trout,regression,mae,R0,R4,4,59,16,0.0161000175037555,0.0149064852097287,0.0011935322940268
R0_vs_R4,d3_rainbow_trout,regression,mae,R0,R4,4,60,16,0.2231349961652374,0.2283523221151302,-0.005217325949892798
R0_vs_R4,d3_rainbow_trout,regression,mae,R0,R4,4,61,16,0.0316300408682052,0.0222775244458125,0.009352516422392699
R0_vs_R4,d3_rainbow_trout,regression,mae,R0,R4,5,0,16,0.0531569300466448,0.0542056414657848,-0.0010487114191400013
R0_vs_R4,d3_rainbow_trout,regression,mae,R0,R4,5,1,16,0.0758465949923651,0.072750357981652,0.0030962370107130988
R0_vs_R4,d3_rainbow_trout,regression,mae,R0,R4,5,2,16,0.0193353474198078,0.0192417415717001,9.360584810769873e-05
R0_vs_R4,d3_rainbow_trout,regression,mae,R0,R4,5,3,16,0.1388040571634333,0.1418080554413144,-0.003003998277881087
R0_vs_R4,d3_rainbow_trout,regression,mae,R0,R4,5,4,16,0.0325214011852492,0.026297168059085,0.006224233126164203
R0_vs_R4,d3_rainbow_trout,regression,mae,R0,R4,5,5,16,0.0801943095016734,0.0817790655496786,-0.0015847560480052036
R0_vs_R4,d3_rainbow_trout,regression,mae,R0,R4,5,6,16,0.0702099935598559,0.0653392958136053,0.004870697746250596
R0_vs_R4,d3_rainbow_trout,regression,mae,R0,R4,5,7,16,0.1329175729734239,0.1422565409183186,-0.009338967944894694
R0_vs_R4,d3_rainbow_trout,regression,mae,R0,R4,5,8,16,0.124023823683536,0.126219408402348,-0.0021955847188119965
R0_vs_R4,d3_rainbow_trout,regression,mae,R0,R4,5,9,16,0.0595006445288884,0.0608587217211384,-0.0013580771922499998
R0_vs_R4,d3_rainbow_trout,regression,mae,R0,R4,5,10,16,0.0456061933072376,0.0397880285694267,0.005818164737810896
R0_vs_R4,d3_rainbow_trout,regression,mae,R0,R4,5,11,16,0.0790095757364347,0.072412875740627,0.006596699995807698
R0_vs_R4,d3_rainbow_trout,regression,mae,R0,R4,5,12,16,0.1506732926746052,0.1565523665093863,-0.005879073834781118
R0_vs_R4,d3_rainbow_trout,regression,mae,R0,R4,5,13,16,0.0707104011888726,0.0715693377253407,-0.0008589365364680968
R0_vs_R4,d3_rainbow_trout,regression,mae,R0,R4,5,14,16,0.1342869189817563,0.1465823604325385,-0.012295441450782207
R0_vs_R4,d3_rainbow_trout,regression,mae,R0,R4,5,15,16,0.2132446583920576,0.2417655412270056,-0.028520882834947997
R0_vs_R4,d3_rainbow_trout,regression,mae,R0,R4,5,16,16,0.1062596965274789,0.1121199408055586,-0.005860244278079699
R0_vs_R4,d3_rainbow_trout,regression,mae,R0,R4,5,17,16,0.0750281466072632,0.0828548473457968,-0.007826700738533601
R0_vs_R4,d3_rainbow_trout,regression,mae,R0,R4,5,18,16,0.0611514044602198,0.0636816518559913,-0.0025302473957714983
R0_vs_R4,d3_rainbow_trout,regression,mae,R0,R4,5,19,16,0.0543190757054163,0.0550709550796526,-0.0007518793742362986
R0_vs_R4,d3_rainbow_trout,regression,mae,R0,R4,5,20,16,0.0495408063126557,0.0503582804436586,-0.0008174741310029016
R0_vs_R4,d3_rainbow_trout,regression,mae,R0,R4,5,21,16,0.0817939571262347,0.0799627321838059,0.001831224942428808
R0_vs_R4,d3_rainbow_trout,regression,mae,R0,R4,5,22,16,0.0985090224206864,0.1001751889729487,-0.001666166552262302
R0_vs_R4,d3_rainbow_trout,regression,mae,R0,R4,5,23,16,0.0326105621980413,0.0350708937580876,-0.002460331560046297
R0_vs_R4,d3_rainbow_trout,regression,mae,R0,R4,5,24,16,0.2218181786493468,0.2460354510659271,-0.02421727241658031
R0_vs_R4,d3_rainbow_trout,regression,mae,R0,R4,5,25,16,0.2723377433856509,0.2789137637509868,-0.006576020365335888
R0_vs_R4,d3_rainbow_trout,regression,mae,R0,R4,5,26,16,0.1895719981050223,0.1902892979476971,-0.0007172998426748234
R0_vs_R4,d3_rainbow_trout,regression,mae,R0,R4,5,27,16,0.0437749178808765,0.0483312729674048,-0.0045563550865282965
R0_vs_R4,d3_rainbow_trout,regression,mae,R0,R4,5,28,16,0.0369657342027031,0.0377779177423345,-0.0008121835396314031
R0_vs_R4,d3_rainbow_trout,regression,mae,R0,R4,5,29,16,0.0875934704100524,0.0917116208077339,-0.0041181503976815
R0_vs_R4,d3_rainbow_trout,regression,mae,R0,R4,5,30,16,0.1947995656376604,0.2056947702485621,-0.010895204610901682
R0_vs_R4,d3_rainbow_trout,regression,mae,R0,R4,5,31,16,0.0640218782199549,0.0643140803358866,-0.0002922021159317001
R0_vs_R4,d3_rainbow_trout,regression,mae,R0,R4,5,32,16,0.0491647601646636,0.0516052316749793,-0.002440471510315706
R0_vs_R4,d3_rainbow_trout,regression,mae,R0,R4,5,33,16,0.0517260036371794,0.0524687387433972,-0.0007427351062177998
R0_vs_R4,d3_rainbow_trout,regression,mae,R0,R4,5,34,16,0.0936386454946012,0.0887207571014422,0.004917888393159001
R0_vs_R4,d3_rainbow_trout,regression,mae,R0,R4,5,35,16,0.225451321140816,0.2217074576476567,0.003743863493159305
R0_vs_R4,d3_rainbow_trout,regression,mae,R0,R4,5,36,16,0.0633668741536958,0.0624497909279964,0.0009170832256993958
R0_vs_R4,d3_rainbow_trout,regression,mae,R0,R4,5,37,16,0.0670047826218303,0.0712395992855768,-0.0042348166637465046
R0_vs_R4,d3_rainbow_trout,regression,mae,R0,R4,5,38,16,0.0939454680540669,0.0925331091983075,0.0014123588557593963
R0_vs_R4,d3_rainbow_trout,regression,mae,R0,R4,5,39,16,0.1910329354241479,0.1746532759943744,0.016379659429773485
R0_vs_R4,d3_rainbow_trout,regression,mae,R0,R4,5,40,16,0.082925507959841,0.0858058512703695,-0.0028803433105284992
R0_vs_R4,d3_rainbow_trout,regression,mae,R0,R4,5,41,16,0.1324171065511057,0.1265345724291313,0.005882534121974398
R0_vs_R4,d3_rainbow_trout,regression,mae,R0,R4,5,42,16,0.0597629225151231,0.058152111985146,0.0016108105299771011
R0_vs_R4,d3_rainbow_trout,regression,mae,R0,R4,5,43,16,0.0325301023394104,0.0334878683881162,-0.0009577660487058021
R0_vs_R4,d3_rainbow_trout,regression,mae,R0,R4,5,44,16,0.0609265046998631,0.0559712319826958,0.0049552727171672944
R0_vs_R4,d3_rainbow_trout,regression,mae,R0,R4,5,45,16,0.0760022238651508,0.0750636396384332,0.0009385842267176092
R0_vs_R4,d3_rainbow_trout,regression,mae,R0,R4,5,46,16,0.0608704443178497,0.0646557633854829,-0.0037853190676332
R0_vs_R4,d3_rainbow_trout,regression,mae,R0,R4,5,47,16,0.0685625557304903,0.0623355072836924,0.006227048446797903
R0_vs_R4,d3_rainbow_trout,regression,mae,R0,R4,5,48,16,0.1418634684103121,0.1469049642391509,-0.005041495828838782
R0_vs_R4,d3_rainbow_trout,regression,mae,R0,R4,5,49,16,0.0275584550793435,0.0225393790251739,0.0050190760541696
R0_vs_R4,d3_rainbow_trout,regression,mae,R0,R4,5,50,16,0.0294540898052473,0.0298032290293782,-0.00034913922413089965
R0_vs_R4,d3_rainbow_trout,regression,mae,R0,R4,5,51,16,0.091980573033887,0.1020834947222995,-0.010102921688412494
R0_vs_R4,d3_rainbow_trout,regression,mae,R0,R4,5,52,16,0.2125327572603645,0.1879622834957562,0.024570473764608303
R0_vs_R4,d3_rainbow_trout,regression,mae,R0,R4,5,53,16,0.064031360038245,0.0662288758346001,-0.002197515796355104
R0_vs_R4,d3_rainbow_trout,regression,mae,R0,R4,5,54,16,0.0513873584213216,0.0547329643453414,-0.0033456059240198066
R0_vs_R4,d3_rainbow_trout,regression,mae,R0,R4,5,55,16,0.1814194156682697,0.1911521908404827,-0.00973277517221302
R0_vs_R4,d3_rainbow_trout,regression,mae,R0,R4,5,56,16,0.0686651855322137,0.0705786535316702,-0.0019134679994565057
R0_vs_R4,d3_rainbow_trout,regression,mae,R0,R4,5,57,16,0.1229657244167077,0.1280950056009881,-0.00512928118428041
R0_vs_R4,d3_rainbow_trout,regression,mae,R0,R4,5,58,16,0.0836206547136519,0.0808733415726374,0.002747313141014507
R0_vs_R4,d3_rainbow_trout,regression,mae,R0,R4,5,59,16,0.015686058932243,0.0197412360984895,-0.004055177166246499
R0_vs_R4,d3_rainbow_trout,regression,mae,R0,R4,5,60,16,0.0420954811433884,0.0446095893209432,-0.0025141081775547983
R0_vs_R4,d3_rainbow_trout,regression,mae,R0,R4,5,61,16,0.0949541537322343,0.0978293386741855,-0.0028751849419512004
R0_vs_R4,d3_rainbow_trout,regression,mae,R0,R4,6,0,16,0.1935371626299688,0.1840100903945185,0.009527072235450323
R0_vs_R4,d3_rainbow_trout,regression,mae,R0,R4,6,1,16,0.0156479106826352,0.0178252949097863,-0.002177384227151101
R0_vs_R4,d3_rainbow_trout,regression,mae,R0,R4,6,2,16,0.0838941703740656,0.0837387300548953,0.00015544031917030798
R0_vs_R4,d3_rainbow_trout,regression,mae,R0,R4,6,3,16,0.0846034697234562,0.0902268353029662,-0.005623365579510001
R0_vs_R4,d3_rainbow_trout,regression,mae,R0,R4,6,4,16,0.0551672623537808,0.0530373264718448,0.002129935881935996
R0_vs_R4,d3_rainbow_trout,regression,mae,R0,R4,6,5,16,0.033369741414477,0.0345267711001959,-0.0011570296857188953
R0_vs_R4,d3_rainbow_trout,regression,mae,R0,R4,6,6,16,0.0557979089686388,0.0622780546613878,-0.006480145692748997
R0_vs_R4,d3_rainbow_trout,regression,mae,R0,R4,6,7,16,0.173806181497937,0.1712282829039976,0.002577898593939393
R0_vs_R4,d3_rainbow_trout,regression,mae,R0,R4,6,8,16,0.2377530100997694,0.2342629829241888,0.0034900271755806123
R0_vs_R4,d3_rainbow_trout,regression,mae,R0,R4,6,9,16,0.0666527277505649,0.0675397024641799,-0.0008869747136149991
R0_vs_R4,d3_rainbow_trout,regression,mae,R0,R4,6,10,16,0.0378229304970421,0.0452814281460581,-0.007458497649016002
R0_vs_R4,d3_rainbow_trout,regression,mae,R0,R4,6,11,16,0.0440193635304514,0.0488101973528622,-0.0047908338224108005
R0_vs_R4,d3_rainbow_trout,regression,mae,R0,R4,6,12,16,0.0772800955714024,0.0763518391599135,0.0009282564114889008
R0_vs_R4,d3_rainbow_trout,regression,mae,R0,R4,6,13,16,0.1381637291552877,0.133455795858261,0.004707933297026706
R0_vs_R4,d3_rainbow_trout,regression,mae,R0,R4,6,14,16,0.1334154666150137,0.1316121509580997,0.0018033156569139952
R0_vs_R4,d3_rainbow_trout,regression,mae,R0,R4,6,15,16,0.0592174566929217,0.0566718868031146,0.0025455698898071005
R0_vs_R4,d3_rainbow_trout,regression,mae,R0,R4,6,16,16,0.0750459633069979,0.078107420856343,-0.003061457549345087
R0_vs_R4,d3_rainbow_trout,regression,mae,R0,R4,6,17,16,0.0554670574684846,0.05234051253912,0.003126544929364601
R0_vs_R4,d3_rainbow_trout,regression,mae,R0,R4,6,18,16,0.0313387385505,0.0354924862506428,-0.004153747700142804
R0_vs_R4,d3_rainbow_trout,regression,mae,R0,R4,6,19,16,0.0601186573220439,0.0636345070559863,-0.0035158497339424083
R0_vs_R4,d3_rainbow_trout,regression,mae,R0,R4,6,20,16,0.0756927012977908,0.0766120588691638,-0.0009193575713730001
R0_vs_R4,d3_rainbow_trout,regression,mae,R0,R4,6,21,16,0.1561243595221359,0.1584314765398049,-0.0023071170176690026
R0_vs_R4,d3_rainbow_trout,regression,mae,R0,R4,6,22,16,0.0958560008090489,0.1046688807073269,-0.008812879898278003
R0_vs_R4,d3_rainbow_trout,regression,mae,R0,R4,6,23,16,0.0343351063142766,0.0387062357770096,-0.004371129462732999
R0_vs_R4,d3_rainbow_trout,regression,mae,R0,R4,6,24,16,0.0694457336030167,0.0701774273811074,-0.0007316937780906946
R0_vs_R4,d3_rainbow_trout,regression,mae,R0,R4,6,25,16,0.0880728458371885,0.0962970162376727,-0.008224170400484204
R0_vs_R4,d3_rainbow_trout,regression,mae,R0,R4,6,26,16,0.076398251979587,0.0695938010740694,0.006804450905517595
R0_vs_R4,d3_rainbow_trout,regression,mae,R0,R4,6,27,16,0.0853378494157429,0.0876913347065261,-0.0023534852907831916
R0_vs_R4,d3_rainbow_trout,regression,mae,R0,R4,6,28,16,0.1932954299440965,0.1826397206929302,0.010655709251166295
R0_vs_R4,d3_rainbow_trout,regression,mae,R0,R4,6,29,16,0.0404937297161869,0.0363452222371472,0.0041485074790396995
R0_vs_R4,d3_rainbow_trout,regression,mae,R0,R4,6,30,16,0.012977934623334,0.014723705781887,-0.001745771158552999
R0_vs_R4,d3_rainbow_trout,regression,mae,R0,R4,6,31,16,0.1351737744059152,0.1334732155574377,0.0017005588484774736
R0_vs_R4,d3_rainbow_trout,regression,mae,R0,R4,6,32,16,0.1449399559664653,0.1475241166532595,-0.002584160686794207
R0_vs_R4,d3_rainbow_trout,regression,mae,R0,R4,6,33,16,0.067226287506427,0.0719516703832911,-0.004725382876864109
R0_vs_R4,d3_rainbow_trout,regression,mae,R0,R4,6,34,16,0.0907016576222186,0.0889824157795858,0.001719241842632807
R0_vs_R4,d3_rainbow_trout,regression,mae,R0,R4,6,35,16,0.044574917675461,0.0444224128815975,0.00015250479386350047
R0_vs_R4,d3_rainbow_trout,regression,mae,R0,R4,6,36,16,0.1315401066362763,0.1345893062154289,-0.0030491995791525894
R0_vs_R4,d3_rainbow_trout,regression,mae,R0,R4,6,37,16,0.1814779262336365,0.183912390731634,-0.0024344644979975016
R0_vs_R4,d3_rainbow_trout,regression,mae,R0,R4,6,38,16,0.2794527673721101,0.2873268123892579,-0.00787404501714778
R0_vs_R4,d3_rainbow_trout,regression,mae,R0,R4,6,39,16,0.0561597223024893,0.0559515343032486,0.00020818799924070264
R0_vs_R4,d3_rainbow_trout,regression,mae,R0,R4,6,40,16,0.1086175504838786,0.1096262274986967,-0.0010086770148181046
R0_vs_R4,d3_rainbow_trout,regression,mae,R0,R4,6,41,16,0.1387555519079358,0.1383986592040367,0.00035689270389907546
R0_vs_R4,d3_rainbow_trout,regression,mae,R0,R4,6,42,16,0.0838826317699333,0.0865624777687964,-0.0026798459988631035
R0_vs_R4,d3_rainbow_trout,regression,mae,R0,R4,6,43,16,0.122400004525098,0.1188791129107547,0.0035208916143432967
R0_vs_R4,d3_rainbow_trout,regression,mae,R0,R4,6,44,16,0.0592748006569116,0.0611155273885761,-0.0018407267316645007
R0_vs_R4,d3_rainbow_trout,regression,mae,R0,R4,6,45,16,0.0383104303112575,0.0407245804105663,-0.002414150099308801
R0_vs_R4,d3_rainbow_trout,regression,mae,R0,R4,6,46,16,0.1102774808111389,0.1129080357446524,-0.002630554933513496
R0_vs_R4,d3_rainbow_trout,regression,mae,R0,R4,6,47,16,0.2342033090025717,0.236193211835771,-0.001989902833199303
R0_vs_R4,d3_rainbow_trout,regression,mae,R0,R4,6,48,16,0.0690746819977313,0.0668831598764588,0.0021915221212724934
R0_vs_R4,d3_rainbow_trout,regression,mae,R0,R4,6,49,16,0.2098208707386412,0.2412911638716779,-0.0314702931330367
R0_vs_R4,d3_rainbow_trout,regression,mae,R0,R4,6,50,16,0.0640845629566646,0.0693456643667406,-0.005261101410075991
R0_vs_R4,d3_rainbow_trout,regression,mae,R0,R4,6,51,16,0.0366306982575038,0.0364242433773427,0.00020645488016109853
R0_vs_R4,d3_rainbow_trout,regression,mae,R0,R4,6,52,16,0.0579364310825276,0.0567497680653047,0.0011866630172229012
R0_vs_R4,d3_rainbow_trout,regression,mae,R0,R4,6,53,16,0.0565193087308492,0.053092953953913,0.0034263547769361954
R0_vs_R4,d3_rainbow_trout,regression,mae,R0,R4,6,54,16,0.1930865696032598,0.1970515246584969,-0.003964955055237113
R0_vs_R4,d3_rainbow_trout,regression,mae,R0,R4,6,55,16,0.0731809587974401,0.0761589611992795,-0.0029780024018394025
R0_vs_R4,d3_rainbow_trout,regression,mae,R0,R4,6,56,16,0.0787447813225218,0.0784424912567296,0.00030229006579220175
R0_vs_R4,d3_rainbow_trout,regression,mae,R0,R4,6,57,16,0.0235394488056352,0.022699745172471,0.0008397036331641988
R0_vs_R4,d3_rainbow_trout,regression,mae,R0,R4,6,58,16,0.1015070453565112,0.0999021596319828,0.001604885724528396
R0_vs_R4,d3_rainbow_trout,regression,mae,R0,R4,6,59,16,0.0447124489636087,0.0470848851328655,-0.0023724361692568016
R0_vs_R4,d3_rainbow_trout,regression,mae,R0,R4,6,60,16,0.077274504491572,0.0794318257589568,-0.0021573212673847986
R0_vs_R4,d3_rainbow_trout,regression,mae,R0,R4,6,61,16,0.1513074653214055,0.1515367503065764,-0.00022928498517091334
R0_vs_R4,d3_rainbow_trout,regression,mae,R0,R4,7,0,16,0.0131879654513862,0.0144334243822916,-0.0012454589309053993
R0_vs_R4,d3_rainbow_trout,regression,mae,R0,R4,7,1,16,0.078353090946465,0.0826002539351897,-0.004247162988724698
R0_vs_R4,d3_rainbow_trout,regression,mae,R0,R4,7,2,16,0.0732958337376138,0.072693025628763,0.0006028081088507997
R0_vs_R4,d3_rainbow_trout,regression,mae,R0,R4,7,3,16,0.2179090873822869,0.2161663292578635,0.0017427581244233992
R0_vs_R4,d3_rainbow_trout,regression,mae,R0,R4,7,4,16,0.0371520321287614,0.03361762038935,0.0035344117394114014
R0_vs_R4,d3_rainbow_trout,regression,mae,R0,R4,7,5,16,0.0493714279474393,0.0500481874805936,-0.0006767595331542975
R0_vs_R4,d3_rainbow_trout,regression,mae,R0,R4,7,6,16,0.1100831162959135,0.0969481417289635,0.013134974566949995
R0_vs_R4,d3_rainbow_trout,regression,mae,R0,R4,7,7,16,0.0531378537829028,0.0497016137922136,0.003436239990689198
R0_vs_R4,d3_rainbow_trout,regression,mae,R0,R4,7,8,16,0.1381923235192294,0.1543345061439924,-0.016142182624763024
R0_vs_R4,d3_rainbow_trout,regression,mae,R0,R4,7,9,16,0.1349184566373283,0.1412204948449086,-0.006302038207580296
R0_vs_R4,d3_rainbow_trout,regression,mae,R0,R4,7,10,16,0.1652228652259254,0.1595924202096933,0.005630445016232111
R0_vs_R4,d3_rainbow_trout,regression,mae,R0,R4,7,11,16,0.0739204968478292,0.0774699816442732,-0.0035494847964439996
R0_vs_R4,d3_rainbow_trout,regression,mae,R0,R4,7,12,16,0.0603895313409643,0.0620594490153739,-0.0016699176744095975
R0_vs_R4,d3_rainbow_trout,regression,mae,R0,R4,7,13,16,0.0813618553304977,0.0852122608616103,-0.0038504055311125995
R0_vs_R4,d3_rainbow_trout,regression,mae,R0,R4,7,14,16,0.0716194992945916,0.0703880046793393,0.001231494615252307
R0_vs_R4,d3_rainbow_trout,regression,mae,R0,R4,7,15,16,0.0688139692276754,0.0632809900191534,0.005532979208521999
R0_vs_R4,d3_rainbow_trout,regression,mae,R0,R4,7,16,16,0.2927344294317361,0.2980691885904434,-0.005334759158707292
R0_vs_R4,d3_rainbow_trout,regression,mae,R0,R4,7,17,16,0.1265924065072205,0.1102082234066387,0.016384183100581803
R0_vs_R4,d3_rainbow_trout,regression,mae,R0,R4,7,18,16,0.0514346467267171,0.0475649339752082,0.003869712751508894
R0_vs_R4,d3_rainbow_trout,regression,mae,R0,R4,7,19,16,0.1255090872868516,0.1240263020193767,0.0014827852674748898
R0_vs_R4,d3_rainbow_trout,regression,mae,R0,R4,7,20,16,0.2015066024338485,0.2215969868994755,-0.020090384465626998
R0_vs_R4,d3_rainbow_trout,regression,mae,R0,R4,7,21,16,0.0354919403272982,0.0317281545202398,0.003763785807058405
R0_vs_R4,d3_rainbow_trout,regression,mae,R0,R4,7,22,16,0.069526921962958,0.0700262666911758,-0.0004993447282178043
R0_vs_R4,d3_rainbow_trout,regression,mae,R0,R4,7,23,16,0.0601354516485788,0.0576278721513024,0.0025075794972764034
R0_vs_R4,d3_rainbow_trout,regression,mae,R0,R4,7,24,16,0.0970837892069999,0.0967958834103731,0.00028790579662679727
R0_vs_R4,d3_rainbow_trout,regression,mae,R0,R4,7,25,16,0.052003241477384,0.0536987604998511,-0.001695519022467104
R0_vs_R4,d3_rainbow_trout,regression,mae,R0,R4,7,26,16,0.0557913402796463,0.0610768983310641,-0.005285558051417796
R0_vs_R4,d3_rainbow_trout,regression,mae,R0,R4,7,27,16,0.0610103986648891,0.0586770461558994,0.0023333525089897014
R0_vs_R4,d3_rainbow_trout,regression,mae,R0,R4,7,28,16,0.0344205333294798,0.0393580504562608,-0.004937517126780998
R0_vs_R4,d3_rainbow_trout,regression,mae,R0,R4,7,29,16,0.2057869534863197,0.2313502834190175,-0.025563329932697804
R0_vs_R4,d3_rainbow_trout,regression,mae,R0,R4,7,30,16,0.0642639711704955,0.0703215372470482,-0.006057566076552709
R0_vs_R4,d3_rainbow_trout,regression,mae,R0,R4,7,31,16,0.0260367345707665,0.0220496100336509,0.0039871245371156
R0_vs_R4,d3_rainbow_trout,regression,mae,R0,R4,7,32,16,0.1216990147310269,0.1210187236518885,0.0006802910791384037
R0_vs_R4,d3_rainbow_trout,regression,mae,R0,R4,7,33,16,0.0328627813286611,0.0336032210004482,-0.0007404396717871006
R0_vs_R4,d3_rainbow_trout,regression,mae,R0,R4,7,34,16,0.1935656801307589,0.2028202078477144,-0.009254527716955507
R0_vs_R4,d3_rainbow_trout,regression,mae,R0,R4,7,35,16,0.1062973653893306,0.1069480913303116,-0.0006507259409810062
R0_vs_R4,d3_rainbow_trout,regression,mae,R0,R4,7,36,16,0.1007953253560941,0.0986222683616073,0.002173056994486805
R0_vs_R4,d3_rainbow_trout,regression,mae,R0,R4,7,37,16,0.0461207754122852,0.0511167132566337,-0.0049959378443485
R0_vs_R4,d3_rainbow_trout,regression,mae,R0,R4,7,38,16,0.1297906813550517,0.132364109204066,-0.0025734278490142926
R0_vs_R4,d3_rainbow_trout,regression,mae,R0,R4,7,39,16,0.0431156155547998,0.0404150897114135,0.0027005258433863005
R0_vs_R4,d3_rainbow_trout,regression,mae,R0,R4,7,40,16,0.1009740102673194,0.103956104137188,-0.002982093869868599
R0_vs_R4,d3_rainbow_trout,regression,mae,R0,R4,7,41,16,0.1204510469628648,0.1199725244514822,0.00047852251138259805
R0_vs_R4,d3_rainbow_trout,regression,mae,R0,R4,7,42,16,0.0562708712576435,0.0526964732514361,0.003574398006207395
R0_vs_R4,d3_rainbow_trout,regression,mae,R0,R4,7,43,16,0.0298630594322867,0.0261324338747589,0.0037306255575277995
R0_vs_R4,d3_rainbow_trout,regression,mae,R0,R4,7,44,16,0.0447484750416362,0.045555249442019,-0.0008067744003827995
R0_vs_R4,d3_rainbow_trout,regression,mae,R0,R4,7,45,16,0.1425837025640668,0.1443792719535504,-0.0017955693894836089
R0_vs_R4,d3_rainbow_trout,regression,mae,R0,R4,7,46,16,0.2059275077711311,0.2228618796319044,-0.01693437186077329
R0_vs_R4,d3_rainbow_trout,regression,mae,R0,R4,7,47,16,0.0717428261220081,0.0686609608775002,0.0030818652445078892
R0_vs_R4,d3_rainbow_trout,regression,mae,R0,R4,7,48,16,0.0562173091209907,0.0538984486567052,0.002318860464285498
R0_vs_R4,d3_rainbow_trout,regression,mae,R0,R4,7,49,16,0.0786519373206601,0.0738663311248175,0.004785606195842604
R0_vs_R4,d3_rainbow_trout,regression,mae,R0,R4,7,50,16,0.0393234531381554,0.0393488518838827,-2.539874572730222e-05
R0_vs_R4,d3_rainbow_trout,regression,mae,R0,R4,7,51,16,0.0695745638222185,0.0744306135432315,-0.0048560497210130005
R0_vs_R4,d3_rainbow_trout,regression,mae,R0,R4,7,52,16,0.0636275353760261,0.0588008673262742,0.004826668049751896
R0_vs_R4,d3_rainbow_trout,regression,mae,R0,R4,7,53,16,0.0879298845488038,0.0888573488298676,-0.0009274642810638001
R0_vs_R4,d3_rainbow_trout,regression,mae,R0,R4,7,54,16,0.2052380680149327,0.1808729937802053,0.02436507423472739
R0_vs_R4,d3_rainbow_trout,regression,mae,R0,R4,7,55,16,0.0417230146379988,0.0399688637148972,0.001754150923101605
R0_vs_R4,d3_rainbow_trout,regression,mae,R0,R4,7,56,16,0.1902378867161911,0.1917597411413971,-0.0015218544252059985
R0_vs_R4,d3_rainbow_trout,regression,mae,R0,R4,7,57,16,0.0920792609615112,0.0950504800114385,-0.0029712190499272956
R0_vs_R4,d3_rainbow_trout,regression,mae,R0,R4,7,58,16,0.0258529625704811,0.0333463744751071,-0.0074934119046259975
R0_vs_R4,d3_rainbow_trout,regression,mae,R0,R4,7,59,16,0.0953455804138314,0.099189765362028,-0.003844184948196605
R0_vs_R4,d3_rainbow_trout,regression,mae,R0,R4,7,60,16,0.0327434230465239,0.0354030816057939,-0.0026596585592699937
R0_vs_R4,d3_rainbow_trout,regression,mae,R0,R4,7,61,16,0.0639691021984301,0.0635750687799263,0.000394033418503803
R0_vs_R4,d3_rainbow_trout,regression,mae,R0,R4,8,0,16,0.0379476147668738,0.0392669864094184,-0.0013193716425446006
R0_vs_R4,d3_rainbow_trout,regression,mae,R0,R4,8,1,16,0.0539424099199949,0.0539548754255688,-1.2465505573898417e-05
R0_vs_R4,d3_rainbow_trout,regression,mae,R0,R4,8,2,16,0.0877489676291713,0.0891580516674225,-0.0014090840382511988
R0_vs_R4,d3_rainbow_trout,regression,mae,R0,R4,8,3,16,0.0354992586443098,0.0345732836084092,0.0009259750359005975
R0_vs_R4,d3_rainbow_trout,regression,mae,R0,R4,8,4,16,0.0578644213035345,0.055301414312071,0.002563006991463501
R0_vs_R4,d3_rainbow_trout,regression,mae,R0,R4,8,5,16,0.282783581462182,0.275540022667614,0.007243558794568006
R0_vs_R4,d3_rainbow_trout,regression,mae,R0,R4,8,6,16,0.0639264879354722,0.0440929628044357,0.019833525131036506
R0_vs_R4,d3_rainbow_trout,regression,mae,R0,R4,8,7,16,0.1079083527468093,0.0957082209698909,0.012200131776918394
R0_vs_R4,d3_rainbow_trout,regression,mae,R0,R4,8,8,16,0.0653197530842182,0.0576055240240746,0.0077142290601435945
R0_vs_R4,d3_rainbow_trout,regression,mae,R0,R4,8,9,16,0.0585162763604492,0.0539940269418759,0.0045222494185733
R0_vs_R4,d3_rainbow_trout,regression,mae,R0,R4,8,10,16,0.0755205662079637,0.0696875067713671,0.005833059436596594
R0_vs_R4,d3_rainbow_trout,regression,mae,R0,R4,8,11,16,0.03378695733083,0.0420094321983149,-0.008222474867484897
R0_vs_R4,d3_rainbow_trout,regression,mae,R0,R4,8,12,16,0.056821177592954,0.0721274201776366,-0.015306242584682599
R0_vs_R4,d3_rainbow_trout,regression,mae,R0,R4,8,13,16,0.0962977348846678,0.0892220100819061,0.007075724802761696
R0_vs_R4,d3_rainbow_trout,regression,mae,R0,R4,8,14,16,0.0328507281828096,0.0272353289718881,0.005615399210921503
R0_vs_R4,d3_rainbow_trout,regression,mae,R0,R4,8,15,16,0.234209271116956,0.2082483819363142,0.025960889180641794
R0_vs_R4,d3_rainbow_trout,regression,mae,R0,R4,8,16,16,0.0714501724246591,0.0546791512607018,0.016771021163957303
R0_vs_R4,d3_rainbow_trout,regression,mae,R0,R4,8,17,16,0.03860762327706,0.0442224255615981,-0.0056148022845380965
R0_vs_R4,d3_rainbow_trout,regression,mae,R0,R4,8,18,16,0.0739378570269881,0.0725808399373621,0.001357017089626003
R0_vs_R4,d3_rainbow_trout,regression,mae,R0,R4,8,19,16,0.2026369662767299,0.1894720713587575,0.013164894917972403
R0_vs_R4,d3_rainbow_trout,regression,mae,R0,R4,8,20,16,0.0202760762713003,0.0295655094966415,-0.0092894332253412
R0_vs_R4,d3_rainbow_trout,regression,mae,R0,R4,8,21,16,0.0734873905783538,0.0701120978704224,0.003375292707931396
R0_vs_R4,d3_rainbow_trout,regression,mae,R0,R4,8,22,16,0.0721056815978471,0.0688535068057905,0.0032521747920565974
R0_vs_R4,d3_rainbow_trout,regression,mae,R0,R4,8,23,16,0.2055480838555004,0.2179962168384355,-0.012448132982935095
R0_vs_R4,d3_rainbow_trout,regression,mae,R0,R4,8,24,16,0.0602878090302633,0.0520379040009897,0.0082499050292736
R0_vs_R4,d3_rainbow_trout,regression,mae,R0,R4,8,25,16,0.0545781950876516,0.0513929759430235,0.0031852191446280972
R0_vs_R4,d3_rainbow_trout,regression,mae,R0,R4,8,26,16,0.1128581528027177,0.066653997371211,0.0462041554315067
R0_vs_R4,d3_rainbow_trout,regression,mae,R0,R4,8,27,16,0.0958651403533006,0.0906720098298423,0.005193130523458295
R0_vs_R4,d3_rainbow_trout,regression,mae,R0,R4,8,28,16,0.0789050548349512,0.0830006059651873,-0.0040955511302361025
R0_vs_R4,d3_rainbow_trout,regression,mae,R0,R4,8,29,16,0.1177039252209933,0.1095788440265914,0.00812508119440189
R0_vs_R4,d3_rainbow_trout,regression,mae,R0,R4,8,30,16,0.2052226895740226,0.2149177222849616,-0.009695032710938994
R0_vs_R4,d3_rainbow_trout,regression,mae,R0,R4,8,31,16,0.1166167871196632,0.1096915349820112,0.006925252137651994
R0_vs_R4,d3_rainbow_trout,regression,mae,R0,R4,8,32,16,0.0872694500953251,0.0940729415837286,-0.006803491488403507
R0_vs_R4,d3_rainbow_trout,regression,mae,R0,R4,8,33,16,0.041783912308299,0.0410625452869518,0.0007213670213471954
R0_vs_R4,d3_rainbow_trout,regression,mae,R0,R4,8,34,16,0.1757668080217833,0.2447291332298758,-0.0689623252080925
R0_vs_R4,d3_rainbow_trout,regression,mae,R0,R4,8,35,16,0.0778053449021694,0.0734562641832996,0.004349080718869788
R0_vs_R4,d3_rainbow_trout,regression,mae,R0,R4,8,36,16,0.0288656276954744,0.0142421525698832,0.014623475125591201
R0_vs_R4,d3_rainbow_trout,regression,mae,R0,R4,8,37,16,0.0427067466236356,0.0525807346534941,-0.009873988029858505
R0_vs_R4,d3_rainbow_trout,regression,mae,R0,R4,8,38,16,0.1477177003958817,0.1428870503580089,0.004830650037872808
R0_vs_R4,d3_rainbow_trout,regression,mae,R0,R4,8,39,16,0.2255501833006037,0.2202695487538925,0.005280634546711183
R0_vs_R4,d3_rainbow_trout,regression,mae,R0,R4,8,40,16,0.0632392337528167,0.0558891692279129,0.007350064524903804
R0_vs_R4,d3_rainbow_trout,regression,mae,R0,R4,8,41,16,0.1567040905612865,0.1557955444355045,0.000908546125782006
R0_vs_R4,d3_rainbow_trout,regression,mae,R0,R4,8,42,16,0.0697870623471432,0.066468714519269,0.003318347827874199
R0_vs_R4,d3_rainbow_trout,regression,mae,R0,R4,8,43,16,0.0160692263612467,0.0151997483992129,0.000869477962033802
R0_vs_R4,d3_rainbow_trout,regression,mae,R0,R4,8,44,16,0.0598476940979275,0.0523772358794596,0.007470458218467903
R0_vs_R4,d3_rainbow_trout,regression,mae,R0,R4,8,45,16,0.0899521646599575,0.0834330729373267,0.006519091722630807
R0_vs_R4,d3_rainbow_trout,regression,mae,R0,R4,8,46,16,0.0563081426284793,0.0695836405090831,-0.013275497880603795
R0_vs_R4,d3_rainbow_trout,regression,mae,R0,R4,8,47,16,0.1368885641017598,0.1325905928243995,0.004297971277360313
R0_vs_R4,d3_rainbow_trout,regression,mae,R0,R4,8,48,16,0.0281729401360418,0.0349777324270552,-0.006804792291013401
R0_vs_R4,d3_rainbow_trout,regression,mae,R0,R4,8,49,16,0.0986875327742625,0.0979012900370782,0.0007862427371842923
R0_vs_R4,d3_rainbow_trout,regression,mae,R0,R4,8,50,16,0.0328594795286506,0.042013076438761,-0.009153596910110404
R0_vs_R4,d3_rainbow_trout,regression,mae,R0,R4,8,51,16,0.0461579297972928,0.0423128830737857,0.0038450467235070993
R0_vs_R4,d3_rainbow_trout,regression,mae,R0,R4,8,52,16,0.17448997146741,0.1366669780224285,0.037822993444981495
R0_vs_R4,d3_rainbow_trout,regression,mae,R0,R4,8,53,16,0.1333743819137742,0.1294557660239022,0.003918615889871996
R0_vs_R4,d3_rainbow_trout,regression,mae,R0,R4,8,54,16,0.0511551150480449,0.0490315725407378,0.002123542507307105
R0_vs_R4,d3_rainbow_trout,regression,mae,R0,R4,8,55,16,0.1277199098559491,0.1563274510843595,-0.028607541228410388
R0_vs_R4,d3_rainbow_trout,regression,mae,R0,R4,8,56,16,0.041107505286729,0.0455853149301451,-0.004477809643416104
R0_vs_R4,d3_rainbow_trout,regression,mae,R0,R4,8,57,16,0.070410270911527,0.0757441285107918,-0.005333857599264802
R0_vs_R4,d3_rainbow_trout,regression,mae,R0,R4,8,58,16,0.0917444031628755,0.0843840098362012,0.0073603933266743055
R0_vs_R4,d3_rainbow_trout,regression,mae,R0,R4,8,59,16,0.1082472571646742,0.1022852963243681,0.005961960840306105
R0_vs_R4,d3_rainbow_trout,regression,mae,R0,R4,8,60,16,0.1953904821925912,0.1848585168139122,0.010531965378679009
R0_vs_R4,d3_rainbow_trout,regression,mae,R0,R4,8,61,16,0.0776328222739323,0.0710662453802234,0.006566576893708903
R0_vs_R4,d3_rainbow_trout,regression,mae,R0,R4,9,0,16,0.0324601883410983,0.0373661150682947,-0.004905926727196398
R0_vs_R4,d3_rainbow_trout,regression,mae,R0,R4,9,1,16,0.0589721488700949,0.0643008897873272,-0.0053287409172323025
R0_vs_R4,d3_rainbow_trout,regression,mae,R0,R4,9,2,16,0.0393806564093398,0.0421280669608575,-0.0027474105515177052
R0_vs_R4,d3_rainbow_trout,regression,mae,R0,R4,9,3,16,0.0879852847658933,0.0829679761388419,0.005017308627051409
R0_vs_R4,d3_rainbow_trout,regression,mae,R0,R4,9,4,16,0.0602948280097771,0.0601164726280134,0.00017835538176369514
R0_vs_R4,d3_rainbow_trout,regression,mae,R0,R4,9,5,16,0.0542849992030956,0.054356078356081,-7.107915298539685e-05
R0_vs_R4,d3_rainbow_trout,regression,mae,R0,R4,9,6,16,0.1356542638321881,0.1901600473207028,-0.0545057834885147
R0_vs_R4,d3_rainbow_trout,regression,mae,R0,R4,9,7,16,0.0677622612567654,0.0683319900381325,-0.0005697287813671015
R0_vs_R4,d3_rainbow_trout,regression,mae,R0,R4,9,8,16,0.0315122715593909,0.0325438349273748,-0.0010315633679838995
R0_vs_R4,d3_rainbow_trout,regression,mae,R0,R4,9,9,16,0.06383698360718,0.0580624844074984,0.0057744991996816
R0_vs_R4,d3_rainbow_trout,regression,mae,R0,R4,9,10,16,0.0955462172141586,0.099504845983836,-0.003958628769677397
R0_vs_R4,d3_rainbow_trout,regression,mae,R0,R4,9,11,16,0.0601951484996729,0.0520973364993327,0.008097812000340196
R0_vs_R4,d3_rainbow_trout,regression,mae,R0,R4,9,12,16,0.0666916250538559,0.0623380375758649,0.004353587477990993
R0_vs_R4,d3_rainbow_trout,regression,mae,R0,R4,9,13,16,0.0378932680979995,0.0394085837641912,-0.0015153156661917022
R0_vs_R4,d3_rainbow_trout,regression,mae,R0,R4,9,14,16,0.0657545008217115,0.0663811857722163,-0.0006266849505048022
R0_vs_R4,d3_rainbow_trout,regression,mae,R0,R4,9,15,16,0.1338075044450793,0.1451268669525615,-0.011319362507482195
R0_vs_R4,d3_rainbow_trout,regression,mae,R0,R4,9,16,16,0.1819482056195175,0.188249897964351,-0.006301692344833493
R0_vs_R4,d3_rainbow_trout,regression,mae,R0,R4,9,17,16,0.0932873077686896,0.0862856872829889,0.007001620485700702
R0_vs_R4,d3_rainbow_trout,regression,mae,R0,R4,9,18,16,0.1251840957991882,0.1104268131148736,0.014757282684314615
R0_vs_R4,d3_rainbow_trout,regression,mae,R0,R4,9,19,16,0.0262145845996298,0.0218424669189167,0.004372117680713099
R0_vs_R4,d3_rainbow_trout,regression,mae,R0,R4,9,20,16,0.1317956586955796,0.1215853042113115,0.010210354484268103
R0_vs_R4,d3_rainbow_trout,regression,mae,R0,R4,9,21,16,0.0371555465574091,0.0350498847770269,0.002105661780382205
R0_vs_R4,d3_rainbow_trout,regression,mae,R0,R4,9,22,16,0.1984753628668562,0.1951648809352733,0.003310481931582898
R0_vs_R4,d3_rainbow_trout,regression,mae,R0,R4,9,23,16,0.1493857145541969,0.1535976462401967,-0.004211931685999787
R0_vs_R4,d3_rainbow_trout,regression,mae,R0,R4,9,24,16,0.221510777900142,0.2191216493854389,0.002389128514703104
R0_vs_R4,d3_rainbow_trout,regression,mae,R0,R4,9,25,16,0.0707989157413723,0.0677346697576485,0.003064245983723804
R0_vs_R4,d3_rainbow_trout,regression,mae,R0,R4,9,26,16,0.1157276984278223,0.1117195801875527,0.004008118240269601
R0_vs_R4,d3_rainbow_trout,regression,mae,R0,R4,9,27,16,0.0944301274035075,0.098406282449865,-0.00397615504635751
R0_vs_R4,d3_rainbow_trout,regression,mae,R0,R4,9,28,16,0.1780076337673,0.1768607489742786,0.0011468847930214132
R0_vs_R4,d3_rainbow_trout,regression,mae,R0,R4,9,29,16,0.0787805864412207,0.0751058946877207,0.0036746917534999923
R0_vs_R4,d3_rainbow_trout,regression,mae,R0,R4,9,30,16,0.0801543715879669,0.0888862739252894,-0.008731902337322503
R0_vs_R4,d3_rainbow_trout,regression,mae,R0,R4,9,31,16,0.0858900329599131,0.0946569462433028,-0.008766913283389702
R0_vs_R4,d3_rainbow_trout,regression,mae,R0,R4,9,32,16,0.0471865524578624,0.0460178680829208,0.0011686843749416018
R0_vs_R4,d3_rainbow_trout,regression,mae,R0,R4,9,33,16,0.0520616545334687,0.0465829538538891,0.005478700679579597
R0_vs_R4,d3_rainbow_trout,regression,mae,R0,R4,9,34,16,0.0250334209351137,0.0293380950637696,-0.0043046741286559
R0_vs_R4,d3_rainbow_trout,regression,mae,R0,R4,9,35,16,0.066712195097177,0.0681849467436148,-0.0014727516464378004
R0_vs_R4,d3_rainbow_trout,regression,mae,R0,R4,9,36,16,0.0625919877968524,0.0664349878464308,-0.003843000049578396
R0_vs_R4,d3_rainbow_trout,regression,mae,R0,R4,9,37,16,0.0340730051394652,0.0262665632325631,0.007806441906902099
R0_vs_R4,d3_rainbow_trout,regression,mae,R0,R4,9,38,16,0.0681058201779131,0.0747369324772486,-0.006631112299335495
R0_vs_R4,d3_rainbow_trout,regression,mae,R0,R4,9,39,16,0.0684437849696254,0.0747224713257658,-0.0062786863561404005
R0_vs_R4,d3_rainbow_trout,regression,mae,R0,R4,9,40,16,0.0580923248913868,0.0643229193708157,-0.006230594479428905
R0_vs_R4,d3_rainbow_trout,regression,mae,R0,R4,9,41,16,0.072405208805658,0.0862081636958534,-0.013802954890195396
R0_vs_R4,d3_rainbow_trout,regression,mae,R0,R4,9,42,16,0.038718056093313,0.0353511384367805,0.003366917656532499
R0_vs_R4,d3_rainbow_trout,regression,mae,R0,R4,9,43,16,0.1005418555509967,0.0900084099583824,0.010533445592614307
R0_vs_R4,d3_rainbow_trout,regression,mae,R0,R4,9,44,16,0.2675580026057148,0.274148108528383,-0.006590105922668232
R0_vs_R4,d3_rainbow_trout,regression,mae,R0,R4,9,45,16,0.1370363311355487,0.1407474696993738,-0.0037111385638251004
R0_vs_R4,d3_rainbow_trout,regression,mae,R0,R4,9,46,16,0.0562162792930619,0.0554014001913464,0.0008148791017155016
R0_vs_R4,d3_rainbow_trout,regression,mae,R0,R4,9,47,16,0.0158386661084682,0.0231424056562024,-0.007303739547734198
R0_vs_R4,d3_rainbow_trout,regression,mae,R0,R4,9,48,16,0.0811332323778961,0.0843323678645581,-0.003199135486661994
R0_vs_R4,d3_rainbow_trout,regression,mae,R0,R4,9,49,16,0.0691684630977757,0.1147239530356671,-0.045555489937891394
R0_vs_R4,d3_rainbow_trout,regression,mae,R0,R4,9,50,16,0.2135429498338467,0.2224670249650455,-0.008924075131198805
R0_vs_R4,d3_rainbow_trout,regression,mae,R0,R4,9,51,16,0.0362989372714205,0.0332252966897922,0.0030736405816283036
R0_vs_R4,d3_rainbow_trout,regression,mae,R0,R4,9,52,16,0.0709547758025281,0.0584441412365716,0.012510634565956497
R0_vs_R4,d3_rainbow_trout,regression,mae,R0,R4,9,53,16,0.1852833477636771,0.1777407433301994,0.0075426044334777065
R0_vs_R4,d3_rainbow_trout,regression,mae,R0,R4,9,54,16,0.2155369709620443,0.2226994072136082,-0.007162436251563903
R0_vs_R4,d3_rainbow_trout,regression,mae,R0,R4,9,55,16,0.0734693905658769,0.059437640318816,0.014031750247060895
R0_vs_R4,d3_rainbow_trout,regression,mae,R0,R4,9,56,16,0.0536523368938928,0.0588720937241187,-0.005219756830225901
R0_vs_R4,d3_rainbow_trout,regression,mae,R0,R4,9,57,16,0.0667598615444047,0.06829324257075,-0.0015333810263453013
R0_vs_R4,d3_rainbow_trout,regression,mae,R0,R4,9,58,16,0.1102676849050731,0.0894312398565984,0.020836445048474705
R0_vs_R4,d3_rainbow_trout,regression,mae,R0,R4,9,59,16,0.0658520041483255,0.0672812992081686,-0.0014292950598430998
R0_vs_R4,d3_rainbow_trout,regression,mae,R0,R4,9,60,16,0.1678400414246258,0.1722103191688253,-0.0043702777441994856
R0_vs_R4,d3_rainbow_trout,regression,mae,R0,R4,9,61,16,0.1303199267360172,0.126245710905474,0.004074215830543182
R0_vs_R3,d3_rainbow_trout,classification,macro_f1,R0,R3,0,0,16,0.5,0.5,0.0
R0_vs_R3,d3_rainbow_trout,classification,macro_f1,R0,R3,0,1,16,0.75,0.75,0.0
R0_vs_R3,d3_rainbow_trout,classification,macro_f1,R0,R3,0,2,16,0.5,0.5,0.0
R0_vs_R3,d3_rainbow_trout,classification,macro_f1,R0,R3,0,3,16,0.25,0.25,0.0
R0_vs_R3,d3_rainbow_trout,classification,macro_f1,R0,R3,0,4,16,0.75,0.75,0.0
R0_vs_R3,d3_rainbow_trout,classification,macro_f1,R0,R3,0,5,16,0.5,0.5,0.0
R0_vs_R3,d3_rainbow_trout,classification,macro_f1,R0,R3,0,6,16,0.5,0.5,0.0
R0_vs_R3,d3_rainbow_trout,classification,macro_f1,R0,R3,0,7,16,0.75,0.7475961538461539,0.0024038461538461453
R0_vs_R3,d3_rainbow_trout,classification,macro_f1,R0,R3,0,8,16,0.5,0.5,0.0
R0_vs_R3,d3_rainbow_trout,classification,macro_f1,R0,R3,0,9,16,0.5,0.5,0.0
R0_vs_R3,d3_rainbow_trout,classification,macro_f1,R0,R3,0,10,16,0.25,0.25,0.0
R0_vs_R3,d3_rainbow_trout,classification,macro_f1,R0,R3,0,11,16,0.7165178571428572,0.7189285470396759,-0.0024106898968186963
R0_vs_R3,d3_rainbow_trout,classification,macro_f1,R0,R3,0,12,16,0.25,0.25,0.0
R0_vs_R3,d3_rainbow_trout,classification,macro_f1,R0,R3,0,13,16,0.7394323671497585,0.7325388026607539,0.006893564489004578
R0_vs_R3,d3_rainbow_trout,classification,macro_f1,R0,R3,0,14,16,0.62421269562939,0.6242932645034415,-8.056887405150093e-05
R0_vs_R3,d3_rainbow_trout,classification,macro_f1,R0,R3,0,15,16,0.5,0.4982014388489209,0.0017985611510791255
R0_vs_R3,d3_rainbow_trout,classification,macro_f1,R0,R3,0,16,16,0.75,0.75,0.0
R0_vs_R3,d3_rainbow_trout,classification,macro_f1,R0,R3,0,17,16,1.0,1.0,0.0
R0_vs_R3,d3_rainbow_trout,classification,macro_f1,R0,R3,0,18,16,0.75,0.75,0.0
R0_vs_R3,d3_rainbow_trout,classification,macro_f1,R0,R3,0,19,16,0.75,0.75,0.0
R0_vs_R3,d3_rainbow_trout,classification,macro_f1,R0,R3,0,20,16,0.25,0.25,0.0
R0_vs_R3,d3_rainbow_trout,classification,macro_f1,R0,R3,0,21,16,0.75,0.75,0.0
R0_vs_R3,d3_rainbow_trout,classification,macro_f1,R0,R3,0,22,16,0.5,0.5,0.0
R0_vs_R3,d3_rainbow_trout,classification,macro_f1,R0,R3,0,23,16,0.75,0.75,0.0
R0_vs_R3,d3_rainbow_trout,classification,macro_f1,R0,R3,0,24,16,0.75,0.75,0.0
R0_vs_R3,d3_rainbow_trout,classification,macro_f1,R0,R3,0,25,16,0.75,0.75,0.0
R0_vs_R3,d3_rainbow_trout,classification,macro_f1,R0,R3,0,26,16,0.5,0.5,0.0
R0_vs_R3,d3_rainbow_trout,classification,macro_f1,R0,R3,0,27,16,0.5271883289124668,0.5523006886590494,-0.025112359746582547
R0_vs_R3,d3_rainbow_trout,classification,macro_f1,R0,R3,0,28,16,0.7290528233151183,0.7338069001870003,-0.004754076871882007
R0_vs_R3,d3_rainbow_trout,classification,macro_f1,R0,R3,0,29,16,0.75,0.75,0.0
R0_vs_R3,d3_rainbow_trout,classification,macro_f1,R0,R3,0,30,16,0.5,0.5,0.0
R0_vs_R3,d3_rainbow_trout,classification,macro_f1,R0,R3,0,31,16,1.0,1.0,0.0
R0_vs_R3,d3_rainbow_trout,classification,macro_f1,R0,R3,0,32,16,0.5,0.5,0.0
R0_vs_R3,d3_rainbow_trout,classification,macro_f1,R0,R3,0,33,16,0.5,0.5,0.0
R0_vs_R3,d3_rainbow_trout,classification,macro_f1,R0,R3,0,34,16,0.5,0.5,0.0
R0_vs_R3,d3_rainbow_trout,classification,macro_f1,R0,R3,0,35,16,0.75,0.75,0.0
R0_vs_R3,d3_rainbow_trout,classification,macro_f1,R0,R3,0,36,16,0.75,0.75,0.0
R0_vs_R3,d3_rainbow_trout,classification,macro_f1,R0,R3,0,37,16,0.5,0.5,0.0
R0_vs_R3,d3_rainbow_trout,classification,macro_f1,R0,R3,0,38,16,0.75,0.75,0.0
R0_vs_R3,d3_rainbow_trout,classification,macro_f1,R0,R3,0,39,16,0.25,0.25,0.0
R0_vs_R3,d3_rainbow_trout,classification,macro_f1,R0,R3,0,40,16,0.25,0.25,0.0
R0_vs_R3,d3_rainbow_trout,classification,macro_f1,R0,R3,0,41,16,1.0,1.0,0.0
R0_vs_R3,d3_rainbow_trout,classification,macro_f1,R0,R3,0,42,16,0.75,0.75,0.0
R0_vs_R3,d3_rainbow_trout,classification,macro_f1,R0,R3,0,43,16,1.0,1.0,0.0
R0_vs_R3,d3_rainbow_trout,classification,macro_f1,R0,R3,0,44,16,0.75,0.75,0.0
R0_vs_R3,d3_rainbow_trout,classification,macro_f1,R0,R3,0,45,16,0.75,0.75,0.0
R0_vs_R3,d3_rainbow_trout,classification,macro_f1,R0,R3,0,46,16,0.5,0.5,0.0
R0_vs_R3,d3_rainbow_trout,classification,macro_f1,R0,R3,0,47,16,0.75,0.75,0.0
R0_vs_R3,d3_rainbow_trout,classification,macro_f1,R0,R3,0,48,16,0.7432762836185819,0.7309246979743846,0.01235158564419725
R0_vs_R3,d3_rainbow_trout,classification,macro_f1,R0,R3,0,49,16,0.5,0.5,0.0
R0_vs_R3,d3_rainbow_trout,classification,macro_f1,R0,R3,0,50,16,0.5,0.5,0.0
R0_vs_R3,d3_rainbow_trout,classification,macro_f1,R0,R3,0,51,16,0.5,0.5,0.0
R0_vs_R3,d3_rainbow_trout,classification,macro_f1,R0,R3,0,52,16,0.5,0.5,0.0
R0_vs_R3,d3_rainbow_trout,classification,macro_f1,R0,R3,0,53,16,0.5,0.5,0.0
R0_vs_R3,d3_rainbow_trout,classification,macro_f1,R0,R3,0,54,16,0.5,0.5,0.0
R0_vs_R3,d3_rainbow_trout,classification,macro_f1,R0,R3,0,55,16,0.75,0.75,0.0
R0_vs_R3,d3_rainbow_trout,classification,macro_f1,R0,R3,0,56,16,0.5,0.5,0.0
R0_vs_R3,d3_rainbow_trout,classification,macro_f1,R0,R3,0,57,16,0.75,0.75,0.0
R0_vs_R3,d3_rainbow_trout,classification,macro_f1,R0,R3,0,58,16,0.75,0.75,0.0
R0_vs_R3,d3_rainbow_trout,classification,macro_f1,R0,R3,0,59,16,0.75,0.75,0.0
R0_vs_R3,d3_rainbow_trout,classification,macro_f1,R0,R3,0,60,16,1.0,1.0,0.0
R0_vs_R3,d3_rainbow_trout,classification,macro_f1,R0,R3,0,61,16,0.75,0.75,0.0
R0_vs_R3,d3_rainbow_trout,classification,macro_f1,R0,R3,1,0,16,0.75,0.75,0.0
R0_vs_R3,d3_rainbow_trout,classification,macro_f1,R0,R3,1,1,16,0.75,0.75,0.0
R0_vs_R3,d3_rainbow_trout,classification,macro_f1,R0,R3,1,2,16,0.75,0.7400990099009901,0.00990099009900991
R0_vs_R3,d3_rainbow_trout,classification,macro_f1,R0,R3,1,3,16,0.7074684194550167,0.6868981445236044,0.02057027493141228
R0_vs_R3,d3_rainbow_trout,classification,macro_f1,R0,R3,1,4,16,0.75,0.75,0.0
R0_vs_R3,d3_rainbow_trout,classification,macro_f1,R0,R3,1,5,16,0.75,0.75,0.0
R0_vs_R3,d3_rainbow_trout,classification,macro_f1,R0,R3,1,6,16,0.5,0.5,0.0
R0_vs_R3,d3_rainbow_trout,classification,macro_f1,R0,R3,1,7,16,0.7192946378078248,0.7192946378078248,0.0
R0_vs_R3,d3_rainbow_trout,classification,macro_f1,R0,R3,1,8,16,0.75,0.75,0.0
R0_vs_R3,d3_rainbow_trout,classification,macro_f1,R0,R3,1,9,16,0.75,0.75,0.0
R0_vs_R3,d3_rainbow_trout,classification,macro_f1,R0,R3,1,10,16,1.0,1.0,0.0
R0_vs_R3,d3_rainbow_trout,classification,macro_f1,R0,R3,1,11,16,0.75,0.75,0.0
R0_vs_R3,d3_rainbow_trout,classification,macro_f1,R0,R3,1,12,16,0.75,0.75,0.0
R0_vs_R3,d3_rainbow_trout,classification,macro_f1,R0,R3,1,13,16,0.75,0.75,0.0
R0_vs_R3,d3_rainbow_trout,classification,macro_f1,R0,R3,1,14,16,1.0,1.0,0.0
R0_vs_R3,d3_rainbow_trout,classification,macro_f1,R0,R3,1,15,16,0.5,0.5,0.0
R0_vs_R3,d3_rainbow_trout,classification,macro_f1,R0,R3,1,16,16,0.75,0.75,0.0
R0_vs_R3,d3_rainbow_trout,classification,macro_f1,R0,R3,1,17,16,0.25,0.25,0.0
R0_vs_R3,d3_rainbow_trout,classification,macro_f1,R0,R3,1,18,16,0.25,0.25,0.0
R0_vs_R3,d3_rainbow_trout,classification,macro_f1,R0,R3,1,19,16,0.75,0.75,0.0
R0_vs_R3,d3_rainbow_trout,classification,macro_f1,R0,R3,1,20,16,0.25,0.25,0.0
R0_vs_R3,d3_rainbow_trout,classification,macro_f1,R0,R3,1,21,16,0.5,0.5,0.0
R0_vs_R3,d3_rainbow_trout,classification,macro_f1,R0,R3,1,22,16,0.5453216374269005,0.6871315401621223,-0.14180990273522176
R0_vs_R3,d3_rainbow_trout,classification,macro_f1,R0,R3,1,23,16,0.5,0.5,0.0
R0_vs_R3,d3_rainbow_trout,classification,macro_f1,R0,R3,1,24,16,0.75,0.75,0.0
R0_vs_R3,d3_rainbow_trout,classification,macro_f1,R0,R3,1,25,16,0.5,0.5,0.0
R0_vs_R3,d3_rainbow_trout,classification,macro_f1,R0,R3,1,26,16,0.75,0.75,0.0
R0_vs_R3,d3_rainbow_trout,classification,macro_f1,R0,R3,1,27,16,0.5,0.5,0.0
R0_vs_R3,d3_rainbow_trout,classification,macro_f1,R0,R3,1,28,16,0.75,0.75,0.0
R0_vs_R3,d3_rainbow_trout,classification,macro_f1,R0,R3,1,29,16,0.5,0.5,0.0
R0_vs_R3,d3_rainbow_trout,classification,macro_f1,R0,R3,1,30,16,0.75,0.75,0.0
R0_vs_R3,d3_rainbow_trout,classification,macro_f1,R0,R3,1,31,16,0.5,0.5,0.0
R0_vs_R3,d3_rainbow_trout,classification,macro_f1,R0,R3,1,32,16,0.75,0.75,0.0
R0_vs_R3,d3_rainbow_trout,classification,macro_f1,R0,R3,1,33,16,0.75,0.75,0.0
R0_vs_R3,d3_rainbow_trout,classification,macro_f1,R0,R3,1,34,16,0.75,0.75,0.0
R0_vs_R3,d3_rainbow_trout,classification,macro_f1,R0,R3,1,35,16,0.5,0.5,0.0
R0_vs_R3,d3_rainbow_trout,classification,macro_f1,R0,R3,1,36,16,0.75,0.75,0.0
R0_vs_R3,d3_rainbow_trout,classification,macro_f1,R0,R3,1,37,16,1.0,1.0,0.0
R0_vs_R3,d3_rainbow_trout,classification,macro_f1,R0,R3,1,38,16,0.25,0.25,0.0
R0_vs_R3,d3_rainbow_trout,classification,macro_f1,R0,R3,1,39,16,0.5,0.5,0.0
R0_vs_R3,d3_rainbow_trout,classification,macro_f1,R0,R3,1,40,16,0.75,0.75,0.0
R0_vs_R3,d3_rainbow_trout,classification,macro_f1,R0,R3,1,41,16,0.5,0.5,0.0
R0_vs_R3,d3_rainbow_trout,classification,macro_f1,R0,R3,1,42,16,0.5,0.5,0.0
R0_vs_R3,d3_rainbow_trout,classification,macro_f1,R0,R3,1,43,16,0.5,0.5,0.0
R0_vs_R3,d3_rainbow_trout,classification,macro_f1,R0,R3,1,44,16,1.0,1.0,0.0
R0_vs_R3,d3_rainbow_trout,classification,macro_f1,R0,R3,1,45,16,0.5,0.5,0.0
R0_vs_R3,d3_rainbow_trout,classification,macro_f1,R0,R3,1,46,16,0.7141025641025641,0.7165178571428572,-0.0024152930402930872
R0_vs_R3,d3_rainbow_trout,classification,macro_f1,R0,R3,1,47,16,0.75,0.75,0.0
R0_vs_R3,d3_rainbow_trout,classification,macro_f1,R0,R3,1,48,16,0.5,0.5,0.0
R0_vs_R3,d3_rainbow_trout,classification,macro_f1,R0,R3,1,49,16,0.25,0.25,0.0
R0_vs_R3,d3_rainbow_trout,classification,macro_f1,R0,R3,1,50,16,0.5,0.5,0.0
R0_vs_R3,d3_rainbow_trout,classification,macro_f1,R0,R3,1,51,16,0.5,0.5,0.0
R0_vs_R3,d3_rainbow_trout,classification,macro_f1,R0,R3,1,52,16,0.25,0.25,0.0
R0_vs_R3,d3_rainbow_trout,classification,macro_f1,R0,R3,1,53,16,0.5,0.5,0.0
R0_vs_R3,d3_rainbow_trout,classification,macro_f1,R0,R3,1,54,16,0.5,0.5,0.0
R0_vs_R3,d3_rainbow_trout,classification,macro_f1,R0,R3,1,55,16,0.75,0.75,0.0
R0_vs_R3,d3_rainbow_trout,classification,macro_f1,R0,R3,1,56,16,0.75,0.75,0.0
R0_vs_R3,d3_rainbow_trout,classification,macro_f1,R0,R3,1,57,16,0.5,0.5,0.0
R0_vs_R3,d3_rainbow_trout,classification,macro_f1,R0,R3,1,58,16,0.75,0.75,0.0
R0_vs_R3,d3_rainbow_trout,classification,macro_f1,R0,R3,1,59,16,0.5,0.5,0.0
R0_vs_R3,d3_rainbow_trout,classification,macro_f1,R0,R3,1,60,16,1.0,1.0,0.0
R0_vs_R3,d3_rainbow_trout,classification,macro_f1,R0,R3,1,61,16,0.5,0.5,0.0
R0_vs_R3,d3_rainbow_trout,classification,macro_f1,R0,R3,2,0,16,0.25,0.25,0.0
R0_vs_R3,d3_rainbow_trout,classification,macro_f1,R0,R3,2,1,16,0.5,0.5,0.0
R0_vs_R3,d3_rainbow_trout,classification,macro_f1,R0,R3,2,2,16,0.75,0.75,0.0
R0_vs_R3,d3_rainbow_trout,classification,macro_f1,R0,R3,2,3,16,0.25,0.25,0.0
R0_vs_R3,d3_rainbow_trout,classification,macro_f1,R0,R3,2,4,16,0.7384806973848069,0.7732287900840416,-0.03474809269923462
R0_vs_R3,d3_rainbow_trout,classification,macro_f1,R0,R3,2,5,16,0.75,0.75,0.0
R0_vs_R3,d3_rainbow_trout,classification,macro_f1,R0,R3,2,6,16,0.75,0.75,0.0
R0_vs_R3,d3_rainbow_trout,classification,macro_f1,R0,R3,2,7,16,1.0,1.0,0.0
R0_vs_R3,d3_rainbow_trout,classification,macro_f1,R0,R3,2,8,16,0.5,0.5,0.0
R0_vs_R3,d3_rainbow_trout,classification,macro_f1,R0,R3,2,9,16,0.75,0.75,0.0
R0_vs_R3,d3_rainbow_trout,classification,macro_f1,R0,R3,2,10,16,0.5,0.5,0.0
R0_vs_R3,d3_rainbow_trout,classification,macro_f1,R0,R3,2,11,16,0.75,0.75,0.0
R0_vs_R3,d3_rainbow_trout,classification,macro_f1,R0,R3,2,12,16,0.7342515748425157,0.7428556848336395,-0.00860410999112382
R0_vs_R3,d3_rainbow_trout,classification,macro_f1,R0,R3,2,13,16,0.5,0.5,0.0
R0_vs_R3,d3_rainbow_trout,classification,macro_f1,R0,R3,2,14,16,1.0,1.0,0.0
R0_vs_R3,d3_rainbow_trout,classification,macro_f1,R0,R3,2,15,16,0.5,0.5,0.0
R0_vs_R3,d3_rainbow_trout,classification,macro_f1,R0,R3,2,16,16,0.5,0.5,0.0
R0_vs_R3,d3_rainbow_trout,classification,macro_f1,R0,R3,2,17,16,0.5,0.5,0.0
R0_vs_R3,d3_rainbow_trout,classification,macro_f1,R0,R3,2,18,16,0.25,0.25,0.0
R0_vs_R3,d3_rainbow_trout,classification,macro_f1,R0,R3,2,19,16,0.75,0.75,0.0
R0_vs_R3,d3_rainbow_trout,classification,macro_f1,R0,R3,2,20,16,0.75,0.75,0.0
R0_vs_R3,d3_rainbow_trout,classification,macro_f1,R0,R3,2,21,16,0.5,0.5,0.0
R0_vs_R3,d3_rainbow_trout,classification,macro_f1,R0,R3,2,22,16,0.75,0.75,0.0
R0_vs_R3,d3_rainbow_trout,classification,macro_f1,R0,R3,2,23,16,0.75,0.75,0.0
R0_vs_R3,d3_rainbow_trout,classification,macro_f1,R0,R3,2,24,16,0.5,0.5,0.0
R0_vs_R3,d3_rainbow_trout,classification,macro_f1,R0,R3,2,25,16,0.75,0.75,0.0
R0_vs_R3,d3_rainbow_trout,classification,macro_f1,R0,R3,2,26,16,0.5,0.5,0.0
R0_vs_R3,d3_rainbow_trout,classification,macro_f1,R0,R3,2,27,16,1.0,0.9968050146056476,0.0031949853943523676
R0_vs_R3,d3_rainbow_trout,classification,macro_f1,R0,R3,2,28,16,0.75,0.75,0.0
R0_vs_R3,d3_rainbow_trout,classification,macro_f1,R0,R3,2,29,16,0.25,0.25,0.0
R0_vs_R3,d3_rainbow_trout,classification,macro_f1,R0,R3,2,30,16,0.5,0.5,0.0
R0_vs_R3,d3_rainbow_trout,classification,macro_f1,R0,R3,2,31,16,0.25,0.25,0.0
R0_vs_R3,d3_rainbow_trout,classification,macro_f1,R0,R3,2,32,16,0.75,0.75,0.0
R0_vs_R3,d3_rainbow_trout,classification,macro_f1,R0,R3,2,33,16,0.6538258296343268,0.7380884855360181,-0.08426265590169135
R0_vs_R3,d3_rainbow_trout,classification,macro_f1,R0,R3,2,34,16,1.0,1.0,0.0
R0_vs_R3,d3_rainbow_trout,classification,macro_f1,R0,R3,2,35,16,0.5,0.5,0.0
R0_vs_R3,d3_rainbow_trout,classification,macro_f1,R0,R3,2,36,16,0.75,0.75,0.0
R0_vs_R3,d3_rainbow_trout,classification,macro_f1,R0,R3,2,37,16,0.75,0.75,0.0
R0_vs_R3,d3_rainbow_trout,classification,macro_f1,R0,R3,2,38,16,0.75,0.75,0.0
R0_vs_R3,d3_rainbow_trout,classification,macro_f1,R0,R3,2,39,16,0.75,0.75,0.0
R0_vs_R3,d3_rainbow_trout,classification,macro_f1,R0,R3,2,40,16,0.661465663928744,0.6873629886737304,-0.025897324744986405
R0_vs_R3,d3_rainbow_trout,classification,macro_f1,R0,R3,2,41,16,0.5,0.5,0.0
R0_vs_R3,d3_rainbow_trout,classification,macro_f1,R0,R3,2,42,16,0.5,0.5,0.0
R0_vs_R3,d3_rainbow_trout,classification,macro_f1,R0,R3,2,43,16,0.5,0.5,0.0
R0_vs_R3,d3_rainbow_trout,classification,macro_f1,R0,R3,2,44,16,0.735702614379085,0.7476189936279733,-0.011916379248888331
R0_vs_R3,d3_rainbow_trout,classification,macro_f1,R0,R3,2,45,16,0.75,0.75,0.0
R0_vs_R3,d3_rainbow_trout,classification,macro_f1,R0,R3,2,46,16,0.7469879518072289,0.7371578334304019,0.009830118376827013
R0_vs_R3,d3_rainbow_trout,classification,macro_f1,R0,R3,2,47,16,0.5,0.5,0.0
R0_vs_R3,d3_rainbow_trout,classification,macro_f1,R0,R3,2,48,16,0.75,0.75,0.0
R0_vs_R3,d3_rainbow_trout,classification,macro_f1,R0,R3,2,49,16,0.5,0.5,0.0
R0_vs_R3,d3_rainbow_trout,classification,macro_f1,R0,R3,2,50,16,0.75,0.75,0.0
R0_vs_R3,d3_rainbow_trout,classification,macro_f1,R0,R3,2,51,16,0.5,0.5,0.0
R0_vs_R3,d3_rainbow_trout,classification,macro_f1,R0,R3,2,52,16,0.5,0.5,0.0
R0_vs_R3,d3_rainbow_trout,classification,macro_f1,R0,R3,2,53,16,0.5,0.5,0.0
R0_vs_R3,d3_rainbow_trout,classification,macro_f1,R0,R3,2,54,16,0.75,0.75,0.0
R0_vs_R3,d3_rainbow_trout,classification,macro_f1,R0,R3,2,55,16,0.75,0.75,0.0
R0_vs_R3,d3_rainbow_trout,classification,macro_f1,R0,R3,2,56,16,0.75,0.75,0.0
R0_vs_R3,d3_rainbow_trout,classification,macro_f1,R0,R3,2,57,16,0.75,0.75,0.0
R0_vs_R3,d3_rainbow_trout,classification,macro_f1,R0,R3,2,58,16,1.0,1.0,0.0
R0_vs_R3,d3_rainbow_trout,classification,macro_f1,R0,R3,2,59,16,0.5,0.5,0.0
R0_vs_R3,d3_rainbow_trout,classification,macro_f1,R0,R3,2,60,16,0.25,0.25,0.0
R0_vs_R3,d3_rainbow_trout,classification,macro_f1,R0,R3,2,61,16,0.5,0.5,0.0
R0_vs_R3,d3_rainbow_trout,classification,macro_f1,R0,R3,3,0,16,0.5453216374269005,0.7189285470396759,-0.17360690961277536
R0_vs_R3,d3_rainbow_trout,classification,macro_f1,R0,R3,3,1,16,0.75,0.75,0.0
R0_vs_R3,d3_rainbow_trout,classification,macro_f1,R0,R3,3,2,16,0.5,0.5,0.0
R0_vs_R3,d3_rainbow_trout,classification,macro_f1,R0,R3,3,3,16,0.75,0.75,0.0
R0_vs_R3,d3_rainbow_trout,classification,macro_f1,R0,R3,3,4,16,0.75,0.75,0.0
R0_vs_R3,d3_rainbow_trout,classification,macro_f1,R0,R3,3,5,16,1.0,1.0,0.0
R0_vs_R3,d3_rainbow_trout,classification,macro_f1,R0,R3,3,6,16,0.75,0.75,0.0
R0_vs_R3,d3_rainbow_trout,classification,macro_f1,R0,R3,3,7,16,0.728531997546514,0.7476189936279733,-0.019086996081459362
R0_vs_R3,d3_rainbow_trout,classification,macro_f1,R0,R3,3,8,16,0.5,0.5,0.0
R0_vs_R3,d3_rainbow_trout,classification,macro_f1,R0,R3,3,9,16,0.75,0.75,0.0
R0_vs_R3,d3_rainbow_trout,classification,macro_f1,R0,R3,3,10,16,0.5,0.5,0.0
R0_vs_R3,d3_rainbow_trout,classification,macro_f1,R0,R3,3,11,16,0.5,0.4963768115942029,0.0036231884057971175
R0_vs_R3,d3_rainbow_trout,classification,macro_f1,R0,R3,3,12,16,0.7290528233151183,0.7338069001870003,-0.004754076871882007
R0_vs_R3,d3_rainbow_trout,classification,macro_f1,R0,R3,3,13,16,0.7482014388489209,0.7400990099009901,0.008102428947930784
R0_vs_R3,d3_rainbow_trout,classification,macro_f1,R0,R3,3,14,16,0.5,0.5,0.0
R0_vs_R3,d3_rainbow_trout,classification,macro_f1,R0,R3,3,15,16,1.0,1.0,0.0
R0_vs_R3,d3_rainbow_trout,classification,macro_f1,R0,R3,3,16,16,1.0,1.0,0.0
R0_vs_R3,d3_rainbow_trout,classification,macro_f1,R0,R3,3,17,16,0.75,0.75,0.0
R0_vs_R3,d3_rainbow_trout,classification,macro_f1,R0,R3,3,18,16,1.0,1.0,0.0
R0_vs_R3,d3_rainbow_trout,classification,macro_f1,R0,R3,3,19,16,0.25,0.25,0.0
R0_vs_R3,d3_rainbow_trout,classification,macro_f1,R0,R3,3,20,16,0.5,0.5,0.0
R0_vs_R3,d3_rainbow_trout,classification,macro_f1,R0,R3,3,21,16,0.5,0.5,0.0
R0_vs_R3,d3_rainbow_trout,classification,macro_f1,R0,R3,3,22,16,0.75,0.75,0.0
R0_vs_R3,d3_rainbow_trout,classification,macro_f1,R0,R3,3,23,16,0.75,0.75,0.0
R0_vs_R3,d3_rainbow_trout,classification,macro_f1,R0,R3,3,24,16,0.75,0.75,0.0
R0_vs_R3,d3_rainbow_trout,classification,macro_f1,R0,R3,3,25,16,0.5,0.5,0.0
R0_vs_R3,d3_rainbow_trout,classification,macro_f1,R0,R3,3,26,16,0.75,0.75,0.0
R0_vs_R3,d3_rainbow_trout,classification,macro_f1,R0,R3,3,27,16,0.75,0.75,0.0
R0_vs_R3,d3_rainbow_trout,classification,macro_f1,R0,R3,3,28,16,0.5,0.5,0.0
R0_vs_R3,d3_rainbow_trout,classification,macro_f1,R0,R3,3,29,16,0.25,0.25,0.0
R0_vs_R3,d3_rainbow_trout,classification,macro_f1,R0,R3,3,30,16,0.75,0.75,0.0
R0_vs_R3,d3_rainbow_trout,classification,macro_f1,R0,R3,3,31,16,0.75,0.75,0.0
R0_vs_R3,d3_rainbow_trout,classification,macro_f1,R0,R3,3,32,16,0.75,0.75,0.0
R0_vs_R3,d3_rainbow_trout,classification,macro_f1,R0,R3,3,33,16,0.5,0.5,0.0
R0_vs_R3,d3_rainbow_trout,classification,macro_f1,R0,R3,3,34,16,0.674677693487543,0.6291054173333398,0.04557227615420323
R0_vs_R3,d3_rainbow_trout,classification,macro_f1,R0,R3,3,35,16,1.0,1.0,0.0
R0_vs_R3,d3_rainbow_trout,classification,macro_f1,R0,R3,3,36,16,0.5,0.5,0.0
R0_vs_R3,d3_rainbow_trout,classification,macro_f1,R0,R3,3,37,16,0.75,0.75,0.0
R0_vs_R3,d3_rainbow_trout,classification,macro_f1,R0,R3,3,38,16,0.75,0.75,0.0
R0_vs_R3,d3_rainbow_trout,classification,macro_f1,R0,R3,3,39,16,0.25,0.25,0.0
R0_vs_R3,d3_rainbow_trout,classification,macro_f1,R0,R3,3,40,16,0.5,0.5,0.0
R0_vs_R3,d3_rainbow_trout,classification,macro_f1,R0,R3,3,41,16,0.75,0.75,0.0
R0_vs_R3,d3_rainbow_trout,classification,macro_f1,R0,R3,3,42,16,0.4988038277511961,0.4939024390243902,0.0049013887268059
R0_vs_R3,d3_rainbow_trout,classification,macro_f1,R0,R3,3,43,16,0.75,0.75,0.0
R0_vs_R3,d3_rainbow_trout,classification,macro_f1,R0,R3,3,44,16,0.75,0.75,0.0
R0_vs_R3,d3_rainbow_trout,classification,macro_f1,R0,R3,3,45,16,0.75,0.75,0.0
R0_vs_R3,d3_rainbow_trout,classification,macro_f1,R0,R3,3,46,16,0.25,0.25,0.0
R0_vs_R3,d3_rainbow_trout,classification,macro_f1,R0,R3,3,47,16,0.25,0.25,0.0
R0_vs_R3,d3_rainbow_trout,classification,macro_f1,R0,R3,3,48,16,0.75,0.75,0.0
R0_vs_R3,d3_rainbow_trout,classification,macro_f1,R0,R3,3,49,16,0.75,0.75,0.0
R0_vs_R3,d3_rainbow_trout,classification,macro_f1,R0,R3,3,50,16,0.5,0.5,0.0
R0_vs_R3,d3_rainbow_trout,classification,macro_f1,R0,R3,3,51,16,0.5,0.5,0.0
R0_vs_R3,d3_rainbow_trout,classification,macro_f1,R0,R3,3,52,16,0.5,0.5,0.0
R0_vs_R3,d3_rainbow_trout,classification,macro_f1,R0,R3,3,53,16,0.5,0.5,0.0
R0_vs_R3,d3_rainbow_trout,classification,macro_f1,R0,R3,3,54,16,0.5,0.5,0.0
R0_vs_R3,d3_rainbow_trout,classification,macro_f1,R0,R3,3,55,16,0.5,0.5,0.0
R0_vs_R3,d3_rainbow_trout,classification,macro_f1,R0,R3,3,56,16,0.75,0.75,0.0
R0_vs_R3,d3_rainbow_trout,classification,macro_f1,R0,R3,3,57,16,0.5,0.5,0.0
R0_vs_R3,d3_rainbow_trout,classification,macro_f1,R0,R3,3,58,16,0.5,0.5,0.0
R0_vs_R3,d3_rainbow_trout,classification,macro_f1,R0,R3,3,59,16,0.25,0.25,0.0
R0_vs_R3,d3_rainbow_trout,classification,macro_f1,R0,R3,3,60,16,0.5,0.5,0.0
R0_vs_R3,d3_rainbow_trout,classification,macro_f1,R0,R3,3,61,16,0.75,0.75,0.0
R0_vs_R3,d3_rainbow_trout,classification,macro_f1,R0,R3,4,0,16,0.75,0.75,0.0
R0_vs_R3,d3_rainbow_trout,classification,macro_f1,R0,R3,4,1,16,0.75,0.75,0.0
R0_vs_R3,d3_rainbow_trout,classification,macro_f1,R0,R3,4,2,16,0.75,0.75,0.0
R0_vs_R3,d3_rainbow_trout,classification,macro_f1,R0,R3,4,3,16,0.75,0.75,0.0
R0_vs_R3,d3_rainbow_trout,classification,macro_f1,R0,R3,4,4,16,0.75,0.75,0.0
R0_vs_R3,d3_rainbow_trout,classification,macro_f1,R0,R3,4,5,16,0.75,0.75,0.0
R0_vs_R3,d3_rainbow_trout,classification,macro_f1,R0,R3,4,6,16,0.5,0.5,0.0
R0_vs_R3,d3_rainbow_trout,classification,macro_f1,R0,R3,4,7,16,0.7429232566498922,0.7429232566498922,0.0
R0_vs_R3,d3_rainbow_trout,classification,macro_f1,R0,R3,4,8,16,0.25,0.25,0.0
R0_vs_R3,d3_rainbow_trout,classification,macro_f1,R0,R3,4,9,16,0.5,0.5,0.0
R0_vs_R3,d3_rainbow_trout,classification,macro_f1,R0,R3,4,10,16,0.6209607460420733,0.6431386239378949,-0.022177877895821596
R0_vs_R3,d3_rainbow_trout,classification,macro_f1,R0,R3,4,11,16,0.5,0.5,0.0
R0_vs_R3,d3_rainbow_trout,classification,macro_f1,R0,R3,4,12,16,0.5,0.5,0.0
R0_vs_R3,d3_rainbow_trout,classification,macro_f1,R0,R3,4,13,16,1.0,1.0,0.0
R0_vs_R3,d3_rainbow_trout,classification,macro_f1,R0,R3,4,14,16,0.7482014388489209,0.7411739983188568,0.0070274405300641
R0_vs_R3,d3_rainbow_trout,classification,macro_f1,R0,R3,4,15,16,0.5,0.5,0.0
R0_vs_R3,d3_rainbow_trout,classification,macro_f1,R0,R3,4,16,16,0.75,0.75,0.0
R0_vs_R3,d3_rainbow_trout,classification,macro_f1,R0,R3,4,17,16,0.5,0.5,0.0
R0_vs_R3,d3_rainbow_trout,classification,macro_f1,R0,R3,4,18,16,0.75,0.75,0.0
R0_vs_R3,d3_rainbow_trout,classification,macro_f1,R0,R3,4,19,16,0.25,0.25,0.0
R0_vs_R3,d3_rainbow_trout,classification,macro_f1,R0,R3,4,20,16,0.5,0.5,0.0
R0_vs_R3,d3_rainbow_trout,classification,macro_f1,R0,R3,4,21,16,0.5,0.5,0.0
R0_vs_R3,d3_rainbow_trout,classification,macro_f1,R0,R3,4,22,16,1.0,1.0,0.0
R0_vs_R3,d3_rainbow_trout,classification,macro_f1,R0,R3,4,23,16,0.75,0.75,0.0
R0_vs_R3,d3_rainbow_trout,classification,macro_f1,R0,R3,4,24,16,0.5,0.5,0.0
R0_vs_R3,d3_rainbow_trout,classification,macro_f1,R0,R3,4,25,16,0.6771600768402609,0.6842222222222222,-0.00706214538196126
R0_vs_R3,d3_rainbow_trout,classification,macro_f1,R0,R3,4,26,16,0.5,0.5,0.0
R0_vs_R3,d3_rainbow_trout,classification,macro_f1,R0,R3,4,27,16,0.75,0.75,0.0
R0_vs_R3,d3_rainbow_trout,classification,macro_f1,R0,R3,4,28,16,0.5,0.5,0.0
R0_vs_R3,d3_rainbow_trout,classification,macro_f1,R0,R3,4,29,16,0.75,0.75,0.0
R0_vs_R3,d3_rainbow_trout,classification,macro_f1,R0,R3,4,30,16,0.5,0.5,0.0
R0_vs_R3,d3_rainbow_trout,classification,macro_f1,R0,R3,4,31,16,0.75,0.75,0.0
R0_vs_R3,d3_rainbow_trout,classification,macro_f1,R0,R3,4,32,16,0.25,0.25,0.0
R0_vs_R3,d3_rainbow_trout,classification,macro_f1,R0,R3,4,33,16,0.25,0.25,0.0
R0_vs_R3,d3_rainbow_trout,classification,macro_f1,R0,R3,4,34,16,1.0,1.0,0.0
R0_vs_R3,d3_rainbow_trout,classification,macro_f1,R0,R3,4,35,16,0.477979274611399,0.4982014388489209,-0.020222164237521878
R0_vs_R3,d3_rainbow_trout,classification,macro_f1,R0,R3,4,36,16,0.7290528233151183,0.7475961538461539,-0.018543330531035518
R0_vs_R3,d3_rainbow_trout,classification,macro_f1,R0,R3,4,37,16,0.5,0.5,0.0
R0_vs_R3,d3_rainbow_trout,classification,macro_f1,R0,R3,4,38,16,0.75,0.75,0.0
R0_vs_R3,d3_rainbow_trout,classification,macro_f1,R0,R3,4,39,16,0.75,0.75,0.0
R0_vs_R3,d3_rainbow_trout,classification,macro_f1,R0,R3,4,40,16,0.75,0.75,0.0
R0_vs_R3,d3_rainbow_trout,classification,macro_f1,R0,R3,4,41,16,1.0,1.0,0.0
R0_vs_R3,d3_rainbow_trout,classification,macro_f1,R0,R3,4,42,16,0.25,0.25,0.0
R0_vs_R3,d3_rainbow_trout,classification,macro_f1,R0,R3,4,43,16,0.5,0.5,0.0
R0_vs_R3,d3_rainbow_trout,classification,macro_f1,R0,R3,4,44,16,0.5,0.5,0.0
R0_vs_R3,d3_rainbow_trout,classification,macro_f1,R0,R3,4,45,16,0.75,0.75,0.0
R0_vs_R3,d3_rainbow_trout,classification,macro_f1,R0,R3,4,46,16,0.5,0.5,0.0
R0_vs_R3,d3_rainbow_trout,classification,macro_f1,R0,R3,4,47,16,1.0,1.0,0.0
R0_vs_R3,d3_rainbow_trout,classification,macro_f1,R0,R3,4,48,16,0.75,0.75,0.0
R0_vs_R3,d3_rainbow_trout,classification,macro_f1,R0,R3,4,49,16,0.75,0.75,0.0
R0_vs_R3,d3_rainbow_trout,classification,macro_f1,R0,R3,4,50,16,0.75,0.75,0.0
R0_vs_R3,d3_rainbow_trout,classification,macro_f1,R0,R3,4,51,16,0.7333147942157954,0.75,-0.016685205784204626
R0_vs_R3,d3_rainbow_trout,classification,macro_f1,R0,R3,4,52,16,0.75,0.75,0.0
R0_vs_R3,d3_rainbow_trout,classification,macro_f1,R0,R3,4,53,16,0.5,0.5,0.0
R0_vs_R3,d3_rainbow_trout,classification,macro_f1,R0,R3,4,54,16,0.75,0.75,0.0
R0_vs_R3,d3_rainbow_trout,classification,macro_f1,R0,R3,4,55,16,0.5,0.5,0.0
R0_vs_R3,d3_rainbow_trout,classification,macro_f1,R0,R3,4,56,16,0.75,0.75,0.0
R0_vs_R3,d3_rainbow_trout,classification,macro_f1,R0,R3,4,57,16,0.75,0.75,0.0
R0_vs_R3,d3_rainbow_trout,classification,macro_f1,R0,R3,4,58,16,0.5,0.5,0.0
R0_vs_R3,d3_rainbow_trout,classification,macro_f1,R0,R3,4,59,16,0.25,0.25,0.0
R0_vs_R3,d3_rainbow_trout,classification,macro_f1,R0,R3,4,60,16,0.5,0.5,0.0
R0_vs_R3,d3_rainbow_trout,classification,macro_f1,R0,R3,4,61,16,0.5,0.5,0.0
R0_vs_R3,d3_rainbow_trout,classification,macro_f1,R0,R3,5,0,16,0.75,0.75,0.0
R0_vs_R3,d3_rainbow_trout,classification,macro_f1,R0,R3,5,1,16,0.75,0.75,0.0
R0_vs_R3,d3_rainbow_trout,classification,macro_f1,R0,R3,5,2,16,0.5,0.5,0.0
R0_vs_R3,d3_rainbow_trout,classification,macro_f1,R0,R3,5,3,16,0.7290528233151183,0.76071964017991,-0.03166681686479167
R0_vs_R3,d3_rainbow_trout,classification,macro_f1,R0,R3,5,4,16,0.5,0.5,0.0
R0_vs_R3,d3_rainbow_trout,classification,macro_f1,R0,R3,5,5,16,0.5,0.5,0.0
R0_vs_R3,d3_rainbow_trout,classification,macro_f1,R0,R3,5,6,16,0.75,0.75,0.0
R0_vs_R3,d3_rainbow_trout,classification,macro_f1,R0,R3,5,7,16,0.75,0.75,0.0
R0_vs_R3,d3_rainbow_trout,classification,macro_f1,R0,R3,5,8,16,0.5,0.5,0.0
R0_vs_R3,d3_rainbow_trout,classification,macro_f1,R0,R3,5,9,16,0.75,0.75,0.0
R0_vs_R3,d3_rainbow_trout,classification,macro_f1,R0,R3,5,10,16,0.25,0.25,0.0
R0_vs_R3,d3_rainbow_trout,classification,macro_f1,R0,R3,5,11,16,1.0,1.0,0.0
R0_vs_R3,d3_rainbow_trout,classification,macro_f1,R0,R3,5,12,16,0.75,0.75,0.0
R0_vs_R3,d3_rainbow_trout,classification,macro_f1,R0,R3,5,13,16,0.5,0.5,0.0
R0_vs_R3,d3_rainbow_trout,classification,macro_f1,R0,R3,5,14,16,0.75,0.75,0.0
R0_vs_R3,d3_rainbow_trout,classification,macro_f1,R0,R3,5,15,16,0.25,0.25,0.0
R0_vs_R3,d3_rainbow_trout,classification,macro_f1,R0,R3,5,16,16,0.75,0.75,0.0
R0_vs_R3,d3_rainbow_trout,classification,macro_f1,R0,R3,5,17,16,0.5,0.5,0.0
R0_vs_R3,d3_rainbow_trout,classification,macro_f1,R0,R3,5,18,16,0.75,0.75,0.0
R0_vs_R3,d3_rainbow_trout,classification,macro_f1,R0,R3,5,19,16,0.75,0.75,0.0
R0_vs_R3,d3_rainbow_trout,classification,macro_f1,R0,R3,5,20,16,1.0,1.0,0.0
R0_vs_R3,d3_rainbow_trout,classification,macro_f1,R0,R3,5,21,16,0.5,0.5,0.0
R0_vs_R3,d3_rainbow_trout,classification,macro_f1,R0,R3,5,22,16,0.75,0.75,0.0
R0_vs_R3,d3_rainbow_trout,classification,macro_f1,R0,R3,5,23,16,1.0,1.0,0.0
R0_vs_R3,d3_rainbow_trout,classification,macro_f1,R0,R3,5,24,16,0.6762256809338522,0.6470851652825272,0.029140515651324916
R0_vs_R3,d3_rainbow_trout,classification,macro_f1,R0,R3,5,25,16,0.5,0.5,0.0
R0_vs_R3,d3_rainbow_trout,classification,macro_f1,R0,R3,5,26,16,0.7333147942157954,0.75,-0.016685205784204626
R0_vs_R3,d3_rainbow_trout,classification,macro_f1,R0,R3,5,27,16,0.5,0.5,0.0
R0_vs_R3,d3_rainbow_trout,classification,macro_f1,R0,R3,5,28,16,0.5,0.5,0.0
R0_vs_R3,d3_rainbow_trout,classification,macro_f1,R0,R3,5,29,16,0.5,0.5,0.0
R0_vs_R3,d3_rainbow_trout,classification,macro_f1,R0,R3,5,30,16,0.75,0.75,0.0
R0_vs_R3,d3_rainbow_trout,classification,macro_f1,R0,R3,5,31,16,0.5,0.5,0.0
R0_vs_R3,d3_rainbow_trout,classification,macro_f1,R0,R3,5,32,16,0.5,0.5,0.0
R0_vs_R3,d3_rainbow_trout,classification,macro_f1,R0,R3,5,33,16,0.75,0.75,0.0
R0_vs_R3,d3_rainbow_trout,classification,macro_f1,R0,R3,5,34,16,0.75,0.7411739983188568,0.008826001681143225
R0_vs_R3,d3_rainbow_trout,classification,macro_f1,R0,R3,5,35,16,0.5,0.5,0.0
R0_vs_R3,d3_rainbow_trout,classification,macro_f1,R0,R3,5,36,16,0.75,0.75,0.0
R0_vs_R3,d3_rainbow_trout,classification,macro_f1,R0,R3,5,37,16,0.5,0.5,0.0
R0_vs_R3,d3_rainbow_trout,classification,macro_f1,R0,R3,5,38,16,0.75,0.75,0.0
R0_vs_R3,d3_rainbow_trout,classification,macro_f1,R0,R3,5,39,16,0.25,0.25,0.0
R0_vs_R3,d3_rainbow_trout,classification,macro_f1,R0,R3,5,40,16,0.75,0.75,0.0
R0_vs_R3,d3_rainbow_trout,classification,macro_f1,R0,R3,5,41,16,0.75,0.75,0.0
R0_vs_R3,d3_rainbow_trout,classification,macro_f1,R0,R3,5,42,16,0.75,0.75,0.0
R0_vs_R3,d3_rainbow_trout,classification,macro_f1,R0,R3,5,43,16,0.25,0.25,0.0
R0_vs_R3,d3_rainbow_trout,classification,macro_f1,R0,R3,5,44,16,0.5,0.5,0.0
R0_vs_R3,d3_rainbow_trout,classification,macro_f1,R0,R3,5,45,16,0.75,0.75,0.0
R0_vs_R3,d3_rainbow_trout,classification,macro_f1,R0,R3,5,46,16,0.5,0.5,0.0
R0_vs_R3,d3_rainbow_trout,classification,macro_f1,R0,R3,5,47,16,0.5,0.5,0.0
R0_vs_R3,d3_rainbow_trout,classification,macro_f1,R0,R3,5,48,16,0.75,0.75,0.0
R0_vs_R3,d3_rainbow_trout,classification,macro_f1,R0,R3,5,49,16,0.5,0.5,0.0
R0_vs_R3,d3_rainbow_trout,classification,macro_f1,R0,R3,5,50,16,1.0,1.0,0.0
R0_vs_R3,d3_rainbow_trout,classification,macro_f1,R0,R3,5,51,16,0.75,0.75,0.0
R0_vs_R3,d3_rainbow_trout,classification,macro_f1,R0,R3,5,52,16,0.5,0.5,0.0
R0_vs_R3,d3_rainbow_trout,classification,macro_f1,R0,R3,5,53,16,1.0,1.0,0.0
R0_vs_R3,d3_rainbow_trout,classification,macro_f1,R0,R3,5,54,16,0.25,0.25,0.0
R0_vs_R3,d3_rainbow_trout,classification,macro_f1,R0,R3,5,55,16,0.7440467753366407,0.7445518068399326,-0.0005050315032919528
R0_vs_R3,d3_rainbow_trout,classification,macro_f1,R0,R3,5,56,16,0.5,0.5,0.0
R0_vs_R3,d3_rainbow_trout,classification,macro_f1,R0,R3,5,57,16,0.5079661016949153,0.5728609625668449,-0.06489486087192964
R0_vs_R3,d3_rainbow_trout,classification,macro_f1,R0,R3,5,58,16,0.5,0.5,0.0
R0_vs_R3,d3_rainbow_trout,classification,macro_f1,R0,R3,5,59,16,0.25,0.25,0.0
R0_vs_R3,d3_rainbow_trout,classification,macro_f1,R0,R3,5,60,16,0.75,0.75,0.0
R0_vs_R3,d3_rainbow_trout,classification,macro_f1,R0,R3,5,61,16,0.75,0.75,0.0
R0_vs_R3,d3_rainbow_trout,classification,macro_f1,R0,R3,6,0,16,0.5,0.5,0.0
R0_vs_R3,d3_rainbow_trout,classification,macro_f1,R0,R3,6,1,16,0.5,0.5,0.0
R0_vs_R3,d3_rainbow_trout,classification,macro_f1,R0,R3,6,2,16,0.5,0.5,0.0
R0_vs_R3,d3_rainbow_trout,classification,macro_f1,R0,R3,6,3,16,0.75,0.75,0.0
R0_vs_R3,d3_rainbow_trout,classification,macro_f1,R0,R3,6,4,16,0.75,0.75,0.0
R0_vs_R3,d3_rainbow_trout,classification,macro_f1,R0,R3,6,5,16,0.25,0.25,0.0
R0_vs_R3,d3_rainbow_trout,classification,macro_f1,R0,R3,6,6,16,0.5,0.5,0.0
R0_vs_R3,d3_rainbow_trout,classification,macro_f1,R0,R3,6,7,16,0.75,0.75,0.0
R0_vs_R3,d3_rainbow_trout,classification,macro_f1,R0,R3,6,8,16,0.5,0.5,0.0
R0_vs_R3,d3_rainbow_trout,classification,macro_f1,R0,R3,6,9,16,0.5,0.5,0.0
R0_vs_R3,d3_rainbow_trout,classification,macro_f1,R0,R3,6,10,16,0.75,0.75,0.0
R0_vs_R3,d3_rainbow_trout,classification,macro_f1,R0,R3,6,11,16,0.5,0.5,0.0
R0_vs_R3,d3_rainbow_trout,classification,macro_f1,R0,R3,6,12,16,0.5,0.5,0.0
R0_vs_R3,d3_rainbow_trout,classification,macro_f1,R0,R3,6,13,16,0.75,0.75,0.0
R0_vs_R3,d3_rainbow_trout,classification,macro_f1,R0,R3,6,14,16,0.75,0.75,0.0
R0_vs_R3,d3_rainbow_trout,classification,macro_f1,R0,R3,6,15,16,0.5,0.5,0.0
R0_vs_R3,d3_rainbow_trout,classification,macro_f1,R0,R3,6,16,16,1.0,1.0,0.0
R0_vs_R3,d3_rainbow_trout,classification,macro_f1,R0,R3,6,17,16,0.5,0.5,0.0
R0_vs_R3,d3_rainbow_trout,classification,macro_f1,R0,R3,6,18,16,1.0,1.0,0.0
R0_vs_R3,d3_rainbow_trout,classification,macro_f1,R0,R3,6,19,16,0.75,0.75,0.0
R0_vs_R3,d3_rainbow_trout,classification,macro_f1,R0,R3,6,20,16,0.5,0.5,0.0
R0_vs_R3,d3_rainbow_trout,classification,macro_f1,R0,R3,6,21,16,0.75,0.75,0.0
R0_vs_R3,d3_rainbow_trout,classification,macro_f1,R0,R3,6,22,16,0.75,0.75,0.0
R0_vs_R3,d3_rainbow_trout,classification,macro_f1,R0,R3,6,23,16,1.0,1.0,0.0
R0_vs_R3,d3_rainbow_trout,classification,macro_f1,R0,R3,6,24,16,0.5,0.5,0.0
R0_vs_R3,d3_rainbow_trout,classification,macro_f1,R0,R3,6,25,16,0.25,0.25,0.0
R0_vs_R3,d3_rainbow_trout,classification,macro_f1,R0,R3,6,26,16,0.75,0.75,0.0
R0_vs_R3,d3_rainbow_trout,classification,macro_f1,R0,R3,6,27,16,0.75,0.75,0.0
R0_vs_R3,d3_rainbow_trout,classification,macro_f1,R0,R3,6,28,16,0.25,0.25,0.0
R0_vs_R3,d3_rainbow_trout,classification,macro_f1,R0,R3,6,29,16,0.5,0.5,0.0
R0_vs_R3,d3_rainbow_trout,classification,macro_f1,R0,R3,6,30,16,0.25,0.25,0.0
R0_vs_R3,d3_rainbow_trout,classification,macro_f1,R0,R3,6,31,16,0.75,0.75,0.0
R0_vs_R3,d3_rainbow_trout,classification,macro_f1,R0,R3,6,32,16,0.5523006886590494,0.6694392132245239,-0.11713852456547458
R0_vs_R3,d3_rainbow_trout,classification,macro_f1,R0,R3,6,33,16,0.75,0.75,0.0
R0_vs_R3,d3_rainbow_trout,classification,macro_f1,R0,R3,6,34,16,1.0,1.0,0.0
R0_vs_R3,d3_rainbow_trout,classification,macro_f1,R0,R3,6,35,16,0.25,0.25,0.0
R0_vs_R3,d3_rainbow_trout,classification,macro_f1,R0,R3,6,36,16,0.75,0.75,0.0
R0_vs_R3,d3_rainbow_trout,classification,macro_f1,R0,R3,6,37,16,0.75,0.75,0.0
R0_vs_R3,d3_rainbow_trout,classification,macro_f1,R0,R3,6,38,16,0.5,0.5,0.0
R0_vs_R3,d3_rainbow_trout,classification,macro_f1,R0,R3,6,39,16,0.75,0.75,0.0
R0_vs_R3,d3_rainbow_trout,classification,macro_f1,R0,R3,6,40,16,0.75,0.75,0.0
R0_vs_R3,d3_rainbow_trout,classification,macro_f1,R0,R3,6,41,16,0.7520419714915217,0.7564158329708569,-0.0043738614793351616
R0_vs_R3,d3_rainbow_trout,classification,macro_f1,R0,R3,6,42,16,0.75,0.75,0.0
R0_vs_R3,d3_rainbow_trout,classification,macro_f1,R0,R3,6,43,16,0.5,0.5,0.0
R0_vs_R3,d3_rainbow_trout,classification,macro_f1,R0,R3,6,44,16,0.75,0.75,0.0
R0_vs_R3,d3_rainbow_trout,classification,macro_f1,R0,R3,6,45,16,0.5,0.5,0.0
R0_vs_R3,d3_rainbow_trout,classification,macro_f1,R0,R3,6,46,16,0.75,0.75,0.0
R0_vs_R3,d3_rainbow_trout,classification,macro_f1,R0,R3,6,47,16,0.6885487528344671,0.6211528587393156,0.06739589409515157
R0_vs_R3,d3_rainbow_trout,classification,macro_f1,R0,R3,6,48,16,0.5,0.5,0.0
R0_vs_R3,d3_rainbow_trout,classification,macro_f1,R0,R3,6,49,16,0.25,0.25,0.0
R0_vs_R3,d3_rainbow_trout,classification,macro_f1,R0,R3,6,50,16,0.75,0.75,0.0
R0_vs_R3,d3_rainbow_trout,classification,macro_f1,R0,R3,6,51,16,0.5,0.5,0.0
R0_vs_R3,d3_rainbow_trout,classification,macro_f1,R0,R3,6,52,16,0.5,0.5,0.0
R0_vs_R3,d3_rainbow_trout,classification,macro_f1,R0,R3,6,53,16,1.0,1.0,0.0
R0_vs_R3,d3_rainbow_trout,classification,macro_f1,R0,R3,6,54,16,0.75,0.7457627118644068,0.004237288135593209
R0_vs_R3,d3_rainbow_trout,classification,macro_f1,R0,R3,6,55,16,0.5,0.5,0.0
R0_vs_R3,d3_rainbow_trout,classification,macro_f1,R0,R3,6,56,16,0.5,0.5,0.0
R0_vs_R3,d3_rainbow_trout,classification,macro_f1,R0,R3,6,57,16,0.5,0.5,0.0
R0_vs_R3,d3_rainbow_trout,classification,macro_f1,R0,R3,6,58,16,0.75,0.75,0.0
R0_vs_R3,d3_rainbow_trout,classification,macro_f1,R0,R3,6,59,16,0.75,0.75,0.0
R0_vs_R3,d3_rainbow_trout,classification,macro_f1,R0,R3,6,60,16,0.75,0.75,0.0
R0_vs_R3,d3_rainbow_trout,classification,macro_f1,R0,R3,6,61,16,0.75,0.75,0.0
R0_vs_R3,d3_rainbow_trout,classification,macro_f1,R0,R3,7,0,16,0.25,0.25,0.0
R0_vs_R3,d3_rainbow_trout,classification,macro_f1,R0,R3,7,1,16,0.25,0.25,0.0
R0_vs_R3,d3_rainbow_trout,classification,macro_f1,R0,R3,7,2,16,0.5,0.5,0.0
R0_vs_R3,d3_rainbow_trout,classification,macro_f1,R0,R3,7,3,16,0.5,0.5,0.0
R0_vs_R3,d3_rainbow_trout,classification,macro_f1,R0,R3,7,4,16,0.5,0.5,0.0
R0_vs_R3,d3_rainbow_trout,classification,macro_f1,R0,R3,7,5,16,0.75,0.75,0.0
R0_vs_R3,d3_rainbow_trout,classification,macro_f1,R0,R3,7,6,16,0.7043885319737534,0.7476189936279733,-0.043230461654219954
R0_vs_R3,d3_rainbow_trout,classification,macro_f1,R0,R3,7,7,16,0.75,0.75,0.0
R0_vs_R3,d3_rainbow_trout,classification,macro_f1,R0,R3,7,8,16,0.75,0.75,0.0
R0_vs_R3,d3_rainbow_trout,classification,macro_f1,R0,R3,7,9,16,0.75,0.75,0.0
R0_vs_R3,d3_rainbow_trout,classification,macro_f1,R0,R3,7,10,16,0.25,0.25,0.0
R0_vs_R3,d3_rainbow_trout,classification,macro_f1,R0,R3,7,11,16,0.5,0.5,0.0
R0_vs_R3,d3_rainbow_trout,classification,macro_f1,R0,R3,7,12,16,0.5,0.5,0.0
R0_vs_R3,d3_rainbow_trout,classification,macro_f1,R0,R3,7,13,16,0.5,0.5,0.0
R0_vs_R3,d3_rainbow_trout,classification,macro_f1,R0,R3,7,14,16,0.5,0.5,0.0
R0_vs_R3,d3_rainbow_trout,classification,macro_f1,R0,R3,7,15,16,0.5,0.5,0.0
R0_vs_R3,d3_rainbow_trout,classification,macro_f1,R0,R3,7,16,16,0.5,0.5,0.0
R0_vs_R3,d3_rainbow_trout,classification,macro_f1,R0,R3,7,17,16,0.75,0.75,0.0
R0_vs_R3,d3_rainbow_trout,classification,macro_f1,R0,R3,7,18,16,0.5,0.5,0.0
R0_vs_R3,d3_rainbow_trout,classification,macro_f1,R0,R3,7,19,16,0.7242161900269026,0.7242161900269026,0.0
R0_vs_R3,d3_rainbow_trout,classification,macro_f1,R0,R3,7,20,16,0.6104016064257028,0.6057685555789621,0.004633050846740705
R0_vs_R3,d3_rainbow_trout,classification,macro_f1,R0,R3,7,21,16,0.5,0.5,0.0
R0_vs_R3,d3_rainbow_trout,classification,macro_f1,R0,R3,7,22,16,0.5,0.5,0.0
R0_vs_R3,d3_rainbow_trout,classification,macro_f1,R0,R3,7,23,16,0.5,0.5,0.0
R0_vs_R3,d3_rainbow_trout,classification,macro_f1,R0,R3,7,24,16,0.75,0.75,0.0
R0_vs_R3,d3_rainbow_trout,classification,macro_f1,R0,R3,7,25,16,1.0,1.0,0.0
R0_vs_R3,d3_rainbow_trout,classification,macro_f1,R0,R3,7,26,16,0.75,0.75,0.0
R0_vs_R3,d3_rainbow_trout,classification,macro_f1,R0,R3,7,27,16,0.5,0.5,0.0
R0_vs_R3,d3_rainbow_trout,classification,macro_f1,R0,R3,7,28,16,1.0,1.0,0.0
R0_vs_R3,d3_rainbow_trout,classification,macro_f1,R0,R3,7,29,16,0.25,0.25,0.0
R0_vs_R3,d3_rainbow_trout,classification,macro_f1,R0,R3,7,30,16,0.75,0.75,0.0
R0_vs_R3,d3_rainbow_trout,classification,macro_f1,R0,R3,7,31,16,0.5,0.5,0.0
R0_vs_R3,d3_rainbow_trout,classification,macro_f1,R0,R3,7,32,16,0.5,0.5,0.0
R0_vs_R3,d3_rainbow_trout,classification,macro_f1,R0,R3,7,33,16,0.25,0.25,0.0
R0_vs_R3,d3_rainbow_trout,classification,macro_f1,R0,R3,7,34,16,0.7451456310679612,0.7457627118644068,-0.0006170807964456237
R0_vs_R3,d3_rainbow_trout,classification,macro_f1,R0,R3,7,35,16,0.75,0.75,0.0
R0_vs_R3,d3_rainbow_trout,classification,macro_f1,R0,R3,7,36,16,0.75,0.75,0.0
R0_vs_R3,d3_rainbow_trout,classification,macro_f1,R0,R3,7,37,16,0.75,0.75,0.0
R0_vs_R3,d3_rainbow_trout,classification,macro_f1,R0,R3,7,38,16,0.75,0.75,0.0
R0_vs_R3,d3_rainbow_trout,classification,macro_f1,R0,R3,7,39,16,0.75,0.75,0.0
R0_vs_R3,d3_rainbow_trout,classification,macro_f1,R0,R3,7,40,16,0.75,0.75,0.0
R0_vs_R3,d3_rainbow_trout,classification,macro_f1,R0,R3,7,41,16,0.75,0.75,0.0
R0_vs_R3,d3_rainbow_trout,classification,macro_f1,R0,R3,7,42,16,0.5,0.5,0.0
R0_vs_R3,d3_rainbow_trout,classification,macro_f1,R0,R3,7,43,16,0.25,0.25,0.0
R0_vs_R3,d3_rainbow_trout,classification,macro_f1,R0,R3,7,44,16,0.75,0.75,0.0
R0_vs_R3,d3_rainbow_trout,classification,macro_f1,R0,R3,7,45,16,0.75,0.75,0.0
R0_vs_R3,d3_rainbow_trout,classification,macro_f1,R0,R3,7,46,16,0.75,0.75,0.0
R0_vs_R3,d3_rainbow_trout,classification,macro_f1,R0,R3,7,47,16,1.0,1.0,0.0
R0_vs_R3,d3_rainbow_trout,classification,macro_f1,R0,R3,7,48,16,0.75,0.75,0.0
R0_vs_R3,d3_rainbow_trout,classification,macro_f1,R0,R3,7,49,16,1.0,1.0,0.0
R0_vs_R3,d3_rainbow_trout,classification,macro_f1,R0,R3,7,50,16,1.0,1.0,0.0
R0_vs_R3,d3_rainbow_trout,classification,macro_f1,R0,R3,7,51,16,0.7308328447045548,0.7446803120883575,-0.013847467383802714
R0_vs_R3,d3_rainbow_trout,classification,macro_f1,R0,R3,7,52,16,0.5,0.5,0.0
R0_vs_R3,d3_rainbow_trout,classification,macro_f1,R0,R3,7,53,16,0.75,0.75,0.0
R0_vs_R3,d3_rainbow_trout,classification,macro_f1,R0,R3,7,54,16,0.5,0.5,0.0
R0_vs_R3,d3_rainbow_trout,classification,macro_f1,R0,R3,7,55,16,0.5,0.5,0.0
R0_vs_R3,d3_rainbow_trout,classification,macro_f1,R0,R3,7,56,16,0.7213349713349714,0.7261363636363636,-0.004801392301392204
R0_vs_R3,d3_rainbow_trout,classification,macro_f1,R0,R3,7,57,16,0.75,0.75,0.0
R0_vs_R3,d3_rainbow_trout,classification,macro_f1,R0,R3,7,58,16,0.5,0.5,0.0
R0_vs_R3,d3_rainbow_trout,classification,macro_f1,R0,R3,7,59,16,0.75,0.75,0.0
R0_vs_R3,d3_rainbow_trout,classification,macro_f1,R0,R3,7,60,16,0.5,0.5,0.0
R0_vs_R3,d3_rainbow_trout,classification,macro_f1,R0,R3,7,61,16,0.75,0.75,0.0
R0_vs_R3,d3_rainbow_trout,classification,macro_f1,R0,R3,8,0,16,0.5,0.5,0.0
R0_vs_R3,d3_rainbow_trout,classification,macro_f1,R0,R3,8,1,16,0.5,0.5,0.0
R0_vs_R3,d3_rainbow_trout,classification,macro_f1,R0,R3,8,2,16,0.75,0.75,0.0
R0_vs_R3,d3_rainbow_trout,classification,macro_f1,R0,R3,8,3,16,1.0,1.0,0.0
R0_vs_R3,d3_rainbow_trout,classification,macro_f1,R0,R3,8,4,16,0.75,0.75,0.0
R0_vs_R3,d3_rainbow_trout,classification,macro_f1,R0,R3,8,5,16,0.5,0.5,0.0
R0_vs_R3,d3_rainbow_trout,classification,macro_f1,R0,R3,8,6,16,0.5,0.5,0.0
R0_vs_R3,d3_rainbow_trout,classification,macro_f1,R0,R3,8,7,16,0.6538258296343268,0.6896204715353651,-0.035794641901038315
R0_vs_R3,d3_rainbow_trout,classification,macro_f1,R0,R3,8,8,16,0.5,0.5,0.0
R0_vs_R3,d3_rainbow_trout,classification,macro_f1,R0,R3,8,9,16,0.5,0.5,0.0
R0_vs_R3,d3_rainbow_trout,classification,macro_f1,R0,R3,8,10,16,0.75,0.75,0.0
R0_vs_R3,d3_rainbow_trout,classification,macro_f1,R0,R3,8,11,16,0.75,0.75,0.0
R0_vs_R3,d3_rainbow_trout,classification,macro_f1,R0,R3,8,12,16,0.5,0.5,0.0
R0_vs_R3,d3_rainbow_trout,classification,macro_f1,R0,R3,8,13,16,0.75,0.75,0.0
R0_vs_R3,d3_rainbow_trout,classification,macro_f1,R0,R3,8,14,16,0.5,0.5,0.0
R0_vs_R3,d3_rainbow_trout,classification,macro_f1,R0,R3,8,15,16,0.5,0.5,0.0
R0_vs_R3,d3_rainbow_trout,classification,macro_f1,R0,R3,8,16,16,0.75,0.75,0.0
R0_vs_R3,d3_rainbow_trout,classification,macro_f1,R0,R3,8,17,16,0.5,0.5,0.0
R0_vs_R3,d3_rainbow_trout,classification,macro_f1,R0,R3,8,18,16,1.0,1.0,0.0
R0_vs_R3,d3_rainbow_trout,classification,macro_f1,R0,R3,8,19,16,0.75,0.75,0.0
R0_vs_R3,d3_rainbow_trout,classification,macro_f1,R0,R3,8,20,16,0.5,0.5,0.0
R0_vs_R3,d3_rainbow_trout,classification,macro_f1,R0,R3,8,21,16,0.25,0.25,0.0
R0_vs_R3,d3_rainbow_trout,classification,macro_f1,R0,R3,8,22,16,0.5,0.5,0.0
R0_vs_R3,d3_rainbow_trout,classification,macro_f1,R0,R3,8,23,16,0.25,0.25,0.0
R0_vs_R3,d3_rainbow_trout,classification,macro_f1,R0,R3,8,24,16,0.5,0.5,0.0
R0_vs_R3,d3_rainbow_trout,classification,macro_f1,R0,R3,8,25,16,1.0,1.0,0.0
R0_vs_R3,d3_rainbow_trout,classification,macro_f1,R0,R3,8,26,16,0.75,0.75,0.0
R0_vs_R3,d3_rainbow_trout,classification,macro_f1,R0,R3,8,27,16,1.0,1.0,0.0
R0_vs_R3,d3_rainbow_trout,classification,macro_f1,R0,R3,8,28,16,0.75,0.75,0.0
R0_vs_R3,d3_rainbow_trout,classification,macro_f1,R0,R3,8,29,16,0.75,0.75,0.0
R0_vs_R3,d3_rainbow_trout,classification,macro_f1,R0,R3,8,30,16,0.7452376632801161,0.7463768115942029,-0.0011391483140867908
R0_vs_R3,d3_rainbow_trout,classification,macro_f1,R0,R3,8,31,16,0.5,0.5,0.0
R0_vs_R3,d3_rainbow_trout,classification,macro_f1,R0,R3,8,32,16,0.75,0.75,0.0
R0_vs_R3,d3_rainbow_trout,classification,macro_f1,R0,R3,8,33,16,0.75,0.75,0.0
R0_vs_R3,d3_rainbow_trout,classification,macro_f1,R0,R3,8,34,16,0.6836625939436558,0.6304972693302673,0.05316532461338852
R0_vs_R3,d3_rainbow_trout,classification,macro_f1,R0,R3,8,35,16,0.5,0.5,0.0
R0_vs_R3,d3_rainbow_trout,classification,macro_f1,R0,R3,8,36,16,0.25,0.25,0.0
R0_vs_R3,d3_rainbow_trout,classification,macro_f1,R0,R3,8,37,16,0.75,0.75,0.0
R0_vs_R3,d3_rainbow_trout,classification,macro_f1,R0,R3,8,38,16,0.75,0.75,0.0
R0_vs_R3,d3_rainbow_trout,classification,macro_f1,R0,R3,8,39,16,0.5,0.5,0.0
R0_vs_R3,d3_rainbow_trout,classification,macro_f1,R0,R3,8,40,16,0.75,0.75,0.0
R0_vs_R3,d3_rainbow_trout,classification,macro_f1,R0,R3,8,41,16,0.75,0.75,0.0
R0_vs_R3,d3_rainbow_trout,classification,macro_f1,R0,R3,8,42,16,0.5,0.5,0.0
R0_vs_R3,d3_rainbow_trout,classification,macro_f1,R0,R3,8,43,16,0.25,0.25,0.0
R0_vs_R3,d3_rainbow_trout,classification,macro_f1,R0,R3,8,44,16,0.75,0.75,0.0
R0_vs_R3,d3_rainbow_trout,classification,macro_f1,R0,R3,8,45,16,0.75,0.75,0.0
R0_vs_R3,d3_rainbow_trout,classification,macro_f1,R0,R3,8,46,16,0.75,0.75,0.0
R0_vs_R3,d3_rainbow_trout,classification,macro_f1,R0,R3,8,47,16,0.7290528233151183,0.7290528233151183,0.0
R0_vs_R3,d3_rainbow_trout,classification,macro_f1,R0,R3,8,48,16,0.5,0.5,0.0
R0_vs_R3,d3_rainbow_trout,classification,macro_f1,R0,R3,8,49,16,0.75,0.75,0.0
R0_vs_R3,d3_rainbow_trout,classification,macro_f1,R0,R3,8,50,16,1.0,1.0,0.0
R0_vs_R3,d3_rainbow_trout,classification,macro_f1,R0,R3,8,51,16,0.25,0.25,0.0
R0_vs_R3,d3_rainbow_trout,classification,macro_f1,R0,R3,8,52,16,0.25,0.25,0.0
R0_vs_R3,d3_rainbow_trout,classification,macro_f1,R0,R3,8,53,16,0.75,0.75,0.0
R0_vs_R3,d3_rainbow_trout,classification,macro_f1,R0,R3,8,54,16,0.75,0.75,0.0
R0_vs_R3,d3_rainbow_trout,classification,macro_f1,R0,R3,8,55,16,0.75,0.75,0.0
R0_vs_R3,d3_rainbow_trout,classification,macro_f1,R0,R3,8,56,16,0.5,0.5,0.0
R0_vs_R3,d3_rainbow_trout,classification,macro_f1,R0,R3,8,57,16,0.5,0.5,0.0
R0_vs_R3,d3_rainbow_trout,classification,macro_f1,R0,R3,8,58,16,0.5,0.5,0.0
R0_vs_R3,d3_rainbow_trout,classification,macro_f1,R0,R3,8,59,16,0.75,0.75,0.0
R0_vs_R3,d3_rainbow_trout,classification,macro_f1,R0,R3,8,60,16,0.728531997546514,0.7309246979743846,-0.002392700427870653
R0_vs_R3,d3_rainbow_trout,classification,macro_f1,R0,R3,8,61,16,0.5,0.5,0.0
R0_vs_R3,d3_rainbow_trout,classification,macro_f1,R0,R3,9,0,16,0.75,0.75,0.0
R0_vs_R3,d3_rainbow_trout,classification,macro_f1,R0,R3,9,1,16,0.5,0.5,0.0
R0_vs_R3,d3_rainbow_trout,classification,macro_f1,R0,R3,9,2,16,0.5,0.5,0.0
R0_vs_R3,d3_rainbow_trout,classification,macro_f1,R0,R3,9,3,16,0.75,0.75,0.0
R0_vs_R3,d3_rainbow_trout,classification,macro_f1,R0,R3,9,4,16,0.5,0.5,0.0
R0_vs_R3,d3_rainbow_trout,classification,macro_f1,R0,R3,9,5,16,1.0,1.0,0.0
R0_vs_R3,d3_rainbow_trout,classification,macro_f1,R0,R3,9,6,16,0.75,0.75,0.0
R0_vs_R3,d3_rainbow_trout,classification,macro_f1,R0,R3,9,7,16,1.0,1.0,0.0
R0_vs_R3,d3_rainbow_trout,classification,macro_f1,R0,R3,9,8,16,1.0,1.0,0.0
R0_vs_R3,d3_rainbow_trout,classification,macro_f1,R0,R3,9,9,16,0.5,0.5,0.0
R0_vs_R3,d3_rainbow_trout,classification,macro_f1,R0,R3,9,10,16,0.75,0.75,0.0
R0_vs_R3,d3_rainbow_trout,classification,macro_f1,R0,R3,9,11,16,0.75,0.75,0.0
R0_vs_R3,d3_rainbow_trout,classification,macro_f1,R0,R3,9,12,16,0.5,0.5,0.0
R0_vs_R3,d3_rainbow_trout,classification,macro_f1,R0,R3,9,13,16,0.75,0.75,0.0
R0_vs_R3,d3_rainbow_trout,classification,macro_f1,R0,R3,9,14,16,0.5,0.5,0.0
R0_vs_R3,d3_rainbow_trout,classification,macro_f1,R0,R3,9,15,16,0.75,0.75,0.0
R0_vs_R3,d3_rainbow_trout,classification,macro_f1,R0,R3,9,16,16,0.25,0.25,0.0
R0_vs_R3,d3_rainbow_trout,classification,macro_f1,R0,R3,9,17,16,0.75,0.75,0.0
R0_vs_R3,d3_rainbow_trout,classification,macro_f1,R0,R3,9,18,16,0.75,0.75,0.0
R0_vs_R3,d3_rainbow_trout,classification,macro_f1,R0,R3,9,19,16,0.5,0.5,0.0
R0_vs_R3,d3_rainbow_trout,classification,macro_f1,R0,R3,9,20,16,0.5,0.5,0.0
R0_vs_R3,d3_rainbow_trout,classification,macro_f1,R0,R3,9,21,16,0.25,0.25,0.0
R0_vs_R3,d3_rainbow_trout,classification,macro_f1,R0,R3,9,22,16,0.7189285470396759,0.735702614379085,-0.016774067339409116
R0_vs_R3,d3_rainbow_trout,classification,macro_f1,R0,R3,9,23,16,0.75,0.75,0.0
R0_vs_R3,d3_rainbow_trout,classification,macro_f1,R0,R3,9,24,16,0.5,0.5,0.0
R0_vs_R3,d3_rainbow_trout,classification,macro_f1,R0,R3,9,25,16,0.75,0.75,0.0
R0_vs_R3,d3_rainbow_trout,classification,macro_f1,R0,R3,9,26,16,0.75,0.75,0.0
R0_vs_R3,d3_rainbow_trout,classification,macro_f1,R0,R3,9,27,16,0.75,0.75,0.0
R0_vs_R3,d3_rainbow_trout,classification,macro_f1,R0,R3,9,28,16,0.75,0.7488038277511961,0.0011961722488038617
R0_vs_R3,d3_rainbow_trout,classification,macro_f1,R0,R3,9,29,16,0.75,0.75,0.0
R0_vs_R3,d3_rainbow_trout,classification,macro_f1,R0,R3,9,30,16,0.5,0.5,0.0
R0_vs_R3,d3_rainbow_trout,classification,macro_f1,R0,R3,9,31,16,1.0,1.0,0.0
R0_vs_R3,d3_rainbow_trout,classification,macro_f1,R0,R3,9,32,16,0.75,0.75,0.0
R0_vs_R3,d3_rainbow_trout,classification,macro_f1,R0,R3,9,33,16,0.5,0.5,0.0
R0_vs_R3,d3_rainbow_trout,classification,macro_f1,R0,R3,9,34,16,0.5,0.5,0.0
R0_vs_R3,d3_rainbow_trout,classification,macro_f1,R0,R3,9,35,16,0.5,0.5,0.0
R0_vs_R3,d3_rainbow_trout,classification,macro_f1,R0,R3,9,36,16,0.75,0.75,0.0
R0_vs_R3,d3_rainbow_trout,classification,macro_f1,R0,R3,9,37,16,0.5,0.5,0.0
R0_vs_R3,d3_rainbow_trout,classification,macro_f1,R0,R3,9,38,16,0.5,0.5,0.0
R0_vs_R3,d3_rainbow_trout,classification,macro_f1,R0,R3,9,39,16,0.5,0.5,0.0
R0_vs_R3,d3_rainbow_trout,classification,macro_f1,R0,R3,9,40,16,0.75,0.75,0.0
R0_vs_R3,d3_rainbow_trout,classification,macro_f1,R0,R3,9,41,16,0.5,0.5,0.0
R0_vs_R3,d3_rainbow_trout,classification,macro_f1,R0,R3,9,42,16,1.0,1.0,0.0
R0_vs_R3,d3_rainbow_trout,classification,macro_f1,R0,R3,9,43,16,0.5,0.5,0.0
R0_vs_R3,d3_rainbow_trout,classification,macro_f1,R0,R3,9,44,16,0.5,0.5,0.0
R0_vs_R3,d3_rainbow_trout,classification,macro_f1,R0,R3,9,45,16,0.7242161900269026,0.7338069001870003,-0.009590710160097715
R0_vs_R3,d3_rainbow_trout,classification,macro_f1,R0,R3,9,46,16,0.75,0.75,0.0
R0_vs_R3,d3_rainbow_trout,classification,macro_f1,R0,R3,9,47,16,0.25,0.25,0.0
R0_vs_R3,d3_rainbow_trout,classification,macro_f1,R0,R3,9,48,16,0.25,0.25,0.0
R0_vs_R3,d3_rainbow_trout,classification,macro_f1,R0,R3,9,49,16,0.7464453371851584,0.74821850716556,-0.0017731699804016676
R0_vs_R3,d3_rainbow_trout,classification,macro_f1,R0,R3,9,50,16,0.6808836395450568,0.6397878831605203,0.04109575638453655
R0_vs_R3,d3_rainbow_trout,classification,macro_f1,R0,R3,9,51,16,0.25,0.25,0.0
R0_vs_R3,d3_rainbow_trout,classification,macro_f1,R0,R3,9,52,16,0.6152248674045191,0.7019450800915332,-0.08672021268701413
R0_vs_R3,d3_rainbow_trout,classification,macro_f1,R0,R3,9,53,16,0.25,0.25,0.0
R0_vs_R3,d3_rainbow_trout,classification,macro_f1,R0,R3,9,54,16,0.5,0.5,0.0
R0_vs_R3,d3_rainbow_trout,classification,macro_f1,R0,R3,9,55,16,0.5,0.5,0.0
R0_vs_R3,d3_rainbow_trout,classification,macro_f1,R0,R3,9,56,16,0.75,0.75,0.0
R0_vs_R3,d3_rainbow_trout,classification,macro_f1,R0,R3,9,57,16,0.75,0.75,0.0
R0_vs_R3,d3_rainbow_trout,classification,macro_f1,R0,R3,9,58,16,0.75,0.75,0.0
R0_vs_R3,d3_rainbow_trout,classification,macro_f1,R0,R3,9,59,16,0.5,0.5,0.0
R0_vs_R3,d3_rainbow_trout,classification,macro_f1,R0,R3,9,60,16,0.75,0.75,0.0
R0_vs_R3,d3_rainbow_trout,classification,macro_f1,R0,R3,9,61,16,0.75,0.75,0.0
R0_vs_R3,d3_rainbow_trout,regression,mae,R0,R3,0,0,16,0.0631530908572718,0.0793016821736202,-0.016148591316348396
R0_vs_R3,d3_rainbow_trout,regression,mae,R0,R3,0,1,16,0.0699371029207971,0.064591471620858,0.005345631299939105
R0_vs_R3,d3_rainbow_trout,regression,mae,R0,R3,0,2,16,0.0518422857660102,0.0395665510556585,0.012275734710351704
R0_vs_R3,d3_rainbow_trout,regression,mae,R0,R3,0,3,16,0.0231112804425255,0.0238704306234135,-0.0007591501808879991
R0_vs_R3,d3_rainbow_trout,regression,mae,R0,R3,0,4,16,0.0588883789923986,0.0568692088647696,0.0020191701276289983
R0_vs_R3,d3_rainbow_trout,regression,mae,R0,R3,0,5,16,0.0173143947438874,0.0205360249094556,-0.003221630165568201
R0_vs_R3,d3_rainbow_trout,regression,mae,R0,R3,0,6,16,0.0700834073107845,0.0605571683236141,0.009526238987170393
R0_vs_R3,d3_rainbow_trout,regression,mae,R0,R3,0,7,16,0.1124392078306439,0.0973645534218817,0.015074654408762198
R0_vs_R3,d3_rainbow_trout,regression,mae,R0,R3,0,8,16,0.0746224262826518,0.0635669416415044,0.011055484641147403
R0_vs_R3,d3_rainbow_trout,regression,mae,R0,R3,0,9,16,0.2275928914541906,0.2275537254406971,3.916601349349125e-05
R0_vs_R3,d3_rainbow_trout,regression,mae,R0,R3,0,10,16,0.0705878393626486,0.0757371267904007,-0.0051492874277521
R0_vs_R3,d3_rainbow_trout,regression,mae,R0,R3,0,11,16,0.1944218130313,0.1986500149297564,-0.004228201898456407
R0_vs_R3,d3_rainbow_trout,regression,mae,R0,R3,0,12,16,0.1631400833865319,0.1305076873378866,0.03263239604864532
R0_vs_R3,d3_rainbow_trout,regression,mae,R0,R3,0,13,16,0.0881301864439443,0.0840203105875512,0.004109875856393094
R0_vs_R3,d3_rainbow_trout,regression,mae,R0,R3,0,14,16,0.1864090746195006,0.2381758295561412,-0.0517667549366406
R0_vs_R3,d3_rainbow_trout,regression,mae,R0,R3,0,15,16,0.0400606133510537,0.0361768516637669,0.0038837616872868033
R0_vs_R3,d3_rainbow_trout,regression,mae,R0,R3,0,16,16,0.0581195773888934,0.0613497987336403,-0.003230221344746896
R0_vs_R3,d3_rainbow_trout,regression,mae,R0,R3,0,17,16,0.0493172166531129,0.0544226234984142,-0.005105406845301301
R0_vs_R3,d3_rainbow_trout,regression,mae,R0,R3,0,18,16,0.1907436236804938,0.2029320289449545,-0.012188405264460689
R0_vs_R3,d3_rainbow_trout,regression,mae,R0,R3,0,19,16,0.051584227655232,0.0442075690136383,0.007376658641593696
R0_vs_R3,d3_rainbow_trout,regression,mae,R0,R3,0,20,16,0.0533231106875832,0.0505314590480474,0.0027916516395357985
R0_vs_R3,d3_rainbow_trout,regression,mae,R0,R3,0,21,16,0.0544038109982921,0.0677393309959592,-0.013335519997667106
R0_vs_R3,d3_rainbow_trout,regression,mae,R0,R3,0,22,16,0.0616778402446793,0.0570502415424147,0.004627598702264604
R0_vs_R3,d3_rainbow_trout,regression,mae,R0,R3,0,23,16,0.0791423378317129,0.0873457541354787,-0.008203416303765795
R0_vs_R3,d3_rainbow_trout,regression,mae,R0,R3,0,24,16,0.1407939434322064,0.145544738176401,-0.004750794744194625
R0_vs_R3,d3_rainbow_trout,regression,mae,R0,R3,0,25,16,0.0772663216585747,0.0840223097705057,-0.0067559881119310106
R0_vs_R3,d3_rainbow_trout,regression,mae,R0,R3,0,26,16,0.2786757982269645,0.2886708156971749,-0.009995017470210421
R0_vs_R3,d3_rainbow_trout,regression,mae,R0,R3,0,27,16,0.1484256857895117,0.1397715260757795,0.008654159713732207
R0_vs_R3,d3_rainbow_trout,regression,mae,R0,R3,0,28,16,0.1349778476738684,0.1298478452725364,0.00513000240133199
R0_vs_R3,d3_rainbow_trout,regression,mae,R0,R3,0,29,16,0.1039278006283156,0.112947839535254,-0.009020038906938407
R0_vs_R3,d3_rainbow_trout,regression,mae,R0,R3,0,30,16,0.0806095220817667,0.0736176425956071,0.006991879486159591
R0_vs_R3,d3_rainbow_trout,regression,mae,R0,R3,0,31,16,0.0438768725431993,0.0373651567961941,0.006511715747005202
R0_vs_R3,d3_rainbow_trout,regression,mae,R0,R3,0,32,16,0.0748191957009112,0.0724511902672669,0.0023680054336442935
R0_vs_R3,d3_rainbow_trout,regression,mae,R0,R3,0,33,16,0.0620302892417675,0.0533835078648745,0.008646781376892995
R0_vs_R3,d3_rainbow_trout,regression,mae,R0,R3,0,34,16,0.091943572654866,0.0777141311712932,0.014229441483572802
R0_vs_R3,d3_rainbow_trout,regression,mae,R0,R3,0,35,16,0.0434767775566995,0.0422951225887411,0.0011816549679583982
R0_vs_R3,d3_rainbow_trout,regression,mae,R0,R3,0,36,16,0.113537067383368,0.1001669494724089,0.0133701179109591
R0_vs_R3,d3_rainbow_trout,regression,mae,R0,R3,0,37,16,0.07525070082512,0.0742685463564889,0.0009821544686311051
R0_vs_R3,d3_rainbow_trout,regression,mae,R0,R3,0,38,16,0.093173017807773,0.0935371379157066,-0.00036412010793360206
R0_vs_R3,d3_rainbow_trout,regression,mae,R0,R3,0,39,16,0.0130438992016131,0.0161648931402071,-0.0031209939385939984
R0_vs_R3,d3_rainbow_trout,regression,mae,R0,R3,0,40,16,0.2105346852421621,0.2167280003278777,-0.006193315085715606
R0_vs_R3,d3_rainbow_trout,regression,mae,R0,R3,0,41,16,0.0832487375258809,0.0855000901948302,-0.002251352668949297
R0_vs_R3,d3_rainbow_trout,regression,mae,R0,R3,0,42,16,0.0966407418681194,0.0940112965725127,0.0026294452956067
R0_vs_R3,d3_rainbow_trout,regression,mae,R0,R3,0,43,16,0.0416487512326434,0.0400505014019877,0.0015982498306557
R0_vs_R3,d3_rainbow_trout,regression,mae,R0,R3,0,44,16,0.1092770665815812,0.1033788730403823,0.005898193541198901
R0_vs_R3,d3_rainbow_trout,regression,mae,R0,R3,0,45,16,0.0926349438386797,0.0832219894518415,0.009412954386838202
R0_vs_R3,d3_rainbow_trout,regression,mae,R0,R3,0,46,16,0.0304361083438605,0.0334434109928398,-0.003007302648979304
R0_vs_R3,d3_rainbow_trout,regression,mae,R0,R3,0,47,16,0.0435190552216551,0.044474946996808,-0.0009558917751529006
R0_vs_R3,d3_rainbow_trout,regression,mae,R0,R3,0,48,16,0.2039852552844071,0.1712475855180266,0.03273766976638051
R0_vs_R3,d3_rainbow_trout,regression,mae,R0,R3,0,49,16,0.1368299944002974,0.1197660463584396,0.01706394804185779
R0_vs_R3,d3_rainbow_trout,regression,mae,R0,R3,0,50,16,0.0600943884981886,0.054167629286131,0.005926759212057597
R0_vs_R3,d3_rainbow_trout,regression,mae,R0,R3,0,51,16,0.2327476710731731,0.2122589921601078,0.0204886789130653
R0_vs_R3,d3_rainbow_trout,regression,mae,R0,R3,0,52,16,0.0697731885895469,0.0611281067880468,0.008645081801500094
R0_vs_R3,d3_rainbow_trout,regression,mae,R0,R3,0,53,16,0.0262642573027201,0.01953076325007,0.006733494052650103
R0_vs_R3,d3_rainbow_trout,regression,mae,R0,R3,0,54,16,0.043952079600023,0.0380414339350754,0.005910645664947603
R0_vs_R3,d3_rainbow_trout,regression,mae,R0,R3,0,55,16,0.0472261341426092,0.0481508440973544,-0.0009247099547452023
R0_vs_R3,d3_rainbow_trout,regression,mae,R0,R3,0,56,16,0.0340831188550193,0.0303800309061418,0.0037030879488775016
R0_vs_R3,d3_rainbow_trout,regression,mae,R0,R3,0,57,16,0.1397243287870224,0.1362452510106785,0.003479077776343903
R0_vs_R3,d3_rainbow_trout,regression,mae,R0,R3,0,58,16,0.0530281166887392,0.0522219025907124,0.0008062140980267946
R0_vs_R3,d3_rainbow_trout,regression,mae,R0,R3,0,59,16,0.138707958424291,0.1406837532435141,-0.001975794819223081
R0_vs_R3,d3_rainbow_trout,regression,mae,R0,R3,0,60,16,0.0763796168426552,0.0702298565554126,0.006149760287242609
R0_vs_R3,d3_rainbow_trout,regression,mae,R0,R3,0,61,16,0.0800243490810978,0.0719563085992973,0.0080680404818005
R0_vs_R3,d3_rainbow_trout,regression,mae,R0,R3,1,0,16,0.1194972123722756,0.1236949101260075,-0.004197697753731897
R0_vs_R3,d3_rainbow_trout,regression,mae,R0,R3,1,1,16,0.0660154226368014,0.0730007835669834,-0.006985360930182011
R0_vs_R3,d3_rainbow_trout,regression,mae,R0,R3,1,2,16,0.1810025072173523,0.18956210910262,-0.008559601885267693
R0_vs_R3,d3_rainbow_trout,regression,mae,R0,R3,1,3,16,0.2009964635731696,0.2015363046774379,-0.0005398411042683016
R0_vs_R3,d3_rainbow_trout,regression,mae,R0,R3,1,4,16,0.0810864273681934,0.0706169901589333,0.010469437209260093
R0_vs_R3,d3_rainbow_trout,regression,mae,R0,R3,1,5,16,0.0586433200265626,0.060313361952242,-0.0016700419256794052
R0_vs_R3,d3_rainbow_trout,regression,mae,R0,R3,1,6,16,0.0468306888298224,0.0424839483157341,0.004346740514088301
R0_vs_R3,d3_rainbow_trout,regression,mae,R0,R3,1,7,16,0.1372379579203103,0.1355753733359121,0.0016625845843981912
R0_vs_R3,d3_rainbow_trout,regression,mae,R0,R3,1,8,16,0.0551367821644829,0.0520167215073156,0.0031200606571673006
R0_vs_R3,d3_rainbow_trout,regression,mae,R0,R3,1,9,16,0.1040188000780689,0.116112356744427,-0.012093556666358113
R0_vs_R3,d3_rainbow_trout,regression,mae,R0,R3,1,10,16,0.0673613267282009,0.0636062028795413,0.0037551238486596
R0_vs_R3,d3_rainbow_trout,regression,mae,R0,R3,1,11,16,0.1309107062787958,0.1274629456138275,0.003447760664968297
R0_vs_R3,d3_rainbow_trout,regression,mae,R0,R3,1,12,16,0.078608456509789,0.0818427925937874,-0.0032343360839984098
R0_vs_R3,d3_rainbow_trout,regression,mae,R0,R3,1,13,16,0.0854647385741881,0.082884999003345,0.0025797395708430926
R0_vs_R3,d3_rainbow_trout,regression,mae,R0,R3,1,14,16,0.0518808564575322,0.0517003941014962,0.00018046235603600552
R0_vs_R3,d3_rainbow_trout,regression,mae,R0,R3,1,15,16,0.0264419467584052,0.024231145595886,0.0022108011625192013
R0_vs_R3,d3_rainbow_trout,regression,mae,R0,R3,1,16,16,0.1878983250483654,0.1913598459980971,-0.0034615209497317057
R0_vs_R3,d3_rainbow_trout,regression,mae,R0,R3,1,17,16,0.0378503182731454,0.0387318826008731,-0.0008815643277276936
R0_vs_R3,d3_rainbow_trout,regression,mae,R0,R3,1,18,16,0.1796845582517494,0.1744649038196454,0.005219654432103982
R0_vs_R3,d3_rainbow_trout,regression,mae,R0,R3,1,19,16,0.096845650899265,0.0933394281256755,0.0035062227735895013
R0_vs_R3,d3_rainbow_trout,regression,mae,R0,R3,1,20,16,0.0157712200842141,0.0172798463102314,-0.0015086262260173011
R0_vs_R3,d3_rainbow_trout,regression,mae,R0,R3,1,21,16,0.0504558553918753,0.0397650135068778,0.010690841884997498
R0_vs_R3,d3_rainbow_trout,regression,mae,R0,R3,1,22,16,0.1298209179480651,0.1338443981095072,-0.004023480161442106
R0_vs_R3,d3_rainbow_trout,regression,mae,R0,R3,1,23,16,0.0403274452406546,0.0418643306398785,-0.0015368853992239057
R0_vs_R3,d3_rainbow_trout,regression,mae,R0,R3,1,24,16,0.0496612500131696,0.0463578340085988,0.0033034160045707986
R0_vs_R3,d3_rainbow_trout,regression,mae,R0,R3,1,25,16,0.0738320223240503,0.0724420403401585,0.0013899819838917998
R0_vs_R3,d3_rainbow_trout,regression,mae,R0,R3,1,26,16,0.1407185287093419,0.1445033697576139,-0.0037848410482720085
R0_vs_R3,d3_rainbow_trout,regression,mae,R0,R3,1,27,16,0.1099219778825665,0.1037437738620318,0.006178204020534692
R0_vs_R3,d3_rainbow_trout,regression,mae,R0,R3,1,28,16,0.1398428476023768,0.1400295981108933,-0.00018675050851649222
R0_vs_R3,d3_rainbow_trout,regression,mae,R0,R3,1,29,16,0.0669929882398266,0.0657350985837821,0.0012578896560445085
R0_vs_R3,d3_rainbow_trout,regression,mae,R0,R3,1,30,16,0.0548041743324171,0.0564288725925876,-0.001624698260170504
R0_vs_R3,d3_rainbow_trout,regression,mae,R0,R3,1,31,16,0.0667740585887138,0.0731504373394401,-0.0063763787507263026
R0_vs_R3,d3_rainbow_trout,regression,mae,R0,R3,1,32,16,0.1175733339758723,0.1168599622977596,0.0007133716781126953
R0_vs_R3,d3_rainbow_trout,regression,mae,R0,R3,1,33,16,0.1004346147427433,0.1035277260184983,-0.0030931112757549978
R0_vs_R3,d3_rainbow_trout,regression,mae,R0,R3,1,34,16,0.0626650761386498,0.0579076965407663,0.004757379597883499
R0_vs_R3,d3_rainbow_trout,regression,mae,R0,R3,1,35,16,0.0605653576829258,0.0530749566976326,0.007490400985293202
R0_vs_R3,d3_rainbow_trout,regression,mae,R0,R3,1,36,16,0.0697621098818956,0.0693106538480218,0.0004514560338737955
R0_vs_R3,d3_rainbow_trout,regression,mae,R0,R3,1,37,16,0.0350668617066652,0.0364285918046358,-0.0013617300979705954
R0_vs_R3,d3_rainbow_trout,regression,mae,R0,R3,1,38,16,0.1701170908607994,0.1450477732641285,0.025069317596670915
R0_vs_R3,d3_rainbow_trout,regression,mae,R0,R3,1,39,16,0.070821926567047,0.0675265238135194,0.0032954027535276043
R0_vs_R3,d3_rainbow_trout,regression,mae,R0,R3,1,40,16,0.0925898292331759,0.0953930184293566,-0.002803189196180708
R0_vs_R3,d3_rainbow_trout,regression,mae,R0,R3,1,41,16,0.0595257638554621,0.0542094870369238,0.005316276818538301
R0_vs_R3,d3_rainbow_trout,regression,mae,R0,R3,1,42,16,0.0771320465837409,0.0822531740933092,-0.005121127509568307
R0_vs_R3,d3_rainbow_trout,regression,mae,R0,R3,1,43,16,0.0876262422352651,0.086162473735206,0.0014637685000591094
R0_vs_R3,d3_rainbow_trout,regression,mae,R0,R3,1,44,16,0.0330969183008459,0.0354245805125151,-0.0023276622116691972
R0_vs_R3,d3_rainbow_trout,regression,mae,R0,R3,1,45,16,0.0152098686073067,0.0162707899802687,-0.001060921372962001
R0_vs_R3,d3_rainbow_trout,regression,mae,R0,R3,1,46,16,0.1834866452896069,0.1777493330819702,0.005737312207636708
R0_vs_R3,d3_rainbow_trout,regression,mae,R0,R3,1,47,16,0.0522203077140935,0.053496280795787,-0.0012759730816934989
R0_vs_R3,d3_rainbow_trout,regression,mae,R0,R3,1,48,16,0.0428146636682759,0.0415183461199341,0.0012963175483418007
R0_vs_R3,d3_rainbow_trout,regression,mae,R0,R3,1,49,16,0.0748537776346147,0.0723103229150491,0.002543454719565602
R0_vs_R3,d3_rainbow_trout,regression,mae,R0,R3,1,50,16,0.2632517600311579,0.2652821210216803,-0.002030360990522395
R0_vs_R3,d3_rainbow_trout,regression,mae,R0,R3,1,51,16,0.1922759132191575,0.1931650964331696,-0.0008891832140121014
R0_vs_R3,d3_rainbow_trout,regression,mae,R0,R3,1,52,16,0.0339914347227123,0.0350266322250886,-0.0010351975023763019
R0_vs_R3,d3_rainbow_trout,regression,mae,R0,R3,1,53,16,0.0671203152318829,0.0711755560513021,-0.004055240819419201
R0_vs_R3,d3_rainbow_trout,regression,mae,R0,R3,1,54,16,0.0375938080781411,0.0354999612555872,0.0020938468225538964
R0_vs_R3,d3_rainbow_trout,regression,mae,R0,R3,1,55,16,0.0285932985948326,0.0329926716548765,-0.004399373060043902
R0_vs_R3,d3_rainbow_trout,regression,mae,R0,R3,1,56,16,0.0449009825712816,0.0429149301893697,0.0019860523819119
R0_vs_R3,d3_rainbow_trout,regression,mae,R0,R3,1,57,16,0.0574282493001796,0.0504963666290694,0.0069318826711101955
R0_vs_R3,d3_rainbow_trout,regression,mae,R0,R3,1,58,16,0.0887116631908516,0.0862679797125673,0.0024436834782842892
R0_vs_R3,d3_rainbow_trout,regression,mae,R0,R3,1,59,16,0.2261840573379116,0.2255810065046653,0.0006030508332462992
R0_vs_R3,d3_rainbow_trout,regression,mae,R0,R3,1,60,16,0.0982496057031257,0.0925584171279697,0.005691188575156006
R0_vs_R3,d3_rainbow_trout,regression,mae,R0,R3,1,61,16,0.0825752189025323,0.0803914843796516,0.0021837345228807037
R0_vs_R3,d3_rainbow_trout,regression,mae,R0,R3,2,0,16,0.1649400300456296,0.138625587654621,0.026314442391008608
R0_vs_R3,d3_rainbow_trout,regression,mae,R0,R3,2,1,16,0.0614479980249897,0.0499921245987206,0.011455873426269102
R0_vs_R3,d3_rainbow_trout,regression,mae,R0,R3,2,2,16,0.0615721490304889,0.0560601605178154,0.005511988512673503
R0_vs_R3,d3_rainbow_trout,regression,mae,R0,R3,2,3,16,0.0246932970244764,0.0244661559720714,0.00022714105240500063
R0_vs_R3,d3_rainbow_trout,regression,mae,R0,R3,2,4,16,0.1405561268712333,0.1400168394239973,0.0005392874472359976
R0_vs_R3,d3_rainbow_trout,regression,mae,R0,R3,2,5,16,0.0427770284391191,0.0364276600317928,0.006349368407326299
R0_vs_R3,d3_rainbow_trout,regression,mae,R0,R3,2,6,16,0.0966088209181055,0.1000050213688608,-0.003396200450755296
R0_vs_R3,d3_rainbow_trout,regression,mae,R0,R3,2,7,16,0.03912436884384,0.0293339146943523,0.009790454149487697
R0_vs_R3,d3_rainbow_trout,regression,mae,R0,R3,2,8,16,0.1156688303309152,0.1333762966822465,-0.01770746635133129
R0_vs_R3,d3_rainbow_trout,regression,mae,R0,R3,2,9,16,0.1012674239597943,0.1403278303672404,-0.0390604064074461
R0_vs_R3,d3_rainbow_trout,regression,mae,R0,R3,2,10,16,0.0637528472553618,0.0639311492427969,-0.00017830198743509773
R0_vs_R3,d3_rainbow_trout,regression,mae,R0,R3,2,11,16,0.1232505413163339,0.090469134748037,0.032781406568296895
R0_vs_R3,d3_rainbow_trout,regression,mae,R0,R3,2,12,16,0.0944455994978138,0.0920672179403321,0.0023783815574816985
R0_vs_R3,d3_rainbow_trout,regression,mae,R0,R3,2,13,16,0.0434960363384511,0.0396931795428835,0.003802856795567605
R0_vs_R3,d3_rainbow_trout,regression,mae,R0,R3,2,14,16,0.0393198443045246,0.0325276744594948,0.006792169845029797
R0_vs_R3,d3_rainbow_trout,regression,mae,R0,R3,2,15,16,0.0359900033998751,0.0157688851342135,0.020221118265661597
R0_vs_R3,d3_rainbow_trout,regression,mae,R0,R3,2,16,16,0.0685178481583877,0.0650563225675578,0.003461525590829892
R0_vs_R3,d3_rainbow_trout,regression,mae,R0,R3,2,17,16,0.0649662852251398,0.059870238093134,0.005096047132005795
R0_vs_R3,d3_rainbow_trout,regression,mae,R0,R3,2,18,16,0.0471185936540675,0.0323580762718706,0.0147605173821969
R0_vs_R3,d3_rainbow_trout,regression,mae,R0,R3,2,19,16,0.1018289383826216,0.0963911012326226,0.005437837149999
R0_vs_R3,d3_rainbow_trout,regression,mae,R0,R3,2,20,16,0.0572814199207873,0.0469184178264668,0.010363002094320499
R0_vs_R3,d3_rainbow_trout,regression,mae,R0,R3,2,21,16,0.1765155410742197,0.1954144862527856,-0.018898945178565885
R0_vs_R3,d3_rainbow_trout,regression,mae,R0,R3,2,22,16,0.0535278951734521,0.0454873429531756,0.008040552220276498
R0_vs_R3,d3_rainbow_trout,regression,mae,R0,R3,2,23,16,0.0453172263605985,0.0420443223097823,0.0032729040508161986
R0_vs_R3,d3_rainbow_trout,regression,mae,R0,R3,2,24,16,0.0371923375627282,0.0240532373295023,0.013139100233225905
R0_vs_R3,d3_rainbow_trout,regression,mae,R0,R3,2,25,16,0.1447648802139004,0.1224244849701661,0.02234039524373431
R0_vs_R3,d3_rainbow_trout,regression,mae,R0,R3,2,26,16,0.0341422064528404,0.0158301353997374,0.018312071053102997
R0_vs_R3,d3_rainbow_trout,regression,mae,R0,R3,2,27,16,0.0848528038830534,0.0649728904570787,0.0198799134259747
R0_vs_R3,d3_rainbow_trout,regression,mae,R0,R3,2,28,16,0.0649913783069243,0.0616243729240585,0.003367005382865794
R0_vs_R3,d3_rainbow_trout,regression,mae,R0,R3,2,29,16,0.2156630601014297,0.2279396057314839,-0.012276545630054203
R0_vs_R3,d3_rainbow_trout,regression,mae,R0,R3,2,30,16,0.1069959754592605,0.1279774598671762,-0.02098148440791571
R0_vs_R3,d3_rainbow_trout,regression,mae,R0,R3,2,31,16,0.0872527780534587,0.0916002954317239,-0.004347517378265206
R0_vs_R3,d3_rainbow_trout,regression,mae,R0,R3,2,32,16,0.1186045285427422,0.1325753297096893,-0.0139708011669471
R0_vs_R3,d3_rainbow_trout,regression,mae,R0,R3,2,33,16,0.1431761561262093,0.1668373913722365,-0.0236612352460272
R0_vs_R3,d3_rainbow_trout,regression,mae,R0,R3,2,34,16,0.0644796714540803,0.062914213527397,0.0015654579266833057
R0_vs_R3,d3_rainbow_trout,regression,mae,R0,R3,2,35,16,0.0712496657873607,0.0752398912929697,-0.003990225505608999
R0_vs_R3,d3_rainbow_trout,regression,mae,R0,R3,2,36,16,0.1324398626684075,0.1118210206223514,0.020618842046056088
R0_vs_R3,d3_rainbow_trout,regression,mae,R0,R3,2,37,16,0.0883060646581007,0.0891044161074326,-0.0007983514493318938
R0_vs_R3,d3_rainbow_trout,regression,mae,R0,R3,2,38,16,0.1051375840999792,0.1015589096404223,0.0035786744595568964
R0_vs_R3,d3_rainbow_trout,regression,mae,R0,R3,2,39,16,0.0953011504532441,0.0875590595642756,0.007742090888968503
R0_vs_R3,d3_rainbow_trout,regression,mae,R0,R3,2,40,16,0.2156242506850297,0.2083192377595637,0.007305012925465981
R0_vs_R3,d3_rainbow_trout,regression,mae,R0,R3,2,41,16,0.0437688141930676,0.0284320770993657,0.0153367370937019
R0_vs_R3,d3_rainbow_trout,regression,mae,R0,R3,2,42,16,0.0664429075374098,0.0743036729404654,-0.007860765403055595
R0_vs_R3,d3_rainbow_trout,regression,mae,R0,R3,2,43,16,0.0594384924174327,0.0547863852290766,0.004652107188356104
R0_vs_R3,d3_rainbow_trout,regression,mae,R0,R3,2,44,16,0.1923951091190315,0.1930730818804641,-0.0006779727614326103
R0_vs_R3,d3_rainbow_trout,regression,mae,R0,R3,2,45,16,0.0731897697561531,0.0601544592405458,0.013035310515607301
R0_vs_R3,d3_rainbow_trout,regression,mae,R0,R3,2,46,16,0.1855764151585299,0.1933980195328528,-0.007821604374322888
R0_vs_R3,d3_rainbow_trout,regression,mae,R0,R3,2,47,16,0.0822036492470751,0.0772736507935908,0.004929998453484297
R0_vs_R3,d3_rainbow_trout,regression,mae,R0,R3,2,48,16,0.050980879071994,0.0493883023857498,0.0015925766862441987
R0_vs_R3,d3_rainbow_trout,regression,mae,R0,R3,2,49,16,0.2233428780593851,0.2187586254447613,0.004584252614623807
R0_vs_R3,d3_rainbow_trout,regression,mae,R0,R3,2,50,16,0.1454993033778668,0.1460662872784751,-0.0005669839006083033
R0_vs_R3,d3_rainbow_trout,regression,mae,R0,R3,2,51,16,0.0572653042559709,0.0762988983809342,-0.019033594124963304
R0_vs_R3,d3_rainbow_trout,regression,mae,R0,R3,2,52,16,0.0428365819919134,0.0434146308044897,-0.0005780488125763025
R0_vs_R3,d3_rainbow_trout,regression,mae,R0,R3,2,53,16,0.0792591030430539,0.0804531431144192,-0.001194040071365296
R0_vs_R3,d3_rainbow_trout,regression,mae,R0,R3,2,54,16,0.118658356951533,0.1220270898466633,-0.0033687328951303025
R0_vs_R3,d3_rainbow_trout,regression,mae,R0,R3,2,55,16,0.0671625331500336,0.0562711251388035,0.010891408011230092
R0_vs_R3,d3_rainbow_trout,regression,mae,R0,R3,2,56,16,0.0744968404737013,0.0608036249452372,0.013693215528464094
R0_vs_R3,d3_rainbow_trout,regression,mae,R0,R3,2,57,16,0.1830699133138288,0.2109095455385975,-0.027839632224768707
R0_vs_R3,d3_rainbow_trout,regression,mae,R0,R3,2,58,16,0.0649044337600452,0.0716653613917352,-0.006760927631689992
R0_vs_R3,d3_rainbow_trout,regression,mae,R0,R3,2,59,16,0.2807107130683389,0.2944486787026872,-0.013737965634348315
R0_vs_R3,d3_rainbow_trout,regression,mae,R0,R3,2,60,16,0.037716632558816,0.0307135405342848,0.007003092024531199
R0_vs_R3,d3_rainbow_trout,regression,mae,R0,R3,2,61,16,0.0845350506588768,0.0686525249567248,0.015882525702151998
R0_vs_R3,d3_rainbow_trout,regression,mae,R0,R3,3,0,16,0.1417099184773796,0.1137309663832596,0.027978952094120005
R0_vs_R3,d3_rainbow_trout,regression,mae,R0,R3,3,1,16,0.0943118135389046,0.1016122457141549,-0.00730043217525031
R0_vs_R3,d3_rainbow_trout,regression,mae,R0,R3,3,2,16,0.1191570411785604,0.1286733233566634,-0.009516282178103005
R0_vs_R3,d3_rainbow_trout,regression,mae,R0,R3,3,3,16,0.1610198929174494,0.1563179332728577,0.004701959644591691
R0_vs_R3,d3_rainbow_trout,regression,mae,R0,R3,3,4,16,0.0723117339543936,0.0715879025062561,0.0007238314481374936
R0_vs_R3,d3_rainbow_trout,regression,mae,R0,R3,3,5,16,0.0360505819055114,0.033108273286794,0.0029423086187174013
R0_vs_R3,d3_rainbow_trout,regression,mae,R0,R3,3,6,16,0.0860108348320442,0.0782754697480033,0.007735365084040907
R0_vs_R3,d3_rainbow_trout,regression,mae,R0,R3,3,7,16,0.1849656616719837,0.1774937884276064,0.007471873244377286
R0_vs_R3,d3_rainbow_trout,regression,mae,R0,R3,3,8,16,0.0292316181182395,0.0307967754228944,-0.0015651573046548996
R0_vs_R3,d3_rainbow_trout,regression,mae,R0,R3,3,9,16,0.0714176850967833,0.0669920486104892,0.004425636486294099
R0_vs_R3,d3_rainbow_trout,regression,mae,R0,R3,3,10,16,0.0627589640559556,0.049910272006798,0.012848692049157603
R0_vs_R3,d3_rainbow_trout,regression,mae,R0,R3,3,11,16,0.0366023502336508,0.0395462162838446,-0.002943866050193804
R0_vs_R3,d3_rainbow_trout,regression,mae,R0,R3,3,12,16,0.1276047205008638,0.1244097311148104,0.003194989386053393
R0_vs_R3,d3_rainbow_trout,regression,mae,R0,R3,3,13,16,0.1923589848293455,0.222927116892708,-0.030568132063362508
R0_vs_R3,d3_rainbow_trout,regression,mae,R0,R3,3,14,16,0.0704871511305119,0.0656993213354091,0.00478782979510281
R0_vs_R3,d3_rainbow_trout,regression,mae,R0,R3,3,15,16,0.0504709905405506,0.0497397083704181,0.0007312821701324981
R0_vs_R3,d3_rainbow_trout,regression,mae,R0,R3,3,16,16,0.0363768179939193,0.0324958438873946,0.003880974106524701
R0_vs_R3,d3_rainbow_trout,regression,mae,R0,R3,3,17,16,0.0740702285862871,0.0727891119733143,0.0012811166129728102
R0_vs_R3,d3_rainbow_trout,regression,mae,R0,R3,3,18,16,0.1095549324634597,0.1086015707616623,0.0009533617017973978
R0_vs_R3,d3_rainbow_trout,regression,mae,R0,R3,3,19,16,0.0459642173391412,0.0394572620939555,0.0065069552451857
R0_vs_R3,d3_rainbow_trout,regression,mae,R0,R3,3,20,16,0.0756819301310737,0.0765062325689428,-0.0008243024378691011
R0_vs_R3,d3_rainbow_trout,regression,mae,R0,R3,3,21,16,0.0723056556292843,0.0650906548306137,0.007215000798670601
R0_vs_R3,d3_rainbow_trout,regression,mae,R0,R3,3,22,16,0.0490369854756122,0.0440102127538772,0.005026772721735004
R0_vs_R3,d3_rainbow_trout,regression,mae,R0,R3,3,23,16,0.1216606304056435,0.1220715186623341,-0.0004108882566905975
R0_vs_R3,d3_rainbow_trout,regression,mae,R0,R3,3,24,16,0.2123795206708884,0.2152718226407748,-0.002892301969886407
R0_vs_R3,d3_rainbow_trout,regression,mae,R0,R3,3,25,16,0.0458949629249096,0.0460533277251742,-0.00015836480026459876
R0_vs_R3,d3_rainbow_trout,regression,mae,R0,R3,3,26,16,0.0681998741668179,0.0730517588402287,-0.0048518846734108
R0_vs_R3,d3_rainbow_trout,regression,mae,R0,R3,3,27,16,0.1084527517643803,0.095709143223197,0.012743608541183296
R0_vs_R3,d3_rainbow_trout,regression,mae,R0,R3,3,28,16,0.0593842859376652,0.0569371855503306,0.0024471003873345956
R0_vs_R3,d3_rainbow_trout,regression,mae,R0,R3,3,29,16,0.2011403160329028,0.1728412782595023,0.02829903777340051
R0_vs_R3,d3_rainbow_trout,regression,mae,R0,R3,3,30,16,0.0896145090258321,0.0883509212073988,0.00126358781843329
R0_vs_R3,d3_rainbow_trout,regression,mae,R0,R3,3,31,16,0.0455167499791448,0.0464393845258324,-0.0009226345466875965
R0_vs_R3,d3_rainbow_trout,regression,mae,R0,R3,3,32,16,0.1182053500553847,0.1310538870644733,-0.012848537009088598
R0_vs_R3,d3_rainbow_trout,regression,mae,R0,R3,3,33,16,0.0486762992737973,0.0361164501534788,0.012559849120318496
R0_vs_R3,d3_rainbow_trout,regression,mae,R0,R3,3,34,16,0.2196414308386446,0.2412735882170302,-0.021632157378385614
R0_vs_R3,d3_rainbow_trout,regression,mae,R0,R3,3,35,16,0.072514859435294,0.0707935265960303,0.0017213328392636923
R0_vs_R3,d3_rainbow_trout,regression,mae,R0,R3,3,36,16,0.0662378726289503,0.0708978482094383,-0.004659975580488002
R0_vs_R3,d3_rainbow_trout,regression,mae,R0,R3,3,37,16,0.1133733967297165,0.1105310798314316,0.0028423168982849023
R0_vs_R3,d3_rainbow_trout,regression,mae,R0,R3,3,38,16,0.1107486525140908,0.1370603441180222,-0.026311691603931403
R0_vs_R3,d3_rainbow_trout,regression,mae,R0,R3,3,39,16,0.0753623380259338,0.0705776270159332,0.004784711010000595
R0_vs_R3,d3_rainbow_trout,regression,mae,R0,R3,3,40,16,0.0727997371195172,0.0641690054932077,0.008630731626309507
R0_vs_R3,d3_rainbow_trout,regression,mae,R0,R3,3,41,16,0.0627493681177084,0.0524247134111235,0.010324654706584897
R0_vs_R3,d3_rainbow_trout,regression,mae,R0,R3,3,42,16,0.2411401050678005,0.2327856845214498,0.008354420546350716
R0_vs_R3,d3_rainbow_trout,regression,mae,R0,R3,3,43,16,0.094645429479525,0.0892262039785184,0.005419225501006611
R0_vs_R3,d3_rainbow_trout,regression,mae,R0,R3,3,44,16,0.0569969073378495,0.0500252945963328,0.006971612741516697
R0_vs_R3,d3_rainbow_trout,regression,mae,R0,R3,3,45,16,0.056794949023126,0.0514874069587668,0.005307542064359197
R0_vs_R3,d3_rainbow_trout,regression,mae,R0,R3,3,46,16,0.0254765405019673,0.0198018779338338,0.005674662568133499
R0_vs_R3,d3_rainbow_trout,regression,mae,R0,R3,3,47,16,0.2151580729415999,0.1839712336413338,0.031186839300266084
R0_vs_R3,d3_rainbow_trout,regression,mae,R0,R3,3,48,16,0.1332268391780869,0.1660034465008538,-0.03277660732276691
R0_vs_R3,d3_rainbow_trout,regression,mae,R0,R3,3,49,16,0.1416218857446122,0.13976439865417,0.0018574870904422003
R0_vs_R3,d3_rainbow_trout,regression,mae,R0,R3,3,50,16,0.0629547799228672,0.0863485380636222,-0.02339375814075499
R0_vs_R3,d3_rainbow_trout,regression,mae,R0,R3,3,51,16,0.0288597475633262,0.0302147665727269,-0.0013550190094007014
R0_vs_R3,d3_rainbow_trout,regression,mae,R0,R3,3,52,16,0.0608318372387165,0.0577502004942228,0.0030816367444936946
R0_vs_R3,d3_rainbow_trout,regression,mae,R0,R3,3,53,16,0.0705700554933165,0.0650463719765267,0.005523683516789807
R0_vs_R3,d3_rainbow_trout,regression,mae,R0,R3,3,54,16,0.0394037093713733,0.0330020416423944,0.006401667728978905
R0_vs_R3,d3_rainbow_trout,regression,mae,R0,R3,3,55,16,0.2760288780832431,0.280310539087892,-0.0042816610046488845
R0_vs_R3,d3_rainbow_trout,regression,mae,R0,R3,3,56,16,0.0453684032888571,0.0425632110703622,0.0028051922184949007
R0_vs_R3,d3_rainbow_trout,regression,mae,R0,R3,3,57,16,0.0590556822738705,0.0579150763673612,0.001140605906509301
R0_vs_R3,d3_rainbow_trout,regression,mae,R0,R3,3,58,16,0.2104025639805159,0.195489289525687,0.014913274454828901
R0_vs_R3,d3_rainbow_trout,regression,mae,R0,R3,3,59,16,0.0130336957130006,0.0153521692771187,-0.002318473564118101
R0_vs_R3,d3_rainbow_trout,regression,mae,R0,R3,3,60,16,0.0513355981641858,0.0636961067340106,-0.012360508569824805
R0_vs_R3,d3_rainbow_trout,regression,mae,R0,R3,3,61,16,0.0558008803767327,0.0523061805581761,0.0034946998185565945
R0_vs_R3,d3_rainbow_trout,regression,mae,R0,R3,4,0,16,0.1412967056418788,0.147345858745252,-0.0060491531033732004
R0_vs_R3,d3_rainbow_trout,regression,mae,R0,R3,4,1,16,0.1000166413379375,0.1023058404421643,-0.0022891991042267995
R0_vs_R3,d3_rainbow_trout,regression,mae,R0,R3,4,2,16,0.1131532942949343,0.1152505692727705,-0.002097274977836197
R0_vs_R3,d3_rainbow_trout,regression,mae,R0,R3,4,3,16,0.0937834960141785,0.0879082066838351,0.005875289330343397
R0_vs_R3,d3_rainbow_trout,regression,mae,R0,R3,4,4,16,0.126778572624426,0.1251089889839449,0.001669583640481087
R0_vs_R3,d3_rainbow_trout,regression,mae,R0,R3,4,5,16,0.050623568013005,0.0631056492088912,-0.012482081195886195
R0_vs_R3,d3_rainbow_trout,regression,mae,R0,R3,4,6,16,0.072459134015605,0.0647844748202927,0.0076746591953122945
R0_vs_R3,d3_rainbow_trout,regression,mae,R0,R3,4,7,16,0.0821481196206403,0.0760276471864304,0.006120472434209892
R0_vs_R3,d3_rainbow_trout,regression,mae,R0,R3,4,8,16,0.2098780147205704,0.1909533344113101,0.01892468030926031
R0_vs_R3,d3_rainbow_trout,regression,mae,R0,R3,4,9,16,0.0290055714356796,0.0235428544029929,0.0054627170326866994
R0_vs_R3,d3_rainbow_trout,regression,mae,R0,R3,4,10,16,0.1244763816443993,0.1358645410620165,-0.011388159417617214
R0_vs_R3,d3_rainbow_trout,regression,mae,R0,R3,4,11,16,0.1193301633972893,0.1196722179238653,-0.00034205452657599944
R0_vs_R3,d3_rainbow_trout,regression,mae,R0,R3,4,12,16,0.0673796769726112,0.0624081632489349,0.004971513723676296
R0_vs_R3,d3_rainbow_trout,regression,mae,R0,R3,4,13,16,0.0988523000823346,0.0917836863203804,0.0070686137619541956
R0_vs_R3,d3_rainbow_trout,regression,mae,R0,R3,4,14,16,0.2035767500002289,0.2240290952399922,-0.020452345239763303
R0_vs_R3,d3_rainbow_trout,regression,mae,R0,R3,4,15,16,0.0850470529108388,0.0936747245405387,-0.008627671629699893
R0_vs_R3,d3_rainbow_trout,regression,mae,R0,R3,4,16,16,0.0514901788510371,0.0520170378418807,-0.0005268589908435997
R0_vs_R3,d3_rainbow_trout,regression,mae,R0,R3,4,17,16,0.0658029762873513,0.0611142968007222,0.004688679486629092
R0_vs_R3,d3_rainbow_trout,regression,mae,R0,R3,4,18,16,0.0906442407439596,0.0932009695826701,-0.002556728838710498
R0_vs_R3,d3_rainbow_trout,regression,mae,R0,R3,4,19,16,0.0315614198702149,0.0293522455618989,0.002209174308315999
R0_vs_R3,d3_rainbow_trout,regression,mae,R0,R3,4,20,16,0.0715078447709693,0.0679958248668715,0.0035120199040978017
R0_vs_R3,d3_rainbow_trout,regression,mae,R0,R3,4,21,16,0.0622320741549477,0.0606670186450718,0.0015650555098759011
R0_vs_R3,d3_rainbow_trout,regression,mae,R0,R3,4,22,16,0.0351433122597059,0.0361824901892912,-0.0010391779295852999
R0_vs_R3,d3_rainbow_trout,regression,mae,R0,R3,4,23,16,0.1305026977250684,0.1185745677044567,0.011928130020611702
R0_vs_R3,d3_rainbow_trout,regression,mae,R0,R3,4,24,16,0.0631599220657176,0.0673278650272877,-0.004167942961570095
R0_vs_R3,d3_rainbow_trout,regression,mae,R0,R3,4,25,16,0.2171091311925264,0.2284844060536229,-0.011375274861096518
R0_vs_R3,d3_rainbow_trout,regression,mae,R0,R3,4,26,16,0.069686596773927,0.0718801259566091,-0.002193529182682105
R0_vs_R3,d3_rainbow_trout,regression,mae,R0,R3,4,27,16,0.0724012804953891,0.0704575284180664,0.0019437520773226968
R0_vs_R3,d3_rainbow_trout,regression,mae,R0,R3,4,28,16,0.2620952616496,0.2543944674868796,0.0077007941627204035
R0_vs_R3,d3_rainbow_trout,regression,mae,R0,R3,4,29,16,0.0518363884854253,0.0503697373623056,0.0014666511231197013
R0_vs_R3,d3_rainbow_trout,regression,mae,R0,R3,4,30,16,0.0274489688427244,0.0315504081106359,-0.004101439267911497
R0_vs_R3,d3_rainbow_trout,regression,mae,R0,R3,4,31,16,0.0989867581484928,0.0870767569198267,0.01191000122866609
R0_vs_R3,d3_rainbow_trout,regression,mae,R0,R3,4,32,16,0.0749471734754787,0.0800381639519589,-0.005090990476480192
R0_vs_R3,d3_rainbow_trout,regression,mae,R0,R3,4,33,16,0.0521526793924257,0.0520573561339864,9.5323258439306e-05
R0_vs_R3,d3_rainbow_trout,regression,mae,R0,R3,4,34,16,0.0509206524207586,0.0536168554052051,-0.0026962029844464983
R0_vs_R3,d3_rainbow_trout,regression,mae,R0,R3,4,35,16,0.0483592699262773,0.0567914507788147,-0.0084321808525374
R0_vs_R3,d3_rainbow_trout,regression,mae,R0,R3,4,36,16,0.1391612860317748,0.134993911008673,0.004167375023101799
R0_vs_R3,d3_rainbow_trout,regression,mae,R0,R3,4,37,16,0.0703398831231609,0.0648995571636359,0.005440325959525011
R0_vs_R3,d3_rainbow_trout,regression,mae,R0,R3,4,38,16,0.0540164698062231,0.048368207870887,0.005648261935336102
R0_vs_R3,d3_rainbow_trout,regression,mae,R0,R3,4,39,16,0.0632180572393679,0.0558635828063219,0.007354474433045995
R0_vs_R3,d3_rainbow_trout,regression,mae,R0,R3,4,40,16,0.0635524279742175,0.0592565006491837,0.004295927325033803
R0_vs_R3,d3_rainbow_trout,regression,mae,R0,R3,4,41,16,0.0726126624265616,0.0712245480794759,0.0013881143470857032
R0_vs_R3,d3_rainbow_trout,regression,mae,R0,R3,4,42,16,0.1522350540416582,0.1478414771187212,0.004393576922937015
R0_vs_R3,d3_rainbow_trout,regression,mae,R0,R3,4,43,16,0.0825423368832553,0.0876040569218039,-0.0050617200385486005
R0_vs_R3,d3_rainbow_trout,regression,mae,R0,R3,4,44,16,0.2497602194264032,0.2470340712928553,0.0027261481335479065
R0_vs_R3,d3_rainbow_trout,regression,mae,R0,R3,4,45,16,0.0690143482791892,0.0706103321560588,-0.0015959838768696
R0_vs_R3,d3_rainbow_trout,regression,mae,R0,R3,4,46,16,0.0514890509911832,0.0566760211302606,-0.0051869701390774015
R0_vs_R3,d3_rainbow_trout,regression,mae,R0,R3,4,47,16,0.029019688730338,0.0338753050961543,-0.004855616365816301
R0_vs_R3,d3_rainbow_trout,regression,mae,R0,R3,4,48,16,0.1359476156508215,0.1417011037011691,-0.005753488050347588
R0_vs_R3,d3_rainbow_trout,regression,mae,R0,R3,4,49,16,0.2147880231402233,0.2283936489396152,-0.013605625799391896
R0_vs_R3,d3_rainbow_trout,regression,mae,R0,R3,4,50,16,0.060558311617148,0.0577105034070118,0.0028478082101362004
R0_vs_R3,d3_rainbow_trout,regression,mae,R0,R3,4,51,16,0.2502529573565977,0.2492707185430534,0.0009822388135442839
R0_vs_R3,d3_rainbow_trout,regression,mae,R0,R3,4,52,16,0.134834101294939,0.1296110783164553,0.0052230229784837046
R0_vs_R3,d3_rainbow_trout,regression,mae,R0,R3,4,53,16,0.0606167201341595,0.0567757347435226,0.003840985390636903
R0_vs_R3,d3_rainbow_trout,regression,mae,R0,R3,4,54,16,0.0349568406854896,0.0320430460049502,0.0029137946805394
R0_vs_R3,d3_rainbow_trout,regression,mae,R0,R3,4,55,16,0.0638243977926015,0.0543483726873505,0.009476025105251001
R0_vs_R3,d3_rainbow_trout,regression,mae,R0,R3,4,56,16,0.1000186707842497,0.1029592161080123,-0.002940545323762603
R0_vs_R3,d3_rainbow_trout,regression,mae,R0,R3,4,57,16,0.0616755183666416,0.0636609745757734,-0.0019854562091317987
R0_vs_R3,d3_rainbow_trout,regression,mae,R0,R3,4,58,16,0.0261836223719276,0.0258802730776139,0.0003033492943136998
R0_vs_R3,d3_rainbow_trout,regression,mae,R0,R3,4,59,16,0.0161000175037555,0.0176429758463214,-0.0015429583425658998
R0_vs_R3,d3_rainbow_trout,regression,mae,R0,R3,4,60,16,0.2231349961652374,0.2237870515039144,-0.0006520553386769878
R0_vs_R3,d3_rainbow_trout,regression,mae,R0,R3,4,61,16,0.0316300408682052,0.0244659382259575,0.0071641026422477015
R0_vs_R3,d3_rainbow_trout,regression,mae,R0,R3,5,0,16,0.0531569300466448,0.0541553537269607,-0.000998423680315906
R0_vs_R3,d3_rainbow_trout,regression,mae,R0,R3,5,1,16,0.0758465949923651,0.0674492551275576,0.008397339864807493
R0_vs_R3,d3_rainbow_trout,regression,mae,R0,R3,5,2,16,0.0193353474198078,0.0181591661910558,0.0011761812287519983
R0_vs_R3,d3_rainbow_trout,regression,mae,R0,R3,5,3,16,0.1388040571634333,0.1406152026316268,-0.001811145468193498
R0_vs_R3,d3_rainbow_trout,regression,mae,R0,R3,5,4,16,0.0325214011852492,0.0238894690647556,0.008631932120493603
R0_vs_R3,d3_rainbow_trout,regression,mae,R0,R3,5,5,16,0.0801943095016734,0.0824059262803909,-0.002211616778717493
R0_vs_R3,d3_rainbow_trout,regression,mae,R0,R3,5,6,16,0.0702099935598559,0.0719259683458617,-0.0017159747860057972
R0_vs_R3,d3_rainbow_trout,regression,mae,R0,R3,5,7,16,0.1329175729734239,0.1303976380080949,0.0025199349653290126
R0_vs_R3,d3_rainbow_trout,regression,mae,R0,R3,5,8,16,0.124023823683536,0.1185376459076115,0.0054861777759245
R0_vs_R3,d3_rainbow_trout,regression,mae,R0,R3,5,9,16,0.0595006445288884,0.0585542529641639,0.0009463915647244941
R0_vs_R3,d3_rainbow_trout,regression,mae,R0,R3,5,10,16,0.0456061933072376,0.0379867629923306,0.007619430314907
R0_vs_R3,d3_rainbow_trout,regression,mae,R0,R3,5,11,16,0.0790095757364347,0.0690330800676853,0.009976495668749405
R0_vs_R3,d3_rainbow_trout,regression,mae,R0,R3,5,12,16,0.1506732926746052,0.1599148725307617,-0.009241579856156507
R0_vs_R3,d3_rainbow_trout,regression,mae,R0,R3,5,13,16,0.0707104011888726,0.0719231679405407,-0.0012127667516680929
R0_vs_R3,d3_rainbow_trout,regression,mae,R0,R3,5,14,16,0.1342869189817563,0.1748770252164284,-0.0405901062346721
R0_vs_R3,d3_rainbow_trout,regression,mae,R0,R3,5,15,16,0.2132446583920576,0.2161177474397627,-0.0028730890477050852
R0_vs_R3,d3_rainbow_trout,regression,mae,R0,R3,5,16,16,0.1062596965274789,0.1071926807233721,-0.0009329841958932023
R0_vs_R3,d3_rainbow_trout,regression,mae,R0,R3,5,17,16,0.0750281466072632,0.0816440857126996,-0.006615939105436397
R0_vs_R3,d3_rainbow_trout,regression,mae,R0,R3,5,18,16,0.0611514044602198,0.0602909041290577,0.0008605003311620979
R0_vs_R3,d3_rainbow_trout,regression,mae,R0,R3,5,19,16,0.0543190757054163,0.0550607534124058,-0.0007416777069894978
R0_vs_R3,d3_rainbow_trout,regression,mae,R0,R3,5,20,16,0.0495408063126557,0.0561868933060032,-0.006646086993347497
R0_vs_R3,d3_rainbow_trout,regression,mae,R0,R3,5,21,16,0.0817939571262347,0.0834942422481676,-0.0017002851219328902
R0_vs_R3,d3_rainbow_trout,regression,mae,R0,R3,5,22,16,0.0985090224206864,0.0971848621325432,0.0013241602881432085
R0_vs_R3,d3_rainbow_trout,regression,mae,R0,R3,5,23,16,0.0326105621980413,0.0314358981151399,0.0011746640829014
R0_vs_R3,d3_rainbow_trout,regression,mae,R0,R3,5,24,16,0.2218181786493468,0.2560566523289558,-0.034238473679609
R0_vs_R3,d3_rainbow_trout,regression,mae,R0,R3,5,25,16,0.2723377433856509,0.2831339954312613,-0.010796252045610355
R0_vs_R3,d3_rainbow_trout,regression,mae,R0,R3,5,26,16,0.1895719981050223,0.2038347746918702,-0.014262776586847908
R0_vs_R3,d3_rainbow_trout,regression,mae,R0,R3,5,27,16,0.0437749178808765,0.0407832378495256,0.0029916800313508976
R0_vs_R3,d3_rainbow_trout,regression,mae,R0,R3,5,28,16,0.0369657342027031,0.0367490613126345,0.0002166728900685963
R0_vs_R3,d3_rainbow_trout,regression,mae,R0,R3,5,29,16,0.0875934704100524,0.0848625511766267,0.0027309192334257076
R0_vs_R3,d3_rainbow_trout,regression,mae,R0,R3,5,30,16,0.1947995656376604,0.2179498610501654,-0.02315029541250499
R0_vs_R3,d3_rainbow_trout,regression,mae,R0,R3,5,31,16,0.0640218782199549,0.0676317287527012,-0.0036098505327462893
R0_vs_R3,d3_rainbow_trout,regression,mae,R0,R3,5,32,16,0.0491647601646636,0.0437397839179921,0.005424976246671494
R0_vs_R3,d3_rainbow_trout,regression,mae,R0,R3,5,33,16,0.0517260036371794,0.0565201449793556,-0.004794141342176199
R0_vs_R3,d3_rainbow_trout,regression,mae,R0,R3,5,34,16,0.0936386454946012,0.0850664285344243,0.008572216960176904
R0_vs_R3,d3_rainbow_trout,regression,mae,R0,R3,5,35,16,0.225451321140816,0.2252528044413746,0.00019851669944140338
R0_vs_R3,d3_rainbow_trout,regression,mae,R0,R3,5,36,16,0.0633668741536958,0.0651772351809152,-0.0018103610272194037
R0_vs_R3,d3_rainbow_trout,regression,mae,R0,R3,5,37,16,0.0670047826218303,0.0663057335853182,0.0006990490365120922
R0_vs_R3,d3_rainbow_trout,regression,mae,R0,R3,5,38,16,0.0939454680540669,0.0839647152547192,0.009980752799347695
R0_vs_R3,d3_rainbow_trout,regression,mae,R0,R3,5,39,16,0.1910329354241479,0.1820015192675047,0.009031416156643185
R0_vs_R3,d3_rainbow_trout,regression,mae,R0,R3,5,40,16,0.082925507959841,0.0996790359501104,-0.016753527990269412
R0_vs_R3,d3_rainbow_trout,regression,mae,R0,R3,5,41,16,0.1324171065511057,0.1161752685679507,0.016241837983154997
R0_vs_R3,d3_rainbow_trout,regression,mae,R0,R3,5,42,16,0.0597629225151231,0.0627406904702444,-0.0029777679551213007
R0_vs_R3,d3_rainbow_trout,regression,mae,R0,R3,5,43,16,0.0325301023394104,0.0267472209567466,0.0057828813826638
R0_vs_R3,d3_rainbow_trout,regression,mae,R0,R3,5,44,16,0.0609265046998631,0.0510560592321652,0.0098704454676979
R0_vs_R3,d3_rainbow_trout,regression,mae,R0,R3,5,45,16,0.0760022238651508,0.0786824715883582,-0.0026802477232073935
R0_vs_R3,d3_rainbow_trout,regression,mae,R0,R3,5,46,16,0.0608704443178497,0.0610995549138769,-0.00022911059602719747
R0_vs_R3,d3_rainbow_trout,regression,mae,R0,R3,5,47,16,0.0685625557304903,0.0763867271874843,-0.007824171456993989
R0_vs_R3,d3_rainbow_trout,regression,mae,R0,R3,5,48,16,0.1418634684103121,0.1440477732692076,-0.0021843048588954805
R0_vs_R3,d3_rainbow_trout,regression,mae,R0,R3,5,49,16,0.0275584550793435,0.017296313939498,0.010262141139845499
R0_vs_R3,d3_rainbow_trout,regression,mae,R0,R3,5,50,16,0.0294540898052473,0.0291228171779232,0.00033127262732409943
R0_vs_R3,d3_rainbow_trout,regression,mae,R0,R3,5,51,16,0.091980573033887,0.0927382741350805,-0.0007577011011934975
R0_vs_R3,d3_rainbow_trout,regression,mae,R0,R3,5,52,16,0.2125327572603645,0.2059640059579297,0.006568751302434783
R0_vs_R3,d3_rainbow_trout,regression,mae,R0,R3,5,53,16,0.064031360038245,0.062604262432393,0.0014270976058519957
R0_vs_R3,d3_rainbow_trout,regression,mae,R0,R3,5,54,16,0.0513873584213216,0.0509162293801498,0.0004711290411717958
R0_vs_R3,d3_rainbow_trout,regression,mae,R0,R3,5,55,16,0.1814194156682697,0.2061483749321185,-0.0247289592638488
R0_vs_R3,d3_rainbow_trout,regression,mae,R0,R3,5,56,16,0.0686651855322137,0.0713549582018605,-0.0026897726696468033
R0_vs_R3,d3_rainbow_trout,regression,mae,R0,R3,5,57,16,0.1229657244167077,0.1331720944882362,-0.010206370071528498
R0_vs_R3,d3_rainbow_trout,regression,mae,R0,R3,5,58,16,0.0836206547136519,0.0786897039224382,0.004930950791213709
R0_vs_R3,d3_rainbow_trout,regression,mae,R0,R3,5,59,16,0.015686058932243,0.0183792550908837,-0.0026931961586406997
R0_vs_R3,d3_rainbow_trout,regression,mae,R0,R3,5,60,16,0.0420954811433884,0.0441917454023112,-0.0020962642589228003
R0_vs_R3,d3_rainbow_trout,regression,mae,R0,R3,5,61,16,0.0949541537322343,0.0947168265583706,0.00023732717386369673
R0_vs_R3,d3_rainbow_trout,regression,mae,R0,R3,6,0,16,0.1935371626299688,0.1947024652431049,-0.0011653026131360766
R0_vs_R3,d3_rainbow_trout,regression,mae,R0,R3,6,1,16,0.0156479106826352,0.0147303784024733,0.0009175322801618993
R0_vs_R3,d3_rainbow_trout,regression,mae,R0,R3,6,2,16,0.0838941703740656,0.0797078531524318,0.0041863172216338035
R0_vs_R3,d3_rainbow_trout,regression,mae,R0,R3,6,3,16,0.0846034697234562,0.0909355204410821,-0.006332050717625895
R0_vs_R3,d3_rainbow_trout,regression,mae,R0,R3,6,4,16,0.0551672623537808,0.0485238913093459,0.006643371044434895
R0_vs_R3,d3_rainbow_trout,regression,mae,R0,R3,6,5,16,0.033369741414477,0.0335805663300893,-0.0002108249156122996
R0_vs_R3,d3_rainbow_trout,regression,mae,R0,R3,6,6,16,0.0557979089686388,0.0514493429090395,0.004348566059599303
R0_vs_R3,d3_rainbow_trout,regression,mae,R0,R3,6,7,16,0.173806181497937,0.1738669222068575,-6.07407089205092e-05
R0_vs_R3,d3_rainbow_trout,regression,mae,R0,R3,6,8,16,0.2377530100997694,0.2365243138650327,0.0012286962347367036
R0_vs_R3,d3_rainbow_trout,regression,mae,R0,R3,6,9,16,0.0666527277505649,0.0653888265158953,0.001263901234669601
R0_vs_R3,d3_rainbow_trout,regression,mae,R0,R3,6,10,16,0.0378229304970421,0.0425707426777191,-0.004747812180676998
R0_vs_R3,d3_rainbow_trout,regression,mae,R0,R3,6,11,16,0.0440193635304514,0.0471261286093231,-0.0031067650788717052
R0_vs_R3,d3_rainbow_trout,regression,mae,R0,R3,6,12,16,0.0772800955714024,0.077874348265085,-0.0005942526936826009
R0_vs_R3,d3_rainbow_trout,regression,mae,R0,R3,6,13,16,0.1381637291552877,0.1402978177265511,-0.002134088571263376
R0_vs_R3,d3_rainbow_trout,regression,mae,R0,R3,6,14,16,0.1334154666150137,0.131333044568429,0.002082422046584681
R0_vs_R3,d3_rainbow_trout,regression,mae,R0,R3,6,15,16,0.0592174566929217,0.0577642098844984,0.0014532468084232988
R0_vs_R3,d3_rainbow_trout,regression,mae,R0,R3,6,16,16,0.0750459633069979,0.0755131213182448,-0.0004671580112468876
R0_vs_R3,d3_rainbow_trout,regression,mae,R0,R3,6,17,16,0.0554670574684846,0.0533119957804048,0.0021550616880798013
R0_vs_R3,d3_rainbow_trout,regression,mae,R0,R3,6,18,16,0.0313387385505,0.034172493716328,-0.0028337551658280044
R0_vs_R3,d3_rainbow_trout,regression,mae,R0,R3,6,19,16,0.0601186573220439,0.0601966459102991,-7.798858825520255e-05
R0_vs_R3,d3_rainbow_trout,regression,mae,R0,R3,6,20,16,0.0756927012977908,0.0719941159880156,0.003698585309775196
R0_vs_R3,d3_rainbow_trout,regression,mae,R0,R3,6,21,16,0.1561243595221359,0.1941030445132769,-0.03797868499114099
R0_vs_R3,d3_rainbow_trout,regression,mae,R0,R3,6,22,16,0.0958560008090489,0.0988918087154539,-0.003035807906405008
R0_vs_R3,d3_rainbow_trout,regression,mae,R0,R3,6,23,16,0.0343351063142766,0.0315342125873697,0.0028008937269069015
R0_vs_R3,d3_rainbow_trout,regression,mae,R0,R3,6,24,16,0.0694457336030167,0.0722508011000377,-0.002805067497021002
R0_vs_R3,d3_rainbow_trout,regression,mae,R0,R3,6,25,16,0.0880728458371885,0.08975158855884,-0.0016787427216514994
R0_vs_R3,d3_rainbow_trout,regression,mae,R0,R3,6,26,16,0.076398251979587,0.0796225187593643,-0.0032242667797773017
R0_vs_R3,d3_rainbow_trout,regression,mae,R0,R3,6,27,16,0.0853378494157429,0.0865966673749111,-0.0012588179591681986
R0_vs_R3,d3_rainbow_trout,regression,mae,R0,R3,6,28,16,0.1932954299440965,0.1950717113513444,-0.0017762814072479205
R0_vs_R3,d3_rainbow_trout,regression,mae,R0,R3,6,29,16,0.0404937297161869,0.037122430387394,0.003371299328792904
R0_vs_R3,d3_rainbow_trout,regression,mae,R0,R3,6,30,16,0.012977934623334,0.0125816403022044,0.0003962943211296005
R0_vs_R3,d3_rainbow_trout,regression,mae,R0,R3,6,31,16,0.1351737744059152,0.1495750540256486,-0.01440127961973342
R0_vs_R3,d3_rainbow_trout,regression,mae,R0,R3,6,32,16,0.1449399559664653,0.1299265493773203,0.015013406589145017
R0_vs_R3,d3_rainbow_trout,regression,mae,R0,R3,6,33,16,0.067226287506427,0.0666523053181607,0.0005739821882662921
R0_vs_R3,d3_rainbow_trout,regression,mae,R0,R3,6,34,16,0.0907016576222186,0.0937928337205229,-0.0030911760983042963
R0_vs_R3,d3_rainbow_trout,regression,mae,R0,R3,6,35,16,0.044574917675461,0.0462378896549394,-0.0016629719794784004
R0_vs_R3,d3_rainbow_trout,regression,mae,R0,R3,6,36,16,0.1315401066362763,0.1233331630725666,0.008206943563709698
R0_vs_R3,d3_rainbow_trout,regression,mae,R0,R3,6,37,16,0.1814779262336365,0.1863702514992535,-0.004892325265616976
R0_vs_R3,d3_rainbow_trout,regression,mae,R0,R3,6,38,16,0.2794527673721101,0.2917972770367177,-0.012344509664607595
R0_vs_R3,d3_rainbow_trout,regression,mae,R0,R3,6,39,16,0.0561597223024893,0.0562282874751506,-6.856517266130152e-05
R0_vs_R3,d3_rainbow_trout,regression,mae,R0,R3,6,40,16,0.1086175504838786,0.1115165586391064,-0.0028990081552277974
R0_vs_R3,d3_rainbow_trout,regression,mae,R0,R3,6,41,16,0.1387555519079358,0.1371331581746654,0.0016223937332703886
R0_vs_R3,d3_rainbow_trout,regression,mae,R0,R3,6,42,16,0.0838826317699333,0.092414936461645,-0.008532304691711706
R0_vs_R3,d3_rainbow_trout,regression,mae,R0,R3,6,43,16,0.122400004525098,0.118248638788479,0.004151365736619006
R0_vs_R3,d3_rainbow_trout,regression,mae,R0,R3,6,44,16,0.0592748006569116,0.0604490469693612,-0.0011742463124496047
R0_vs_R3,d3_rainbow_trout,regression,mae,R0,R3,6,45,16,0.0383104303112575,0.0357768879439487,0.002533542367308801
R0_vs_R3,d3_rainbow_trout,regression,mae,R0,R3,6,46,16,0.1102774808111389,0.1093718038211281,0.0009056769900108036
R0_vs_R3,d3_rainbow_trout,regression,mae,R0,R3,6,47,16,0.2342033090025717,0.2587958801718487,-0.02459257116927699
R0_vs_R3,d3_rainbow_trout,regression,mae,R0,R3,6,48,16,0.0690746819977313,0.0649793663752649,0.0040953156224664
R0_vs_R3,d3_rainbow_trout,regression,mae,R0,R3,6,49,16,0.2098208707386412,0.2201074141891628,-0.010286543450521601
R0_vs_R3,d3_rainbow_trout,regression,mae,R0,R3,6,50,16,0.0640845629566646,0.065502234564899,-0.0014176716082343888
R0_vs_R3,d3_rainbow_trout,regression,mae,R0,R3,6,51,16,0.0366306982575038,0.0377207893120032,-0.0010900910544993994
R0_vs_R3,d3_rainbow_trout,regression,mae,R0,R3,6,52,16,0.0579364310825276,0.0522838003658866,0.005652630716641002
R0_vs_R3,d3_rainbow_trout,regression,mae,R0,R3,6,53,16,0.0565193087308492,0.0563324038079159,0.00018690492293330085
R0_vs_R3,d3_rainbow_trout,regression,mae,R0,R3,6,54,16,0.1930865696032598,0.209393950740603,-0.016307381137343202
R0_vs_R3,d3_rainbow_trout,regression,mae,R0,R3,6,55,16,0.0731809587974401,0.0767242150606972,-0.0035432562632570913
R0_vs_R3,d3_rainbow_trout,regression,mae,R0,R3,6,56,16,0.0787447813225218,0.082856845692952,-0.004112064370430199
R0_vs_R3,d3_rainbow_trout,regression,mae,R0,R3,6,57,16,0.0235394488056352,0.0231899283150792,0.0003495204905559976
R0_vs_R3,d3_rainbow_trout,regression,mae,R0,R3,6,58,16,0.1015070453565112,0.1041312857412897,-0.0026242403847785006
R0_vs_R3,d3_rainbow_trout,regression,mae,R0,R3,6,59,16,0.0447124489636087,0.0463363754197238,-0.0016239264561151018
R0_vs_R3,d3_rainbow_trout,regression,mae,R0,R3,6,60,16,0.077274504491572,0.0813186072390479,-0.0040441027474758945
R0_vs_R3,d3_rainbow_trout,regression,mae,R0,R3,6,61,16,0.1513074653214055,0.1534221352095511,-0.002114669888145626
R0_vs_R3,d3_rainbow_trout,regression,mae,R0,R3,7,0,16,0.0131879654513862,0.014873365479731,-0.0016854000283447988
R0_vs_R3,d3_rainbow_trout,regression,mae,R0,R3,7,1,16,0.078353090946465,0.0745596176074339,0.0037934733390311004
R0_vs_R3,d3_rainbow_trout,regression,mae,R0,R3,7,2,16,0.0732958337376138,0.0658767730755391,0.007419060662074692
R0_vs_R3,d3_rainbow_trout,regression,mae,R0,R3,7,3,16,0.2179090873822869,0.2196427218270969,-0.001733634444810006
R0_vs_R3,d3_rainbow_trout,regression,mae,R0,R3,7,4,16,0.0371520321287614,0.0362613286862484,0.0008907034425129981
R0_vs_R3,d3_rainbow_trout,regression,mae,R0,R3,7,5,16,0.0493714279474393,0.0507807749154088,-0.001409346967969495
R0_vs_R3,d3_rainbow_trout,regression,mae,R0,R3,7,6,16,0.1100831162959135,0.110386573147874,-0.00030345685196050964
R0_vs_R3,d3_rainbow_trout,regression,mae,R0,R3,7,7,16,0.0531378537829028,0.0553454647463591,-0.0022076109634563065
R0_vs_R3,d3_rainbow_trout,regression,mae,R0,R3,7,8,16,0.1381923235192294,0.1699858431412767,-0.03179351962204732
R0_vs_R3,d3_rainbow_trout,regression,mae,R0,R3,7,9,16,0.1349184566373283,0.1382302816737358,-0.0033118250364075064
R0_vs_R3,d3_rainbow_trout,regression,mae,R0,R3,7,10,16,0.1652228652259254,0.1599981085425553,0.005224756683370108
R0_vs_R3,d3_rainbow_trout,regression,mae,R0,R3,7,11,16,0.0739204968478292,0.0790101581720491,-0.005089661324219896
R0_vs_R3,d3_rainbow_trout,regression,mae,R0,R3,7,12,16,0.0603895313409643,0.0604010567213322,-1.1525380367895244e-05
R0_vs_R3,d3_rainbow_trout,regression,mae,R0,R3,7,13,16,0.0813618553304977,0.0838443380243941,-0.0024824826938964067
R0_vs_R3,d3_rainbow_trout,regression,mae,R0,R3,7,14,16,0.0716194992945916,0.0701285369805551,0.0014909623140365036
R0_vs_R3,d3_rainbow_trout,regression,mae,R0,R3,7,15,16,0.0688139692276754,0.0683425403458401,0.0004714288818352952
R0_vs_R3,d3_rainbow_trout,regression,mae,R0,R3,7,16,16,0.2927344294317361,0.2864028386363215,0.006331590795414621
R0_vs_R3,d3_rainbow_trout,regression,mae,R0,R3,7,17,16,0.1265924065072205,0.1256845041429502,0.0009079023642702966
R0_vs_R3,d3_rainbow_trout,regression,mae,R0,R3,7,18,16,0.0514346467267171,0.0524217071387568,-0.0009870604120397058
R0_vs_R3,d3_rainbow_trout,regression,mae,R0,R3,7,19,16,0.1255090872868516,0.1237313553210445,0.0017777319658070917
R0_vs_R3,d3_rainbow_trout,regression,mae,R0,R3,7,20,16,0.2015066024338485,0.2231067039173358,-0.021600101483487316
R0_vs_R3,d3_rainbow_trout,regression,mae,R0,R3,7,21,16,0.0354919403272982,0.0359782366113662,-0.00048629628406799547
R0_vs_R3,d3_rainbow_trout,regression,mae,R0,R3,7,22,16,0.069526921962958,0.0736769362562668,-0.004150014293308801
R0_vs_R3,d3_rainbow_trout,regression,mae,R0,R3,7,23,16,0.0601354516485788,0.060361646824505,-0.0002261951759261957
R0_vs_R3,d3_rainbow_trout,regression,mae,R0,R3,7,24,16,0.0970837892069999,0.096225883613116,0.0008579055938838925
R0_vs_R3,d3_rainbow_trout,regression,mae,R0,R3,7,25,16,0.052003241477384,0.0525967501584639,-0.0005935086810799003
R0_vs_R3,d3_rainbow_trout,regression,mae,R0,R3,7,26,16,0.0557913402796463,0.0580473879787483,-0.0022560476991019957
R0_vs_R3,d3_rainbow_trout,regression,mae,R0,R3,7,27,16,0.0610103986648891,0.0588937024651287,0.002116696199760404
R0_vs_R3,d3_rainbow_trout,regression,mae,R0,R3,7,28,16,0.0344205333294798,0.0357518965113935,-0.0013313631819137015
R0_vs_R3,d3_rainbow_trout,regression,mae,R0,R3,7,29,16,0.2057869534863197,0.2001734224513292,0.005613531034990488
R0_vs_R3,d3_rainbow_trout,regression,mae,R0,R3,7,30,16,0.0642639711704955,0.0654739088418574,-0.0012099376713619048
R0_vs_R3,d3_rainbow_trout,regression,mae,R0,R3,7,31,16,0.0260367345707665,0.0230332524188862,0.0030034821518802983
R0_vs_R3,d3_rainbow_trout,regression,mae,R0,R3,7,32,16,0.1216990147310269,0.1221057179681911,-0.0004067032371641993
R0_vs_R3,d3_rainbow_trout,regression,mae,R0,R3,7,33,16,0.0328627813286611,0.0322718505227104,0.0005909308059506985
R0_vs_R3,d3_rainbow_trout,regression,mae,R0,R3,7,34,16,0.1935656801307589,0.1973732693821215,-0.0038075892513625975
R0_vs_R3,d3_rainbow_trout,regression,mae,R0,R3,7,35,16,0.1062973653893306,0.103946414951841,0.0023509504374896045
R0_vs_R3,d3_rainbow_trout,regression,mae,R0,R3,7,36,16,0.1007953253560941,0.0975825303178328,0.0032127950382613013
R0_vs_R3,d3_rainbow_trout,regression,mae,R0,R3,7,37,16,0.0461207754122852,0.0458679363626002,0.00025283904968500387
R0_vs_R3,d3_rainbow_trout,regression,mae,R0,R3,7,38,16,0.1297906813550517,0.1360616958779111,-0.006271014522859386
R0_vs_R3,d3_rainbow_trout,regression,mae,R0,R3,7,39,16,0.0431156155547998,0.0419907397323903,0.001124875822409499
R0_vs_R3,d3_rainbow_trout,regression,mae,R0,R3,7,40,16,0.1009740102673194,0.1090352719736981,-0.008061261706378692
R0_vs_R3,d3_rainbow_trout,regression,mae,R0,R3,7,41,16,0.1204510469628648,0.1251106868732301,-0.004659639910365304
R0_vs_R3,d3_rainbow_trout,regression,mae,R0,R3,7,42,16,0.0562708712576435,0.0562757582155362,-4.886957892705213e-06
R0_vs_R3,d3_rainbow_trout,regression,mae,R0,R3,7,43,16,0.0298630594322867,0.030192432105917,-0.00032937267363029876
R0_vs_R3,d3_rainbow_trout,regression,mae,R0,R3,7,44,16,0.0447484750416362,0.0460245777606247,-0.0012761027189885019
R0_vs_R3,d3_rainbow_trout,regression,mae,R0,R3,7,45,16,0.1425837025640668,0.1475834882584879,-0.0049997856944211105
R0_vs_R3,d3_rainbow_trout,regression,mae,R0,R3,7,46,16,0.2059275077711311,0.2185769608925157,-0.012649453121384574
R0_vs_R3,d3_rainbow_trout,regression,mae,R0,R3,7,47,16,0.0717428261220081,0.0694026606554087,0.0023401654665993893
R0_vs_R3,d3_rainbow_trout,regression,mae,R0,R3,7,48,16,0.0562173091209907,0.0540038544888606,0.002213454632130095
R0_vs_R3,d3_rainbow_trout,regression,mae,R0,R3,7,49,16,0.0786519373206601,0.0775842210949983,0.001067716225661805
R0_vs_R3,d3_rainbow_trout,regression,mae,R0,R3,7,50,16,0.0393234531381554,0.0380258274055692,0.0012976257325861967
R0_vs_R3,d3_rainbow_trout,regression,mae,R0,R3,7,51,16,0.0695745638222185,0.0782787103355552,-0.008704146513336702
R0_vs_R3,d3_rainbow_trout,regression,mae,R0,R3,7,52,16,0.0636275353760261,0.0666624756142505,-0.0030349402382243984
R0_vs_R3,d3_rainbow_trout,regression,mae,R0,R3,7,53,16,0.0879298845488038,0.0876063576001918,0.00032352694861199904
R0_vs_R3,d3_rainbow_trout,regression,mae,R0,R3,7,54,16,0.2052380680149327,0.1887981555728752,0.016439912442057503
R0_vs_R3,d3_rainbow_trout,regression,mae,R0,R3,7,55,16,0.0417230146379988,0.0407172321699254,0.0010057824680734032
R0_vs_R3,d3_rainbow_trout,regression,mae,R0,R3,7,56,16,0.1902378867161911,0.1983475054218353,-0.008109618705644195
R0_vs_R3,d3_rainbow_trout,regression,mae,R0,R3,7,57,16,0.0920792609615112,0.0920201131638245,5.914779768670386e-05
R0_vs_R3,d3_rainbow_trout,regression,mae,R0,R3,7,58,16,0.0258529625704811,0.0277424410651416,-0.0018894784946605
R0_vs_R3,d3_rainbow_trout,regression,mae,R0,R3,7,59,16,0.0953455804138314,0.1001769970607293,-0.004831416646897901
R0_vs_R3,d3_rainbow_trout,regression,mae,R0,R3,7,60,16,0.0327434230465239,0.0337929274488504,-0.0010495044023264982
R0_vs_R3,d3_rainbow_trout,regression,mae,R0,R3,7,61,16,0.0639691021984301,0.0711381099490551,-0.007169007750624998
R0_vs_R3,d3_rainbow_trout,regression,mae,R0,R3,8,0,16,0.0379476147668738,0.0378114812642885,0.00013613350258529638
R0_vs_R3,d3_rainbow_trout,regression,mae,R0,R3,8,1,16,0.0539424099199949,0.0493411104056063,0.004601299514388604
R0_vs_R3,d3_rainbow_trout,regression,mae,R0,R3,8,2,16,0.0877489676291713,0.0890037797068581,-0.0012548120776868094
R0_vs_R3,d3_rainbow_trout,regression,mae,R0,R3,8,3,16,0.0354992586443098,0.033000979688096,0.002498278956213802
R0_vs_R3,d3_rainbow_trout,regression,mae,R0,R3,8,4,16,0.0578644213035345,0.0541434760165757,0.0037209452869588003
R0_vs_R3,d3_rainbow_trout,regression,mae,R0,R3,8,5,16,0.282783581462182,0.2944858001520485,-0.011702218689866484
R0_vs_R3,d3_rainbow_trout,regression,mae,R0,R3,8,6,16,0.0639264879354722,0.0720374669623278,-0.008110979026855591
R0_vs_R3,d3_rainbow_trout,regression,mae,R0,R3,8,7,16,0.1079083527468093,0.10492661637227,0.002981736374539287
R0_vs_R3,d3_rainbow_trout,regression,mae,R0,R3,8,8,16,0.0653197530842182,0.057626156675374,0.0076935964088441985
R0_vs_R3,d3_rainbow_trout,regression,mae,R0,R3,8,9,16,0.0585162763604492,0.0576611180827244,0.0008551582777247962
R0_vs_R3,d3_rainbow_trout,regression,mae,R0,R3,8,10,16,0.0755205662079637,0.0766589035212237,-0.0011383373132600044
R0_vs_R3,d3_rainbow_trout,regression,mae,R0,R3,8,11,16,0.03378695733083,0.0416289296444306,-0.0078419723136006
R0_vs_R3,d3_rainbow_trout,regression,mae,R0,R3,8,12,16,0.056821177592954,0.0684189419431709,-0.0115977643502169
R0_vs_R3,d3_rainbow_trout,regression,mae,R0,R3,8,13,16,0.0962977348846678,0.0969922211492669,-0.0006944862645991007
R0_vs_R3,d3_rainbow_trout,regression,mae,R0,R3,8,14,16,0.0328507281828096,0.0320959079230716,0.0007548202597380052
R0_vs_R3,d3_rainbow_trout,regression,mae,R0,R3,8,15,16,0.234209271116956,0.2184549058418255,0.015754365275130494
R0_vs_R3,d3_rainbow_trout,regression,mae,R0,R3,8,16,16,0.0714501724246591,0.0718554799186861,-0.0004053074940269935
R0_vs_R3,d3_rainbow_trout,regression,mae,R0,R3,8,17,16,0.03860762327706,0.0450683256391214,-0.0064607023620614
R0_vs_R3,d3_rainbow_trout,regression,mae,R0,R3,8,18,16,0.0739378570269881,0.0725573564693841,0.0013805005576039975
R0_vs_R3,d3_rainbow_trout,regression,mae,R0,R3,8,19,16,0.2026369662767299,0.189723939662316,0.012913026614413903
R0_vs_R3,d3_rainbow_trout,regression,mae,R0,R3,8,20,16,0.0202760762713003,0.0210488290513131,-0.0007727527800128024
R0_vs_R3,d3_rainbow_trout,regression,mae,R0,R3,8,21,16,0.0734873905783538,0.0731942576997101,0.00029313287864370097
R0_vs_R3,d3_rainbow_trout,regression,mae,R0,R3,8,22,16,0.0721056815978471,0.062340752794424,0.009764928803423098
R0_vs_R3,d3_rainbow_trout,regression,mae,R0,R3,8,23,16,0.2055480838555004,0.2268604957202199,-0.021312411864719494
R0_vs_R3,d3_rainbow_trout,regression,mae,R0,R3,8,24,16,0.0602878090302633,0.0467875005754144,0.013500308454848897
R0_vs_R3,d3_rainbow_trout,regression,mae,R0,R3,8,25,16,0.0545781950876516,0.0539820731110068,0.0005961219766447978
R0_vs_R3,d3_rainbow_trout,regression,mae,R0,R3,8,26,16,0.1128581528027177,0.1012068516710646,0.011651301131653108
R0_vs_R3,d3_rainbow_trout,regression,mae,R0,R3,8,27,16,0.0958651403533006,0.1000487832856519,-0.004183642932351295
R0_vs_R3,d3_rainbow_trout,regression,mae,R0,R3,8,28,16,0.0789050548349512,0.0827825551610545,-0.003877500326103303
R0_vs_R3,d3_rainbow_trout,regression,mae,R0,R3,8,29,16,0.1177039252209933,0.1121026087861244,0.0056013164348689
R0_vs_R3,d3_rainbow_trout,regression,mae,R0,R3,8,30,16,0.2052226895740226,0.2019038608130358,0.0033188287609867972
R0_vs_R3,d3_rainbow_trout,regression,mae,R0,R3,8,31,16,0.1166167871196632,0.1182109810155898,-0.0015941938959266044
R0_vs_R3,d3_rainbow_trout,regression,mae,R0,R3,8,32,16,0.0872694500953251,0.1001110045459789,-0.012841554450653811
R0_vs_R3,d3_rainbow_trout,regression,mae,R0,R3,8,33,16,0.041783912308299,0.0349304538741518,0.006853458434147197
R0_vs_R3,d3_rainbow_trout,regression,mae,R0,R3,8,34,16,0.1757668080217833,0.2148353308641818,-0.039068522842398506
R0_vs_R3,d3_rainbow_trout,regression,mae,R0,R3,8,35,16,0.0778053449021694,0.0690139445873772,0.008791400314792197
R0_vs_R3,d3_rainbow_trout,regression,mae,R0,R3,8,36,16,0.0288656276954744,0.0247349224443352,0.004130705251139202
R0_vs_R3,d3_rainbow_trout,regression,mae,R0,R3,8,37,16,0.0427067466236356,0.0430749846161101,-0.00036823799247449884
R0_vs_R3,d3_rainbow_trout,regression,mae,R0,R3,8,38,16,0.1477177003958817,0.1493427365461323,-0.0016250361502506139
R0_vs_R3,d3_rainbow_trout,regression,mae,R0,R3,8,39,16,0.2255501833006037,0.225000974392542,0.0005492089080617046
R0_vs_R3,d3_rainbow_trout,regression,mae,R0,R3,8,40,16,0.0632392337528167,0.0708923034145016,-0.0076530696616849
R0_vs_R3,d3_rainbow_trout,regression,mae,R0,R3,8,41,16,0.1567040905612865,0.1501820541121055,0.006522036449181007
R0_vs_R3,d3_rainbow_trout,regression,mae,R0,R3,8,42,16,0.0697870623471432,0.0705111802141799,-0.0007241178670367027
R0_vs_R3,d3_rainbow_trout,regression,mae,R0,R3,8,43,16,0.0160692263612467,0.0131113128402624,0.002957913520984302
R0_vs_R3,d3_rainbow_trout,regression,mae,R0,R3,8,44,16,0.0598476940979275,0.0559298444273859,0.0039178496705416024
R0_vs_R3,d3_rainbow_trout,regression,mae,R0,R3,8,45,16,0.0899521646599575,0.0840080300890649,0.005944134570892601
R0_vs_R3,d3_rainbow_trout,regression,mae,R0,R3,8,46,16,0.0563081426284793,0.0565438557277824,-0.00023571309930309897
R0_vs_R3,d3_rainbow_trout,regression,mae,R0,R3,8,47,16,0.1368885641017598,0.1304901758998687,0.00639838820189112
R0_vs_R3,d3_rainbow_trout,regression,mae,R0,R3,8,48,16,0.0281729401360418,0.026524137048044,0.0016488030879978008
R0_vs_R3,d3_rainbow_trout,regression,mae,R0,R3,8,49,16,0.0986875327742625,0.1019200702259839,-0.003232537451721404
R0_vs_R3,d3_rainbow_trout,regression,mae,R0,R3,8,50,16,0.0328594795286506,0.0314208916880252,0.0014385878406254007
R0_vs_R3,d3_rainbow_trout,regression,mae,R0,R3,8,51,16,0.0461579297972928,0.0383475588431611,0.007810370954131701
R0_vs_R3,d3_rainbow_trout,regression,mae,R0,R3,8,52,16,0.17448997146741,0.1504625139703064,0.024027457497103583
R0_vs_R3,d3_rainbow_trout,regression,mae,R0,R3,8,53,16,0.1333743819137742,0.1378403277633282,-0.004465945849553982
R0_vs_R3,d3_rainbow_trout,regression,mae,R0,R3,8,54,16,0.0511551150480449,0.0454249283987991,0.005730186649245801
R0_vs_R3,d3_rainbow_trout,regression,mae,R0,R3,8,55,16,0.1277199098559491,0.1904404229877472,-0.06272051313179808
R0_vs_R3,d3_rainbow_trout,regression,mae,R0,R3,8,56,16,0.041107505286729,0.0394176842484367,0.001689821038292294
R0_vs_R3,d3_rainbow_trout,regression,mae,R0,R3,8,57,16,0.070410270911527,0.0787225604395528,-0.00831228952802579
R0_vs_R3,d3_rainbow_trout,regression,mae,R0,R3,8,58,16,0.0917444031628755,0.107946470415738,-0.016202067252862495
R0_vs_R3,d3_rainbow_trout,regression,mae,R0,R3,8,59,16,0.1082472571646742,0.1271008716795323,-0.01885361451485809
R0_vs_R3,d3_rainbow_trout,regression,mae,R0,R3,8,60,16,0.1953904821925912,0.1819588409695081,0.013431641223083102
R0_vs_R3,d3_rainbow_trout,regression,mae,R0,R3,8,61,16,0.0776328222739323,0.069568677311195,0.008064144962737302
R0_vs_R3,d3_rainbow_trout,regression,mae,R0,R3,9,0,16,0.0324601883410983,0.0370225797583486,-0.004562391417250296
R0_vs_R3,d3_rainbow_trout,regression,mae,R0,R3,9,1,16,0.0589721488700949,0.057426281515693,0.001545867354401903
R0_vs_R3,d3_rainbow_trout,regression,mae,R0,R3,9,2,16,0.0393806564093398,0.0368053452481816,0.0025753111611581947
R0_vs_R3,d3_rainbow_trout,regression,mae,R0,R3,9,3,16,0.0879852847658933,0.0904985454712674,-0.0025132607053740957
R0_vs_R3,d3_rainbow_trout,regression,mae,R0,R3,9,4,16,0.0602948280097771,0.078169565146159,-0.0178747371363819
R0_vs_R3,d3_rainbow_trout,regression,mae,R0,R3,9,5,16,0.0542849992030956,0.0578415203083437,-0.003556521105248095
R0_vs_R3,d3_rainbow_trout,regression,mae,R0,R3,9,6,16,0.1356542638321881,0.1492345694600938,-0.013580305627905714
R0_vs_R3,d3_rainbow_trout,regression,mae,R0,R3,9,7,16,0.0677622612567654,0.0656042192742124,0.0021580419825530106
R0_vs_R3,d3_rainbow_trout,regression,mae,R0,R3,9,8,16,0.0315122715593909,0.0311155082015881,0.00039676335780280264
R0_vs_R3,d3_rainbow_trout,regression,mae,R0,R3,9,9,16,0.06383698360718,0.0632255930762967,0.000611390530883299
R0_vs_R3,d3_rainbow_trout,regression,mae,R0,R3,9,10,16,0.0955462172141586,0.0995923320128163,-0.004046114798657699
R0_vs_R3,d3_rainbow_trout,regression,mae,R0,R3,9,11,16,0.0601951484996729,0.0564081207405847,0.0037870277590882004
R0_vs_R3,d3_rainbow_trout,regression,mae,R0,R3,9,12,16,0.0666916250538559,0.0669225741378644,-0.00023094908400850267
R0_vs_R3,d3_rainbow_trout,regression,mae,R0,R3,9,13,16,0.0378932680979995,0.0381071068451765,-0.00021383874717700174
R0_vs_R3,d3_rainbow_trout,regression,mae,R0,R3,9,14,16,0.0657545008217115,0.0619543609003583,0.003800139921353196
R0_vs_R3,d3_rainbow_trout,regression,mae,R0,R3,9,15,16,0.1338075044450793,0.13746740684088,-0.0036599023958006904
R0_vs_R3,d3_rainbow_trout,regression,mae,R0,R3,9,16,16,0.1819482056195175,0.1888653882756432,-0.006917182656125703
R0_vs_R3,d3_rainbow_trout,regression,mae,R0,R3,9,17,16,0.0932873077686896,0.1060921268405285,-0.012804819071838905
R0_vs_R3,d3_rainbow_trout,regression,mae,R0,R3,9,18,16,0.1251840957991882,0.1182686285886902,0.006915467210498016
R0_vs_R3,d3_rainbow_trout,regression,mae,R0,R3,9,19,16,0.0262145845996298,0.0248900546504471,0.001324529949182699
R0_vs_R3,d3_rainbow_trout,regression,mae,R0,R3,9,20,16,0.1317956586955796,0.1238207749961044,0.007974883699475202
R0_vs_R3,d3_rainbow_trout,regression,mae,R0,R3,9,21,16,0.0371555465574091,0.0376183172865364,-0.0004627707291272945
R0_vs_R3,d3_rainbow_trout,regression,mae,R0,R3,9,22,16,0.1984753628668562,0.1918959411188924,0.006579421747963776
R0_vs_R3,d3_rainbow_trout,regression,mae,R0,R3,9,23,16,0.1493857145541969,0.1613701509019041,-0.011984436347707184
R0_vs_R3,d3_rainbow_trout,regression,mae,R0,R3,9,24,16,0.221510777900142,0.2292105546908074,-0.007699776790665386
R0_vs_R3,d3_rainbow_trout,regression,mae,R0,R3,9,25,16,0.0707989157413723,0.0695977417238772,0.0012011740174951019
R0_vs_R3,d3_rainbow_trout,regression,mae,R0,R3,9,26,16,0.1157276984278223,0.114949150567928,0.0007785478598942991
R0_vs_R3,d3_rainbow_trout,regression,mae,R0,R3,9,27,16,0.0944301274035075,0.0931148976490191,0.0013152297544883895
R0_vs_R3,d3_rainbow_trout,regression,mae,R0,R3,9,28,16,0.1780076337673,0.1938921884330987,-0.01588455466579869
R0_vs_R3,d3_rainbow_trout,regression,mae,R0,R3,9,29,16,0.0787805864412207,0.087102479946962,-0.008321893505741307
R0_vs_R3,d3_rainbow_trout,regression,mae,R0,R3,9,30,16,0.0801543715879669,0.077714131710327,0.002440239877639902
R0_vs_R3,d3_rainbow_trout,regression,mae,R0,R3,9,31,16,0.0858900329599131,0.0942486813212043,-0.008358648361291202
R0_vs_R3,d3_rainbow_trout,regression,mae,R0,R3,9,32,16,0.0471865524578624,0.0479817022727799,-0.0007951498149174965
R0_vs_R3,d3_rainbow_trout,regression,mae,R0,R3,9,33,16,0.0520616545334687,0.0460634844118699,0.005998170121598798
R0_vs_R3,d3_rainbow_trout,regression,mae,R0,R3,9,34,16,0.0250334209351137,0.0389068475643271,-0.013873426629213401
R0_vs_R3,d3_rainbow_trout,regression,mae,R0,R3,9,35,16,0.066712195097177,0.0630407114372245,0.0036714836599524986
R0_vs_R3,d3_rainbow_trout,regression,mae,R0,R3,9,36,16,0.0625919877968524,0.0591139629899818,0.0034780248068706082
R0_vs_R3,d3_rainbow_trout,regression,mae,R0,R3,9,37,16,0.0340730051394652,0.0288264415512356,0.0052465635882296
R0_vs_R3,d3_rainbow_trout,regression,mae,R0,R3,9,38,16,0.0681058201779131,0.0658232032134204,0.0022826169644926952
R0_vs_R3,d3_rainbow_trout,regression,mae,R0,R3,9,39,16,0.0684437849696254,0.062491206523366,0.0059525784462594045
R0_vs_R3,d3_rainbow_trout,regression,mae,R0,R3,9,40,16,0.0580923248913868,0.0580428829437284,4.944194765840043e-05
R0_vs_R3,d3_rainbow_trout,regression,mae,R0,R3,9,41,16,0.072405208805658,0.072513040958793,-0.00010783215313500683
R0_vs_R3,d3_rainbow_trout,regression,mae,R0,R3,9,42,16,0.038718056093313,0.0372089704901719,0.0015090856031410999
R0_vs_R3,d3_rainbow_trout,regression,mae,R0,R3,9,43,16,0.1005418555509967,0.1144965821494262,-0.013954726598429487
R0_vs_R3,d3_rainbow_trout,regression,mae,R0,R3,9,44,16,0.2675580026057148,0.2778658635590151,-0.01030786095330033
R0_vs_R3,d3_rainbow_trout,regression,mae,R0,R3,9,45,16,0.1370363311355487,0.1369849168242668,5.141431128188878e-05
R0_vs_R3,d3_rainbow_trout,regression,mae,R0,R3,9,46,16,0.0562162792930619,0.0473173042585727,0.0088989750344892
R0_vs_R3,d3_rainbow_trout,regression,mae,R0,R3,9,47,16,0.0158386661084682,0.0161443227478578,-0.0003056566393895982
R0_vs_R3,d3_rainbow_trout,regression,mae,R0,R3,9,48,16,0.0811332323778961,0.0718942130132334,0.009239019364662704
R0_vs_R3,d3_rainbow_trout,regression,mae,R0,R3,9,49,16,0.0691684630977757,0.0987671642668225,-0.029598701169046795
R0_vs_R3,d3_rainbow_trout,regression,mae,R0,R3,9,50,16,0.2135429498338467,0.2492656484846658,-0.03572269865081912
R0_vs_R3,d3_rainbow_trout,regression,mae,R0,R3,9,51,16,0.0362989372714205,0.0304517880361283,0.005847149235292202
R0_vs_R3,d3_rainbow_trout,regression,mae,R0,R3,9,52,16,0.0709547758025281,0.0730621019845085,-0.0021073261819804096
R0_vs_R3,d3_rainbow_trout,regression,mae,R0,R3,9,53,16,0.1852833477636771,0.1580409389446566,0.027242408819020514
R0_vs_R3,d3_rainbow_trout,regression,mae,R0,R3,9,54,16,0.2155369709620443,0.2177573851029475,-0.0022204141409032097
R0_vs_R3,d3_rainbow_trout,regression,mae,R0,R3,9,55,16,0.0734693905658769,0.0669501117385509,0.006519278827326003
R0_vs_R3,d3_rainbow_trout,regression,mae,R0,R3,9,56,16,0.0536523368938928,0.0533576658505351,0.00029467104335770267
R0_vs_R3,d3_rainbow_trout,regression,mae,R0,R3,9,57,16,0.0667598615444047,0.0590719694321121,0.0076878921122926075
R0_vs_R3,d3_rainbow_trout,regression,mae,R0,R3,9,58,16,0.1102676849050731,0.1241810562614739,-0.013913371356400792
R0_vs_R3,d3_rainbow_trout,regression,mae,R0,R3,9,59,16,0.0658520041483255,0.0596881580180317,0.006163846130293797
R0_vs_R3,d3_rainbow_trout,regression,mae,R0,R3,9,60,16,0.1678400414246258,0.1670908220998049,0.0007492193248209156
R0_vs_R3,d3_rainbow_trout,regression,mae,R0,R3,9,61,16,0.1303199267360172,0.1390541838431911,-0.008734257107173904
R0_vs_R5,d3_rainbow_trout,classification,macro_f1,R0,R5,0,0,16,0.5,0.5,0.0
R0_vs_R5,d3_rainbow_trout,classification,macro_f1,R0,R5,0,1,16,0.75,0.75,0.0
R0_vs_R5,d3_rainbow_trout,classification,macro_f1,R0,R5,0,2,16,0.5,0.5,0.0
R0_vs_R5,d3_rainbow_trout,classification,macro_f1,R0,R5,0,3,16,0.25,0.25,0.0
R0_vs_R5,d3_rainbow_trout,classification,macro_f1,R0,R5,0,4,16,0.75,0.75,0.0
R0_vs_R5,d3_rainbow_trout,classification,macro_f1,R0,R5,0,5,16,0.5,0.5,0.0
R0_vs_R5,d3_rainbow_trout,classification,macro_f1,R0,R5,0,6,16,0.5,0.5,0.0
R0_vs_R5,d3_rainbow_trout,classification,macro_f1,R0,R5,0,7,16,0.75,0.75,0.0
R0_vs_R5,d3_rainbow_trout,classification,macro_f1,R0,R5,0,8,16,0.5,0.5,0.0
R0_vs_R5,d3_rainbow_trout,classification,macro_f1,R0,R5,0,9,16,0.5,0.5,0.0
R0_vs_R5,d3_rainbow_trout,classification,macro_f1,R0,R5,0,10,16,0.25,0.25,0.0
R0_vs_R5,d3_rainbow_trout,classification,macro_f1,R0,R5,0,11,16,0.7165178571428572,0.7261363636363636,-0.009618506493506374
R0_vs_R5,d3_rainbow_trout,classification,macro_f1,R0,R5,0,12,16,0.25,0.25,0.0
R0_vs_R5,d3_rainbow_trout,classification,macro_f1,R0,R5,0,13,16,0.7394323671497585,0.75,-0.010567632850241537
R0_vs_R5,d3_rainbow_trout,classification,macro_f1,R0,R5,0,14,16,0.62421269562939,0.62421269562939,0.0
R0_vs_R5,d3_rainbow_trout,classification,macro_f1,R0,R5,0,15,16,0.5,0.5,0.0
R0_vs_R5,d3_rainbow_trout,classification,macro_f1,R0,R5,0,16,16,0.75,0.75,0.0
R0_vs_R5,d3_rainbow_trout,classification,macro_f1,R0,R5,0,17,16,1.0,1.0,0.0
R0_vs_R5,d3_rainbow_trout,classification,macro_f1,R0,R5,0,18,16,0.75,0.75,0.0
R0_vs_R5,d3_rainbow_trout,classification,macro_f1,R0,R5,0,19,16,0.75,0.75,0.0
R0_vs_R5,d3_rainbow_trout,classification,macro_f1,R0,R5,0,20,16,0.25,0.25,0.0
R0_vs_R5,d3_rainbow_trout,classification,macro_f1,R0,R5,0,21,16,0.75,0.75,0.0
R0_vs_R5,d3_rainbow_trout,classification,macro_f1,R0,R5,0,22,16,0.5,0.5,0.0
R0_vs_R5,d3_rainbow_trout,classification,macro_f1,R0,R5,0,23,16,0.75,0.75,0.0
R0_vs_R5,d3_rainbow_trout,classification,macro_f1,R0,R5,0,24,16,0.75,0.75,0.0
R0_vs_R5,d3_rainbow_trout,classification,macro_f1,R0,R5,0,25,16,0.75,0.75,0.0
R0_vs_R5,d3_rainbow_trout,classification,macro_f1,R0,R5,0,26,16,0.5,0.5,0.0
R0_vs_R5,d3_rainbow_trout,classification,macro_f1,R0,R5,0,27,16,0.5271883289124668,0.6694392132245239,-0.14225088431205712
R0_vs_R5,d3_rainbow_trout,classification,macro_f1,R0,R5,0,28,16,0.7290528233151183,0.7520419714915217,-0.022989148176403407
R0_vs_R5,d3_rainbow_trout,classification,macro_f1,R0,R5,0,29,16,0.75,0.75,0.0
R0_vs_R5,d3_rainbow_trout,classification,macro_f1,R0,R5,0,30,16,0.5,0.5,0.0
R0_vs_R5,d3_rainbow_trout,classification,macro_f1,R0,R5,0,31,16,1.0,1.0,0.0
R0_vs_R5,d3_rainbow_trout,classification,macro_f1,R0,R5,0,32,16,0.5,0.5,0.0
R0_vs_R5,d3_rainbow_trout,classification,macro_f1,R0,R5,0,33,16,0.5,0.5,0.0
R0_vs_R5,d3_rainbow_trout,classification,macro_f1,R0,R5,0,34,16,0.5,0.5,0.0
R0_vs_R5,d3_rainbow_trout,classification,macro_f1,R0,R5,0,35,16,0.75,0.75,0.0
R0_vs_R5,d3_rainbow_trout,classification,macro_f1,R0,R5,0,36,16,0.75,0.75,0.0
R0_vs_R5,d3_rainbow_trout,classification,macro_f1,R0,R5,0,37,16,0.5,0.5,0.0
R0_vs_R5,d3_rainbow_trout,classification,macro_f1,R0,R5,0,38,16,0.75,0.75,0.0
R0_vs_R5,d3_rainbow_trout,classification,macro_f1,R0,R5,0,39,16,0.25,0.25,0.0
R0_vs_R5,d3_rainbow_trout,classification,macro_f1,R0,R5,0,40,16,0.25,0.25,0.0
R0_vs_R5,d3_rainbow_trout,classification,macro_f1,R0,R5,0,41,16,1.0,1.0,0.0
R0_vs_R5,d3_rainbow_trout,classification,macro_f1,R0,R5,0,42,16,0.75,0.75,0.0
R0_vs_R5,d3_rainbow_trout,classification,macro_f1,R0,R5,0,43,16,1.0,1.0,0.0
R0_vs_R5,d3_rainbow_trout,classification,macro_f1,R0,R5,0,44,16,0.75,0.75,0.0
R0_vs_R5,d3_rainbow_trout,classification,macro_f1,R0,R5,0,45,16,0.75,0.75,0.0
R0_vs_R5,d3_rainbow_trout,classification,macro_f1,R0,R5,0,46,16,0.5,0.5,0.0
R0_vs_R5,d3_rainbow_trout,classification,macro_f1,R0,R5,0,47,16,0.75,0.75,0.0
R0_vs_R5,d3_rainbow_trout,classification,macro_f1,R0,R5,0,48,16,0.7432762836185819,0.7426470588235294,0.0006292247950524521
R0_vs_R5,d3_rainbow_trout,classification,macro_f1,R0,R5,0,49,16,0.5,0.5,0.0
R0_vs_R5,d3_rainbow_trout,classification,macro_f1,R0,R5,0,50,16,0.5,0.5,0.0
R0_vs_R5,d3_rainbow_trout,classification,macro_f1,R0,R5,0,51,16,0.5,0.5,0.0
R0_vs_R5,d3_rainbow_trout,classification,macro_f1,R0,R5,0,52,16,0.5,0.5,0.0
R0_vs_R5,d3_rainbow_trout,classification,macro_f1,R0,R5,0,53,16,0.5,0.5,0.0
R0_vs_R5,d3_rainbow_trout,classification,macro_f1,R0,R5,0,54,16,0.5,0.5,0.0
R0_vs_R5,d3_rainbow_trout,classification,macro_f1,R0,R5,0,55,16,0.75,0.75,0.0
R0_vs_R5,d3_rainbow_trout,classification,macro_f1,R0,R5,0,56,16,0.5,0.5,0.0
R0_vs_R5,d3_rainbow_trout,classification,macro_f1,R0,R5,0,57,16,0.75,0.75,0.0
R0_vs_R5,d3_rainbow_trout,classification,macro_f1,R0,R5,0,58,16,0.75,0.75,0.0
R0_vs_R5,d3_rainbow_trout,classification,macro_f1,R0,R5,0,59,16,0.75,0.75,0.0
R0_vs_R5,d3_rainbow_trout,classification,macro_f1,R0,R5,0,60,16,1.0,1.0,0.0
R0_vs_R5,d3_rainbow_trout,classification,macro_f1,R0,R5,0,61,16,0.75,0.75,0.0
R0_vs_R5,d3_rainbow_trout,classification,macro_f1,R0,R5,1,0,16,0.75,0.75,0.0
R0_vs_R5,d3_rainbow_trout,classification,macro_f1,R0,R5,1,1,16,0.75,0.75,0.0
R0_vs_R5,d3_rainbow_trout,classification,macro_f1,R0,R5,1,2,16,0.75,0.7404727338716994,0.009527266128300571
R0_vs_R5,d3_rainbow_trout,classification,macro_f1,R0,R5,1,3,16,0.7074684194550167,0.6876589479320038,0.019809471523012934
R0_vs_R5,d3_rainbow_trout,classification,macro_f1,R0,R5,1,4,16,0.75,0.75,0.0
R0_vs_R5,d3_rainbow_trout,classification,macro_f1,R0,R5,1,5,16,0.75,0.75,0.0
R0_vs_R5,d3_rainbow_trout,classification,macro_f1,R0,R5,1,6,16,0.5,0.5,0.0
R0_vs_R5,d3_rainbow_trout,classification,macro_f1,R0,R5,1,7,16,0.7192946378078248,0.7142857142857143,0.005008923522110464
R0_vs_R5,d3_rainbow_trout,classification,macro_f1,R0,R5,1,8,16,0.75,0.75,0.0
R0_vs_R5,d3_rainbow_trout,classification,macro_f1,R0,R5,1,9,16,0.75,0.75,0.0
R0_vs_R5,d3_rainbow_trout,classification,macro_f1,R0,R5,1,10,16,1.0,1.0,0.0
R0_vs_R5,d3_rainbow_trout,classification,macro_f1,R0,R5,1,11,16,0.75,0.75,0.0
R0_vs_R5,d3_rainbow_trout,classification,macro_f1,R0,R5,1,12,16,0.75,0.75,0.0
R0_vs_R5,d3_rainbow_trout,classification,macro_f1,R0,R5,1,13,16,0.75,0.75,0.0
R0_vs_R5,d3_rainbow_trout,classification,macro_f1,R0,R5,1,14,16,1.0,1.0,0.0
R0_vs_R5,d3_rainbow_trout,classification,macro_f1,R0,R5,1,15,16,0.5,0.5,0.0
R0_vs_R5,d3_rainbow_trout,classification,macro_f1,R0,R5,1,16,16,0.75,0.75,0.0
R0_vs_R5,d3_rainbow_trout,classification,macro_f1,R0,R5,1,17,16,0.25,0.25,0.0
R0_vs_R5,d3_rainbow_trout,classification,macro_f1,R0,R5,1,18,16,0.25,0.25,0.0
R0_vs_R5,d3_rainbow_trout,classification,macro_f1,R0,R5,1,19,16,0.75,0.75,0.0
R0_vs_R5,d3_rainbow_trout,classification,macro_f1,R0,R5,1,20,16,0.25,0.25,0.0
R0_vs_R5,d3_rainbow_trout,classification,macro_f1,R0,R5,1,21,16,0.5,0.5,0.0
R0_vs_R5,d3_rainbow_trout,classification,macro_f1,R0,R5,1,22,16,0.5453216374269005,0.6511764705882352,-0.1058548331613347
R0_vs_R5,d3_rainbow_trout,classification,macro_f1,R0,R5,1,23,16,0.5,0.5,0.0
R0_vs_R5,d3_rainbow_trout,classification,macro_f1,R0,R5,1,24,16,0.75,0.75,0.0
R0_vs_R5,d3_rainbow_trout,classification,macro_f1,R0,R5,1,25,16,0.5,0.5,0.0
R0_vs_R5,d3_rainbow_trout,classification,macro_f1,R0,R5,1,26,16,0.75,0.75,0.0
R0_vs_R5,d3_rainbow_trout,classification,macro_f1,R0,R5,1,27,16,0.5,0.5,0.0
R0_vs_R5,d3_rainbow_trout,classification,macro_f1,R0,R5,1,28,16,0.75,0.75,0.0
R0_vs_R5,d3_rainbow_trout,classification,macro_f1,R0,R5,1,29,16,0.5,0.5,0.0
R0_vs_R5,d3_rainbow_trout,classification,macro_f1,R0,R5,1,30,16,0.75,0.75,0.0
R0_vs_R5,d3_rainbow_trout,classification,macro_f1,R0,R5,1,31,16,0.5,0.5,0.0
R0_vs_R5,d3_rainbow_trout,classification,macro_f1,R0,R5,1,32,16,0.75,0.75,0.0
R0_vs_R5,d3_rainbow_trout,classification,macro_f1,R0,R5,1,33,16,0.75,0.75,0.0
R0_vs_R5,d3_rainbow_trout,classification,macro_f1,R0,R5,1,34,16,0.75,0.75,0.0
R0_vs_R5,d3_rainbow_trout,classification,macro_f1,R0,R5,1,35,16,0.5,0.5,0.0
R0_vs_R5,d3_rainbow_trout,classification,macro_f1,R0,R5,1,36,16,0.75,0.75,0.0
R0_vs_R5,d3_rainbow_trout,classification,macro_f1,R0,R5,1,37,16,1.0,1.0,0.0
R0_vs_R5,d3_rainbow_trout,classification,macro_f1,R0,R5,1,38,16,0.25,0.25,0.0
R0_vs_R5,d3_rainbow_trout,classification,macro_f1,R0,R5,1,39,16,0.5,0.5,0.0
R0_vs_R5,d3_rainbow_trout,classification,macro_f1,R0,R5,1,40,16,0.75,0.75,0.0
R0_vs_R5,d3_rainbow_trout,classification,macro_f1,R0,R5,1,41,16,0.5,0.5,0.0
R0_vs_R5,d3_rainbow_trout,classification,macro_f1,R0,R5,1,42,16,0.5,0.5,0.0
R0_vs_R5,d3_rainbow_trout,classification,macro_f1,R0,R5,1,43,16,0.5,0.5,0.0
R0_vs_R5,d3_rainbow_trout,classification,macro_f1,R0,R5,1,44,16,1.0,1.0,0.0
R0_vs_R5,d3_rainbow_trout,classification,macro_f1,R0,R5,1,45,16,0.5,0.5,0.0
R0_vs_R5,d3_rainbow_trout,classification,macro_f1,R0,R5,1,46,16,0.7141025641025641,0.7092568076510466,0.004845756451517524
R0_vs_R5,d3_rainbow_trout,classification,macro_f1,R0,R5,1,47,16,0.75,0.75,0.0
R0_vs_R5,d3_rainbow_trout,classification,macro_f1,R0,R5,1,48,16,0.5,0.5,0.0
R0_vs_R5,d3_rainbow_trout,classification,macro_f1,R0,R5,1,49,16,0.25,0.25,0.0
R0_vs_R5,d3_rainbow_trout,classification,macro_f1,R0,R5,1,50,16,0.5,0.5,0.0
R0_vs_R5,d3_rainbow_trout,classification,macro_f1,R0,R5,1,51,16,0.5,0.5,0.0
R0_vs_R5,d3_rainbow_trout,classification,macro_f1,R0,R5,1,52,16,0.25,0.25,0.0
R0_vs_R5,d3_rainbow_trout,classification,macro_f1,R0,R5,1,53,16,0.5,0.5,0.0
R0_vs_R5,d3_rainbow_trout,classification,macro_f1,R0,R5,1,54,16,0.5,0.5,0.0
R0_vs_R5,d3_rainbow_trout,classification,macro_f1,R0,R5,1,55,16,0.75,0.75,0.0
R0_vs_R5,d3_rainbow_trout,classification,macro_f1,R0,R5,1,56,16,0.75,0.75,0.0
R0_vs_R5,d3_rainbow_trout,classification,macro_f1,R0,R5,1,57,16,0.5,0.5,0.0
R0_vs_R5,d3_rainbow_trout,classification,macro_f1,R0,R5,1,58,16,0.75,0.75,0.0
R0_vs_R5,d3_rainbow_trout,classification,macro_f1,R0,R5,1,59,16,0.5,0.5,0.0
R0_vs_R5,d3_rainbow_trout,classification,macro_f1,R0,R5,1,60,16,1.0,1.0,0.0
R0_vs_R5,d3_rainbow_trout,classification,macro_f1,R0,R5,1,61,16,0.5,0.5,0.0
R0_vs_R5,d3_rainbow_trout,classification,macro_f1,R0,R5,2,0,16,0.25,0.25,0.0
R0_vs_R5,d3_rainbow_trout,classification,macro_f1,R0,R5,2,1,16,0.5,0.5,0.0
R0_vs_R5,d3_rainbow_trout,classification,macro_f1,R0,R5,2,2,16,0.75,0.75,0.0
R0_vs_R5,d3_rainbow_trout,classification,macro_f1,R0,R5,2,3,16,0.25,0.25,0.0
R0_vs_R5,d3_rainbow_trout,classification,macro_f1,R0,R5,2,4,16,0.7384806973848069,0.7290528233151183,0.009427874069688591
R0_vs_R5,d3_rainbow_trout,classification,macro_f1,R0,R5,2,5,16,0.75,0.75,0.0
R0_vs_R5,d3_rainbow_trout,classification,macro_f1,R0,R5,2,6,16,0.75,0.75,0.0
R0_vs_R5,d3_rainbow_trout,classification,macro_f1,R0,R5,2,7,16,1.0,1.0,0.0
R0_vs_R5,d3_rainbow_trout,classification,macro_f1,R0,R5,2,8,16,0.5,0.5,0.0
R0_vs_R5,d3_rainbow_trout,classification,macro_f1,R0,R5,2,9,16,0.75,0.75,0.0
R0_vs_R5,d3_rainbow_trout,classification,macro_f1,R0,R5,2,10,16,0.5,0.5,0.0
R0_vs_R5,d3_rainbow_trout,classification,macro_f1,R0,R5,2,11,16,0.75,0.75,0.0
R0_vs_R5,d3_rainbow_trout,classification,macro_f1,R0,R5,2,12,16,0.7342515748425157,0.7325388026607539,0.0017127721817618013
R0_vs_R5,d3_rainbow_trout,classification,macro_f1,R0,R5,2,13,16,0.5,0.5,0.0
R0_vs_R5,d3_rainbow_trout,classification,macro_f1,R0,R5,2,14,16,1.0,1.0,0.0
R0_vs_R5,d3_rainbow_trout,classification,macro_f1,R0,R5,2,15,16,0.5,0.5,0.0
R0_vs_R5,d3_rainbow_trout,classification,macro_f1,R0,R5,2,16,16,0.5,0.5,0.0
R0_vs_R5,d3_rainbow_trout,classification,macro_f1,R0,R5,2,17,16,0.5,0.5,0.0
R0_vs_R5,d3_rainbow_trout,classification,macro_f1,R0,R5,2,18,16,0.25,0.25,0.0
R0_vs_R5,d3_rainbow_trout,classification,macro_f1,R0,R5,2,19,16,0.75,0.75,0.0
R0_vs_R5,d3_rainbow_trout,classification,macro_f1,R0,R5,2,20,16,0.75,0.75,0.0
R0_vs_R5,d3_rainbow_trout,classification,macro_f1,R0,R5,2,21,16,0.5,0.5,0.0
R0_vs_R5,d3_rainbow_trout,classification,macro_f1,R0,R5,2,22,16,0.75,0.75,0.0
R0_vs_R5,d3_rainbow_trout,classification,macro_f1,R0,R5,2,23,16,0.75,0.75,0.0
R0_vs_R5,d3_rainbow_trout,classification,macro_f1,R0,R5,2,24,16,0.5,0.5,0.0
R0_vs_R5,d3_rainbow_trout,classification,macro_f1,R0,R5,2,25,16,0.75,0.75,0.0
R0_vs_R5,d3_rainbow_trout,classification,macro_f1,R0,R5,2,26,16,0.5,0.5,0.0
R0_vs_R5,d3_rainbow_trout,classification,macro_f1,R0,R5,2,27,16,1.0,1.0,0.0
R0_vs_R5,d3_rainbow_trout,classification,macro_f1,R0,R5,2,28,16,0.75,0.75,0.0
R0_vs_R5,d3_rainbow_trout,classification,macro_f1,R0,R5,2,29,16,0.25,0.25,0.0
R0_vs_R5,d3_rainbow_trout,classification,macro_f1,R0,R5,2,30,16,0.5,0.5,0.0
R0_vs_R5,d3_rainbow_trout,classification,macro_f1,R0,R5,2,31,16,0.25,0.25,0.0
R0_vs_R5,d3_rainbow_trout,classification,macro_f1,R0,R5,2,32,16,0.75,0.75,0.0
R0_vs_R5,d3_rainbow_trout,classification,macro_f1,R0,R5,2,33,16,0.6538258296343268,0.6970377842993397,-0.04321195466501293
R0_vs_R5,d3_rainbow_trout,classification,macro_f1,R0,R5,2,34,16,1.0,1.0,0.0
R0_vs_R5,d3_rainbow_trout,classification,macro_f1,R0,R5,2,35,16,0.5,0.5,0.0
R0_vs_R5,d3_rainbow_trout,classification,macro_f1,R0,R5,2,36,16,0.75,0.75,0.0
R0_vs_R5,d3_rainbow_trout,classification,macro_f1,R0,R5,2,37,16,0.75,0.75,0.0
R0_vs_R5,d3_rainbow_trout,classification,macro_f1,R0,R5,2,38,16,0.75,0.75,0.0
R0_vs_R5,d3_rainbow_trout,classification,macro_f1,R0,R5,2,39,16,0.75,0.75,0.0
R0_vs_R5,d3_rainbow_trout,classification,macro_f1,R0,R5,2,40,16,0.661465663928744,0.6355550140124284,0.02591064991631553
R0_vs_R5,d3_rainbow_trout,classification,macro_f1,R0,R5,2,41,16,0.5,0.5,0.0
R0_vs_R5,d3_rainbow_trout,classification,macro_f1,R0,R5,2,42,16,0.5,0.5,0.0
R0_vs_R5,d3_rainbow_trout,classification,macro_f1,R0,R5,2,43,16,0.5,0.5,0.0
R0_vs_R5,d3_rainbow_trout,classification,macro_f1,R0,R5,2,44,16,0.735702614379085,0.7333147942157954,0.0023878201632896445
R0_vs_R5,d3_rainbow_trout,classification,macro_f1,R0,R5,2,45,16,0.75,0.75,0.0
R0_vs_R5,d3_rainbow_trout,classification,macro_f1,R0,R5,2,46,16,0.7469879518072289,0.7463768115942029,0.0006111402130259957
R0_vs_R5,d3_rainbow_trout,classification,macro_f1,R0,R5,2,47,16,0.5,0.5,0.0
R0_vs_R5,d3_rainbow_trout,classification,macro_f1,R0,R5,2,48,16,0.75,0.75,0.0
R0_vs_R5,d3_rainbow_trout,classification,macro_f1,R0,R5,2,49,16,0.5,0.4988038277511961,0.0011961722488039173
R0_vs_R5,d3_rainbow_trout,classification,macro_f1,R0,R5,2,50,16,0.75,0.75,0.0
R0_vs_R5,d3_rainbow_trout,classification,macro_f1,R0,R5,2,51,16,0.5,0.5,0.0
R0_vs_R5,d3_rainbow_trout,classification,macro_f1,R0,R5,2,52,16,0.5,0.5,0.0
R0_vs_R5,d3_rainbow_trout,classification,macro_f1,R0,R5,2,53,16,0.5,0.5,0.0
R0_vs_R5,d3_rainbow_trout,classification,macro_f1,R0,R5,2,54,16,0.75,0.75,0.0
R0_vs_R5,d3_rainbow_trout,classification,macro_f1,R0,R5,2,55,16,0.75,0.75,0.0
R0_vs_R5,d3_rainbow_trout,classification,macro_f1,R0,R5,2,56,16,0.75,0.75,0.0
R0_vs_R5,d3_rainbow_trout,classification,macro_f1,R0,R5,2,57,16,0.75,0.75,0.0
R0_vs_R5,d3_rainbow_trout,classification,macro_f1,R0,R5,2,58,16,1.0,1.0,0.0
R0_vs_R5,d3_rainbow_trout,classification,macro_f1,R0,R5,2,59,16,0.5,0.5,0.0
R0_vs_R5,d3_rainbow_trout,classification,macro_f1,R0,R5,2,60,16,0.25,0.25,0.0
R0_vs_R5,d3_rainbow_trout,classification,macro_f1,R0,R5,2,61,16,0.5,0.5,0.0
R0_vs_R5,d3_rainbow_trout,classification,macro_f1,R0,R5,3,0,16,0.5453216374269005,0.5234356269479741,0.021886010478926465
R0_vs_R5,d3_rainbow_trout,classification,macro_f1,R0,R5,3,1,16,0.75,0.75,0.0
R0_vs_R5,d3_rainbow_trout,classification,macro_f1,R0,R5,3,2,16,0.5,0.5,0.0
R0_vs_R5,d3_rainbow_trout,classification,macro_f1,R0,R5,3,3,16,0.75,0.75,0.0
R0_vs_R5,d3_rainbow_trout,classification,macro_f1,R0,R5,3,4,16,0.75,0.75,0.0
R0_vs_R5,d3_rainbow_trout,classification,macro_f1,R0,R5,3,5,16,1.0,1.0,0.0
R0_vs_R5,d3_rainbow_trout,classification,macro_f1,R0,R5,3,6,16,0.75,0.7325388026607539,0.017461197339246115
R0_vs_R5,d3_rainbow_trout,classification,macro_f1,R0,R5,3,7,16,0.728531997546514,0.7452376632801161,-0.016705665733602104
R0_vs_R5,d3_rainbow_trout,classification,macro_f1,R0,R5,3,8,16,0.5,0.5,0.0
R0_vs_R5,d3_rainbow_trout,classification,macro_f1,R0,R5,3,9,16,0.75,0.75,0.0
R0_vs_R5,d3_rainbow_trout,classification,macro_f1,R0,R5,3,10,16,0.5,0.5,0.0
R0_vs_R5,d3_rainbow_trout,classification,macro_f1,R0,R5,3,11,16,0.5,0.5,0.0
R0_vs_R5,d3_rainbow_trout,classification,macro_f1,R0,R5,3,12,16,0.7290528233151183,0.7290528233151183,0.0
R0_vs_R5,d3_rainbow_trout,classification,macro_f1,R0,R5,3,13,16,0.7482014388489209,0.75,-0.0017985611510791255
R0_vs_R5,d3_rainbow_trout,classification,macro_f1,R0,R5,3,14,16,0.5,0.5,0.0
R0_vs_R5,d3_rainbow_trout,classification,macro_f1,R0,R5,3,15,16,1.0,1.0,0.0
R0_vs_R5,d3_rainbow_trout,classification,macro_f1,R0,R5,3,16,16,1.0,1.0,0.0
R0_vs_R5,d3_rainbow_trout,classification,macro_f1,R0,R5,3,17,16,0.75,0.75,0.0
R0_vs_R5,d3_rainbow_trout,classification,macro_f1,R0,R5,3,18,16,1.0,1.0,0.0
R0_vs_R5,d3_rainbow_trout,classification,macro_f1,R0,R5,3,19,16,0.25,0.25,0.0
R0_vs_R5,d3_rainbow_trout,classification,macro_f1,R0,R5,3,20,16,0.5,0.5,0.0
R0_vs_R5,d3_rainbow_trout,classification,macro_f1,R0,R5,3,21,16,0.5,0.5,0.0
R0_vs_R5,d3_rainbow_trout,classification,macro_f1,R0,R5,3,22,16,0.75,0.75,0.0
R0_vs_R5,d3_rainbow_trout,classification,macro_f1,R0,R5,3,23,16,0.75,0.75,0.0
R0_vs_R5,d3_rainbow_trout,classification,macro_f1,R0,R5,3,24,16,0.75,0.75,0.0
R0_vs_R5,d3_rainbow_trout,classification,macro_f1,R0,R5,3,25,16,0.5,0.5,0.0
R0_vs_R5,d3_rainbow_trout,classification,macro_f1,R0,R5,3,26,16,0.75,0.75,0.0
R0_vs_R5,d3_rainbow_trout,classification,macro_f1,R0,R5,3,27,16,0.75,0.75,0.0
R0_vs_R5,d3_rainbow_trout,classification,macro_f1,R0,R5,3,28,16,0.5,0.5,0.0
R0_vs_R5,d3_rainbow_trout,classification,macro_f1,R0,R5,3,29,16,0.25,0.25,0.0
R0_vs_R5,d3_rainbow_trout,classification,macro_f1,R0,R5,3,30,16,0.75,0.75,0.0
R0_vs_R5,d3_rainbow_trout,classification,macro_f1,R0,R5,3,31,16,0.75,0.75,0.0
R0_vs_R5,d3_rainbow_trout,classification,macro_f1,R0,R5,3,32,16,0.75,0.75,0.0
R0_vs_R5,d3_rainbow_trout,classification,macro_f1,R0,R5,3,33,16,0.5,0.5,0.0
R0_vs_R5,d3_rainbow_trout,classification,macro_f1,R0,R5,3,34,16,0.674677693487543,0.6119510290126403,0.06272666447490272
R0_vs_R5,d3_rainbow_trout,classification,macro_f1,R0,R5,3,35,16,1.0,1.0,0.0
R0_vs_R5,d3_rainbow_trout,classification,macro_f1,R0,R5,3,36,16,0.5,0.5,0.0
R0_vs_R5,d3_rainbow_trout,classification,macro_f1,R0,R5,3,37,16,0.75,0.75,0.0
R0_vs_R5,d3_rainbow_trout,classification,macro_f1,R0,R5,3,38,16,0.75,0.75,0.0
R0_vs_R5,d3_rainbow_trout,classification,macro_f1,R0,R5,3,39,16,0.25,0.25,0.0
R0_vs_R5,d3_rainbow_trout,classification,macro_f1,R0,R5,3,40,16,0.5,0.5,0.0
R0_vs_R5,d3_rainbow_trout,classification,macro_f1,R0,R5,3,41,16,0.75,0.75,0.0
R0_vs_R5,d3_rainbow_trout,classification,macro_f1,R0,R5,3,42,16,0.4988038277511961,0.4951456310679611,0.003658196683234971
R0_vs_R5,d3_rainbow_trout,classification,macro_f1,R0,R5,3,43,16,0.75,0.75,0.0
R0_vs_R5,d3_rainbow_trout,classification,macro_f1,R0,R5,3,44,16,0.75,0.75,0.0
R0_vs_R5,d3_rainbow_trout,classification,macro_f1,R0,R5,3,45,16,0.75,0.75,0.0
R0_vs_R5,d3_rainbow_trout,classification,macro_f1,R0,R5,3,46,16,0.25,0.25,0.0
R0_vs_R5,d3_rainbow_trout,classification,macro_f1,R0,R5,3,47,16,0.25,0.25,0.0
R0_vs_R5,d3_rainbow_trout,classification,macro_f1,R0,R5,3,48,16,0.75,0.75,0.0
R0_vs_R5,d3_rainbow_trout,classification,macro_f1,R0,R5,3,49,16,0.75,0.75,0.0
R0_vs_R5,d3_rainbow_trout,classification,macro_f1,R0,R5,3,50,16,0.5,0.5,0.0
R0_vs_R5,d3_rainbow_trout,classification,macro_f1,R0,R5,3,51,16,0.5,0.5,0.0
R0_vs_R5,d3_rainbow_trout,classification,macro_f1,R0,R5,3,52,16,0.5,0.5,0.0
R0_vs_R5,d3_rainbow_trout,classification,macro_f1,R0,R5,3,53,16,0.5,0.5,0.0
R0_vs_R5,d3_rainbow_trout,classification,macro_f1,R0,R5,3,54,16,0.5,0.5,0.0
R0_vs_R5,d3_rainbow_trout,classification,macro_f1,R0,R5,3,55,16,0.5,0.5,0.0
R0_vs_R5,d3_rainbow_trout,classification,macro_f1,R0,R5,3,56,16,0.75,0.75,0.0
R0_vs_R5,d3_rainbow_trout,classification,macro_f1,R0,R5,3,57,16,0.5,0.5,0.0
R0_vs_R5,d3_rainbow_trout,classification,macro_f1,R0,R5,3,58,16,0.5,0.5,0.0
R0_vs_R5,d3_rainbow_trout,classification,macro_f1,R0,R5,3,59,16,0.25,0.25,0.0
R0_vs_R5,d3_rainbow_trout,classification,macro_f1,R0,R5,3,60,16,0.5,0.5,0.0
R0_vs_R5,d3_rainbow_trout,classification,macro_f1,R0,R5,3,61,16,0.75,0.75,0.0
R0_vs_R5,d3_rainbow_trout,classification,macro_f1,R0,R5,4,0,16,0.75,0.75,0.0
R0_vs_R5,d3_rainbow_trout,classification,macro_f1,R0,R5,4,1,16,0.75,0.75,0.0
R0_vs_R5,d3_rainbow_trout,classification,macro_f1,R0,R5,4,2,16,0.75,0.75,0.0
R0_vs_R5,d3_rainbow_trout,classification,macro_f1,R0,R5,4,3,16,0.75,0.75,0.0
R0_vs_R5,d3_rainbow_trout,classification,macro_f1,R0,R5,4,4,16,0.75,0.75,0.0
R0_vs_R5,d3_rainbow_trout,classification,macro_f1,R0,R5,4,5,16,0.75,0.75,0.0
R0_vs_R5,d3_rainbow_trout,classification,macro_f1,R0,R5,4,6,16,0.5,0.5,0.0
R0_vs_R5,d3_rainbow_trout,classification,macro_f1,R0,R5,4,7,16,0.7429232566498922,0.7257543103448276,0.017168946305064603
R0_vs_R5,d3_rainbow_trout,classification,macro_f1,R0,R5,4,8,16,0.25,0.25,0.0
R0_vs_R5,d3_rainbow_trout,classification,macro_f1,R0,R5,4,9,16,0.5,0.5,0.0
R0_vs_R5,d3_rainbow_trout,classification,macro_f1,R0,R5,4,10,16,0.6209607460420733,0.7043885319737534,-0.0834277859316801
R0_vs_R5,d3_rainbow_trout,classification,macro_f1,R0,R5,4,11,16,0.5,0.5,0.0
R0_vs_R5,d3_rainbow_trout,classification,macro_f1,R0,R5,4,12,16,0.5,0.5,0.0
R0_vs_R5,d3_rainbow_trout,classification,macro_f1,R0,R5,4,13,16,1.0,1.0,0.0
R0_vs_R5,d3_rainbow_trout,classification,macro_f1,R0,R5,4,14,16,0.7482014388489209,0.7395559066175179,0.008645532231402964
R0_vs_R5,d3_rainbow_trout,classification,macro_f1,R0,R5,4,15,16,0.5,0.5,0.0
R0_vs_R5,d3_rainbow_trout,classification,macro_f1,R0,R5,4,16,16,0.75,0.75,0.0
R0_vs_R5,d3_rainbow_trout,classification,macro_f1,R0,R5,4,17,16,0.5,0.5,0.0
R0_vs_R5,d3_rainbow_trout,classification,macro_f1,R0,R5,4,18,16,0.75,0.75,0.0
R0_vs_R5,d3_rainbow_trout,classification,macro_f1,R0,R5,4,19,16,0.25,0.25,0.0
R0_vs_R5,d3_rainbow_trout,classification,macro_f1,R0,R5,4,20,16,0.5,0.5,0.0
R0_vs_R5,d3_rainbow_trout,classification,macro_f1,R0,R5,4,21,16,0.5,0.5,0.0
R0_vs_R5,d3_rainbow_trout,classification,macro_f1,R0,R5,4,22,16,1.0,1.0,0.0
R0_vs_R5,d3_rainbow_trout,classification,macro_f1,R0,R5,4,23,16,0.75,0.75,0.0
R0_vs_R5,d3_rainbow_trout,classification,macro_f1,R0,R5,4,24,16,0.5,0.5,0.0
R0_vs_R5,d3_rainbow_trout,classification,macro_f1,R0,R5,4,25,16,0.6771600768402609,0.6486096256684492,0.028550451171811764
R0_vs_R5,d3_rainbow_trout,classification,macro_f1,R0,R5,4,26,16,0.5,0.5,0.0
R0_vs_R5,d3_rainbow_trout,classification,macro_f1,R0,R5,4,27,16,0.75,0.75,0.0
R0_vs_R5,d3_rainbow_trout,classification,macro_f1,R0,R5,4,28,16,0.5,0.5,0.0
R0_vs_R5,d3_rainbow_trout,classification,macro_f1,R0,R5,4,29,16,0.75,0.75,0.0
R0_vs_R5,d3_rainbow_trout,classification,macro_f1,R0,R5,4,30,16,0.5,0.5,0.0
R0_vs_R5,d3_rainbow_trout,classification,macro_f1,R0,R5,4,31,16,0.75,0.75,0.0
R0_vs_R5,d3_rainbow_trout,classification,macro_f1,R0,R5,4,32,16,0.25,0.25,0.0
R0_vs_R5,d3_rainbow_trout,classification,macro_f1,R0,R5,4,33,16,0.25,0.25,0.0
R0_vs_R5,d3_rainbow_trout,classification,macro_f1,R0,R5,4,34,16,1.0,1.0,0.0
R0_vs_R5,d3_rainbow_trout,classification,macro_f1,R0,R5,4,35,16,0.477979274611399,0.4957627118644068,-0.017783437253007794
R0_vs_R5,d3_rainbow_trout,classification,macro_f1,R0,R5,4,36,16,0.7290528233151183,0.7290528233151183,0.0
R0_vs_R5,d3_rainbow_trout,classification,macro_f1,R0,R5,4,37,16,0.5,0.5,0.0
R0_vs_R5,d3_rainbow_trout,classification,macro_f1,R0,R5,4,38,16,0.75,0.75,0.0
R0_vs_R5,d3_rainbow_trout,classification,macro_f1,R0,R5,4,39,16,0.75,0.75,0.0
R0_vs_R5,d3_rainbow_trout,classification,macro_f1,R0,R5,4,40,16,0.75,0.75,0.0
R0_vs_R5,d3_rainbow_trout,classification,macro_f1,R0,R5,4,41,16,1.0,1.0,0.0
R0_vs_R5,d3_rainbow_trout,classification,macro_f1,R0,R5,4,42,16,0.25,0.25,0.0
R0_vs_R5,d3_rainbow_trout,classification,macro_f1,R0,R5,4,43,16,0.5,0.5,0.0
R0_vs_R5,d3_rainbow_trout,classification,macro_f1,R0,R5,4,44,16,0.5,0.5,0.0
R0_vs_R5,d3_rainbow_trout,classification,macro_f1,R0,R5,4,45,16,0.75,0.75,0.0
R0_vs_R5,d3_rainbow_trout,classification,macro_f1,R0,R5,4,46,16,0.5,0.5,0.0
R0_vs_R5,d3_rainbow_trout,classification,macro_f1,R0,R5,4,47,16,1.0,1.0,0.0
R0_vs_R5,d3_rainbow_trout,classification,macro_f1,R0,R5,4,48,16,0.75,0.75,0.0
R0_vs_R5,d3_rainbow_trout,classification,macro_f1,R0,R5,4,49,16,0.75,0.75,0.0
R0_vs_R5,d3_rainbow_trout,classification,macro_f1,R0,R5,4,50,16,0.75,0.75,0.0
R0_vs_R5,d3_rainbow_trout,classification,macro_f1,R0,R5,4,51,16,0.7333147942157954,0.7333147942157954,0.0
R0_vs_R5,d3_rainbow_trout,classification,macro_f1,R0,R5,4,52,16,0.75,0.75,0.0
R0_vs_R5,d3_rainbow_trout,classification,macro_f1,R0,R5,4,53,16,0.5,0.5,0.0
R0_vs_R5,d3_rainbow_trout,classification,macro_f1,R0,R5,4,54,16,0.75,0.75,0.0
R0_vs_R5,d3_rainbow_trout,classification,macro_f1,R0,R5,4,55,16,0.5,0.5,0.0
R0_vs_R5,d3_rainbow_trout,classification,macro_f1,R0,R5,4,56,16,0.75,0.75,0.0
R0_vs_R5,d3_rainbow_trout,classification,macro_f1,R0,R5,4,57,16,0.75,0.75,0.0
R0_vs_R5,d3_rainbow_trout,classification,macro_f1,R0,R5,4,58,16,0.5,0.5,0.0
R0_vs_R5,d3_rainbow_trout,classification,macro_f1,R0,R5,4,59,16,0.25,0.25,0.0
R0_vs_R5,d3_rainbow_trout,classification,macro_f1,R0,R5,4,60,16,0.5,0.5,0.0
R0_vs_R5,d3_rainbow_trout,classification,macro_f1,R0,R5,4,61,16,0.5,0.5,0.0
R0_vs_R5,d3_rainbow_trout,classification,macro_f1,R0,R5,5,0,16,0.75,0.75,0.0
R0_vs_R5,d3_rainbow_trout,classification,macro_f1,R0,R5,5,1,16,0.75,0.75,0.0
R0_vs_R5,d3_rainbow_trout,classification,macro_f1,R0,R5,5,2,16,0.5,0.5,0.0
R0_vs_R5,d3_rainbow_trout,classification,macro_f1,R0,R5,5,3,16,0.7290528233151183,0.7242161900269026,0.004836633288215708
R0_vs_R5,d3_rainbow_trout,classification,macro_f1,R0,R5,5,4,16,0.5,0.5,0.0
R0_vs_R5,d3_rainbow_trout,classification,macro_f1,R0,R5,5,5,16,0.5,0.5,0.0
R0_vs_R5,d3_rainbow_trout,classification,macro_f1,R0,R5,5,6,16,0.75,0.75,0.0
R0_vs_R5,d3_rainbow_trout,classification,macro_f1,R0,R5,5,7,16,0.75,0.75,0.0
R0_vs_R5,d3_rainbow_trout,classification,macro_f1,R0,R5,5,8,16,0.5,0.5,0.0
R0_vs_R5,d3_rainbow_trout,classification,macro_f1,R0,R5,5,9,16,0.75,0.75,0.0
R0_vs_R5,d3_rainbow_trout,classification,macro_f1,R0,R5,5,10,16,0.25,0.25,0.0
R0_vs_R5,d3_rainbow_trout,classification,macro_f1,R0,R5,5,11,16,1.0,1.0,0.0
R0_vs_R5,d3_rainbow_trout,classification,macro_f1,R0,R5,5,12,16,0.75,0.75,0.0
R0_vs_R5,d3_rainbow_trout,classification,macro_f1,R0,R5,5,13,16,0.5,0.5,0.0
R0_vs_R5,d3_rainbow_trout,classification,macro_f1,R0,R5,5,14,16,0.75,0.75,0.0
R0_vs_R5,d3_rainbow_trout,classification,macro_f1,R0,R5,5,15,16,0.25,0.25,0.0
R0_vs_R5,d3_rainbow_trout,classification,macro_f1,R0,R5,5,16,16,0.75,0.75,0.0
R0_vs_R5,d3_rainbow_trout,classification,macro_f1,R0,R5,5,17,16,0.5,0.5,0.0
R0_vs_R5,d3_rainbow_trout,classification,macro_f1,R0,R5,5,18,16,0.75,0.75,0.0
R0_vs_R5,d3_rainbow_trout,classification,macro_f1,R0,R5,5,19,16,0.75,0.75,0.0
R0_vs_R5,d3_rainbow_trout,classification,macro_f1,R0,R5,5,20,16,1.0,1.0,0.0
R0_vs_R5,d3_rainbow_trout,classification,macro_f1,R0,R5,5,21,16,0.5,0.5,0.0
R0_vs_R5,d3_rainbow_trout,classification,macro_f1,R0,R5,5,22,16,0.75,0.75,0.0
R0_vs_R5,d3_rainbow_trout,classification,macro_f1,R0,R5,5,23,16,1.0,1.0,0.0
R0_vs_R5,d3_rainbow_trout,classification,macro_f1,R0,R5,5,24,16,0.6762256809338522,0.6468204874427812,0.029405193491070958
R0_vs_R5,d3_rainbow_trout,classification,macro_f1,R0,R5,5,25,16,0.5,0.5,0.0
R0_vs_R5,d3_rainbow_trout,classification,macro_f1,R0,R5,5,26,16,0.7333147942157954,0.7380884855360181,-0.0047736913202227615
R0_vs_R5,d3_rainbow_trout,classification,macro_f1,R0,R5,5,27,16,0.5,0.5,0.0
R0_vs_R5,d3_rainbow_trout,classification,macro_f1,R0,R5,5,28,16,0.5,0.5,0.0
R0_vs_R5,d3_rainbow_trout,classification,macro_f1,R0,R5,5,29,16,0.5,0.5,0.0
R0_vs_R5,d3_rainbow_trout,classification,macro_f1,R0,R5,5,30,16,0.75,0.75,0.0
R0_vs_R5,d3_rainbow_trout,classification,macro_f1,R0,R5,5,31,16,0.5,0.5,0.0
R0_vs_R5,d3_rainbow_trout,classification,macro_f1,R0,R5,5,32,16,0.5,0.5,0.0
R0_vs_R5,d3_rainbow_trout,classification,macro_f1,R0,R5,5,33,16,0.75,0.75,0.0
R0_vs_R5,d3_rainbow_trout,classification,macro_f1,R0,R5,5,34,16,0.75,0.74821850716556,0.0017814928344399572
R0_vs_R5,d3_rainbow_trout,classification,macro_f1,R0,R5,5,35,16,0.5,0.5,0.0
R0_vs_R5,d3_rainbow_trout,classification,macro_f1,R0,R5,5,36,16,0.75,0.75,0.0
R0_vs_R5,d3_rainbow_trout,classification,macro_f1,R0,R5,5,37,16,0.5,0.5,0.0
R0_vs_R5,d3_rainbow_trout,classification,macro_f1,R0,R5,5,38,16,0.75,0.75,0.0
R0_vs_R5,d3_rainbow_trout,classification,macro_f1,R0,R5,5,39,16,0.25,0.25,0.0
R0_vs_R5,d3_rainbow_trout,classification,macro_f1,R0,R5,5,40,16,0.75,0.75,0.0
R0_vs_R5,d3_rainbow_trout,classification,macro_f1,R0,R5,5,41,16,0.75,0.75,0.0
R0_vs_R5,d3_rainbow_trout,classification,macro_f1,R0,R5,5,42,16,0.75,0.75,0.0
R0_vs_R5,d3_rainbow_trout,classification,macro_f1,R0,R5,5,43,16,0.25,0.25,0.0
R0_vs_R5,d3_rainbow_trout,classification,macro_f1,R0,R5,5,44,16,0.5,0.5,0.0
R0_vs_R5,d3_rainbow_trout,classification,macro_f1,R0,R5,5,45,16,0.75,0.75,0.0
R0_vs_R5,d3_rainbow_trout,classification,macro_f1,R0,R5,5,46,16,0.5,0.5,0.0
R0_vs_R5,d3_rainbow_trout,classification,macro_f1,R0,R5,5,47,16,0.5,0.5,0.0
R0_vs_R5,d3_rainbow_trout,classification,macro_f1,R0,R5,5,48,16,0.75,0.75,0.0
R0_vs_R5,d3_rainbow_trout,classification,macro_f1,R0,R5,5,49,16,0.5,0.5,0.0
R0_vs_R5,d3_rainbow_trout,classification,macro_f1,R0,R5,5,50,16,1.0,1.0,0.0
R0_vs_R5,d3_rainbow_trout,classification,macro_f1,R0,R5,5,51,16,0.75,0.75,0.0
R0_vs_R5,d3_rainbow_trout,classification,macro_f1,R0,R5,5,52,16,0.5,0.5,0.0
R0_vs_R5,d3_rainbow_trout,classification,macro_f1,R0,R5,5,53,16,1.0,1.0,0.0
R0_vs_R5,d3_rainbow_trout,classification,macro_f1,R0,R5,5,54,16,0.25,0.25,0.0
R0_vs_R5,d3_rainbow_trout,classification,macro_f1,R0,R5,5,55,16,0.7440467753366407,0.7464283892035308,-0.0023816138668901754
R0_vs_R5,d3_rainbow_trout,classification,macro_f1,R0,R5,5,56,16,0.5,0.5,0.0
R0_vs_R5,d3_rainbow_trout,classification,macro_f1,R0,R5,5,57,16,0.5079661016949153,0.5196382705479452,-0.011672168853029907
R0_vs_R5,d3_rainbow_trout,classification,macro_f1,R0,R5,5,58,16,0.5,0.5,0.0
R0_vs_R5,d3_rainbow_trout,classification,macro_f1,R0,R5,5,59,16,0.25,0.25,0.0
R0_vs_R5,d3_rainbow_trout,classification,macro_f1,R0,R5,5,60,16,0.75,0.75,0.0
R0_vs_R5,d3_rainbow_trout,classification,macro_f1,R0,R5,5,61,16,0.75,0.75,0.0
R0_vs_R5,d3_rainbow_trout,classification,macro_f1,R0,R5,6,0,16,0.5,0.5,0.0
R0_vs_R5,d3_rainbow_trout,classification,macro_f1,R0,R5,6,1,16,0.5,0.5,0.0
R0_vs_R5,d3_rainbow_trout,classification,macro_f1,R0,R5,6,2,16,0.5,0.5,0.0
R0_vs_R5,d3_rainbow_trout,classification,macro_f1,R0,R5,6,3,16,0.75,0.75,0.0
R0_vs_R5,d3_rainbow_trout,classification,macro_f1,R0,R5,6,4,16,0.75,0.75,0.0
R0_vs_R5,d3_rainbow_trout,classification,macro_f1,R0,R5,6,5,16,0.25,0.25,0.0
R0_vs_R5,d3_rainbow_trout,classification,macro_f1,R0,R5,6,6,16,0.5,0.5,0.0
R0_vs_R5,d3_rainbow_trout,classification,macro_f1,R0,R5,6,7,16,0.75,0.75,0.0
R0_vs_R5,d3_rainbow_trout,classification,macro_f1,R0,R5,6,8,16,0.5,0.5,0.0
R0_vs_R5,d3_rainbow_trout,classification,macro_f1,R0,R5,6,9,16,0.5,0.5,0.0
R0_vs_R5,d3_rainbow_trout,classification,macro_f1,R0,R5,6,10,16,0.75,0.75,0.0
R0_vs_R5,d3_rainbow_trout,classification,macro_f1,R0,R5,6,11,16,0.5,0.5,0.0
R0_vs_R5,d3_rainbow_trout,classification,macro_f1,R0,R5,6,12,16,0.5,0.5,0.0
R0_vs_R5,d3_rainbow_trout,classification,macro_f1,R0,R5,6,13,16,0.75,0.75,0.0
R0_vs_R5,d3_rainbow_trout,classification,macro_f1,R0,R5,6,14,16,0.75,0.75,0.0
R0_vs_R5,d3_rainbow_trout,classification,macro_f1,R0,R5,6,15,16,0.5,0.5,0.0
R0_vs_R5,d3_rainbow_trout,classification,macro_f1,R0,R5,6,16,16,1.0,1.0,0.0
R0_vs_R5,d3_rainbow_trout,classification,macro_f1,R0,R5,6,17,16,0.5,0.5,0.0
R0_vs_R5,d3_rainbow_trout,classification,macro_f1,R0,R5,6,18,16,1.0,1.0,0.0
R0_vs_R5,d3_rainbow_trout,classification,macro_f1,R0,R5,6,19,16,0.75,0.75,0.0
R0_vs_R5,d3_rainbow_trout,classification,macro_f1,R0,R5,6,20,16,0.5,0.5,0.0
R0_vs_R5,d3_rainbow_trout,classification,macro_f1,R0,R5,6,21,16,0.75,0.75,0.0
R0_vs_R5,d3_rainbow_trout,classification,macro_f1,R0,R5,6,22,16,0.75,0.75,0.0
R0_vs_R5,d3_rainbow_trout,classification,macro_f1,R0,R5,6,23,16,1.0,1.0,0.0
R0_vs_R5,d3_rainbow_trout,classification,macro_f1,R0,R5,6,24,16,0.5,0.5,0.0
R0_vs_R5,d3_rainbow_trout,classification,macro_f1,R0,R5,6,25,16,0.25,0.25,0.0
R0_vs_R5,d3_rainbow_trout,classification,macro_f1,R0,R5,6,26,16,0.75,0.75,0.0
R0_vs_R5,d3_rainbow_trout,classification,macro_f1,R0,R5,6,27,16,0.75,0.7359713191413557,0.014028680858644282
R0_vs_R5,d3_rainbow_trout,classification,macro_f1,R0,R5,6,28,16,0.25,0.25,0.0
R0_vs_R5,d3_rainbow_trout,classification,macro_f1,R0,R5,6,29,16,0.5,0.5,0.0
R0_vs_R5,d3_rainbow_trout,classification,macro_f1,R0,R5,6,30,16,0.25,0.25,0.0
R0_vs_R5,d3_rainbow_trout,classification,macro_f1,R0,R5,6,31,16,0.75,0.75,0.0
R0_vs_R5,d3_rainbow_trout,classification,macro_f1,R0,R5,6,32,16,0.5523006886590494,0.6745462342659774,-0.12224554560692802
R0_vs_R5,d3_rainbow_trout,classification,macro_f1,R0,R5,6,33,16,0.75,0.75,0.0
R0_vs_R5,d3_rainbow_trout,classification,macro_f1,R0,R5,6,34,16,1.0,1.0,0.0
R0_vs_R5,d3_rainbow_trout,classification,macro_f1,R0,R5,6,35,16,0.25,0.25,0.0
R0_vs_R5,d3_rainbow_trout,classification,macro_f1,R0,R5,6,36,16,0.75,0.75,0.0
R0_vs_R5,d3_rainbow_trout,classification,macro_f1,R0,R5,6,37,16,0.75,0.75,0.0
R0_vs_R5,d3_rainbow_trout,classification,macro_f1,R0,R5,6,38,16,0.5,0.5,0.0
R0_vs_R5,d3_rainbow_trout,classification,macro_f1,R0,R5,6,39,16,0.75,0.75,0.0
R0_vs_R5,d3_rainbow_trout,classification,macro_f1,R0,R5,6,40,16,0.75,0.75,0.0
R0_vs_R5,d3_rainbow_trout,classification,macro_f1,R0,R5,6,41,16,0.7520419714915217,0.7290528233151183,0.022989148176403407
R0_vs_R5,d3_rainbow_trout,classification,macro_f1,R0,R5,6,42,16,0.75,0.75,0.0
R0_vs_R5,d3_rainbow_trout,classification,macro_f1,R0,R5,6,43,16,0.5,0.5,0.0
R0_vs_R5,d3_rainbow_trout,classification,macro_f1,R0,R5,6,44,16,0.75,0.75,0.0
R0_vs_R5,d3_rainbow_trout,classification,macro_f1,R0,R5,6,45,16,0.5,0.5,0.0
R0_vs_R5,d3_rainbow_trout,classification,macro_f1,R0,R5,6,46,16,0.75,0.75,0.0
R0_vs_R5,d3_rainbow_trout,classification,macro_f1,R0,R5,6,47,16,0.6885487528344671,0.6808836395450568,0.00766511328941033
R0_vs_R5,d3_rainbow_trout,classification,macro_f1,R0,R5,6,48,16,0.5,0.5,0.0
R0_vs_R5,d3_rainbow_trout,classification,macro_f1,R0,R5,6,49,16,0.25,0.25,0.0
R0_vs_R5,d3_rainbow_trout,classification,macro_f1,R0,R5,6,50,16,0.75,0.75,0.0
R0_vs_R5,d3_rainbow_trout,classification,macro_f1,R0,R5,6,51,16,0.5,0.5,0.0
R0_vs_R5,d3_rainbow_trout,classification,macro_f1,R0,R5,6,52,16,0.5,0.5,0.0
R0_vs_R5,d3_rainbow_trout,classification,macro_f1,R0,R5,6,53,16,1.0,1.0,0.0
R0_vs_R5,d3_rainbow_trout,classification,macro_f1,R0,R5,6,54,16,0.75,0.75,0.0
R0_vs_R5,d3_rainbow_trout,classification,macro_f1,R0,R5,6,55,16,0.5,0.5,0.0
R0_vs_R5,d3_rainbow_trout,classification,macro_f1,R0,R5,6,56,16,0.5,0.5,0.0
R0_vs_R5,d3_rainbow_trout,classification,macro_f1,R0,R5,6,57,16,0.5,0.5,0.0
R0_vs_R5,d3_rainbow_trout,classification,macro_f1,R0,R5,6,58,16,0.75,0.75,0.0
R0_vs_R5,d3_rainbow_trout,classification,macro_f1,R0,R5,6,59,16,0.75,0.75,0.0
R0_vs_R5,d3_rainbow_trout,classification,macro_f1,R0,R5,6,60,16,0.75,0.75,0.0
R0_vs_R5,d3_rainbow_trout,classification,macro_f1,R0,R5,6,61,16,0.75,0.75,0.0
R0_vs_R5,d3_rainbow_trout,classification,macro_f1,R0,R5,7,0,16,0.25,0.25,0.0
R0_vs_R5,d3_rainbow_trout,classification,macro_f1,R0,R5,7,1,16,0.25,0.25,0.0
R0_vs_R5,d3_rainbow_trout,classification,macro_f1,R0,R5,7,2,16,0.5,0.5,0.0
R0_vs_R5,d3_rainbow_trout,classification,macro_f1,R0,R5,7,3,16,0.5,0.5,0.0
R0_vs_R5,d3_rainbow_trout,classification,macro_f1,R0,R5,7,4,16,0.5,0.5,0.0
R0_vs_R5,d3_rainbow_trout,classification,macro_f1,R0,R5,7,5,16,0.75,0.75,0.0
R0_vs_R5,d3_rainbow_trout,classification,macro_f1,R0,R5,7,6,16,0.7043885319737534,0.7476189936279733,-0.043230461654219954
R0_vs_R5,d3_rainbow_trout,classification,macro_f1,R0,R5,7,7,16,0.75,0.75,0.0
R0_vs_R5,d3_rainbow_trout,classification,macro_f1,R0,R5,7,8,16,0.75,0.75,0.0
R0_vs_R5,d3_rainbow_trout,classification,macro_f1,R0,R5,7,9,16,0.75,0.75,0.0
R0_vs_R5,d3_rainbow_trout,classification,macro_f1,R0,R5,7,10,16,0.25,0.25,0.0
R0_vs_R5,d3_rainbow_trout,classification,macro_f1,R0,R5,7,11,16,0.5,0.5,0.0
R0_vs_R5,d3_rainbow_trout,classification,macro_f1,R0,R5,7,12,16,0.5,0.5,0.0
R0_vs_R5,d3_rainbow_trout,classification,macro_f1,R0,R5,7,13,16,0.5,0.5,0.0
R0_vs_R5,d3_rainbow_trout,classification,macro_f1,R0,R5,7,14,16,0.5,0.5,0.0
R0_vs_R5,d3_rainbow_trout,classification,macro_f1,R0,R5,7,15,16,0.5,0.5,0.0
R0_vs_R5,d3_rainbow_trout,classification,macro_f1,R0,R5,7,16,16,0.5,0.5,0.0
R0_vs_R5,d3_rainbow_trout,classification,macro_f1,R0,R5,7,17,16,0.75,0.75,0.0
R0_vs_R5,d3_rainbow_trout,classification,macro_f1,R0,R5,7,18,16,0.5,0.5,0.0
R0_vs_R5,d3_rainbow_trout,classification,macro_f1,R0,R5,7,19,16,0.7242161900269026,0.7192946378078248,0.004921552219077863
R0_vs_R5,d3_rainbow_trout,classification,macro_f1,R0,R5,7,20,16,0.6104016064257028,0.6119422097682967,-0.0015406033425938714
R0_vs_R5,d3_rainbow_trout,classification,macro_f1,R0,R5,7,21,16,0.5,0.5,0.0
R0_vs_R5,d3_rainbow_trout,classification,macro_f1,R0,R5,7,22,16,0.5,0.5,0.0
R0_vs_R5,d3_rainbow_trout,classification,macro_f1,R0,R5,7,23,16,0.5,0.5,0.0
R0_vs_R5,d3_rainbow_trout,classification,macro_f1,R0,R5,7,24,16,0.75,0.75,0.0
R0_vs_R5,d3_rainbow_trout,classification,macro_f1,R0,R5,7,25,16,1.0,1.0,0.0
R0_vs_R5,d3_rainbow_trout,classification,macro_f1,R0,R5,7,26,16,0.75,0.75,0.0
R0_vs_R5,d3_rainbow_trout,classification,macro_f1,R0,R5,7,27,16,0.5,0.5,0.0
R0_vs_R5,d3_rainbow_trout,classification,macro_f1,R0,R5,7,28,16,1.0,1.0,0.0
R0_vs_R5,d3_rainbow_trout,classification,macro_f1,R0,R5,7,29,16,0.25,0.25,0.0
R0_vs_R5,d3_rainbow_trout,classification,macro_f1,R0,R5,7,30,16,0.75,0.75,0.0
R0_vs_R5,d3_rainbow_trout,classification,macro_f1,R0,R5,7,31,16,0.5,0.5,0.0
R0_vs_R5,d3_rainbow_trout,classification,macro_f1,R0,R5,7,32,16,0.5,0.5,0.0
R0_vs_R5,d3_rainbow_trout,classification,macro_f1,R0,R5,7,33,16,0.25,0.25,0.0
R0_vs_R5,d3_rainbow_trout,classification,macro_f1,R0,R5,7,34,16,0.7451456310679612,0.7429232566498922,0.0022223744180689398
R0_vs_R5,d3_rainbow_trout,classification,macro_f1,R0,R5,7,35,16,0.75,0.75,0.0
R0_vs_R5,d3_rainbow_trout,classification,macro_f1,R0,R5,7,36,16,0.75,0.75,0.0
R0_vs_R5,d3_rainbow_trout,classification,macro_f1,R0,R5,7,37,16,0.75,0.75,0.0
R0_vs_R5,d3_rainbow_trout,classification,macro_f1,R0,R5,7,38,16,0.75,0.75,0.0
R0_vs_R5,d3_rainbow_trout,classification,macro_f1,R0,R5,7,39,16,0.75,0.75,0.0
R0_vs_R5,d3_rainbow_trout,classification,macro_f1,R0,R5,7,40,16,0.75,0.75,0.0
R0_vs_R5,d3_rainbow_trout,classification,macro_f1,R0,R5,7,41,16,0.75,0.75,0.0
R0_vs_R5,d3_rainbow_trout,classification,macro_f1,R0,R5,7,42,16,0.5,0.5,0.0
R0_vs_R5,d3_rainbow_trout,classification,macro_f1,R0,R5,7,43,16,0.25,0.25,0.0
R0_vs_R5,d3_rainbow_trout,classification,macro_f1,R0,R5,7,44,16,0.75,0.75,0.0
R0_vs_R5,d3_rainbow_trout,classification,macro_f1,R0,R5,7,45,16,0.75,0.75,0.0
R0_vs_R5,d3_rainbow_trout,classification,macro_f1,R0,R5,7,46,16,0.75,0.75,0.0
R0_vs_R5,d3_rainbow_trout,classification,macro_f1,R0,R5,7,47,16,1.0,1.0,0.0
R0_vs_R5,d3_rainbow_trout,classification,macro_f1,R0,R5,7,48,16,0.75,0.75,0.0
R0_vs_R5,d3_rainbow_trout,classification,macro_f1,R0,R5,7,49,16,1.0,1.0,0.0
R0_vs_R5,d3_rainbow_trout,classification,macro_f1,R0,R5,7,50,16,1.0,1.0,0.0
R0_vs_R5,d3_rainbow_trout,classification,macro_f1,R0,R5,7,51,16,0.7308328447045548,0.7274407509833519,0.00339209372120286
R0_vs_R5,d3_rainbow_trout,classification,macro_f1,R0,R5,7,52,16,0.5,0.5,0.0
R0_vs_R5,d3_rainbow_trout,classification,macro_f1,R0,R5,7,53,16,0.75,0.75,0.0
R0_vs_R5,d3_rainbow_trout,classification,macro_f1,R0,R5,7,54,16,0.5,0.5,0.0
R0_vs_R5,d3_rainbow_trout,classification,macro_f1,R0,R5,7,55,16,0.5,0.5,0.0
R0_vs_R5,d3_rainbow_trout,classification,macro_f1,R0,R5,7,56,16,0.7213349713349714,0.7141025641025641,0.007232407232407256
R0_vs_R5,d3_rainbow_trout,classification,macro_f1,R0,R5,7,57,16,0.75,0.75,0.0
R0_vs_R5,d3_rainbow_trout,classification,macro_f1,R0,R5,7,58,16,0.5,0.5,0.0
R0_vs_R5,d3_rainbow_trout,classification,macro_f1,R0,R5,7,59,16,0.75,0.75,0.0
R0_vs_R5,d3_rainbow_trout,classification,macro_f1,R0,R5,7,60,16,0.5,0.5,0.0
R0_vs_R5,d3_rainbow_trout,classification,macro_f1,R0,R5,7,61,16,0.75,0.75,0.0
R0_vs_R5,d3_rainbow_trout,classification,macro_f1,R0,R5,8,0,16,0.5,0.5,0.0
R0_vs_R5,d3_rainbow_trout,classification,macro_f1,R0,R5,8,1,16,0.5,0.5,0.0
R0_vs_R5,d3_rainbow_trout,classification,macro_f1,R0,R5,8,2,16,0.75,0.75,0.0
R0_vs_R5,d3_rainbow_trout,classification,macro_f1,R0,R5,8,3,16,1.0,1.0,0.0
R0_vs_R5,d3_rainbow_trout,classification,macro_f1,R0,R5,8,4,16,0.75,0.75,0.0
R0_vs_R5,d3_rainbow_trout,classification,macro_f1,R0,R5,8,5,16,0.5,0.5,0.0
R0_vs_R5,d3_rainbow_trout,classification,macro_f1,R0,R5,8,6,16,0.5,0.5,0.0
R0_vs_R5,d3_rainbow_trout,classification,macro_f1,R0,R5,8,7,16,0.6538258296343268,0.6237980769230769,0.03002775271124991
R0_vs_R5,d3_rainbow_trout,classification,macro_f1,R0,R5,8,8,16,0.5,0.5,0.0
R0_vs_R5,d3_rainbow_trout,classification,macro_f1,R0,R5,8,9,16,0.5,0.5,0.0
R0_vs_R5,d3_rainbow_trout,classification,macro_f1,R0,R5,8,10,16,0.75,0.75,0.0
R0_vs_R5,d3_rainbow_trout,classification,macro_f1,R0,R5,8,11,16,0.75,0.75,0.0
R0_vs_R5,d3_rainbow_trout,classification,macro_f1,R0,R5,8,12,16,0.5,0.5,0.0
R0_vs_R5,d3_rainbow_trout,classification,macro_f1,R0,R5,8,13,16,0.75,0.75,0.0
R0_vs_R5,d3_rainbow_trout,classification,macro_f1,R0,R5,8,14,16,0.5,0.5,0.0
R0_vs_R5,d3_rainbow_trout,classification,macro_f1,R0,R5,8,15,16,0.5,0.5,0.0
R0_vs_R5,d3_rainbow_trout,classification,macro_f1,R0,R5,8,16,16,0.75,0.75,0.0
R0_vs_R5,d3_rainbow_trout,classification,macro_f1,R0,R5,8,17,16,0.5,0.5,0.0
R0_vs_R5,d3_rainbow_trout,classification,macro_f1,R0,R5,8,18,16,1.0,1.0,0.0
R0_vs_R5,d3_rainbow_trout,classification,macro_f1,R0,R5,8,19,16,0.75,0.75,0.0
R0_vs_R5,d3_rainbow_trout,classification,macro_f1,R0,R5,8,20,16,0.5,0.5,0.0
R0_vs_R5,d3_rainbow_trout,classification,macro_f1,R0,R5,8,21,16,0.25,0.25,0.0
R0_vs_R5,d3_rainbow_trout,classification,macro_f1,R0,R5,8,22,16,0.5,0.5,0.0
R0_vs_R5,d3_rainbow_trout,classification,macro_f1,R0,R5,8,23,16,0.25,0.25,0.0
R0_vs_R5,d3_rainbow_trout,classification,macro_f1,R0,R5,8,24,16,0.5,0.5,0.0
R0_vs_R5,d3_rainbow_trout,classification,macro_f1,R0,R5,8,25,16,1.0,1.0,0.0
R0_vs_R5,d3_rainbow_trout,classification,macro_f1,R0,R5,8,26,16,0.75,0.75,0.0
R0_vs_R5,d3_rainbow_trout,classification,macro_f1,R0,R5,8,27,16,1.0,1.0,0.0
R0_vs_R5,d3_rainbow_trout,classification,macro_f1,R0,R5,8,28,16,0.75,0.75,0.0
R0_vs_R5,d3_rainbow_trout,classification,macro_f1,R0,R5,8,29,16,0.75,0.75,0.0
R0_vs_R5,d3_rainbow_trout,classification,macro_f1,R0,R5,8,30,16,0.7452376632801161,0.75,-0.004762336719883908
R0_vs_R5,d3_rainbow_trout,classification,macro_f1,R0,R5,8,31,16,0.5,0.5,0.0
R0_vs_R5,d3_rainbow_trout,classification,macro_f1,R0,R5,8,32,16,0.75,0.75,0.0
R0_vs_R5,d3_rainbow_trout,classification,macro_f1,R0,R5,8,33,16,0.75,0.75,0.0
R0_vs_R5,d3_rainbow_trout,classification,macro_f1,R0,R5,8,34,16,0.6836625939436558,0.6215575018101038,0.062105092133551976
R0_vs_R5,d3_rainbow_trout,classification,macro_f1,R0,R5,8,35,16,0.5,0.5,0.0
R0_vs_R5,d3_rainbow_trout,classification,macro_f1,R0,R5,8,36,16,0.25,0.25,0.0
R0_vs_R5,d3_rainbow_trout,classification,macro_f1,R0,R5,8,37,16,0.75,0.75,0.0
R0_vs_R5,d3_rainbow_trout,classification,macro_f1,R0,R5,8,38,16,0.75,0.75,0.0
R0_vs_R5,d3_rainbow_trout,classification,macro_f1,R0,R5,8,39,16,0.5,0.5,0.0
R0_vs_R5,d3_rainbow_trout,classification,macro_f1,R0,R5,8,40,16,0.75,0.75,0.0
R0_vs_R5,d3_rainbow_trout,classification,macro_f1,R0,R5,8,41,16,0.75,0.75,0.0
R0_vs_R5,d3_rainbow_trout,classification,macro_f1,R0,R5,8,42,16,0.5,0.5,0.0
R0_vs_R5,d3_rainbow_trout,classification,macro_f1,R0,R5,8,43,16,0.25,0.25,0.0
R0_vs_R5,d3_rainbow_trout,classification,macro_f1,R0,R5,8,44,16,0.75,0.75,0.0
R0_vs_R5,d3_rainbow_trout,classification,macro_f1,R0,R5,8,45,16,0.75,0.75,0.0
R0_vs_R5,d3_rainbow_trout,classification,macro_f1,R0,R5,8,46,16,0.75,0.75,0.0
R0_vs_R5,d3_rainbow_trout,classification,macro_f1,R0,R5,8,47,16,0.7290528233151183,0.7384806973848069,-0.009427874069688591
R0_vs_R5,d3_rainbow_trout,classification,macro_f1,R0,R5,8,48,16,0.5,0.5,0.0
R0_vs_R5,d3_rainbow_trout,classification,macro_f1,R0,R5,8,49,16,0.75,0.75,0.0
R0_vs_R5,d3_rainbow_trout,classification,macro_f1,R0,R5,8,50,16,1.0,1.0,0.0
R0_vs_R5,d3_rainbow_trout,classification,macro_f1,R0,R5,8,51,16,0.25,0.25,0.0
R0_vs_R5,d3_rainbow_trout,classification,macro_f1,R0,R5,8,52,16,0.25,0.25,0.0
R0_vs_R5,d3_rainbow_trout,classification,macro_f1,R0,R5,8,53,16,0.75,0.75,0.0
R0_vs_R5,d3_rainbow_trout,classification,macro_f1,R0,R5,8,54,16,0.75,0.75,0.0
R0_vs_R5,d3_rainbow_trout,classification,macro_f1,R0,R5,8,55,16,0.75,0.75,0.0
R0_vs_R5,d3_rainbow_trout,classification,macro_f1,R0,R5,8,56,16,0.5,0.5,0.0
R0_vs_R5,d3_rainbow_trout,classification,macro_f1,R0,R5,8,57,16,0.5,0.5,0.0
R0_vs_R5,d3_rainbow_trout,classification,macro_f1,R0,R5,8,58,16,0.5,0.5,0.0
R0_vs_R5,d3_rainbow_trout,classification,macro_f1,R0,R5,8,59,16,0.75,0.75,0.0
R0_vs_R5,d3_rainbow_trout,classification,macro_f1,R0,R5,8,60,16,0.728531997546514,0.7404727338716994,-0.011940736325185441
R0_vs_R5,d3_rainbow_trout,classification,macro_f1,R0,R5,8,61,16,0.5,0.5,0.0
R0_vs_R5,d3_rainbow_trout,classification,macro_f1,R0,R5,9,0,16,0.75,0.75,0.0
R0_vs_R5,d3_rainbow_trout,classification,macro_f1,R0,R5,9,1,16,0.5,0.5,0.0
R0_vs_R5,d3_rainbow_trout,classification,macro_f1,R0,R5,9,2,16,0.5,0.5,0.0
R0_vs_R5,d3_rainbow_trout,classification,macro_f1,R0,R5,9,3,16,0.75,0.75,0.0
R0_vs_R5,d3_rainbow_trout,classification,macro_f1,R0,R5,9,4,16,0.5,0.5,0.0
R0_vs_R5,d3_rainbow_trout,classification,macro_f1,R0,R5,9,5,16,1.0,1.0,0.0
R0_vs_R5,d3_rainbow_trout,classification,macro_f1,R0,R5,9,6,16,0.75,0.75,0.0
R0_vs_R5,d3_rainbow_trout,classification,macro_f1,R0,R5,9,7,16,1.0,1.0,0.0
R0_vs_R5,d3_rainbow_trout,classification,macro_f1,R0,R5,9,8,16,1.0,1.0,0.0
R0_vs_R5,d3_rainbow_trout,classification,macro_f1,R0,R5,9,9,16,0.5,0.5,0.0
R0_vs_R5,d3_rainbow_trout,classification,macro_f1,R0,R5,9,10,16,0.75,0.75,0.0
R0_vs_R5,d3_rainbow_trout,classification,macro_f1,R0,R5,9,11,16,0.75,0.75,0.0
R0_vs_R5,d3_rainbow_trout,classification,macro_f1,R0,R5,9,12,16,0.5,0.5,0.0
R0_vs_R5,d3_rainbow_trout,classification,macro_f1,R0,R5,9,13,16,0.75,0.75,0.0
R0_vs_R5,d3_rainbow_trout,classification,macro_f1,R0,R5,9,14,16,0.5,0.5,0.0
R0_vs_R5,d3_rainbow_trout,classification,macro_f1,R0,R5,9,15,16,0.75,0.75,0.0
R0_vs_R5,d3_rainbow_trout,classification,macro_f1,R0,R5,9,16,16,0.25,0.25,0.0
R0_vs_R5,d3_rainbow_trout,classification,macro_f1,R0,R5,9,17,16,0.75,0.75,0.0
R0_vs_R5,d3_rainbow_trout,classification,macro_f1,R0,R5,9,18,16,0.75,0.75,0.0
R0_vs_R5,d3_rainbow_trout,classification,macro_f1,R0,R5,9,19,16,0.5,0.5,0.0
R0_vs_R5,d3_rainbow_trout,classification,macro_f1,R0,R5,9,20,16,0.5,0.5,0.0
R0_vs_R5,d3_rainbow_trout,classification,macro_f1,R0,R5,9,21,16,0.25,0.25,0.0
R0_vs_R5,d3_rainbow_trout,classification,macro_f1,R0,R5,9,22,16,0.7189285470396759,0.7380884855360181,-0.019159938496342233
R0_vs_R5,d3_rainbow_trout,classification,macro_f1,R0,R5,9,23,16,0.75,0.75,0.0
R0_vs_R5,d3_rainbow_trout,classification,macro_f1,R0,R5,9,24,16,0.5,0.5,0.0
R0_vs_R5,d3_rainbow_trout,classification,macro_f1,R0,R5,9,25,16,0.75,0.75,0.0
R0_vs_R5,d3_rainbow_trout,classification,macro_f1,R0,R5,9,26,16,0.75,0.75,0.0
R0_vs_R5,d3_rainbow_trout,classification,macro_f1,R0,R5,9,27,16,0.75,0.75,0.0
R0_vs_R5,d3_rainbow_trout,classification,macro_f1,R0,R5,9,28,16,0.75,0.7395559066175179,0.01044409338248209
R0_vs_R5,d3_rainbow_trout,classification,macro_f1,R0,R5,9,29,16,0.75,0.75,0.0
R0_vs_R5,d3_rainbow_trout,classification,macro_f1,R0,R5,9,30,16,0.5,0.5,0.0
R0_vs_R5,d3_rainbow_trout,classification,macro_f1,R0,R5,9,31,16,1.0,1.0,0.0
R0_vs_R5,d3_rainbow_trout,classification,macro_f1,R0,R5,9,32,16,0.75,0.75,0.0
R0_vs_R5,d3_rainbow_trout,classification,macro_f1,R0,R5,9,33,16,0.5,0.5,0.0
R0_vs_R5,d3_rainbow_trout,classification,macro_f1,R0,R5,9,34,16,0.5,0.5,0.0
R0_vs_R5,d3_rainbow_trout,classification,macro_f1,R0,R5,9,35,16,0.5,0.5,0.0
R0_vs_R5,d3_rainbow_trout,classification,macro_f1,R0,R5,9,36,16,0.75,0.75,0.0
R0_vs_R5,d3_rainbow_trout,classification,macro_f1,R0,R5,9,37,16,0.5,0.5,0.0
R0_vs_R5,d3_rainbow_trout,classification,macro_f1,R0,R5,9,38,16,0.5,0.5,0.0
R0_vs_R5,d3_rainbow_trout,classification,macro_f1,R0,R5,9,39,16,0.5,0.5,0.0
R0_vs_R5,d3_rainbow_trout,classification,macro_f1,R0,R5,9,40,16,0.75,0.75,0.0
R0_vs_R5,d3_rainbow_trout,classification,macro_f1,R0,R5,9,41,16,0.5,0.5,0.0
R0_vs_R5,d3_rainbow_trout,classification,macro_f1,R0,R5,9,42,16,1.0,1.0,0.0
R0_vs_R5,d3_rainbow_trout,classification,macro_f1,R0,R5,9,43,16,0.5,0.5,0.0
R0_vs_R5,d3_rainbow_trout,classification,macro_f1,R0,R5,9,44,16,0.5,0.5,0.0
R0_vs_R5,d3_rainbow_trout,classification,macro_f1,R0,R5,9,45,16,0.7242161900269026,0.7290528233151183,-0.004836633288215708
R0_vs_R5,d3_rainbow_trout,classification,macro_f1,R0,R5,9,46,16,0.75,0.75,0.0
R0_vs_R5,d3_rainbow_trout,classification,macro_f1,R0,R5,9,47,16,0.25,0.25,0.0
R0_vs_R5,d3_rainbow_trout,classification,macro_f1,R0,R5,9,48,16,0.25,0.25,0.0
R0_vs_R5,d3_rainbow_trout,classification,macro_f1,R0,R5,9,49,16,0.7464453371851584,0.75,-0.003554662814841625
R0_vs_R5,d3_rainbow_trout,classification,macro_f1,R0,R5,9,50,16,0.6808836395450568,0.6826407896266393,-0.0017571500815825036
R0_vs_R5,d3_rainbow_trout,classification,macro_f1,R0,R5,9,51,16,0.25,0.25,0.0
R0_vs_R5,d3_rainbow_trout,classification,macro_f1,R0,R5,9,52,16,0.6152248674045191,0.7019450800915332,-0.08672021268701413
R0_vs_R5,d3_rainbow_trout,classification,macro_f1,R0,R5,9,53,16,0.25,0.25,0.0
R0_vs_R5,d3_rainbow_trout,classification,macro_f1,R0,R5,9,54,16,0.5,0.5,0.0
R0_vs_R5,d3_rainbow_trout,classification,macro_f1,R0,R5,9,55,16,0.5,0.5,0.0
R0_vs_R5,d3_rainbow_trout,classification,macro_f1,R0,R5,9,56,16,0.75,0.75,0.0
R0_vs_R5,d3_rainbow_trout,classification,macro_f1,R0,R5,9,57,16,0.75,0.75,0.0
R0_vs_R5,d3_rainbow_trout,classification,macro_f1,R0,R5,9,58,16,0.75,0.75,0.0
R0_vs_R5,d3_rainbow_trout,classification,macro_f1,R0,R5,9,59,16,0.5,0.5,0.0
R0_vs_R5,d3_rainbow_trout,classification,macro_f1,R0,R5,9,60,16,0.75,0.75,0.0
R0_vs_R5,d3_rainbow_trout,classification,macro_f1,R0,R5,9,61,16,0.75,0.75,0.0
R0_vs_R5,d3_rainbow_trout,regression,mae,R0,R5,0,0,16,0.0631530908572718,0.0695388565499678,-0.006385765692695999
R0_vs_R5,d3_rainbow_trout,regression,mae,R0,R5,0,1,16,0.0699371029207971,0.0676084051647779,0.00232869775601921
R0_vs_R5,d3_rainbow_trout,regression,mae,R0,R5,0,2,16,0.0518422857660102,0.036421165310341,0.0154211204556692
R0_vs_R5,d3_rainbow_trout,regression,mae,R0,R5,0,3,16,0.0231112804425255,0.0207167924291225,0.002394488013403001
R0_vs_R5,d3_rainbow_trout,regression,mae,R0,R5,0,4,16,0.0588883789923986,0.060413644667592,-0.001525265675193399
R0_vs_R5,d3_rainbow_trout,regression,mae,R0,R5,0,5,16,0.0173143947438874,0.0221337165154163,-0.004819321771528901
R0_vs_R5,d3_rainbow_trout,regression,mae,R0,R5,0,6,16,0.0700834073107845,0.0714580326216368,-0.0013746253108523065
R0_vs_R5,d3_rainbow_trout,regression,mae,R0,R5,0,7,16,0.1124392078306439,0.1196892767513731,-0.0072500689207292
R0_vs_R5,d3_rainbow_trout,regression,mae,R0,R5,0,8,16,0.0746224262826518,0.0707083194500077,0.003914106832644093
R0_vs_R5,d3_rainbow_trout,regression,mae,R0,R5,0,9,16,0.2275928914541906,0.2268991193553307,0.0006937720988599017
R0_vs_R5,d3_rainbow_trout,regression,mae,R0,R5,0,10,16,0.0705878393626486,0.0743928712490245,-0.0038050318863758897
R0_vs_R5,d3_rainbow_trout,regression,mae,R0,R5,0,11,16,0.1944218130313,0.1942085454343444,0.00021326759695558528
R0_vs_R5,d3_rainbow_trout,regression,mae,R0,R5,0,12,16,0.1631400833865319,0.15225330919866,0.0108867741878719
R0_vs_R5,d3_rainbow_trout,regression,mae,R0,R5,0,13,16,0.0881301864439443,0.0829813718427818,0.005148814601162496
R0_vs_R5,d3_rainbow_trout,regression,mae,R0,R5,0,14,16,0.1864090746195006,0.2253415547719748,-0.03893248015247419
R0_vs_R5,d3_rainbow_trout,regression,mae,R0,R5,0,15,16,0.0400606133510537,0.0365867751692338,0.0034738381818198993
R0_vs_R5,d3_rainbow_trout,regression,mae,R0,R5,0,16,16,0.0581195773888934,0.0573103744911731,0.0008092028977203028
R0_vs_R5,d3_rainbow_trout,regression,mae,R0,R5,0,17,16,0.0493172166531129,0.0531952162791367,-0.0038779996260238023
R0_vs_R5,d3_rainbow_trout,regression,mae,R0,R5,0,18,16,0.1907436236804938,0.1995195923653576,-0.0087759686848638
R0_vs_R5,d3_rainbow_trout,regression,mae,R0,R5,0,19,16,0.051584227655232,0.0419137441006617,0.0096704835545703
R0_vs_R5,d3_rainbow_trout,regression,mae,R0,R5,0,20,16,0.0533231106875832,0.0513956848596011,0.001927425827982096
R0_vs_R5,d3_rainbow_trout,regression,mae,R0,R5,0,21,16,0.0544038109982921,0.0596734357443759,-0.0052696247460837994
R0_vs_R5,d3_rainbow_trout,regression,mae,R0,R5,0,22,16,0.0616778402446793,0.0585766219950503,0.003101218249629001
R0_vs_R5,d3_rainbow_trout,regression,mae,R0,R5,0,23,16,0.0791423378317129,0.0912273675366655,-0.012085029704952593
R0_vs_R5,d3_rainbow_trout,regression,mae,R0,R5,0,24,16,0.1407939434322064,0.1422376279048074,-0.0014436844726010145
R0_vs_R5,d3_rainbow_trout,regression,mae,R0,R5,0,25,16,0.0772663216585747,0.0853690575319643,-0.00810273587338961
R0_vs_R5,d3_rainbow_trout,regression,mae,R0,R5,0,26,16,0.2786757982269645,0.276237200423795,0.002438597803169462
R0_vs_R5,d3_rainbow_trout,regression,mae,R0,R5,0,27,16,0.1484256857895117,0.126011432395179,0.0224142533943327
R0_vs_R5,d3_rainbow_trout,regression,mae,R0,R5,0,28,16,0.1349778476738684,0.1320908653112432,0.00288698236262519
R0_vs_R5,d3_rainbow_trout,regression,mae,R0,R5,0,29,16,0.1039278006283156,0.1301683726776136,-0.026240572049298014
R0_vs_R5,d3_rainbow_trout,regression,mae,R0,R5,0,30,16,0.0806095220817667,0.0800948920205909,0.0005146300611757887
R0_vs_R5,d3_rainbow_trout,regression,mae,R0,R5,0,31,16,0.0438768725431993,0.041695290701393,0.0021815818418063
R0_vs_R5,d3_rainbow_trout,regression,mae,R0,R5,0,32,16,0.0748191957009112,0.0616005061161698,0.013218689584741393
R0_vs_R5,d3_rainbow_trout,regression,mae,R0,R5,0,33,16,0.0620302892417675,0.0648677638364616,-0.002837474594694106
R0_vs_R5,d3_rainbow_trout,regression,mae,R0,R5,0,34,16,0.091943572654866,0.0941000673075869,-0.0021564946527209
R0_vs_R5,d3_rainbow_trout,regression,mae,R0,R5,0,35,16,0.0434767775566995,0.0457273202731996,-0.0022505427165000966
R0_vs_R5,d3_rainbow_trout,regression,mae,R0,R5,0,36,16,0.113537067383368,0.1043509890794718,0.0091860783038962
R0_vs_R5,d3_rainbow_trout,regression,mae,R0,R5,0,37,16,0.07525070082512,0.0818071717069079,-0.006556470881787901
R0_vs_R5,d3_rainbow_trout,regression,mae,R0,R5,0,38,16,0.093173017807773,0.0887089385558846,0.004464079251888395
R0_vs_R5,d3_rainbow_trout,regression,mae,R0,R5,0,39,16,0.0130438992016131,0.0140405387566631,-0.0009966395550499996
R0_vs_R5,d3_rainbow_trout,regression,mae,R0,R5,0,40,16,0.2105346852421621,0.2098444203903825,0.0006902648517795873
R0_vs_R5,d3_rainbow_trout,regression,mae,R0,R5,0,41,16,0.0832487375258809,0.0757175915977103,0.007531145928170599
R0_vs_R5,d3_rainbow_trout,regression,mae,R0,R5,0,42,16,0.0966407418681194,0.0939247024076603,0.002716039460459105
R0_vs_R5,d3_rainbow_trout,regression,mae,R0,R5,0,43,16,0.0416487512326434,0.0421360249829605,-0.0004872737503170965
R0_vs_R5,d3_rainbow_trout,regression,mae,R0,R5,0,44,16,0.1092770665815812,0.1066562377963236,0.0026208287852576007
R0_vs_R5,d3_rainbow_trout,regression,mae,R0,R5,0,45,16,0.0926349438386797,0.0891545355504079,0.0034804082882717996
R0_vs_R5,d3_rainbow_trout,regression,mae,R0,R5,0,46,16,0.0304361083438605,0.0333589858581153,-0.0029228775142548027
R0_vs_R5,d3_rainbow_trout,regression,mae,R0,R5,0,47,16,0.0435190552216551,0.0428706833284577,0.0006483718931973997
R0_vs_R5,d3_rainbow_trout,regression,mae,R0,R5,0,48,16,0.2039852552844071,0.2147688976819418,-0.010783642397534682
R0_vs_R5,d3_rainbow_trout,regression,mae,R0,R5,0,49,16,0.1368299944002974,0.1281397323202472,0.008690262080050193
R0_vs_R5,d3_rainbow_trout,regression,mae,R0,R5,0,50,16,0.0600943884981886,0.0566795781393231,0.003414810358865497
R0_vs_R5,d3_rainbow_trout,regression,mae,R0,R5,0,51,16,0.2327476710731731,0.2207343879376781,0.01201328313549499
R0_vs_R5,d3_rainbow_trout,regression,mae,R0,R5,0,52,16,0.0697731885895469,0.0626327735368011,0.007140415052745791
R0_vs_R5,d3_rainbow_trout,regression,mae,R0,R5,0,53,16,0.0262642573027201,0.0208441405071973,0.005420116795522803
R0_vs_R5,d3_rainbow_trout,regression,mae,R0,R5,0,54,16,0.043952079600023,0.0394433147618895,0.0045087648381334985
R0_vs_R5,d3_rainbow_trout,regression,mae,R0,R5,0,55,16,0.0472261341426092,0.0455828801659696,0.0016432539766395998
R0_vs_R5,d3_rainbow_trout,regression,mae,R0,R5,0,56,16,0.0340831188550193,0.0359612645913731,-0.001878145736353802
R0_vs_R5,d3_rainbow_trout,regression,mae,R0,R5,0,57,16,0.1397243287870224,0.1429181207591641,-0.003193791972141702
R0_vs_R5,d3_rainbow_trout,regression,mae,R0,R5,0,58,16,0.0530281166887392,0.0518610799930492,0.001167036695689995
R0_vs_R5,d3_rainbow_trout,regression,mae,R0,R5,0,59,16,0.138707958424291,0.1360392177971911,0.0026687406270999026
R0_vs_R5,d3_rainbow_trout,regression,mae,R0,R5,0,60,16,0.0763796168426552,0.0727410338969013,0.003638582945753907
R0_vs_R5,d3_rainbow_trout,regression,mae,R0,R5,0,61,16,0.0800243490810978,0.0790188735391629,0.0010054755419349054
R0_vs_R5,d3_rainbow_trout,regression,mae,R0,R5,1,0,16,0.1194972123722756,0.1168600352091721,0.0026371771631035074
R0_vs_R5,d3_rainbow_trout,regression,mae,R0,R5,1,1,16,0.0660154226368014,0.0652897809237623,0.0007256417130390991
R0_vs_R5,d3_rainbow_trout,regression,mae,R0,R5,1,2,16,0.1810025072173523,0.1782939169276308,0.0027085902897215075
R0_vs_R5,d3_rainbow_trout,regression,mae,R0,R5,1,3,16,0.2009964635731696,0.2182581383721614,-0.017261674798991794
R0_vs_R5,d3_rainbow_trout,regression,mae,R0,R5,1,4,16,0.0810864273681934,0.0766591467264444,0.004427280641748993
R0_vs_R5,d3_rainbow_trout,regression,mae,R0,R5,1,5,16,0.0586433200265626,0.0622188075168211,-0.0035754874902585027
R0_vs_R5,d3_rainbow_trout,regression,mae,R0,R5,1,6,16,0.0468306888298224,0.0515034374196037,-0.004672748589781298
R0_vs_R5,d3_rainbow_trout,regression,mae,R0,R5,1,7,16,0.1372379579203103,0.1382066231874242,-0.000968665267113894
R0_vs_R5,d3_rainbow_trout,regression,mae,R0,R5,1,8,16,0.0551367821644829,0.0570512797418425,-0.0019144975773595987
R0_vs_R5,d3_rainbow_trout,regression,mae,R0,R5,1,9,16,0.1040188000780689,0.1207985297276696,-0.016779729649600714
R0_vs_R5,d3_rainbow_trout,regression,mae,R0,R5,1,10,16,0.0673613267282009,0.0654642830475314,0.001897043680669508
R0_vs_R5,d3_rainbow_trout,regression,mae,R0,R5,1,11,16,0.1309107062787958,0.1281077364556972,0.0028029698230986055
R0_vs_R5,d3_rainbow_trout,regression,mae,R0,R5,1,12,16,0.078608456509789,0.0810901696391367,-0.0024817131293477096
R0_vs_R5,d3_rainbow_trout,regression,mae,R0,R5,1,13,16,0.0854647385741881,0.0855252730009653,-6.053442677719789e-05
R0_vs_R5,d3_rainbow_trout,regression,mae,R0,R5,1,14,16,0.0518808564575322,0.0543558271508699,-0.0024749706933376997
R0_vs_R5,d3_rainbow_trout,regression,mae,R0,R5,1,15,16,0.0264419467584052,0.0226078085511131,0.003834138207292101
R0_vs_R5,d3_rainbow_trout,regression,mae,R0,R5,1,16,16,0.1878983250483654,0.1968109375214951,-0.008912612473129689
R0_vs_R5,d3_rainbow_trout,regression,mae,R0,R5,1,17,16,0.0378503182731454,0.0347001588607613,0.0031501594123841056
R0_vs_R5,d3_rainbow_trout,regression,mae,R0,R5,1,18,16,0.1796845582517494,0.1731693265348826,0.006515231716866798
R0_vs_R5,d3_rainbow_trout,regression,mae,R0,R5,1,19,16,0.096845650899265,0.1009510349876973,-0.004105384088432293
R0_vs_R5,d3_rainbow_trout,regression,mae,R0,R5,1,20,16,0.0157712200842141,0.0179791980283282,-0.0022079779441140993
R0_vs_R5,d3_rainbow_trout,regression,mae,R0,R5,1,21,16,0.0504558553918753,0.0466126230952997,0.0038432322965755994
R0_vs_R5,d3_rainbow_trout,regression,mae,R0,R5,1,22,16,0.1298209179480651,0.1184452214426266,0.011375696505438501
R0_vs_R5,d3_rainbow_trout,regression,mae,R0,R5,1,23,16,0.0403274452406546,0.0406557126476654,-0.0003282674070108002
R0_vs_R5,d3_rainbow_trout,regression,mae,R0,R5,1,24,16,0.0496612500131696,0.0499674576336828,-0.00030620762051319916
R0_vs_R5,d3_rainbow_trout,regression,mae,R0,R5,1,25,16,0.0738320223240503,0.0752519179114352,-0.001419895587384909
R0_vs_R5,d3_rainbow_trout,regression,mae,R0,R5,1,26,16,0.1407185287093419,0.1416075264265729,-0.0008889977172309993
R0_vs_R5,d3_rainbow_trout,regression,mae,R0,R5,1,27,16,0.1099219778825665,0.1084895551890226,0.0014324226935438916
R0_vs_R5,d3_rainbow_trout,regression,mae,R0,R5,1,28,16,0.1398428476023768,0.1432874244669622,-0.0034445768645853803
R0_vs_R5,d3_rainbow_trout,regression,mae,R0,R5,1,29,16,0.0669929882398266,0.0656542087251653,0.0013387795146613118
R0_vs_R5,d3_rainbow_trout,regression,mae,R0,R5,1,30,16,0.0548041743324171,0.0530340869973469,0.0017700873350701973
R0_vs_R5,d3_rainbow_trout,regression,mae,R0,R5,1,31,16,0.0667740585887138,0.067902507964369,-0.001128449375655205
R0_vs_R5,d3_rainbow_trout,regression,mae,R0,R5,1,32,16,0.1175733339758723,0.1199595619680906,-0.0023862279922182983
R0_vs_R5,d3_rainbow_trout,regression,mae,R0,R5,1,33,16,0.1004346147427433,0.098763953427739,0.0016706613150043043
R0_vs_R5,d3_rainbow_trout,regression,mae,R0,R5,1,34,16,0.0626650761386498,0.0619125533098073,0.0007525228288425001
R0_vs_R5,d3_rainbow_trout,regression,mae,R0,R5,1,35,16,0.0605653576829258,0.0583163959796725,0.0022489617032532966
R0_vs_R5,d3_rainbow_trout,regression,mae,R0,R5,1,36,16,0.0697621098818956,0.0742190705631292,-0.004456960681233593
R0_vs_R5,d3_rainbow_trout,regression,mae,R0,R5,1,37,16,0.0350668617066652,0.0355686096288791,-0.0005017479222138993
R0_vs_R5,d3_rainbow_trout,regression,mae,R0,R5,1,38,16,0.1701170908607994,0.161890600354691,0.008226490506108408
R0_vs_R5,d3_rainbow_trout,regression,mae,R0,R5,1,39,16,0.070821926567047,0.0703325239058435,0.0004894026612034946
R0_vs_R5,d3_rainbow_trout,regression,mae,R0,R5,1,40,16,0.0925898292331759,0.0951172676625311,-0.002527438429355211
R0_vs_R5,d3_rainbow_trout,regression,mae,R0,R5,1,41,16,0.0595257638554621,0.0556828507365404,0.0038429131189217022
R0_vs_R5,d3_rainbow_trout,regression,mae,R0,R5,1,42,16,0.0771320465837409,0.0779690323079969,-0.0008369857242560008
R0_vs_R5,d3_rainbow_trout,regression,mae,R0,R5,1,43,16,0.0876262422352651,0.0837221827347048,0.003904059500560303
R0_vs_R5,d3_rainbow_trout,regression,mae,R0,R5,1,44,16,0.0330969183008459,0.0330553815511205,4.1536749725401556e-05
R0_vs_R5,d3_rainbow_trout,regression,mae,R0,R5,1,45,16,0.0152098686073067,0.017349001290079,-0.002139132682772299
R0_vs_R5,d3_rainbow_trout,regression,mae,R0,R5,1,46,16,0.1834866452896069,0.1769156030185026,0.006571042271104305
R0_vs_R5,d3_rainbow_trout,regression,mae,R0,R5,1,47,16,0.0522203077140935,0.0532879606909762,-0.001067652976882702
R0_vs_R5,d3_rainbow_trout,regression,mae,R0,R5,1,48,16,0.0428146636682759,0.0410583918039751,0.0017562718643008013
R0_vs_R5,d3_rainbow_trout,regression,mae,R0,R5,1,49,16,0.0748537776346147,0.0750173910878236,-0.00016361345320889398
R0_vs_R5,d3_rainbow_trout,regression,mae,R0,R5,1,50,16,0.2632517600311579,0.2691707029282763,-0.005918942897118362
R0_vs_R5,d3_rainbow_trout,regression,mae,R0,R5,1,51,16,0.1922759132191575,0.1850408890143477,0.007235024204809787
R0_vs_R5,d3_rainbow_trout,regression,mae,R0,R5,1,52,16,0.0339914347227123,0.0363168573768761,-0.0023254226541638
R0_vs_R5,d3_rainbow_trout,regression,mae,R0,R5,1,53,16,0.0671203152318829,0.0690777174650421,-0.0019574022331591973
R0_vs_R5,d3_rainbow_trout,regression,mae,R0,R5,1,54,16,0.0375938080781411,0.0381896399555803,-0.0005958318774392027
R0_vs_R5,d3_rainbow_trout,regression,mae,R0,R5,1,55,16,0.0285932985948326,0.0317150054950379,-0.0031217069002052976
R0_vs_R5,d3_rainbow_trout,regression,mae,R0,R5,1,56,16,0.0449009825712816,0.0451986216992788,-0.00029763912799720543
R0_vs_R5,d3_rainbow_trout,regression,mae,R0,R5,1,57,16,0.0574282493001796,0.055565110460637,0.0018631388395425955
R0_vs_R5,d3_rainbow_trout,regression,mae,R0,R5,1,58,16,0.0887116631908516,0.0882926446309199,0.00041901855993169146
R0_vs_R5,d3_rainbow_trout,regression,mae,R0,R5,1,59,16,0.2261840573379116,0.226775239106761,-0.000591181768849397
R0_vs_R5,d3_rainbow_trout,regression,mae,R0,R5,1,60,16,0.0982496057031257,0.0946105122043359,0.003639093498789797
R0_vs_R5,d3_rainbow_trout,regression,mae,R0,R5,1,61,16,0.0825752189025323,0.0819309284760275,0.0006442904265048094
R0_vs_R5,d3_rainbow_trout,regression,mae,R0,R5,2,0,16,0.1649400300456296,0.1256321010310796,0.03930792901454999
R0_vs_R5,d3_rainbow_trout,regression,mae,R0,R5,2,1,16,0.0614479980249897,0.0575646958996298,0.003883302125359901
R0_vs_R5,d3_rainbow_trout,regression,mae,R0,R5,2,2,16,0.0615721490304889,0.0674564279238992,-0.005884278893410304
R0_vs_R5,d3_rainbow_trout,regression,mae,R0,R5,2,3,16,0.0246932970244764,0.0237164805493567,0.000976816475119699
R0_vs_R5,d3_rainbow_trout,regression,mae,R0,R5,2,4,16,0.1405561268712333,0.1360892859531722,0.004466840918061099
R0_vs_R5,d3_rainbow_trout,regression,mae,R0,R5,2,5,16,0.0427770284391191,0.0433288654870497,-0.0005518370479306034
R0_vs_R5,d3_rainbow_trout,regression,mae,R0,R5,2,6,16,0.0966088209181055,0.0965217792875471,8.704163055840708e-05
R0_vs_R5,d3_rainbow_trout,regression,mae,R0,R5,2,7,16,0.03912436884384,0.0373116956373182,0.0018126732065218004
R0_vs_R5,d3_rainbow_trout,regression,mae,R0,R5,2,8,16,0.1156688303309152,0.1265352450107705,-0.010866414679855288
R0_vs_R5,d3_rainbow_trout,regression,mae,R0,R5,2,9,16,0.1012674239597943,0.1136234309000683,-0.012356006940274
R0_vs_R5,d3_rainbow_trout,regression,mae,R0,R5,2,10,16,0.0637528472553618,0.0680784379603264,-0.004325590704964591
R0_vs_R5,d3_rainbow_trout,regression,mae,R0,R5,2,11,16,0.1232505413163339,0.1061873922430997,0.017063149073234196
R0_vs_R5,d3_rainbow_trout,regression,mae,R0,R5,2,12,16,0.0944455994978138,0.1000258796221393,-0.005580280124325501
R0_vs_R5,d3_rainbow_trout,regression,mae,R0,R5,2,13,16,0.0434960363384511,0.0443997766778869,-0.000903740339435799
R0_vs_R5,d3_rainbow_trout,regression,mae,R0,R5,2,14,16,0.0393198443045246,0.0425593626634945,-0.003239518358969899
R0_vs_R5,d3_rainbow_trout,regression,mae,R0,R5,2,15,16,0.0359900033998751,0.027702984268032,0.008287019131843099
R0_vs_R5,d3_rainbow_trout,regression,mae,R0,R5,2,16,16,0.0685178481583877,0.0625559630306798,0.0059618851277079
R0_vs_R5,d3_rainbow_trout,regression,mae,R0,R5,2,17,16,0.0649662852251398,0.0577819283598422,0.007184356865297593
R0_vs_R5,d3_rainbow_trout,regression,mae,R0,R5,2,18,16,0.0471185936540675,0.0392474511971953,0.007871142456872204
R0_vs_R5,d3_rainbow_trout,regression,mae,R0,R5,2,19,16,0.1018289383826216,0.1091964229302517,-0.0073674845476301015
R0_vs_R5,d3_rainbow_trout,regression,mae,R0,R5,2,20,16,0.0572814199207873,0.0534985047711377,0.003782915149649603
R0_vs_R5,d3_rainbow_trout,regression,mae,R0,R5,2,21,16,0.1765155410742197,0.1883459857085989,-0.011830444634379184
R0_vs_R5,d3_rainbow_trout,regression,mae,R0,R5,2,22,16,0.0535278951734521,0.0498211564106333,0.0037067387628188023
R0_vs_R5,d3_rainbow_trout,regression,mae,R0,R5,2,23,16,0.0453172263605985,0.0476610921760987,-0.0023438658155002026
R0_vs_R5,d3_rainbow_trout,regression,mae,R0,R5,2,24,16,0.0371923375627282,0.0243497031125298,0.012842634450198405
R0_vs_R5,d3_rainbow_trout,regression,mae,R0,R5,2,25,16,0.1447648802139004,0.1345209520284343,0.0102439281854661
R0_vs_R5,d3_rainbow_trout,regression,mae,R0,R5,2,26,16,0.0341422064528404,0.0307051911699164,0.0034370152829239983
R0_vs_R5,d3_rainbow_trout,regression,mae,R0,R5,2,27,16,0.0848528038830534,0.0832759957381795,0.0015768081448739035
R0_vs_R5,d3_rainbow_trout,regression,mae,R0,R5,2,28,16,0.0649913783069243,0.0578261088658715,0.007165269441052793
R0_vs_R5,d3_rainbow_trout,regression,mae,R0,R5,2,29,16,0.2156630601014297,0.2137691485053537,0.0018939115960759922
R0_vs_R5,d3_rainbow_trout,regression,mae,R0,R5,2,30,16,0.1069959754592605,0.1039253731432711,0.003070602315989393
R0_vs_R5,d3_rainbow_trout,regression,mae,R0,R5,2,31,16,0.0872527780534587,0.0741292362180197,0.013123541835438998
R0_vs_R5,d3_rainbow_trout,regression,mae,R0,R5,2,32,16,0.1186045285427422,0.1232799600915472,-0.004675431548804995
R0_vs_R5,d3_rainbow_trout,regression,mae,R0,R5,2,33,16,0.1431761561262093,0.1385796087948833,0.004596547331326001
R0_vs_R5,d3_rainbow_trout,regression,mae,R0,R5,2,34,16,0.0644796714540803,0.0608152386597991,0.0036644327942812055
R0_vs_R5,d3_rainbow_trout,regression,mae,R0,R5,2,35,16,0.0712496657873607,0.0645966211994323,0.006653044587928397
R0_vs_R5,d3_rainbow_trout,regression,mae,R0,R5,2,36,16,0.1324398626684075,0.1320219225349838,0.0004179401334236943
R0_vs_R5,d3_rainbow_trout,regression,mae,R0,R5,2,37,16,0.0883060646581007,0.0958482019410029,-0.007542137282902192
R0_vs_R5,d3_rainbow_trout,regression,mae,R0,R5,2,38,16,0.1051375840999792,0.1083456227223852,-0.003208038622405998
R0_vs_R5,d3_rainbow_trout,regression,mae,R0,R5,2,39,16,0.0953011504532441,0.0949144935484327,0.0003866569048113916
R0_vs_R5,d3_rainbow_trout,regression,mae,R0,R5,2,40,16,0.2156242506850297,0.2341364180209073,-0.0185121673358776
R0_vs_R5,d3_rainbow_trout,regression,mae,R0,R5,2,41,16,0.0437688141930676,0.047368121226316,-0.0035993070332484
R0_vs_R5,d3_rainbow_trout,regression,mae,R0,R5,2,42,16,0.0664429075374098,0.0738328946089706,-0.0073899870715608
R0_vs_R5,d3_rainbow_trout,regression,mae,R0,R5,2,43,16,0.0594384924174327,0.0563784484068582,0.0030600440105745044
R0_vs_R5,d3_rainbow_trout,regression,mae,R0,R5,2,44,16,0.1923951091190315,0.1809940084098793,0.011401100709152179
R0_vs_R5,d3_rainbow_trout,regression,mae,R0,R5,2,45,16,0.0731897697561531,0.0641266315036721,0.009063138252481007
R0_vs_R5,d3_rainbow_trout,regression,mae,R0,R5,2,46,16,0.1855764151585299,0.1643838345390286,0.0211925806195013
R0_vs_R5,d3_rainbow_trout,regression,mae,R0,R5,2,47,16,0.0822036492470751,0.0764288109316892,0.005774838315385902
R0_vs_R5,d3_rainbow_trout,regression,mae,R0,R5,2,48,16,0.050980879071994,0.0488646347596469,0.002116244312347103
R0_vs_R5,d3_rainbow_trout,regression,mae,R0,R5,2,49,16,0.2233428780593851,0.2278155357971741,-0.0044726577377889876
R0_vs_R5,d3_rainbow_trout,regression,mae,R0,R5,2,50,16,0.1454993033778668,0.1473012395878612,-0.0018019362099944147
R0_vs_R5,d3_rainbow_trout,regression,mae,R0,R5,2,51,16,0.0572653042559709,0.068750826293862,-0.011485522037891105
R0_vs_R5,d3_rainbow_trout,regression,mae,R0,R5,2,52,16,0.0428365819919134,0.0423281121285272,0.0005084698633862003
R0_vs_R5,d3_rainbow_trout,regression,mae,R0,R5,2,53,16,0.0792591030430539,0.0730027390971935,0.006256363945860405
R0_vs_R5,d3_rainbow_trout,regression,mae,R0,R5,2,54,16,0.118658356951533,0.117052373585704,0.0016059833658289974
R0_vs_R5,d3_rainbow_trout,regression,mae,R0,R5,2,55,16,0.0671625331500336,0.0596538349170986,0.007508698232934992
R0_vs_R5,d3_rainbow_trout,regression,mae,R0,R5,2,56,16,0.0744968404737013,0.0697169759965317,0.00477986447716959
R0_vs_R5,d3_rainbow_trout,regression,mae,R0,R5,2,57,16,0.1830699133138288,0.1996475843634001,-0.016577671049571308
R0_vs_R5,d3_rainbow_trout,regression,mae,R0,R5,2,58,16,0.0649044337600452,0.0659508214615278,-0.00104638770148259
R0_vs_R5,d3_rainbow_trout,regression,mae,R0,R5,2,59,16,0.2807107130683389,0.2784178273124664,0.002292885755872498
R0_vs_R5,d3_rainbow_trout,regression,mae,R0,R5,2,60,16,0.037716632558816,0.0335026569493091,0.004213975609506898
R0_vs_R5,d3_rainbow_trout,regression,mae,R0,R5,2,61,16,0.0845350506588768,0.0766026126864162,0.007932437972460599
R0_vs_R5,d3_rainbow_trout,regression,mae,R0,R5,3,0,16,0.1417099184773796,0.1035018789518466,0.038208039525533005
R0_vs_R5,d3_rainbow_trout,regression,mae,R0,R5,3,1,16,0.0943118135389046,0.1032618044914025,-0.008949990952497905
R0_vs_R5,d3_rainbow_trout,regression,mae,R0,R5,3,2,16,0.1191570411785604,0.1201857426447107,-0.0010287014661503058
R0_vs_R5,d3_rainbow_trout,regression,mae,R0,R5,3,3,16,0.1610198929174494,0.1686414607752241,-0.007621567857774708
R0_vs_R5,d3_rainbow_trout,regression,mae,R0,R5,3,4,16,0.0723117339543936,0.0669710775986802,0.0053406563557133885
R0_vs_R5,d3_rainbow_trout,regression,mae,R0,R5,3,5,16,0.0360505819055114,0.0325766879094479,0.0034738939960635012
R0_vs_R5,d3_rainbow_trout,regression,mae,R0,R5,3,6,16,0.0860108348320442,0.0714299709368254,0.014580863895218801
R0_vs_R5,d3_rainbow_trout,regression,mae,R0,R5,3,7,16,0.1849656616719837,0.1789383558401402,0.0060273058318434936
R0_vs_R5,d3_rainbow_trout,regression,mae,R0,R5,3,8,16,0.0292316181182395,0.0324454942341506,-0.003213876115911101
R0_vs_R5,d3_rainbow_trout,regression,mae,R0,R5,3,9,16,0.0714176850967833,0.070431131655382,0.0009865534414012916
R0_vs_R5,d3_rainbow_trout,regression,mae,R0,R5,3,10,16,0.0627589640559556,0.0603947840060877,0.002364180049867902
R0_vs_R5,d3_rainbow_trout,regression,mae,R0,R5,3,11,16,0.0366023502336508,0.0460601040181139,-0.009457753784463098
R0_vs_R5,d3_rainbow_trout,regression,mae,R0,R5,3,12,16,0.1276047205008638,0.1273986516776837,0.0002060688231801111
R0_vs_R5,d3_rainbow_trout,regression,mae,R0,R5,3,13,16,0.1923589848293455,0.162766638160809,0.029592346668536496
R0_vs_R5,d3_rainbow_trout,regression,mae,R0,R5,3,14,16,0.0704871511305119,0.0630545266276321,0.007432624502879806
R0_vs_R5,d3_rainbow_trout,regression,mae,R0,R5,3,15,16,0.0504709905405506,0.0518877980438017,-0.0014168075032510996
R0_vs_R5,d3_rainbow_trout,regression,mae,R0,R5,3,16,16,0.0363768179939193,0.031940363645109,0.0044364543488102995
R0_vs_R5,d3_rainbow_trout,regression,mae,R0,R5,3,17,16,0.0740702285862871,0.075321984849082,-0.0012517562627948897
R0_vs_R5,d3_rainbow_trout,regression,mae,R0,R5,3,18,16,0.1095549324634597,0.1036600617502705,0.005894870713189199
R0_vs_R5,d3_rainbow_trout,regression,mae,R0,R5,3,19,16,0.0459642173391412,0.0345818746467051,0.011382342692436105
R0_vs_R5,d3_rainbow_trout,regression,mae,R0,R5,3,20,16,0.0756819301310737,0.0745740081353551,0.0011079219957186026
R0_vs_R5,d3_rainbow_trout,regression,mae,R0,R5,3,21,16,0.0723056556292843,0.0808141246364597,-0.008508469007175404
R0_vs_R5,d3_rainbow_trout,regression,mae,R0,R5,3,22,16,0.0490369854756122,0.0433856206713883,0.005651364804223902
R0_vs_R5,d3_rainbow_trout,regression,mae,R0,R5,3,23,16,0.1216606304056435,0.1364808808479005,-0.014820250442257002
R0_vs_R5,d3_rainbow_trout,regression,mae,R0,R5,3,24,16,0.2123795206708884,0.2045242395759533,0.00785528109493508
R0_vs_R5,d3_rainbow_trout,regression,mae,R0,R5,3,25,16,0.0458949629249096,0.0493021465312993,-0.0034071836063897035
R0_vs_R5,d3_rainbow_trout,regression,mae,R0,R5,3,26,16,0.0681998741668179,0.0716389055265851,-0.0034390313597671973
R0_vs_R5,d3_rainbow_trout,regression,mae,R0,R5,3,27,16,0.1084527517643803,0.1118937816720812,-0.0034410299077008988
R0_vs_R5,d3_rainbow_trout,regression,mae,R0,R5,3,28,16,0.0593842859376652,0.0547734269680638,0.004610858969601395
R0_vs_R5,d3_rainbow_trout,regression,mae,R0,R5,3,29,16,0.2011403160329028,0.1836982415967325,0.017442074436170296
R0_vs_R5,d3_rainbow_trout,regression,mae,R0,R5,3,30,16,0.0896145090258321,0.0817343859782327,0.0078801230475994
R0_vs_R5,d3_rainbow_trout,regression,mae,R0,R5,3,31,16,0.0455167499791448,0.0442143873759528,0.0013023626031920046
R0_vs_R5,d3_rainbow_trout,regression,mae,R0,R5,3,32,16,0.1182053500553847,0.1087977876961134,0.009407562359271301
R0_vs_R5,d3_rainbow_trout,regression,mae,R0,R5,3,33,16,0.0486762992737973,0.0405753617367487,0.008100937537048596
R0_vs_R5,d3_rainbow_trout,regression,mae,R0,R5,3,34,16,0.2196414308386446,0.2534788125283108,-0.033837381689666185
R0_vs_R5,d3_rainbow_trout,regression,mae,R0,R5,3,35,16,0.072514859435294,0.0680638077416775,0.004451051693616495
R0_vs_R5,d3_rainbow_trout,regression,mae,R0,R5,3,36,16,0.0662378726289503,0.0600982091165387,0.006139663512411596
R0_vs_R5,d3_rainbow_trout,regression,mae,R0,R5,3,37,16,0.1133733967297165,0.1034234917998564,0.009949904929860101
R0_vs_R5,d3_rainbow_trout,regression,mae,R0,R5,3,38,16,0.1107486525140908,0.1335175580358847,-0.022768905521793892
R0_vs_R5,d3_rainbow_trout,regression,mae,R0,R5,3,39,16,0.0753623380259338,0.0818889513845882,-0.006526613358654398
R0_vs_R5,d3_rainbow_trout,regression,mae,R0,R5,3,40,16,0.0727997371195172,0.0666036374510139,0.006196099668503305
R0_vs_R5,d3_rainbow_trout,regression,mae,R0,R5,3,41,16,0.0627493681177084,0.0614032751780176,0.0013460929396907975
R0_vs_R5,d3_rainbow_trout,regression,mae,R0,R5,3,42,16,0.2411401050678005,0.2350129972610129,0.006127107806787602
R0_vs_R5,d3_rainbow_trout,regression,mae,R0,R5,3,43,16,0.094645429479525,0.0941015811702534,0.0005438483092716079
R0_vs_R5,d3_rainbow_trout,regression,mae,R0,R5,3,44,16,0.0569969073378495,0.0559362551696358,0.0010606521682136952
R0_vs_R5,d3_rainbow_trout,regression,mae,R0,R5,3,45,16,0.056794949023126,0.0520799052945602,0.0047150437285658
R0_vs_R5,d3_rainbow_trout,regression,mae,R0,R5,3,46,16,0.0254765405019673,0.0298796679578567,-0.004403127455889399
R0_vs_R5,d3_rainbow_trout,regression,mae,R0,R5,3,47,16,0.2151580729415999,0.1999415957004156,0.0152164772411843
R0_vs_R5,d3_rainbow_trout,regression,mae,R0,R5,3,48,16,0.1332268391780869,0.1968197930442941,-0.0635929538662072
R0_vs_R5,d3_rainbow_trout,regression,mae,R0,R5,3,49,16,0.1416218857446122,0.1332895517963231,0.008332333948289111
R0_vs_R5,d3_rainbow_trout,regression,mae,R0,R5,3,50,16,0.0629547799228672,0.0759044031490437,-0.012949623226176502
R0_vs_R5,d3_rainbow_trout,regression,mae,R0,R5,3,51,16,0.0288597475633262,0.0214591385612257,0.007400609002100499
R0_vs_R5,d3_rainbow_trout,regression,mae,R0,R5,3,52,16,0.0608318372387165,0.0591055292252562,0.0017263080134602982
R0_vs_R5,d3_rainbow_trout,regression,mae,R0,R5,3,53,16,0.0705700554933165,0.0719704500331829,-0.0014003945398664008
R0_vs_R5,d3_rainbow_trout,regression,mae,R0,R5,3,54,16,0.0394037093713733,0.0330212319289992,0.0063824774423741
R0_vs_R5,d3_rainbow_trout,regression,mae,R0,R5,3,55,16,0.2760288780832431,0.273150103979769,0.002878774103474091
R0_vs_R5,d3_rainbow_trout,regression,mae,R0,R5,3,56,16,0.0453684032888571,0.0431221416306051,0.002246261658252001
R0_vs_R5,d3_rainbow_trout,regression,mae,R0,R5,3,57,16,0.0590556822738705,0.0537715707883112,0.005284111485559302
R0_vs_R5,d3_rainbow_trout,regression,mae,R0,R5,3,58,16,0.2104025639805159,0.2065415274201313,0.003861036560384612
R0_vs_R5,d3_rainbow_trout,regression,mae,R0,R5,3,59,16,0.0130336957130006,0.0169902836163722,-0.0039565879033716025
R0_vs_R5,d3_rainbow_trout,regression,mae,R0,R5,3,60,16,0.0513355981641858,0.054563275025223,-0.0032276768610371986
R0_vs_R5,d3_rainbow_trout,regression,mae,R0,R5,3,61,16,0.0558008803767327,0.0548005051134375,0.001000375263295196
R0_vs_R5,d3_rainbow_trout,regression,mae,R0,R5,4,0,16,0.1412967056418788,0.1359628313474841,0.0053338742943946915
R0_vs_R5,d3_rainbow_trout,regression,mae,R0,R5,4,1,16,0.1000166413379375,0.1024183064972024,-0.002401665159264904
R0_vs_R5,d3_rainbow_trout,regression,mae,R0,R5,4,2,16,0.1131532942949343,0.0933170220289752,0.019836272265959104
R0_vs_R5,d3_rainbow_trout,regression,mae,R0,R5,4,3,16,0.0937834960141785,0.0814294165913835,0.012354079422794997
R0_vs_R5,d3_rainbow_trout,regression,mae,R0,R5,4,4,16,0.126778572624426,0.1301269283534648,-0.003348355729038799
R0_vs_R5,d3_rainbow_trout,regression,mae,R0,R5,4,5,16,0.050623568013005,0.0576518021651015,-0.007028234152096496
R0_vs_R5,d3_rainbow_trout,regression,mae,R0,R5,4,6,16,0.072459134015605,0.0766507254760981,-0.0041915914604930965
R0_vs_R5,d3_rainbow_trout,regression,mae,R0,R5,4,7,16,0.0821481196206403,0.0728523543227116,0.009295765297928693
R0_vs_R5,d3_rainbow_trout,regression,mae,R0,R5,4,8,16,0.2098780147205704,0.1621918900807295,0.0476861246398409
R0_vs_R5,d3_rainbow_trout,regression,mae,R0,R5,4,9,16,0.0290055714356796,0.0272841557892745,0.0017214156464051
R0_vs_R5,d3_rainbow_trout,regression,mae,R0,R5,4,10,16,0.1244763816443993,0.1019276540087539,0.022548727635645388
R0_vs_R5,d3_rainbow_trout,regression,mae,R0,R5,4,11,16,0.1193301633972893,0.1223360830195814,-0.0030059196222921025
R0_vs_R5,d3_rainbow_trout,regression,mae,R0,R5,4,12,16,0.0673796769726112,0.0608615292664222,0.006518147706188998
R0_vs_R5,d3_rainbow_trout,regression,mae,R0,R5,4,13,16,0.0988523000823346,0.0806305194818811,0.0182217806004535
R0_vs_R5,d3_rainbow_trout,regression,mae,R0,R5,4,14,16,0.2035767500002289,0.202291487238316,0.0012852627619129031
R0_vs_R5,d3_rainbow_trout,regression,mae,R0,R5,4,15,16,0.0850470529108388,0.0731486148084502,0.011898438102388609
R0_vs_R5,d3_rainbow_trout,regression,mae,R0,R5,4,16,16,0.0514901788510371,0.0444084608662926,0.0070817179847445025
R0_vs_R5,d3_rainbow_trout,regression,mae,R0,R5,4,17,16,0.0658029762873513,0.0588093399228264,0.006993636364524894
R0_vs_R5,d3_rainbow_trout,regression,mae,R0,R5,4,18,16,0.0906442407439596,0.0910939402548781,-0.0004496995109184998
R0_vs_R5,d3_rainbow_trout,regression,mae,R0,R5,4,19,16,0.0315614198702149,0.0253738987876008,0.006187521082614101
R0_vs_R5,d3_rainbow_trout,regression,mae,R0,R5,4,20,16,0.0715078447709693,0.0622723506667264,0.009235494104242903
R0_vs_R5,d3_rainbow_trout,regression,mae,R0,R5,4,21,16,0.0622320741549477,0.0571391890243923,0.005092885130555398
R0_vs_R5,d3_rainbow_trout,regression,mae,R0,R5,4,22,16,0.0351433122597059,0.0324053912213913,0.002737921038314599
R0_vs_R5,d3_rainbow_trout,regression,mae,R0,R5,4,23,16,0.1305026977250684,0.139646899718366,-0.009144201993297602
R0_vs_R5,d3_rainbow_trout,regression,mae,R0,R5,4,24,16,0.0631599220657176,0.0566498900364966,0.0065100320292210065
R0_vs_R5,d3_rainbow_trout,regression,mae,R0,R5,4,25,16,0.2171091311925264,0.2004233843501862,0.0166857468423402
R0_vs_R5,d3_rainbow_trout,regression,mae,R0,R5,4,26,16,0.069686596773927,0.0846663516595469,-0.014979754885619909
R0_vs_R5,d3_rainbow_trout,regression,mae,R0,R5,4,27,16,0.0724012804953891,0.0765142218943604,-0.004112941398971295
R0_vs_R5,d3_rainbow_trout,regression,mae,R0,R5,4,28,16,0.2620952616496,0.2752540428223553,-0.013158781172755318
R0_vs_R5,d3_rainbow_trout,regression,mae,R0,R5,4,29,16,0.0518363884854253,0.0514248691057963,0.0004115193796290009
R0_vs_R5,d3_rainbow_trout,regression,mae,R0,R5,4,30,16,0.0274489688427244,0.0336487525974345,-0.0061997837547101
R0_vs_R5,d3_rainbow_trout,regression,mae,R0,R5,4,31,16,0.0989867581484928,0.0936930116622163,0.005293746486276493
R0_vs_R5,d3_rainbow_trout,regression,mae,R0,R5,4,32,16,0.0749471734754787,0.0751908092893081,-0.0002436358138293987
R0_vs_R5,d3_rainbow_trout,regression,mae,R0,R5,4,33,16,0.0521526793924257,0.0437194063090194,0.0084332730834063
R0_vs_R5,d3_rainbow_trout,regression,mae,R0,R5,4,34,16,0.0509206524207586,0.0569849869062746,-0.006064334485516
R0_vs_R5,d3_rainbow_trout,regression,mae,R0,R5,4,35,16,0.0483592699262773,0.0437441133545295,0.004615156571747804
R0_vs_R5,d3_rainbow_trout,regression,mae,R0,R5,4,36,16,0.1391612860317748,0.1371474513108473,0.0020138347209275043
R0_vs_R5,d3_rainbow_trout,regression,mae,R0,R5,4,37,16,0.0703398831231609,0.0767604007712244,-0.006420517648063492
R0_vs_R5,d3_rainbow_trout,regression,mae,R0,R5,4,38,16,0.0540164698062231,0.0513099703288292,0.0027064994773938963
R0_vs_R5,d3_rainbow_trout,regression,mae,R0,R5,4,39,16,0.0632180572393679,0.0539013727111575,0.009316684528210398
R0_vs_R5,d3_rainbow_trout,regression,mae,R0,R5,4,40,16,0.0635524279742175,0.0603944874760871,0.00315794049813041
R0_vs_R5,d3_rainbow_trout,regression,mae,R0,R5,4,41,16,0.0726126624265616,0.0738198358123266,-0.0012071733857649952
R0_vs_R5,d3_rainbow_trout,regression,mae,R0,R5,4,42,16,0.1522350540416582,0.141160260718895,0.011074793322763204
R0_vs_R5,d3_rainbow_trout,regression,mae,R0,R5,4,43,16,0.0825423368832553,0.0791282859563438,0.003414050926911494
R0_vs_R5,d3_rainbow_trout,regression,mae,R0,R5,4,44,16,0.2497602194264032,0.2479563050524536,0.0018039143739495833
R0_vs_R5,d3_rainbow_trout,regression,mae,R0,R5,4,45,16,0.0690143482791892,0.0693451839672303,-0.00033083568804109786
R0_vs_R5,d3_rainbow_trout,regression,mae,R0,R5,4,46,16,0.0514890509911832,0.0435243655585829,0.007964685432600302
R0_vs_R5,d3_rainbow_trout,regression,mae,R0,R5,4,47,16,0.029019688730338,0.0281465316524671,0.0008731570778709001
R0_vs_R5,d3_rainbow_trout,regression,mae,R0,R5,4,48,16,0.1359476156508215,0.1266693323997507,0.009278283251070801
R0_vs_R5,d3_rainbow_trout,regression,mae,R0,R5,4,49,16,0.2147880231402233,0.2215718216847145,-0.00678379854449121
R0_vs_R5,d3_rainbow_trout,regression,mae,R0,R5,4,50,16,0.060558311617148,0.0498745589322564,0.0106837526848916
R0_vs_R5,d3_rainbow_trout,regression,mae,R0,R5,4,51,16,0.2502529573565977,0.2281235592358314,0.02212939812076628
R0_vs_R5,d3_rainbow_trout,regression,mae,R0,R5,4,52,16,0.134834101294939,0.1578879181956099,-0.023053816900670904
R0_vs_R5,d3_rainbow_trout,regression,mae,R0,R5,4,53,16,0.0606167201341595,0.0626945092527181,-0.002077789118558604
R0_vs_R5,d3_rainbow_trout,regression,mae,R0,R5,4,54,16,0.0349568406854896,0.0404583315159409,-0.005501490830451303
R0_vs_R5,d3_rainbow_trout,regression,mae,R0,R5,4,55,16,0.0638243977926015,0.0575542284041921,0.006270169388409401
R0_vs_R5,d3_rainbow_trout,regression,mae,R0,R5,4,56,16,0.1000186707842497,0.1002614301846966,-0.00024275940044690691
R0_vs_R5,d3_rainbow_trout,regression,mae,R0,R5,4,57,16,0.0616755183666416,0.0655513425895021,-0.003875824222860501
R0_vs_R5,d3_rainbow_trout,regression,mae,R0,R5,4,58,16,0.0261836223719276,0.0381000500684001,-0.011916427696472501
R0_vs_R5,d3_rainbow_trout,regression,mae,R0,R5,4,59,16,0.0161000175037555,0.0183413885871675,-0.0022413710834119985
R0_vs_R5,d3_rainbow_trout,regression,mae,R0,R5,4,60,16,0.2231349961652374,0.2132245452930574,0.00991045087218001
R0_vs_R5,d3_rainbow_trout,regression,mae,R0,R5,4,61,16,0.0316300408682052,0.0209015192360652,0.010728521632140001
R0_vs_R5,d3_rainbow_trout,regression,mae,R0,R5,5,0,16,0.0531569300466448,0.0548903930072592,-0.0017334629606144056
R0_vs_R5,d3_rainbow_trout,regression,mae,R0,R5,5,1,16,0.0758465949923651,0.0677975519641531,0.008049043028211994
R0_vs_R5,d3_rainbow_trout,regression,mae,R0,R5,5,2,16,0.0193353474198078,0.0213165126929433,-0.0019811652731355003
R0_vs_R5,d3_rainbow_trout,regression,mae,R0,R5,5,3,16,0.1388040571634333,0.139189539674057,-0.00038548251062370253
R0_vs_R5,d3_rainbow_trout,regression,mae,R0,R5,5,4,16,0.0325214011852492,0.0269051478137396,0.0056162533715096025
R0_vs_R5,d3_rainbow_trout,regression,mae,R0,R5,5,5,16,0.0801943095016734,0.0828104263849797,-0.002616116883306291
R0_vs_R5,d3_rainbow_trout,regression,mae,R0,R5,5,6,16,0.0702099935598559,0.0775208345212856,-0.007310840961429699
R0_vs_R5,d3_rainbow_trout,regression,mae,R0,R5,5,7,16,0.1329175729734239,0.1300143776396534,0.0029031953337705085
R0_vs_R5,d3_rainbow_trout,regression,mae,R0,R5,5,8,16,0.124023823683536,0.1241789822170713,-0.00015515853353530173
R0_vs_R5,d3_rainbow_trout,regression,mae,R0,R5,5,9,16,0.0595006445288884,0.0610222001209561,-0.0015215555920677012
R0_vs_R5,d3_rainbow_trout,regression,mae,R0,R5,5,10,16,0.0456061933072376,0.046595451320864,-0.0009892580136263984
R0_vs_R5,d3_rainbow_trout,regression,mae,R0,R5,5,11,16,0.0790095757364347,0.0796140718746741,-0.0006044961382394021
R0_vs_R5,d3_rainbow_trout,regression,mae,R0,R5,5,12,16,0.1506732926746052,0.1535253751104094,-0.002852082435804204
R0_vs_R5,d3_rainbow_trout,regression,mae,R0,R5,5,13,16,0.0707104011888726,0.0712818820003008,-0.0005714808114282016
R0_vs_R5,d3_rainbow_trout,regression,mae,R0,R5,5,14,16,0.1342869189817563,0.1560196871651862,-0.021732768183429896
R0_vs_R5,d3_rainbow_trout,regression,mae,R0,R5,5,15,16,0.2132446583920576,0.1926263470874356,0.020618311304622022
R0_vs_R5,d3_rainbow_trout,regression,mae,R0,R5,5,16,16,0.1062596965274789,0.1217727163224411,-0.01551301979496221
R0_vs_R5,d3_rainbow_trout,regression,mae,R0,R5,5,17,16,0.0750281466072632,0.0863012766975793,-0.011273130090316094
R0_vs_R5,d3_rainbow_trout,regression,mae,R0,R5,5,18,16,0.0611514044602198,0.0662072434569345,-0.005055838996714704
R0_vs_R5,d3_rainbow_trout,regression,mae,R0,R5,5,19,16,0.0543190757054163,0.0566444351003691,-0.0023253593949527987
R0_vs_R5,d3_rainbow_trout,regression,mae,R0,R5,5,20,16,0.0495408063126557,0.0499981013042735,-0.00045729499161779874
R0_vs_R5,d3_rainbow_trout,regression,mae,R0,R5,5,21,16,0.0817939571262347,0.087286680773406,-0.005492723647171294
R0_vs_R5,d3_rainbow_trout,regression,mae,R0,R5,5,22,16,0.0985090224206864,0.0961864757505236,0.002322546670162809
R0_vs_R5,d3_rainbow_trout,regression,mae,R0,R5,5,23,16,0.0326105621980413,0.0393403343631163,-0.006729772165074997
R0_vs_R5,d3_rainbow_trout,regression,mae,R0,R5,5,24,16,0.2218181786493468,0.2422551297530472,-0.02043695110370039
R0_vs_R5,d3_rainbow_trout,regression,mae,R0,R5,5,25,16,0.2723377433856509,0.2680976288984676,0.004240114487183311
R0_vs_R5,d3_rainbow_trout,regression,mae,R0,R5,5,26,16,0.1895719981050223,0.1886576678486782,0.0009143302563440758
R0_vs_R5,d3_rainbow_trout,regression,mae,R0,R5,5,27,16,0.0437749178808765,0.0514067209325663,-0.007631803051689798
R0_vs_R5,d3_rainbow_trout,regression,mae,R0,R5,5,28,16,0.0369657342027031,0.0340873637471106,0.0028783704555924994
R0_vs_R5,d3_rainbow_trout,regression,mae,R0,R5,5,29,16,0.0875934704100524,0.0943189331931282,-0.0067254627830758
R0_vs_R5,d3_rainbow_trout,regression,mae,R0,R5,5,30,16,0.1947995656376604,0.2178816833708659,-0.02308211773320548
R0_vs_R5,d3_rainbow_trout,regression,mae,R0,R5,5,31,16,0.0640218782199549,0.0621703646836409,0.0018515135363140062
R0_vs_R5,d3_rainbow_trout,regression,mae,R0,R5,5,32,16,0.0491647601646636,0.0535719853689072,-0.004407225204243602
R0_vs_R5,d3_rainbow_trout,regression,mae,R0,R5,5,33,16,0.0517260036371794,0.0543983191775602,-0.002672315540380804
R0_vs_R5,d3_rainbow_trout,regression,mae,R0,R5,5,34,16,0.0936386454946012,0.0900540818614421,0.0035845636331590935
R0_vs_R5,d3_rainbow_trout,regression,mae,R0,R5,5,35,16,0.225451321140816,0.2231355934801757,0.00231572766064031
R0_vs_R5,d3_rainbow_trout,regression,mae,R0,R5,5,36,16,0.0633668741536958,0.0663849196524915,-0.00301804549879571
R0_vs_R5,d3_rainbow_trout,regression,mae,R0,R5,5,37,16,0.0670047826218303,0.0693348123848843,-0.0023300297630540062
R0_vs_R5,d3_rainbow_trout,regression,mae,R0,R5,5,38,16,0.0939454680540669,0.0922109793965165,0.0017344886575503954
R0_vs_R5,d3_rainbow_trout,regression,mae,R0,R5,5,39,16,0.1910329354241479,0.1841129661254176,0.0069199692987302885
R0_vs_R5,d3_rainbow_trout,regression,mae,R0,R5,5,40,16,0.082925507959841,0.0890695727785529,-0.0061440648187119085
R0_vs_R5,d3_rainbow_trout,regression,mae,R0,R5,5,41,16,0.1324171065511057,0.1274307267102153,0.004986379840890398
R0_vs_R5,d3_rainbow_trout,regression,mae,R0,R5,5,42,16,0.0597629225151231,0.0586677514906537,0.0010951710244693977
R0_vs_R5,d3_rainbow_trout,regression,mae,R0,R5,5,43,16,0.0325301023394104,0.0358660566517429,-0.0033359543123325022
R0_vs_R5,d3_rainbow_trout,regression,mae,R0,R5,5,44,16,0.0609265046998631,0.0619875955079717,-0.0010610908081086015
R0_vs_R5,d3_rainbow_trout,regression,mae,R0,R5,5,45,16,0.0760022238651508,0.0742822059380211,0.0017200179271297106
R0_vs_R5,d3_rainbow_trout,regression,mae,R0,R5,5,46,16,0.0608704443178497,0.0609424813291359,-7.203701128619816e-05
R0_vs_R5,d3_rainbow_trout,regression,mae,R0,R5,5,47,16,0.0685625557304903,0.062119070111572,0.006443485618918304
R0_vs_R5,d3_rainbow_trout,regression,mae,R0,R5,5,48,16,0.1418634684103121,0.1464193710058186,-0.004555902595506478
R0_vs_R5,d3_rainbow_trout,regression,mae,R0,R5,5,49,16,0.0275584550793435,0.0286516476523134,-0.0010931925729699005
R0_vs_R5,d3_rainbow_trout,regression,mae,R0,R5,5,50,16,0.0294540898052473,0.0307892192480887,-0.0013351294428413998
R0_vs_R5,d3_rainbow_trout,regression,mae,R0,R5,5,51,16,0.091980573033887,0.0987691956348122,-0.0067886226009252065
R0_vs_R5,d3_rainbow_trout,regression,mae,R0,R5,5,52,16,0.2125327572603645,0.2150036099131874,-0.0024708526528229025
R0_vs_R5,d3_rainbow_trout,regression,mae,R0,R5,5,53,16,0.064031360038245,0.0661859815995406,-0.0021546215612956027
R0_vs_R5,d3_rainbow_trout,regression,mae,R0,R5,5,54,16,0.0513873584213216,0.05780197827072,-0.006414619849398402
R0_vs_R5,d3_rainbow_trout,regression,mae,R0,R5,5,55,16,0.1814194156682697,0.1723963544995581,0.0090230611687116
R0_vs_R5,d3_rainbow_trout,regression,mae,R0,R5,5,56,16,0.0686651855322137,0.0671718290415093,0.001493356490704395
R0_vs_R5,d3_rainbow_trout,regression,mae,R0,R5,5,57,16,0.1229657244167077,0.1235083637728432,-0.0005426393561355075
R0_vs_R5,d3_rainbow_trout,regression,mae,R0,R5,5,58,16,0.0836206547136519,0.0814695897078127,0.002151065005839198
R0_vs_R5,d3_rainbow_trout,regression,mae,R0,R5,5,59,16,0.015686058932243,0.0189028173924419,-0.0032167584601989
R0_vs_R5,d3_rainbow_trout,regression,mae,R0,R5,5,60,16,0.0420954811433884,0.0462997584741417,-0.004204277330753299
R0_vs_R5,d3_rainbow_trout,regression,mae,R0,R5,5,61,16,0.0949541537322343,0.100023693623055,-0.005069539890820693
R0_vs_R5,d3_rainbow_trout,regression,mae,R0,R5,6,0,16,0.1935371626299688,0.2046819123108211,-0.0111447496808523
R0_vs_R5,d3_rainbow_trout,regression,mae,R0,R5,6,1,16,0.0156479106826352,0.0147788842038501,0.0008690264787850985
R0_vs_R5,d3_rainbow_trout,regression,mae,R0,R5,6,2,16,0.0838941703740656,0.0843926362309163,-0.0004984658568506911
R0_vs_R5,d3_rainbow_trout,regression,mae,R0,R5,6,3,16,0.0846034697234562,0.0909971186156558,-0.006393648892199608
R0_vs_R5,d3_rainbow_trout,regression,mae,R0,R5,6,4,16,0.0551672623537808,0.0555699691581269,-0.00040270680434609935
R0_vs_R5,d3_rainbow_trout,regression,mae,R0,R5,6,5,16,0.033369741414477,0.0270102959472045,0.006359445467272504
R0_vs_R5,d3_rainbow_trout,regression,mae,R0,R5,6,6,16,0.0557979089686388,0.0526069952725521,0.0031909136960866988
R0_vs_R5,d3_rainbow_trout,regression,mae,R0,R5,6,7,16,0.173806181497937,0.1713424709563719,0.002463710541565106
R0_vs_R5,d3_rainbow_trout,regression,mae,R0,R5,6,8,16,0.2377530100997694,0.2391759684605756,-0.0014229583608061924
R0_vs_R5,d3_rainbow_trout,regression,mae,R0,R5,6,9,16,0.0666527277505649,0.0649659449272992,0.0016867828232657034
R0_vs_R5,d3_rainbow_trout,regression,mae,R0,R5,6,10,16,0.0378229304970421,0.0380697065982108,-0.0002467761011687025
R0_vs_R5,d3_rainbow_trout,regression,mae,R0,R5,6,11,16,0.0440193635304514,0.0473159532304308,-0.0032965896999794034
R0_vs_R5,d3_rainbow_trout,regression,mae,R0,R5,6,12,16,0.0772800955714024,0.0760208304418492,0.001259265129553211
R0_vs_R5,d3_rainbow_trout,regression,mae,R0,R5,6,13,16,0.1381637291552877,0.1376680602070709,0.0004956689482168153
R0_vs_R5,d3_rainbow_trout,regression,mae,R0,R5,6,14,16,0.1334154666150137,0.1378185515521641,-0.004403084937150414
R0_vs_R5,d3_rainbow_trout,regression,mae,R0,R5,6,15,16,0.0592174566929217,0.0599803077010511,-0.0007628510081294018
R0_vs_R5,d3_rainbow_trout,regression,mae,R0,R5,6,16,16,0.0750459633069979,0.0802288604111089,-0.0051828971041109895
R0_vs_R5,d3_rainbow_trout,regression,mae,R0,R5,6,17,16,0.0554670574684846,0.0537385477944761,0.001728509674008498
R0_vs_R5,d3_rainbow_trout,regression,mae,R0,R5,6,18,16,0.0313387385505,0.0282113834964651,0.0031273550540348964
R0_vs_R5,d3_rainbow_trout,regression,mae,R0,R5,6,19,16,0.0601186573220439,0.0577400016068577,0.0023786557151861953
R0_vs_R5,d3_rainbow_trout,regression,mae,R0,R5,6,20,16,0.0756927012977908,0.0732184435633426,0.0024742577344481903
R0_vs_R5,d3_rainbow_trout,regression,mae,R0,R5,6,21,16,0.1561243595221359,0.1822711606732733,-0.026146801151137405
R0_vs_R5,d3_rainbow_trout,regression,mae,R0,R5,6,22,16,0.0958560008090489,0.102041699246619,-0.0061856984375701085
R0_vs_R5,d3_rainbow_trout,regression,mae,R0,R5,6,23,16,0.0343351063142766,0.0326299762538047,0.0017051300604719044
R0_vs_R5,d3_rainbow_trout,regression,mae,R0,R5,6,24,16,0.0694457336030167,0.06375839739539,0.005687336207626695
R0_vs_R5,d3_rainbow_trout,regression,mae,R0,R5,6,25,16,0.0880728458371885,0.0816371386436782,0.00643570719351029
R0_vs_R5,d3_rainbow_trout,regression,mae,R0,R5,6,26,16,0.076398251979587,0.075775910234318,0.0006223417452689978
R0_vs_R5,d3_rainbow_trout,regression,mae,R0,R5,6,27,16,0.0853378494157429,0.0803886013679553,0.0049492480477876105
R0_vs_R5,d3_rainbow_trout,regression,mae,R0,R5,6,28,16,0.1932954299440965,0.189078277094487,0.004217152849609496
R0_vs_R5,d3_rainbow_trout,regression,mae,R0,R5,6,29,16,0.0404937297161869,0.0424981186559634,-0.0020043889397765025
R0_vs_R5,d3_rainbow_trout,regression,mae,R0,R5,6,30,16,0.012977934623334,0.0130638122413444,-8.587761801039963e-05
R0_vs_R5,d3_rainbow_trout,regression,mae,R0,R5,6,31,16,0.1351737744059152,0.1345989970551924,0.0005747773507227827
R0_vs_R5,d3_rainbow_trout,regression,mae,R0,R5,6,32,16,0.1449399559664653,0.1238080597361706,0.02113189623029471
R0_vs_R5,d3_rainbow_trout,regression,mae,R0,R5,6,33,16,0.067226287506427,0.0660861098188677,0.0011401776875592934
R0_vs_R5,d3_rainbow_trout,regression,mae,R0,R5,6,34,16,0.0907016576222186,0.1044037734420251,-0.013702115819806501
R0_vs_R5,d3_rainbow_trout,regression,mae,R0,R5,6,35,16,0.044574917675461,0.0411353463450235,0.003439571330437499
R0_vs_R5,d3_rainbow_trout,regression,mae,R0,R5,6,36,16,0.1315401066362763,0.130505886142265,0.0010342204940113064
R0_vs_R5,d3_rainbow_trout,regression,mae,R0,R5,6,37,16,0.1814779262336365,0.1882981273822708,-0.006820201148634297
R0_vs_R5,d3_rainbow_trout,regression,mae,R0,R5,6,38,16,0.2794527673721101,0.2825732215381387,-0.0031204541660285745
R0_vs_R5,d3_rainbow_trout,regression,mae,R0,R5,6,39,16,0.0561597223024893,0.0560077082749014,0.0001520140275879031
R0_vs_R5,d3_rainbow_trout,regression,mae,R0,R5,6,40,16,0.1086175504838786,0.1071233287165515,0.0014942217673270947
R0_vs_R5,d3_rainbow_trout,regression,mae,R0,R5,6,41,16,0.1387555519079358,0.1370956389011351,0.001659913006800684
R0_vs_R5,d3_rainbow_trout,regression,mae,R0,R5,6,42,16,0.0838826317699333,0.0811737257862257,0.002708905983707599
R0_vs_R5,d3_rainbow_trout,regression,mae,R0,R5,6,43,16,0.122400004525098,0.1231291658820189,-0.0007291613569209016
R0_vs_R5,d3_rainbow_trout,regression,mae,R0,R5,6,44,16,0.0592748006569116,0.0552672816165192,0.004007519040392399
R0_vs_R5,d3_rainbow_trout,regression,mae,R0,R5,6,45,16,0.0383104303112575,0.0405819993611191,-0.002271569049861602
R0_vs_R5,d3_rainbow_trout,regression,mae,R0,R5,6,46,16,0.1102774808111389,0.1171598694027056,-0.006882388591566702
R0_vs_R5,d3_rainbow_trout,regression,mae,R0,R5,6,47,16,0.2342033090025717,0.2136599149756847,0.020543394026886985
R0_vs_R5,d3_rainbow_trout,regression,mae,R0,R5,6,48,16,0.0690746819977313,0.0628669620146249,0.006207719983106402
R0_vs_R5,d3_rainbow_trout,regression,mae,R0,R5,6,49,16,0.2098208707386412,0.2257549248785112,-0.015934054139870008
R0_vs_R5,d3_rainbow_trout,regression,mae,R0,R5,6,50,16,0.0640845629566646,0.0709138056087532,-0.006829242652088591
R0_vs_R5,d3_rainbow_trout,regression,mae,R0,R5,6,51,16,0.0366306982575038,0.0348850654939436,0.0017456327635601981
R0_vs_R5,d3_rainbow_trout,regression,mae,R0,R5,6,52,16,0.0579364310825276,0.0624655107467215,-0.0045290796641939
R0_vs_R5,d3_rainbow_trout,regression,mae,R0,R5,6,53,16,0.0565193087308492,0.0534904617658626,0.0030288469649865993
R0_vs_R5,d3_rainbow_trout,regression,mae,R0,R5,6,54,16,0.1930865696032598,0.169601134522098,0.0234854350811618
R0_vs_R5,d3_rainbow_trout,regression,mae,R0,R5,6,55,16,0.0731809587974401,0.0710532422436965,0.0021277165537436082
R0_vs_R5,d3_rainbow_trout,regression,mae,R0,R5,6,56,16,0.0787447813225218,0.0791614163463129,-0.00041663502379109263
R0_vs_R5,d3_rainbow_trout,regression,mae,R0,R5,6,57,16,0.0235394488056352,0.0221514516807006,0.0013879971249345993
R0_vs_R5,d3_rainbow_trout,regression,mae,R0,R5,6,58,16,0.1015070453565112,0.0975548619829246,0.003952183373586604
R0_vs_R5,d3_rainbow_trout,regression,mae,R0,R5,6,59,16,0.0447124489636087,0.0412853354536872,0.0034271135099215033
R0_vs_R5,d3_rainbow_trout,regression,mae,R0,R5,6,60,16,0.077274504491572,0.0761757650793068,0.0010987394122651956
R0_vs_R5,d3_rainbow_trout,regression,mae,R0,R5,6,61,16,0.1513074653214055,0.1526767797417895,-0.0013693144203840157
R0_vs_R5,d3_rainbow_trout,regression,mae,R0,R5,7,0,16,0.0131879654513862,0.0147185543241418,-0.0015305888727555998
R0_vs_R5,d3_rainbow_trout,regression,mae,R0,R5,7,1,16,0.078353090946465,0.0835798129387645,-0.005226721992299496
R0_vs_R5,d3_rainbow_trout,regression,mae,R0,R5,7,2,16,0.0732958337376138,0.0686592694520157,0.0046365642855980965
R0_vs_R5,d3_rainbow_trout,regression,mae,R0,R5,7,3,16,0.2179090873822869,0.2213181526393051,-0.003409065257018201
R0_vs_R5,d3_rainbow_trout,regression,mae,R0,R5,7,4,16,0.0371520321287614,0.0300275555762169,0.007124476552544497
R0_vs_R5,d3_rainbow_trout,regression,mae,R0,R5,7,5,16,0.0493714279474393,0.0508811699320561,-0.0015097419846167998
R0_vs_R5,d3_rainbow_trout,regression,mae,R0,R5,7,6,16,0.1100831162959135,0.0983769691665448,0.011706147129368696
R0_vs_R5,d3_rainbow_trout,regression,mae,R0,R5,7,7,16,0.0531378537829028,0.0532925404324655,-0.00015468664956270334
R0_vs_R5,d3_rainbow_trout,regression,mae,R0,R5,7,8,16,0.1381923235192294,0.1654393093750515,-0.02724698585582211
R0_vs_R5,d3_rainbow_trout,regression,mae,R0,R5,7,9,16,0.1349184566373283,0.132790239681526,0.0021282169558022868
R0_vs_R5,d3_rainbow_trout,regression,mae,R0,R5,7,10,16,0.1652228652259254,0.166847205348808,-0.0016243401228825949
R0_vs_R5,d3_rainbow_trout,regression,mae,R0,R5,7,11,16,0.0739204968478292,0.0645547612190629,0.009365735628766303
R0_vs_R5,d3_rainbow_trout,regression,mae,R0,R5,7,12,16,0.0603895313409643,0.0657306604567627,-0.005341129115798392
R0_vs_R5,d3_rainbow_trout,regression,mae,R0,R5,7,13,16,0.0813618553304977,0.078851516892721,0.0025103384377766907
R0_vs_R5,d3_rainbow_trout,regression,mae,R0,R5,7,14,16,0.0716194992945916,0.0675330436846028,0.004086455609988798
R0_vs_R5,d3_rainbow_trout,regression,mae,R0,R5,7,15,16,0.0688139692276754,0.0709118804852284,-0.0020979112575530007
R0_vs_R5,d3_rainbow_trout,regression,mae,R0,R5,7,16,16,0.2927344294317361,0.2916646077457209,0.0010698216860152154
R0_vs_R5,d3_rainbow_trout,regression,mae,R0,R5,7,17,16,0.1265924065072205,0.1254136259834853,0.0011787805237352122
R0_vs_R5,d3_rainbow_trout,regression,mae,R0,R5,7,18,16,0.0514346467267171,0.0501899633021731,0.0012446834245439936
R0_vs_R5,d3_rainbow_trout,regression,mae,R0,R5,7,19,16,0.1255090872868516,0.1239182932082665,0.0015907940785850894
R0_vs_R5,d3_rainbow_trout,regression,mae,R0,R5,7,20,16,0.2015066024338485,0.2019501614043106,-0.0004435589704621101
R0_vs_R5,d3_rainbow_trout,regression,mae,R0,R5,7,21,16,0.0354919403272982,0.0424209296170703,-0.006928989289772099
R0_vs_R5,d3_rainbow_trout,regression,mae,R0,R5,7,22,16,0.069526921962958,0.0463351911209314,0.023191730842026595
R0_vs_R5,d3_rainbow_trout,regression,mae,R0,R5,7,23,16,0.0601354516485788,0.0607449457844466,-0.0006094941358677983
R0_vs_R5,d3_rainbow_trout,regression,mae,R0,R5,7,24,16,0.0970837892069999,0.0936960055639776,0.0033877836430222935
R0_vs_R5,d3_rainbow_trout,regression,mae,R0,R5,7,25,16,0.052003241477384,0.0551328477727389,-0.0031296062953549003
R0_vs_R5,d3_rainbow_trout,regression,mae,R0,R5,7,26,16,0.0557913402796463,0.0623223246882349,-0.006530984408588597
R0_vs_R5,d3_rainbow_trout,regression,mae,R0,R5,7,27,16,0.0610103986648891,0.0634128941374291,-0.002402495472539991
R0_vs_R5,d3_rainbow_trout,regression,mae,R0,R5,7,28,16,0.0344205333294798,0.0341739989673138,0.0002465343621659982
R0_vs_R5,d3_rainbow_trout,regression,mae,R0,R5,7,29,16,0.2057869534863197,0.2017263774236237,0.0040605760626959975
R0_vs_R5,d3_rainbow_trout,regression,mae,R0,R5,7,30,16,0.0642639711704955,0.0709976895338989,-0.006733718363403404
R0_vs_R5,d3_rainbow_trout,regression,mae,R0,R5,7,31,16,0.0260367345707665,0.0261534946594455,-0.00011676008867900212
R0_vs_R5,d3_rainbow_trout,regression,mae,R0,R5,7,32,16,0.1216990147310269,0.12340908239125,-0.001710067660223094
R0_vs_R5,d3_rainbow_trout,regression,mae,R0,R5,7,33,16,0.0328627813286611,0.0315304320308706,0.0013323492977904972
R0_vs_R5,d3_rainbow_trout,regression,mae,R0,R5,7,34,16,0.1935656801307589,0.1791572424686415,0.014408437662117385
R0_vs_R5,d3_rainbow_trout,regression,mae,R0,R5,7,35,16,0.1062973653893306,0.1062484746484343,4.8890740896298523e-05
R0_vs_R5,d3_rainbow_trout,regression,mae,R0,R5,7,36,16,0.1007953253560941,0.1028887513318475,-0.0020934259757533907
R0_vs_R5,d3_rainbow_trout,regression,mae,R0,R5,7,37,16,0.0461207754122852,0.0431700136191034,0.002950761793181801
R0_vs_R5,d3_rainbow_trout,regression,mae,R0,R5,7,38,16,0.1297906813550517,0.1376198879940139,-0.007829206638962194
R0_vs_R5,d3_rainbow_trout,regression,mae,R0,R5,7,39,16,0.0431156155547998,0.0442662681874739,-0.0011506526326741026
R0_vs_R5,d3_rainbow_trout,regression,mae,R0,R5,7,40,16,0.1009740102673194,0.1021998648069558,-0.0012258545396363896
R0_vs_R5,d3_rainbow_trout,regression,mae,R0,R5,7,41,16,0.1204510469628648,0.1220286940817116,-0.0015776471188468089
R0_vs_R5,d3_rainbow_trout,regression,mae,R0,R5,7,42,16,0.0562708712576435,0.0532550586031162,0.0030158126545273
R0_vs_R5,d3_rainbow_trout,regression,mae,R0,R5,7,43,16,0.0298630594322867,0.0275582852891764,0.0023047741431103004
R0_vs_R5,d3_rainbow_trout,regression,mae,R0,R5,7,44,16,0.0447484750416362,0.0461167766298322,-0.0013683015881960012
R0_vs_R5,d3_rainbow_trout,regression,mae,R0,R5,7,45,16,0.1425837025640668,0.1435196925221435,-0.0009359899580766995
R0_vs_R5,d3_rainbow_trout,regression,mae,R0,R5,7,46,16,0.2059275077711311,0.2183812933047757,-0.012453785533644596
R0_vs_R5,d3_rainbow_trout,regression,mae,R0,R5,7,47,16,0.0717428261220081,0.0715754780707547,0.00016734805125338814
R0_vs_R5,d3_rainbow_trout,regression,mae,R0,R5,7,48,16,0.0562173091209907,0.0558962783195997,0.00032103080139099516
R0_vs_R5,d3_rainbow_trout,regression,mae,R0,R5,7,49,16,0.0786519373206601,0.0875889849581417,-0.008937047637481599
R0_vs_R5,d3_rainbow_trout,regression,mae,R0,R5,7,50,16,0.0393234531381554,0.0397119907235173,-0.00038853758536189914
R0_vs_R5,d3_rainbow_trout,regression,mae,R0,R5,7,51,16,0.0695745638222185,0.0802986427943248,-0.01072407897210631
R0_vs_R5,d3_rainbow_trout,regression,mae,R0,R5,7,52,16,0.0636275353760261,0.0640861345064419,-0.00045859913041580713
R0_vs_R5,d3_rainbow_trout,regression,mae,R0,R5,7,53,16,0.0879298845488038,0.0934484550472106,-0.005518570498406802
R0_vs_R5,d3_rainbow_trout,regression,mae,R0,R5,7,54,16,0.2052380680149327,0.2065191827275865,-0.001281114712653797
R0_vs_R5,d3_rainbow_trout,regression,mae,R0,R5,7,55,16,0.0417230146379988,0.0439045508360295,-0.0021815361980307008
R0_vs_R5,d3_rainbow_trout,regression,mae,R0,R5,7,56,16,0.1902378867161911,0.1930656285010531,-0.0028277417848620034
R0_vs_R5,d3_rainbow_trout,regression,mae,R0,R5,7,57,16,0.0920792609615112,0.0890977102996408,0.002981550661870405
R0_vs_R5,d3_rainbow_trout,regression,mae,R0,R5,7,58,16,0.0258529625704811,0.0228765003667243,0.002976462203756799
R0_vs_R5,d3_rainbow_trout,regression,mae,R0,R5,7,59,16,0.0953455804138314,0.1002353424909614,-0.004889762077130003
R0_vs_R5,d3_rainbow_trout,regression,mae,R0,R5,7,60,16,0.0327434230465239,0.0330823600135479,-0.0003389369670239936
R0_vs_R5,d3_rainbow_trout,regression,mae,R0,R5,7,61,16,0.0639691021984301,0.0731818617482541,-0.009212759549823993
R0_vs_R5,d3_rainbow_trout,regression,mae,R0,R5,8,0,16,0.0379476147668738,0.0252496306772483,0.012697984089625497
R0_vs_R5,d3_rainbow_trout,regression,mae,R0,R5,8,1,16,0.0539424099199949,0.0469197004338509,0.007022709486144002
R0_vs_R5,d3_rainbow_trout,regression,mae,R0,R5,8,2,16,0.0877489676291713,0.0882042962268345,-0.00045532859766320155
R0_vs_R5,d3_rainbow_trout,regression,mae,R0,R5,8,3,16,0.0354992586443098,0.0321352602711163,0.003363998373193497
R0_vs_R5,d3_rainbow_trout,regression,mae,R0,R5,8,4,16,0.0578644213035345,0.0522618881767375,0.005602533126797003
R0_vs_R5,d3_rainbow_trout,regression,mae,R0,R5,8,5,16,0.282783581462182,0.2605675899761893,0.022215991485992737
R0_vs_R5,d3_rainbow_trout,regression,mae,R0,R5,8,6,16,0.0639264879354722,0.0662707244279284,-0.0023442364924562004
R0_vs_R5,d3_rainbow_trout,regression,mae,R0,R5,8,7,16,0.1079083527468093,0.1154275224809428,-0.00751916973413351
R0_vs_R5,d3_rainbow_trout,regression,mae,R0,R5,8,8,16,0.0653197530842182,0.0649673730184584,0.00035238006575979974
R0_vs_R5,d3_rainbow_trout,regression,mae,R0,R5,8,9,16,0.0585162763604492,0.0625206046742488,-0.004004328313799606
R0_vs_R5,d3_rainbow_trout,regression,mae,R0,R5,8,10,16,0.0755205662079637,0.0674530002002321,0.008067566007731605
R0_vs_R5,d3_rainbow_trout,regression,mae,R0,R5,8,11,16,0.03378695733083,0.0363322405423457,-0.002545283211515696
R0_vs_R5,d3_rainbow_trout,regression,mae,R0,R5,8,12,16,0.056821177592954,0.0750208548108722,-0.018199677217918202
R0_vs_R5,d3_rainbow_trout,regression,mae,R0,R5,8,13,16,0.0962977348846678,0.0853615151797034,0.01093621970496439
R0_vs_R5,d3_rainbow_trout,regression,mae,R0,R5,8,14,16,0.0328507281828096,0.0322807607014203,0.000569967481389301
R0_vs_R5,d3_rainbow_trout,regression,mae,R0,R5,8,15,16,0.234209271116956,0.2282806811439037,0.0059285899730522895
R0_vs_R5,d3_rainbow_trout,regression,mae,R0,R5,8,16,16,0.0714501724246591,0.0765803847649869,-0.005130212340327789
R0_vs_R5,d3_rainbow_trout,regression,mae,R0,R5,8,17,16,0.03860762327706,0.037790676555689,0.0008169467213710035
R0_vs_R5,d3_rainbow_trout,regression,mae,R0,R5,8,18,16,0.0739378570269881,0.078281886361342,-0.004344029334353905
R0_vs_R5,d3_rainbow_trout,regression,mae,R0,R5,8,19,16,0.2026369662767299,0.2085157474983165,-0.00587878122158661
R0_vs_R5,d3_rainbow_trout,regression,mae,R0,R5,8,20,16,0.0202760762713003,0.0148368587495762,0.005439217521724099
R0_vs_R5,d3_rainbow_trout,regression,mae,R0,R5,8,21,16,0.0734873905783538,0.0818791284506283,-0.008391737872274499
R0_vs_R5,d3_rainbow_trout,regression,mae,R0,R5,8,22,16,0.0721056815978471,0.0605759465829541,0.011529735014892996
R0_vs_R5,d3_rainbow_trout,regression,mae,R0,R5,8,23,16,0.2055480838555004,0.1849279038998209,0.020620179955679524
R0_vs_R5,d3_rainbow_trout,regression,mae,R0,R5,8,24,16,0.0602878090302633,0.0558308214131181,0.004456987617145199
R0_vs_R5,d3_rainbow_trout,regression,mae,R0,R5,8,25,16,0.0545781950876516,0.0474095019006031,0.0071686931870484985
R0_vs_R5,d3_rainbow_trout,regression,mae,R0,R5,8,26,16,0.1128581528027177,0.1125928557661738,0.00026529703654390446
R0_vs_R5,d3_rainbow_trout,regression,mae,R0,R5,8,27,16,0.0958651403533006,0.0908630410557133,0.005002099297587298
R0_vs_R5,d3_rainbow_trout,regression,mae,R0,R5,8,28,16,0.0789050548349512,0.0766388173654922,0.00226623746945899
R0_vs_R5,d3_rainbow_trout,regression,mae,R0,R5,8,29,16,0.1177039252209933,0.1174369588527835,0.0002669663682097895
R0_vs_R5,d3_rainbow_trout,regression,mae,R0,R5,8,30,16,0.2052226895740226,0.2038242370997427,0.0013984524742798876
R0_vs_R5,d3_rainbow_trout,regression,mae,R0,R5,8,31,16,0.1166167871196632,0.1313277603980024,-0.014710973278339201
R0_vs_R5,d3_rainbow_trout,regression,mae,R0,R5,8,32,16,0.0872694500953251,0.0829902403105116,0.004279209784813498
R0_vs_R5,d3_rainbow_trout,regression,mae,R0,R5,8,33,16,0.041783912308299,0.041999724321079,-0.000215812012780002
R0_vs_R5,d3_rainbow_trout,regression,mae,R0,R5,8,34,16,0.1757668080217833,0.1965908667151603,-0.020824058693377
R0_vs_R5,d3_rainbow_trout,regression,mae,R0,R5,8,35,16,0.0778053449021694,0.0853137850331742,-0.007508440131004809
R0_vs_R5,d3_rainbow_trout,regression,mae,R0,R5,8,36,16,0.0288656276954744,0.0273663772275674,0.001499250467907002
R0_vs_R5,d3_rainbow_trout,regression,mae,R0,R5,8,37,16,0.0427067466236356,0.0464046658115894,-0.0036979191879537993
R0_vs_R5,d3_rainbow_trout,regression,mae,R0,R5,8,38,16,0.1477177003958817,0.1511040662962809,-0.003386365900399202
R0_vs_R5,d3_rainbow_trout,regression,mae,R0,R5,8,39,16,0.2255501833006037,0.2218422142193597,0.003707969081243989
R0_vs_R5,d3_rainbow_trout,regression,mae,R0,R5,8,40,16,0.0632392337528167,0.0577274210931381,0.005511812659678601
R0_vs_R5,d3_rainbow_trout,regression,mae,R0,R5,8,41,16,0.1567040905612865,0.1573529232908113,-0.0006488327295247898
R0_vs_R5,d3_rainbow_trout,regression,mae,R0,R5,8,42,16,0.0697870623471432,0.0696857575236337,0.00010130482350949321
R0_vs_R5,d3_rainbow_trout,regression,mae,R0,R5,8,43,16,0.0160692263612467,0.0195973382695503,-0.0035281119083035994
R0_vs_R5,d3_rainbow_trout,regression,mae,R0,R5,8,44,16,0.0598476940979275,0.0600959425826165,-0.00024824848468900373
R0_vs_R5,d3_rainbow_trout,regression,mae,R0,R5,8,45,16,0.0899521646599575,0.089897594313607,5.4570346350507615e-05
R0_vs_R5,d3_rainbow_trout,regression,mae,R0,R5,8,46,16,0.0563081426284793,0.0582742342224531,-0.001966091593973797
R0_vs_R5,d3_rainbow_trout,regression,mae,R0,R5,8,47,16,0.1368885641017598,0.1360202625360425,0.0008683015657173221
R0_vs_R5,d3_rainbow_trout,regression,mae,R0,R5,8,48,16,0.0281729401360418,0.0281213805487247,5.1559587317100836e-05
R0_vs_R5,d3_rainbow_trout,regression,mae,R0,R5,8,49,16,0.0986875327742625,0.1028427475819934,-0.0041552148077309
R0_vs_R5,d3_rainbow_trout,regression,mae,R0,R5,8,50,16,0.0328594795286506,0.0314408877426244,0.0014185917860261993
R0_vs_R5,d3_rainbow_trout,regression,mae,R0,R5,8,51,16,0.0461579297972928,0.0433631935322482,0.0027947362650446034
R0_vs_R5,d3_rainbow_trout,regression,mae,R0,R5,8,52,16,0.17448997146741,0.1825398560187616,-0.00804988455135161
R0_vs_R5,d3_rainbow_trout,regression,mae,R0,R5,8,53,16,0.1333743819137742,0.1153020859362374,0.018072295977536804
R0_vs_R5,d3_rainbow_trout,regression,mae,R0,R5,8,54,16,0.0511551150480449,0.0541111055172558,-0.002955990469210898
R0_vs_R5,d3_rainbow_trout,regression,mae,R0,R5,8,55,16,0.1277199098559491,0.1848034724925206,-0.057083562636571494
R0_vs_R5,d3_rainbow_trout,regression,mae,R0,R5,8,56,16,0.041107505286729,0.0425351350160493,-0.0014276297293203052
R0_vs_R5,d3_rainbow_trout,regression,mae,R0,R5,8,57,16,0.070410270911527,0.0715500381403638,-0.0011397672288367966
R0_vs_R5,d3_rainbow_trout,regression,mae,R0,R5,8,58,16,0.0917444031628755,0.1068036934112931,-0.015059290248417595
R0_vs_R5,d3_rainbow_trout,regression,mae,R0,R5,8,59,16,0.1082472571646742,0.1140299558821949,-0.005782698717520698
R0_vs_R5,d3_rainbow_trout,regression,mae,R0,R5,8,60,16,0.1953904821925912,0.1888321245421731,0.006558357650418095
R0_vs_R5,d3_rainbow_trout,regression,mae,R0,R5,8,61,16,0.0776328222739323,0.0882059530216644,-0.010573130747732098
R0_vs_R5,d3_rainbow_trout,regression,mae,R0,R5,9,0,16,0.0324601883410983,0.0409021175099707,-0.008441929168872396
R0_vs_R5,d3_rainbow_trout,regression,mae,R0,R5,9,1,16,0.0589721488700949,0.0611758949865597,-0.0022037461164647956
R0_vs_R5,d3_rainbow_trout,regression,mae,R0,R5,9,2,16,0.0393806564093398,0.0404473936137604,-0.0010667372044206036
R0_vs_R5,d3_rainbow_trout,regression,mae,R0,R5,9,3,16,0.0879852847658933,0.0898878742201711,-0.0019025894542777921
R0_vs_R5,d3_rainbow_trout,regression,mae,R0,R5,9,4,16,0.0602948280097771,0.0508592961171266,0.009435531892650499
R0_vs_R5,d3_rainbow_trout,regression,mae,R0,R5,9,5,16,0.0542849992030956,0.059642515489231,-0.0053575162861354
R0_vs_R5,d3_rainbow_trout,regression,mae,R0,R5,9,6,16,0.1356542638321881,0.1612272056485809,-0.025572941816392802
R0_vs_R5,d3_rainbow_trout,regression,mae,R0,R5,9,7,16,0.0677622612567654,0.0685450208282158,-0.0007827595714503949
R0_vs_R5,d3_rainbow_trout,regression,mae,R0,R5,9,8,16,0.0315122715593909,0.0333840114844835,-0.001871739925092597
R0_vs_R5,d3_rainbow_trout,regression,mae,R0,R5,9,9,16,0.06383698360718,0.0619827969934337,0.0018541866137462976
R0_vs_R5,d3_rainbow_trout,regression,mae,R0,R5,9,10,16,0.0955462172141586,0.0991539309589534,-0.0036077137447948077
R0_vs_R5,d3_rainbow_trout,regression,mae,R0,R5,9,11,16,0.0601951484996729,0.0581061675149578,0.0020889809847150984
R0_vs_R5,d3_rainbow_trout,regression,mae,R0,R5,9,12,16,0.0666916250538559,0.0633407412840977,0.0033508837697582006
R0_vs_R5,d3_rainbow_trout,regression,mae,R0,R5,9,13,16,0.0378932680979995,0.0380069243333638,-0.00011365623536430114
R0_vs_R5,d3_rainbow_trout,regression,mae,R0,R5,9,14,16,0.0657545008217115,0.0638967030947596,0.0018577977269518958
R0_vs_R5,d3_rainbow_trout,regression,mae,R0,R5,9,15,16,0.1338075044450793,0.1415514127864205,-0.007743908341341199
R0_vs_R5,d3_rainbow_trout,regression,mae,R0,R5,9,16,16,0.1819482056195175,0.1590254984027048,0.022922707216812693
R0_vs_R5,d3_rainbow_trout,regression,mae,R0,R5,9,17,16,0.0932873077686896,0.1086286740034531,-0.015341366234763495
R0_vs_R5,d3_rainbow_trout,regression,mae,R0,R5,9,18,16,0.1251840957991882,0.1160661115852793,0.009117984213908914
R0_vs_R5,d3_rainbow_trout,regression,mae,R0,R5,9,19,16,0.0262145845996298,0.0237334019893279,0.002481182610301901
R0_vs_R5,d3_rainbow_trout,regression,mae,R0,R5,9,20,16,0.1317956586955796,0.1324095674759763,-0.0006139087803966881
R0_vs_R5,d3_rainbow_trout,regression,mae,R0,R5,9,21,16,0.0371555465574091,0.0365432116856036,0.0006123348718055019
R0_vs_R5,d3_rainbow_trout,regression,mae,R0,R5,9,22,16,0.1984753628668562,0.1918592520346901,0.006616110832166094
R0_vs_R5,d3_rainbow_trout,regression,mae,R0,R5,9,23,16,0.1493857145541969,0.1481113540596964,0.001274360494500526
R0_vs_R5,d3_rainbow_trout,regression,mae,R0,R5,9,24,16,0.221510777900142,0.2191725736076128,0.0023382042925292057
R0_vs_R5,d3_rainbow_trout,regression,mae,R0,R5,9,25,16,0.0707989157413723,0.0615134919167996,0.009285423824572703
R0_vs_R5,d3_rainbow_trout,regression,mae,R0,R5,9,26,16,0.1157276984278223,0.1270151139347561,-0.011287415506933796
R0_vs_R5,d3_rainbow_trout,regression,mae,R0,R5,9,27,16,0.0944301274035075,0.0984480209850439,-0.004017893581536411
R0_vs_R5,d3_rainbow_trout,regression,mae,R0,R5,9,28,16,0.1780076337673,0.1829402477278811,-0.004932613960581089
R0_vs_R5,d3_rainbow_trout,regression,mae,R0,R5,9,29,16,0.0787805864412207,0.0732245217436842,0.0055560646975365
R0_vs_R5,d3_rainbow_trout,regression,mae,R0,R5,9,30,16,0.0801543715879669,0.0819882983881526,-0.001833926800185695
R0_vs_R5,d3_rainbow_trout,regression,mae,R0,R5,9,31,16,0.0858900329599131,0.0897307815464623,-0.003840748586549203
R0_vs_R5,d3_rainbow_trout,regression,mae,R0,R5,9,32,16,0.0471865524578624,0.0493111924157522,-0.0021246399578898
R0_vs_R5,d3_rainbow_trout,regression,mae,R0,R5,9,33,16,0.0520616545334687,0.0537596055700426,-0.0016979510365738998
R0_vs_R5,d3_rainbow_trout,regression,mae,R0,R5,9,34,16,0.0250334209351137,0.0325571366211862,-0.007523715686072501
R0_vs_R5,d3_rainbow_trout,regression,mae,R0,R5,9,35,16,0.066712195097177,0.0666839159295036,2.827916767340899e-05
R0_vs_R5,d3_rainbow_trout,regression,mae,R0,R5,9,36,16,0.0625919877968524,0.0665521841179342,-0.003960196321081799
R0_vs_R5,d3_rainbow_trout,regression,mae,R0,R5,9,37,16,0.0340730051394652,0.0282561704732422,0.005816834666223
R0_vs_R5,d3_rainbow_trout,regression,mae,R0,R5,9,38,16,0.0681058201779131,0.0690543721334807,-0.0009485519555676031
R0_vs_R5,d3_rainbow_trout,regression,mae,R0,R5,9,39,16,0.0684437849696254,0.0632496864945808,0.005194098475044595
R0_vs_R5,d3_rainbow_trout,regression,mae,R0,R5,9,40,16,0.0580923248913868,0.0632337483310809,-0.005141423439694107
R0_vs_R5,d3_rainbow_trout,regression,mae,R0,R5,9,41,16,0.072405208805658,0.0792127328981876,-0.006807524092529604
R0_vs_R5,d3_rainbow_trout,regression,mae,R0,R5,9,42,16,0.038718056093313,0.0376351093125459,0.001082946780767098
R0_vs_R5,d3_rainbow_trout,regression,mae,R0,R5,9,43,16,0.1005418555509967,0.0929384383854562,0.007603417165540499
R0_vs_R5,d3_rainbow_trout,regression,mae,R0,R5,9,44,16,0.2675580026057148,0.2640999469514198,0.003458055654294967
R0_vs_R5,d3_rainbow_trout,regression,mae,R0,R5,9,45,16,0.1370363311355487,0.1372443910567111,-0.0002080599211624068
R0_vs_R5,d3_rainbow_trout,regression,mae,R0,R5,9,46,16,0.0562162792930619,0.056882731145354,-0.0006664518522920965
R0_vs_R5,d3_rainbow_trout,regression,mae,R0,R5,9,47,16,0.0158386661084682,0.0176367310667295,-0.0017980649582612987
R0_vs_R5,d3_rainbow_trout,regression,mae,R0,R5,9,48,16,0.0811332323778961,0.0762391071205086,0.004894125257387499
R0_vs_R5,d3_rainbow_trout,regression,mae,R0,R5,9,49,16,0.0691684630977757,0.0786294371961519,-0.009460974098376193
R0_vs_R5,d3_rainbow_trout,regression,mae,R0,R5,9,50,16,0.2135429498338467,0.2443671091433501,-0.030824159309503413
R0_vs_R5,d3_rainbow_trout,regression,mae,R0,R5,9,51,16,0.0362989372714205,0.0312009092703558,0.005098028001064701
R0_vs_R5,d3_rainbow_trout,regression,mae,R0,R5,9,52,16,0.0709547758025281,0.0819690621929058,-0.0110142863903777
R0_vs_R5,d3_rainbow_trout,regression,mae,R0,R5,9,53,16,0.1852833477636771,0.1721709510552956,0.013112396708381518
R0_vs_R5,d3_rainbow_trout,regression,mae,R0,R5,9,54,16,0.2155369709620443,0.2096875960664155,0.005849374895628812
R0_vs_R5,d3_rainbow_trout,regression,mae,R0,R5,9,55,16,0.0734693905658769,0.0715241912206198,0.0019451993452570954
R0_vs_R5,d3_rainbow_trout,regression,mae,R0,R5,9,56,16,0.0536523368938928,0.0535240780966003,0.000128258797292502
R0_vs_R5,d3_rainbow_trout,regression,mae,R0,R5,9,57,16,0.0667598615444047,0.0645324190907771,0.002227442453627604
R0_vs_R5,d3_rainbow_trout,regression,mae,R0,R5,9,58,16,0.1102676849050731,0.1126744359955729,-0.0024067510904998007
R0_vs_R5,d3_rainbow_trout,regression,mae,R0,R5,9,59,16,0.0658520041483255,0.0617342660545413,0.004117738093784198
R0_vs_R5,d3_rainbow_trout,regression,mae,R0,R5,9,60,16,0.1678400414246258,0.1749193917162471,-0.007079350291621295
R0_vs_R5,d3_rainbow_trout,regression,mae,R0,R5,9,61,16,0.1303199267360172,0.1329574451172192,-0.002637518381201992
R0_vs_R1,d3_rainbow_trout,classification,macro_f1,R0,R1,0,0,16,0.5,0.5,0.0
R0_vs_R1,d3_rainbow_trout,classification,macro_f1,R0,R1,0,1,16,0.75,0.75,0.0
R0_vs_R1,d3_rainbow_trout,classification,macro_f1,R0,R1,0,2,16,0.5,0.5,0.0
R0_vs_R1,d3_rainbow_trout,classification,macro_f1,R0,R1,0,3,16,0.25,0.25,0.0
R0_vs_R1,d3_rainbow_trout,classification,macro_f1,R0,R1,0,4,16,0.75,0.75,0.0
R0_vs_R1,d3_rainbow_trout,classification,macro_f1,R0,R1,0,5,16,0.5,0.5,0.0
R0_vs_R1,d3_rainbow_trout,classification,macro_f1,R0,R1,0,6,16,0.5,0.5,0.0
R0_vs_R1,d3_rainbow_trout,classification,macro_f1,R0,R1,0,7,16,0.75,0.75,0.0
R0_vs_R1,d3_rainbow_trout,classification,macro_f1,R0,R1,0,8,16,0.5,0.5,0.0
R0_vs_R1,d3_rainbow_trout,classification,macro_f1,R0,R1,0,9,16,0.5,0.5,0.0
R0_vs_R1,d3_rainbow_trout,classification,macro_f1,R0,R1,0,10,16,0.25,0.25,0.0
R0_vs_R1,d3_rainbow_trout,classification,macro_f1,R0,R1,0,11,16,0.7165178571428572,0.7068256578947368,0.00969219924812037
R0_vs_R1,d3_rainbow_trout,classification,macro_f1,R0,R1,0,12,16,0.25,0.25,0.0
R0_vs_R1,d3_rainbow_trout,classification,macro_f1,R0,R1,0,13,16,0.7394323671497585,0.7394323671497585,0.0
R0_vs_R1,d3_rainbow_trout,classification,macro_f1,R0,R1,0,14,16,0.62421269562939,0.6303211634600818,-0.006108467830691855
R0_vs_R1,d3_rainbow_trout,classification,macro_f1,R0,R1,0,15,16,0.5,0.5,0.0
R0_vs_R1,d3_rainbow_trout,classification,macro_f1,R0,R1,0,16,16,0.75,0.75,0.0
R0_vs_R1,d3_rainbow_trout,classification,macro_f1,R0,R1,0,17,16,1.0,1.0,0.0
R0_vs_R1,d3_rainbow_trout,classification,macro_f1,R0,R1,0,18,16,0.75,0.75,0.0
R0_vs_R1,d3_rainbow_trout,classification,macro_f1,R0,R1,0,19,16,0.75,0.75,0.0
R0_vs_R1,d3_rainbow_trout,classification,macro_f1,R0,R1,0,20,16,0.25,0.25,0.0
R0_vs_R1,d3_rainbow_trout,classification,macro_f1,R0,R1,0,21,16,0.75,0.75,0.0
R0_vs_R1,d3_rainbow_trout,classification,macro_f1,R0,R1,0,22,16,0.5,0.5,0.0
R0_vs_R1,d3_rainbow_trout,classification,macro_f1,R0,R1,0,23,16,0.75,0.75,0.0
R0_vs_R1,d3_rainbow_trout,classification,macro_f1,R0,R1,0,24,16,0.75,0.75,0.0
R0_vs_R1,d3_rainbow_trout,classification,macro_f1,R0,R1,0,25,16,0.75,0.75,0.0
R0_vs_R1,d3_rainbow_trout,classification,macro_f1,R0,R1,0,26,16,0.5,0.5,0.0
R0_vs_R1,d3_rainbow_trout,classification,macro_f1,R0,R1,0,27,16,0.5271883289124668,0.5625,-0.03531167108753319
R0_vs_R1,d3_rainbow_trout,classification,macro_f1,R0,R1,0,28,16,0.7290528233151183,0.7290528233151183,0.0
R0_vs_R1,d3_rainbow_trout,classification,macro_f1,R0,R1,0,29,16,0.75,0.75,0.0
R0_vs_R1,d3_rainbow_trout,classification,macro_f1,R0,R1,0,30,16,0.5,0.5,0.0
R0_vs_R1,d3_rainbow_trout,classification,macro_f1,R0,R1,0,31,16,1.0,1.0,0.0
R0_vs_R1,d3_rainbow_trout,classification,macro_f1,R0,R1,0,32,16,0.5,0.5,0.0
R0_vs_R1,d3_rainbow_trout,classification,macro_f1,R0,R1,0,33,16,0.5,0.5,0.0
R0_vs_R1,d3_rainbow_trout,classification,macro_f1,R0,R1,0,34,16,0.5,0.5,0.0
R0_vs_R1,d3_rainbow_trout,classification,macro_f1,R0,R1,0,35,16,0.75,0.75,0.0
R0_vs_R1,d3_rainbow_trout,classification,macro_f1,R0,R1,0,36,16,0.75,0.75,0.0
R0_vs_R1,d3_rainbow_trout,classification,macro_f1,R0,R1,0,37,16,0.5,0.5,0.0
R0_vs_R1,d3_rainbow_trout,classification,macro_f1,R0,R1,0,38,16,0.75,0.75,0.0
R0_vs_R1,d3_rainbow_trout,classification,macro_f1,R0,R1,0,39,16,0.25,0.25,0.0
R0_vs_R1,d3_rainbow_trout,classification,macro_f1,R0,R1,0,40,16,0.25,0.25,0.0
R0_vs_R1,d3_rainbow_trout,classification,macro_f1,R0,R1,0,41,16,1.0,1.0,0.0
R0_vs_R1,d3_rainbow_trout,classification,macro_f1,R0,R1,0,42,16,0.75,0.75,0.0
R0_vs_R1,d3_rainbow_trout,classification,macro_f1,R0,R1,0,43,16,1.0,1.0,0.0
R0_vs_R1,d3_rainbow_trout,classification,macro_f1,R0,R1,0,44,16,0.75,0.75,0.0
R0_vs_R1,d3_rainbow_trout,classification,macro_f1,R0,R1,0,45,16,0.75,0.75,0.0
R0_vs_R1,d3_rainbow_trout,classification,macro_f1,R0,R1,0,46,16,0.5,0.5,0.0
R0_vs_R1,d3_rainbow_trout,classification,macro_f1,R0,R1,0,47,16,0.75,0.75,0.0
R0_vs_R1,d3_rainbow_trout,classification,macro_f1,R0,R1,0,48,16,0.7432762836185819,0.7432762836185819,0.0
R0_vs_R1,d3_rainbow_trout,classification,macro_f1,R0,R1,0,49,16,0.5,0.5,0.0
R0_vs_R1,d3_rainbow_trout,classification,macro_f1,R0,R1,0,50,16,0.5,0.5,0.0
R0_vs_R1,d3_rainbow_trout,classification,macro_f1,R0,R1,0,51,16,0.5,0.5,0.0
R0_vs_R1,d3_rainbow_trout,classification,macro_f1,R0,R1,0,52,16,0.5,0.5,0.0
R0_vs_R1,d3_rainbow_trout,classification,macro_f1,R0,R1,0,53,16,0.5,0.5,0.0
R0_vs_R1,d3_rainbow_trout,classification,macro_f1,R0,R1,0,54,16,0.5,0.5,0.0
R0_vs_R1,d3_rainbow_trout,classification,macro_f1,R0,R1,0,55,16,0.75,0.75,0.0
R0_vs_R1,d3_rainbow_trout,classification,macro_f1,R0,R1,0,56,16,0.5,0.5,0.0
R0_vs_R1,d3_rainbow_trout,classification,macro_f1,R0,R1,0,57,16,0.75,0.75,0.0
R0_vs_R1,d3_rainbow_trout,classification,macro_f1,R0,R1,0,58,16,0.75,0.75,0.0
R0_vs_R1,d3_rainbow_trout,classification,macro_f1,R0,R1,0,59,16,0.75,0.75,0.0
R0_vs_R1,d3_rainbow_trout,classification,macro_f1,R0,R1,0,60,16,1.0,1.0,0.0
R0_vs_R1,d3_rainbow_trout,classification,macro_f1,R0,R1,0,61,16,0.75,0.75,0.0
R0_vs_R1,d3_rainbow_trout,classification,macro_f1,R0,R1,1,0,16,0.75,0.75,0.0
R0_vs_R1,d3_rainbow_trout,classification,macro_f1,R0,R1,1,1,16,0.75,0.75,0.0
R0_vs_R1,d3_rainbow_trout,classification,macro_f1,R0,R1,1,2,16,0.75,0.75,0.0
R0_vs_R1,d3_rainbow_trout,classification,macro_f1,R0,R1,1,3,16,0.7074684194550167,0.7004229562775318,0.00704546317748489
R0_vs_R1,d3_rainbow_trout,classification,macro_f1,R0,R1,1,4,16,0.75,0.75,0.0
R0_vs_R1,d3_rainbow_trout,classification,macro_f1,R0,R1,1,5,16,0.75,0.75,0.0
R0_vs_R1,d3_rainbow_trout,classification,macro_f1,R0,R1,1,6,16,0.5,0.5,0.0
R0_vs_R1,d3_rainbow_trout,classification,macro_f1,R0,R1,1,7,16,0.7192946378078248,0.7142857142857143,0.005008923522110464
R0_vs_R1,d3_rainbow_trout,classification,macro_f1,R0,R1,1,8,16,0.75,0.75,0.0
R0_vs_R1,d3_rainbow_trout,classification,macro_f1,R0,R1,1,9,16,0.75,0.75,0.0
R0_vs_R1,d3_rainbow_trout,classification,macro_f1,R0,R1,1,10,16,1.0,1.0,0.0
R0_vs_R1,d3_rainbow_trout,classification,macro_f1,R0,R1,1,11,16,0.75,0.75,0.0
R0_vs_R1,d3_rainbow_trout,classification,macro_f1,R0,R1,1,12,16,0.75,0.75,0.0
R0_vs_R1,d3_rainbow_trout,classification,macro_f1,R0,R1,1,13,16,0.75,0.75,0.0
R0_vs_R1,d3_rainbow_trout,classification,macro_f1,R0,R1,1,14,16,1.0,1.0,0.0
R0_vs_R1,d3_rainbow_trout,classification,macro_f1,R0,R1,1,15,16,0.5,0.5,0.0
R0_vs_R1,d3_rainbow_trout,classification,macro_f1,R0,R1,1,16,16,0.75,0.75,0.0
R0_vs_R1,d3_rainbow_trout,classification,macro_f1,R0,R1,1,17,16,0.25,0.25,0.0
R0_vs_R1,d3_rainbow_trout,classification,macro_f1,R0,R1,1,18,16,0.25,0.25,0.0
R0_vs_R1,d3_rainbow_trout,classification,macro_f1,R0,R1,1,19,16,0.75,0.75,0.0
R0_vs_R1,d3_rainbow_trout,classification,macro_f1,R0,R1,1,20,16,0.25,0.25,0.0
R0_vs_R1,d3_rainbow_trout,classification,macro_f1,R0,R1,1,21,16,0.5,0.5,0.0
R0_vs_R1,d3_rainbow_trout,classification,macro_f1,R0,R1,1,22,16,0.5453216374269005,0.5557354301572618,-0.010413792730361249
R0_vs_R1,d3_rainbow_trout,classification,macro_f1,R0,R1,1,23,16,0.5,0.5,0.0
R0_vs_R1,d3_rainbow_trout,classification,macro_f1,R0,R1,1,24,16,0.75,0.75,0.0
R0_vs_R1,d3_rainbow_trout,classification,macro_f1,R0,R1,1,25,16,0.5,0.5,0.0
R0_vs_R1,d3_rainbow_trout,classification,macro_f1,R0,R1,1,26,16,0.75,0.75,0.0
R0_vs_R1,d3_rainbow_trout,classification,macro_f1,R0,R1,1,27,16,0.5,0.5,0.0
R0_vs_R1,d3_rainbow_trout,classification,macro_f1,R0,R1,1,28,16,0.75,0.75,0.0
R0_vs_R1,d3_rainbow_trout,classification,macro_f1,R0,R1,1,29,16,0.5,0.5,0.0
R0_vs_R1,d3_rainbow_trout,classification,macro_f1,R0,R1,1,30,16,0.75,0.75,0.0
R0_vs_R1,d3_rainbow_trout,classification,macro_f1,R0,R1,1,31,16,0.5,0.5,0.0
R0_vs_R1,d3_rainbow_trout,classification,macro_f1,R0,R1,1,32,16,0.75,0.75,0.0
R0_vs_R1,d3_rainbow_trout,classification,macro_f1,R0,R1,1,33,16,0.75,0.75,0.0
R0_vs_R1,d3_rainbow_trout,classification,macro_f1,R0,R1,1,34,16,0.75,0.75,0.0
R0_vs_R1,d3_rainbow_trout,classification,macro_f1,R0,R1,1,35,16,0.5,0.5,0.0
R0_vs_R1,d3_rainbow_trout,classification,macro_f1,R0,R1,1,36,16,0.75,0.75,0.0
R0_vs_R1,d3_rainbow_trout,classification,macro_f1,R0,R1,1,37,16,1.0,1.0,0.0
R0_vs_R1,d3_rainbow_trout,classification,macro_f1,R0,R1,1,38,16,0.25,0.25,0.0
R0_vs_R1,d3_rainbow_trout,classification,macro_f1,R0,R1,1,39,16,0.5,0.5,0.0
R0_vs_R1,d3_rainbow_trout,classification,macro_f1,R0,R1,1,40,16,0.75,0.75,0.0
R0_vs_R1,d3_rainbow_trout,classification,macro_f1,R0,R1,1,41,16,0.5,0.5,0.0
R0_vs_R1,d3_rainbow_trout,classification,macro_f1,R0,R1,1,42,16,0.5,0.5,0.0
R0_vs_R1,d3_rainbow_trout,classification,macro_f1,R0,R1,1,43,16,0.5,0.5,0.0
R0_vs_R1,d3_rainbow_trout,classification,macro_f1,R0,R1,1,44,16,1.0,1.0,0.0
R0_vs_R1,d3_rainbow_trout,classification,macro_f1,R0,R1,1,45,16,0.5,0.5,0.0
R0_vs_R1,d3_rainbow_trout,classification,macro_f1,R0,R1,1,46,16,0.7141025641025641,0.7116823282547212,0.0024202358478429
R0_vs_R1,d3_rainbow_trout,classification,macro_f1,R0,R1,1,47,16,0.75,0.75,0.0
R0_vs_R1,d3_rainbow_trout,classification,macro_f1,R0,R1,1,48,16,0.5,0.5,0.0
R0_vs_R1,d3_rainbow_trout,classification,macro_f1,R0,R1,1,49,16,0.25,0.25,0.0
R0_vs_R1,d3_rainbow_trout,classification,macro_f1,R0,R1,1,50,16,0.5,0.5,0.0
R0_vs_R1,d3_rainbow_trout,classification,macro_f1,R0,R1,1,51,16,0.5,0.5,0.0
R0_vs_R1,d3_rainbow_trout,classification,macro_f1,R0,R1,1,52,16,0.25,0.25,0.0
R0_vs_R1,d3_rainbow_trout,classification,macro_f1,R0,R1,1,53,16,0.5,0.5,0.0
R0_vs_R1,d3_rainbow_trout,classification,macro_f1,R0,R1,1,54,16,0.5,0.5,0.0
R0_vs_R1,d3_rainbow_trout,classification,macro_f1,R0,R1,1,55,16,0.75,0.75,0.0
R0_vs_R1,d3_rainbow_trout,classification,macro_f1,R0,R1,1,56,16,0.75,0.75,0.0
R0_vs_R1,d3_rainbow_trout,classification,macro_f1,R0,R1,1,57,16,0.5,0.5,0.0
R0_vs_R1,d3_rainbow_trout,classification,macro_f1,R0,R1,1,58,16,0.75,0.75,0.0
R0_vs_R1,d3_rainbow_trout,classification,macro_f1,R0,R1,1,59,16,0.5,0.5,0.0
R0_vs_R1,d3_rainbow_trout,classification,macro_f1,R0,R1,1,60,16,1.0,1.0,0.0
R0_vs_R1,d3_rainbow_trout,classification,macro_f1,R0,R1,1,61,16,0.5,0.5,0.0
R0_vs_R1,d3_rainbow_trout,classification,macro_f1,R0,R1,2,0,16,0.25,0.25,0.0
R0_vs_R1,d3_rainbow_trout,classification,macro_f1,R0,R1,2,1,16,0.5,0.5,0.0
R0_vs_R1,d3_rainbow_trout,classification,macro_f1,R0,R1,2,2,16,0.75,0.75,0.0
R0_vs_R1,d3_rainbow_trout,classification,macro_f1,R0,R1,2,3,16,0.25,0.25,0.0
R0_vs_R1,d3_rainbow_trout,classification,macro_f1,R0,R1,2,4,16,0.7384806973848069,0.7430764097430764,-0.004595712358269499
R0_vs_R1,d3_rainbow_trout,classification,macro_f1,R0,R1,2,5,16,0.75,0.75,0.0
R0_vs_R1,d3_rainbow_trout,classification,macro_f1,R0,R1,2,6,16,0.75,0.75,0.0
R0_vs_R1,d3_rainbow_trout,classification,macro_f1,R0,R1,2,7,16,1.0,1.0,0.0
R0_vs_R1,d3_rainbow_trout,classification,macro_f1,R0,R1,2,8,16,0.5,0.5,0.0
R0_vs_R1,d3_rainbow_trout,classification,macro_f1,R0,R1,2,9,16,0.75,0.75,0.0
R0_vs_R1,d3_rainbow_trout,classification,macro_f1,R0,R1,2,10,16,0.5,0.5,0.0
R0_vs_R1,d3_rainbow_trout,classification,macro_f1,R0,R1,2,11,16,0.75,0.75,0.0
R0_vs_R1,d3_rainbow_trout,classification,macro_f1,R0,R1,2,12,16,0.7342515748425157,0.7359713191413557,-0.0017197442988400313
R0_vs_R1,d3_rainbow_trout,classification,macro_f1,R0,R1,2,13,16,0.5,0.5,0.0
R0_vs_R1,d3_rainbow_trout,classification,macro_f1,R0,R1,2,14,16,1.0,1.0,0.0
R0_vs_R1,d3_rainbow_trout,classification,macro_f1,R0,R1,2,15,16,0.5,0.5,0.0
R0_vs_R1,d3_rainbow_trout,classification,macro_f1,R0,R1,2,16,16,0.5,0.5,0.0
R0_vs_R1,d3_rainbow_trout,classification,macro_f1,R0,R1,2,17,16,0.5,0.5,0.0
R0_vs_R1,d3_rainbow_trout,classification,macro_f1,R0,R1,2,18,16,0.25,0.25,0.0
R0_vs_R1,d3_rainbow_trout,classification,macro_f1,R0,R1,2,19,16,0.75,0.75,0.0
R0_vs_R1,d3_rainbow_trout,classification,macro_f1,R0,R1,2,20,16,0.75,0.75,0.0
R0_vs_R1,d3_rainbow_trout,classification,macro_f1,R0,R1,2,21,16,0.5,0.5,0.0
R0_vs_R1,d3_rainbow_trout,classification,macro_f1,R0,R1,2,22,16,0.75,0.75,0.0
R0_vs_R1,d3_rainbow_trout,classification,macro_f1,R0,R1,2,23,16,0.75,0.75,0.0
R0_vs_R1,d3_rainbow_trout,classification,macro_f1,R0,R1,2,24,16,0.5,0.5,0.0
R0_vs_R1,d3_rainbow_trout,classification,macro_f1,R0,R1,2,25,16,0.75,0.75,0.0
R0_vs_R1,d3_rainbow_trout,classification,macro_f1,R0,R1,2,26,16,0.5,0.5,0.0
R0_vs_R1,d3_rainbow_trout,classification,macro_f1,R0,R1,2,27,16,1.0,1.0,0.0
R0_vs_R1,d3_rainbow_trout,classification,macro_f1,R0,R1,2,28,16,0.75,0.75,0.0
R0_vs_R1,d3_rainbow_trout,classification,macro_f1,R0,R1,2,29,16,0.25,0.25,0.0
R0_vs_R1,d3_rainbow_trout,classification,macro_f1,R0,R1,2,30,16,0.5,0.5,0.0
R0_vs_R1,d3_rainbow_trout,classification,macro_f1,R0,R1,2,31,16,0.25,0.25,0.0
R0_vs_R1,d3_rainbow_trout,classification,macro_f1,R0,R1,2,32,16,0.75,0.75,0.0
R0_vs_R1,d3_rainbow_trout,classification,macro_f1,R0,R1,2,33,16,0.6538258296343268,0.6668684798807749,-0.013042650246448129
R0_vs_R1,d3_rainbow_trout,classification,macro_f1,R0,R1,2,34,16,1.0,1.0,0.0
R0_vs_R1,d3_rainbow_trout,classification,macro_f1,R0,R1,2,35,16,0.5,0.5,0.0
R0_vs_R1,d3_rainbow_trout,classification,macro_f1,R0,R1,2,36,16,0.75,0.75,0.0
R0_vs_R1,d3_rainbow_trout,classification,macro_f1,R0,R1,2,37,16,0.75,0.75,0.0
R0_vs_R1,d3_rainbow_trout,classification,macro_f1,R0,R1,2,38,16,0.75,0.75,0.0
R0_vs_R1,d3_rainbow_trout,classification,macro_f1,R0,R1,2,39,16,0.75,0.75,0.0
R0_vs_R1,d3_rainbow_trout,classification,macro_f1,R0,R1,2,40,16,0.661465663928744,0.6271413828689371,0.034324281059806894
R0_vs_R1,d3_rainbow_trout,classification,macro_f1,R0,R1,2,41,16,0.5,0.5,0.0
R0_vs_R1,d3_rainbow_trout,classification,macro_f1,R0,R1,2,42,16,0.5,0.5,0.0
R0_vs_R1,d3_rainbow_trout,classification,macro_f1,R0,R1,2,43,16,0.5,0.5,0.0
R0_vs_R1,d3_rainbow_trout,classification,macro_f1,R0,R1,2,44,16,0.735702614379085,0.735702614379085,0.0
R0_vs_R1,d3_rainbow_trout,classification,macro_f1,R0,R1,2,45,16,0.75,0.75,0.0
R0_vs_R1,d3_rainbow_trout,classification,macro_f1,R0,R1,2,46,16,0.7469879518072289,0.75,-0.003012048192771122
R0_vs_R1,d3_rainbow_trout,classification,macro_f1,R0,R1,2,47,16,0.5,0.5,0.0
R0_vs_R1,d3_rainbow_trout,classification,macro_f1,R0,R1,2,48,16,0.75,0.75,0.0
R0_vs_R1,d3_rainbow_trout,classification,macro_f1,R0,R1,2,49,16,0.5,0.4988038277511961,0.0011961722488039173
R0_vs_R1,d3_rainbow_trout,classification,macro_f1,R0,R1,2,50,16,0.75,0.75,0.0
R0_vs_R1,d3_rainbow_trout,classification,macro_f1,R0,R1,2,51,16,0.5,0.5,0.0
R0_vs_R1,d3_rainbow_trout,classification,macro_f1,R0,R1,2,52,16,0.5,0.5,0.0
R0_vs_R1,d3_rainbow_trout,classification,macro_f1,R0,R1,2,53,16,0.5,0.5,0.0
R0_vs_R1,d3_rainbow_trout,classification,macro_f1,R0,R1,2,54,16,0.75,0.75,0.0
R0_vs_R1,d3_rainbow_trout,classification,macro_f1,R0,R1,2,55,16,0.75,0.75,0.0
R0_vs_R1,d3_rainbow_trout,classification,macro_f1,R0,R1,2,56,16,0.75,0.75,0.0
R0_vs_R1,d3_rainbow_trout,classification,macro_f1,R0,R1,2,57,16,0.75,0.75,0.0
R0_vs_R1,d3_rainbow_trout,classification,macro_f1,R0,R1,2,58,16,1.0,1.0,0.0
R0_vs_R1,d3_rainbow_trout,classification,macro_f1,R0,R1,2,59,16,0.5,0.5,0.0
R0_vs_R1,d3_rainbow_trout,classification,macro_f1,R0,R1,2,60,16,0.25,0.25,0.0
R0_vs_R1,d3_rainbow_trout,classification,macro_f1,R0,R1,2,61,16,0.5,0.5,0.0
R0_vs_R1,d3_rainbow_trout,classification,macro_f1,R0,R1,3,0,16,0.5453216374269005,0.5625,-0.01717836257309946
R0_vs_R1,d3_rainbow_trout,classification,macro_f1,R0,R1,3,1,16,0.75,0.75,0.0
R0_vs_R1,d3_rainbow_trout,classification,macro_f1,R0,R1,3,2,16,0.5,0.5,0.0
R0_vs_R1,d3_rainbow_trout,classification,macro_f1,R0,R1,3,3,16,0.75,0.75,0.0
R0_vs_R1,d3_rainbow_trout,classification,macro_f1,R0,R1,3,4,16,0.75,0.75,0.0
R0_vs_R1,d3_rainbow_trout,classification,macro_f1,R0,R1,3,5,16,1.0,1.0,0.0
R0_vs_R1,d3_rainbow_trout,classification,macro_f1,R0,R1,3,6,16,0.75,0.75,0.0
R0_vs_R1,d3_rainbow_trout,classification,macro_f1,R0,R1,3,7,16,0.728531997546514,0.7165178571428572,0.012014140403656781
R0_vs_R1,d3_rainbow_trout,classification,macro_f1,R0,R1,3,8,16,0.5,0.5,0.0
R0_vs_R1,d3_rainbow_trout,classification,macro_f1,R0,R1,3,9,16,0.75,0.75,0.0
R0_vs_R1,d3_rainbow_trout,classification,macro_f1,R0,R1,3,10,16,0.5,0.5,0.0
R0_vs_R1,d3_rainbow_trout,classification,macro_f1,R0,R1,3,11,16,0.5,0.5,0.0
R0_vs_R1,d3_rainbow_trout,classification,macro_f1,R0,R1,3,12,16,0.7290528233151183,0.7192946378078248,0.00975818550729357
R0_vs_R1,d3_rainbow_trout,classification,macro_f1,R0,R1,3,13,16,0.7482014388489209,0.7469879518072289,0.0012134870416919963
R0_vs_R1,d3_rainbow_trout,classification,macro_f1,R0,R1,3,14,16,0.5,0.5,0.0
R0_vs_R1,d3_rainbow_trout,classification,macro_f1,R0,R1,3,15,16,1.0,1.0,0.0
R0_vs_R1,d3_rainbow_trout,classification,macro_f1,R0,R1,3,16,16,1.0,1.0,0.0
R0_vs_R1,d3_rainbow_trout,classification,macro_f1,R0,R1,3,17,16,0.75,0.75,0.0
R0_vs_R1,d3_rainbow_trout,classification,macro_f1,R0,R1,3,18,16,1.0,1.0,0.0
R0_vs_R1,d3_rainbow_trout,classification,macro_f1,R0,R1,3,19,16,0.25,0.25,0.0
R0_vs_R1,d3_rainbow_trout,classification,macro_f1,R0,R1,3,20,16,0.5,0.5,0.0
R0_vs_R1,d3_rainbow_trout,classification,macro_f1,R0,R1,3,21,16,0.5,0.5,0.0
R0_vs_R1,d3_rainbow_trout,classification,macro_f1,R0,R1,3,22,16,0.75,0.75,0.0
R0_vs_R1,d3_rainbow_trout,classification,macro_f1,R0,R1,3,23,16,0.75,0.75,0.0
R0_vs_R1,d3_rainbow_trout,classification,macro_f1,R0,R1,3,24,16,0.75,0.75,0.0
R0_vs_R1,d3_rainbow_trout,classification,macro_f1,R0,R1,3,25,16,0.5,0.5,0.0
R0_vs_R1,d3_rainbow_trout,classification,macro_f1,R0,R1,3,26,16,0.75,0.75,0.0
R0_vs_R1,d3_rainbow_trout,classification,macro_f1,R0,R1,3,27,16,0.75,0.75,0.0
R0_vs_R1,d3_rainbow_trout,classification,macro_f1,R0,R1,3,28,16,0.5,0.5,0.0
R0_vs_R1,d3_rainbow_trout,classification,macro_f1,R0,R1,3,29,16,0.25,0.25,0.0
R0_vs_R1,d3_rainbow_trout,classification,macro_f1,R0,R1,3,30,16,0.75,0.75,0.0
R0_vs_R1,d3_rainbow_trout,classification,macro_f1,R0,R1,3,31,16,0.75,0.75,0.0
R0_vs_R1,d3_rainbow_trout,classification,macro_f1,R0,R1,3,32,16,0.75,0.75,0.0
R0_vs_R1,d3_rainbow_trout,classification,macro_f1,R0,R1,3,33,16,0.5,0.5,0.0
R0_vs_R1,d3_rainbow_trout,classification,macro_f1,R0,R1,3,34,16,0.674677693487543,0.6180883166524167,0.056589376835126326
R0_vs_R1,d3_rainbow_trout,classification,macro_f1,R0,R1,3,35,16,1.0,1.0,0.0
R0_vs_R1,d3_rainbow_trout,classification,macro_f1,R0,R1,3,36,16,0.5,0.5,0.0
R0_vs_R1,d3_rainbow_trout,classification,macro_f1,R0,R1,3,37,16,0.75,0.75,0.0
R0_vs_R1,d3_rainbow_trout,classification,macro_f1,R0,R1,3,38,16,0.75,0.75,0.0
R0_vs_R1,d3_rainbow_trout,classification,macro_f1,R0,R1,3,39,16,0.25,0.25,0.0
R0_vs_R1,d3_rainbow_trout,classification,macro_f1,R0,R1,3,40,16,0.5,0.5,0.0
R0_vs_R1,d3_rainbow_trout,classification,macro_f1,R0,R1,3,41,16,0.75,0.75,0.0
R0_vs_R1,d3_rainbow_trout,classification,macro_f1,R0,R1,3,42,16,0.4988038277511961,0.4988038277511961,0.0
R0_vs_R1,d3_rainbow_trout,classification,macro_f1,R0,R1,3,43,16,0.75,0.75,0.0
R0_vs_R1,d3_rainbow_trout,classification,macro_f1,R0,R1,3,44,16,0.75,0.75,0.0
R0_vs_R1,d3_rainbow_trout,classification,macro_f1,R0,R1,3,45,16,0.75,0.75,0.0
R0_vs_R1,d3_rainbow_trout,classification,macro_f1,R0,R1,3,46,16,0.25,0.25,0.0
R0_vs_R1,d3_rainbow_trout,classification,macro_f1,R0,R1,3,47,16,0.25,0.25,0.0
R0_vs_R1,d3_rainbow_trout,classification,macro_f1,R0,R1,3,48,16,0.75,0.75,0.0
R0_vs_R1,d3_rainbow_trout,classification,macro_f1,R0,R1,3,49,16,0.75,0.75,0.0
R0_vs_R1,d3_rainbow_trout,classification,macro_f1,R0,R1,3,50,16,0.5,0.5,0.0
R0_vs_R1,d3_rainbow_trout,classification,macro_f1,R0,R1,3,51,16,0.5,0.5,0.0
R0_vs_R1,d3_rainbow_trout,classification,macro_f1,R0,R1,3,52,16,0.5,0.5,0.0
R0_vs_R1,d3_rainbow_trout,classification,macro_f1,R0,R1,3,53,16,0.5,0.5,0.0
R0_vs_R1,d3_rainbow_trout,classification,macro_f1,R0,R1,3,54,16,0.5,0.5,0.0
R0_vs_R1,d3_rainbow_trout,classification,macro_f1,R0,R1,3,55,16,0.5,0.5,0.0
R0_vs_R1,d3_rainbow_trout,classification,macro_f1,R0,R1,3,56,16,0.75,0.75,0.0
R0_vs_R1,d3_rainbow_trout,classification,macro_f1,R0,R1,3,57,16,0.5,0.5,0.0
R0_vs_R1,d3_rainbow_trout,classification,macro_f1,R0,R1,3,58,16,0.5,0.5,0.0
R0_vs_R1,d3_rainbow_trout,classification,macro_f1,R0,R1,3,59,16,0.25,0.25,0.0
R0_vs_R1,d3_rainbow_trout,classification,macro_f1,R0,R1,3,60,16,0.5,0.5,0.0
R0_vs_R1,d3_rainbow_trout,classification,macro_f1,R0,R1,3,61,16,0.75,0.75,0.0
R0_vs_R1,d3_rainbow_trout,classification,macro_f1,R0,R1,4,0,16,0.75,0.75,0.0
R0_vs_R1,d3_rainbow_trout,classification,macro_f1,R0,R1,4,1,16,0.75,0.75,0.0
R0_vs_R1,d3_rainbow_trout,classification,macro_f1,R0,R1,4,2,16,0.75,0.75,0.0
R0_vs_R1,d3_rainbow_trout,classification,macro_f1,R0,R1,4,3,16,0.75,0.75,0.0
R0_vs_R1,d3_rainbow_trout,classification,macro_f1,R0,R1,4,4,16,0.75,0.75,0.0
R0_vs_R1,d3_rainbow_trout,classification,macro_f1,R0,R1,4,5,16,0.75,0.75,0.0
R0_vs_R1,d3_rainbow_trout,classification,macro_f1,R0,R1,4,6,16,0.5,0.5,0.0
R0_vs_R1,d3_rainbow_trout,classification,macro_f1,R0,R1,4,7,16,0.7429232566498922,0.75,-0.0070767433501077726
R0_vs_R1,d3_rainbow_trout,classification,macro_f1,R0,R1,4,8,16,0.25,0.25,0.0
R0_vs_R1,d3_rainbow_trout,classification,macro_f1,R0,R1,4,9,16,0.5,0.5,0.0
R0_vs_R1,d3_rainbow_trout,classification,macro_f1,R0,R1,4,10,16,0.6209607460420733,0.6452702702702703,-0.024309524228196988
R0_vs_R1,d3_rainbow_trout,classification,macro_f1,R0,R1,4,11,16,0.5,0.5,0.0
R0_vs_R1,d3_rainbow_trout,classification,macro_f1,R0,R1,4,12,16,0.5,0.5,0.0
R0_vs_R1,d3_rainbow_trout,classification,macro_f1,R0,R1,4,13,16,1.0,1.0,0.0
R0_vs_R1,d3_rainbow_trout,classification,macro_f1,R0,R1,4,14,16,0.7482014388489209,0.7426470588235294,0.005554380025391437
R0_vs_R1,d3_rainbow_trout,classification,macro_f1,R0,R1,4,15,16,0.5,0.5,0.0
R0_vs_R1,d3_rainbow_trout,classification,macro_f1,R0,R1,4,16,16,0.75,0.75,0.0
R0_vs_R1,d3_rainbow_trout,classification,macro_f1,R0,R1,4,17,16,0.5,0.5,0.0
R0_vs_R1,d3_rainbow_trout,classification,macro_f1,R0,R1,4,18,16,0.75,0.75,0.0
R0_vs_R1,d3_rainbow_trout,classification,macro_f1,R0,R1,4,19,16,0.25,0.25,0.0
R0_vs_R1,d3_rainbow_trout,classification,macro_f1,R0,R1,4,20,16,0.5,0.5,0.0
R0_vs_R1,d3_rainbow_trout,classification,macro_f1,R0,R1,4,21,16,0.5,0.5,0.0
R0_vs_R1,d3_rainbow_trout,classification,macro_f1,R0,R1,4,22,16,1.0,1.0,0.0
R0_vs_R1,d3_rainbow_trout,classification,macro_f1,R0,R1,4,23,16,0.75,0.75,0.0
R0_vs_R1,d3_rainbow_trout,classification,macro_f1,R0,R1,4,24,16,0.5,0.5,0.0
R0_vs_R1,d3_rainbow_trout,classification,macro_f1,R0,R1,4,25,16,0.6771600768402609,0.7016594516594516,-0.024499374819190733
R0_vs_R1,d3_rainbow_trout,classification,macro_f1,R0,R1,4,26,16,0.5,0.5,0.0
R0_vs_R1,d3_rainbow_trout,classification,macro_f1,R0,R1,4,27,16,0.75,0.75,0.0
R0_vs_R1,d3_rainbow_trout,classification,macro_f1,R0,R1,4,28,16,0.5,0.5,0.0
R0_vs_R1,d3_rainbow_trout,classification,macro_f1,R0,R1,4,29,16,0.75,0.75,0.0
R0_vs_R1,d3_rainbow_trout,classification,macro_f1,R0,R1,4,30,16,0.5,0.5,0.0
R0_vs_R1,d3_rainbow_trout,classification,macro_f1,R0,R1,4,31,16,0.75,0.75,0.0
R0_vs_R1,d3_rainbow_trout,classification,macro_f1,R0,R1,4,32,16,0.25,0.25,0.0
R0_vs_R1,d3_rainbow_trout,classification,macro_f1,R0,R1,4,33,16,0.25,0.25,0.0
R0_vs_R1,d3_rainbow_trout,classification,macro_f1,R0,R1,4,34,16,1.0,1.0,0.0
R0_vs_R1,d3_rainbow_trout,classification,macro_f1,R0,R1,4,35,16,0.477979274611399,0.4591412742382271,0.018838000373171904
R0_vs_R1,d3_rainbow_trout,classification,macro_f1,R0,R1,4,36,16,0.7290528233151183,0.7520419714915217,-0.022989148176403407
R0_vs_R1,d3_rainbow_trout,classification,macro_f1,R0,R1,4,37,16,0.5,0.5,0.0
R0_vs_R1,d3_rainbow_trout,classification,macro_f1,R0,R1,4,38,16,0.75,0.75,0.0
R0_vs_R1,d3_rainbow_trout,classification,macro_f1,R0,R1,4,39,16,0.75,0.75,0.0
R0_vs_R1,d3_rainbow_trout,classification,macro_f1,R0,R1,4,40,16,0.75,0.75,0.0
R0_vs_R1,d3_rainbow_trout,classification,macro_f1,R0,R1,4,41,16,1.0,1.0,0.0
R0_vs_R1,d3_rainbow_trout,classification,macro_f1,R0,R1,4,42,16,0.25,0.25,0.0
R0_vs_R1,d3_rainbow_trout,classification,macro_f1,R0,R1,4,43,16,0.5,0.5,0.0
R0_vs_R1,d3_rainbow_trout,classification,macro_f1,R0,R1,4,44,16,0.5,0.5,0.0
R0_vs_R1,d3_rainbow_trout,classification,macro_f1,R0,R1,4,45,16,0.75,0.75,0.0
R0_vs_R1,d3_rainbow_trout,classification,macro_f1,R0,R1,4,46,16,0.5,0.5,0.0
R0_vs_R1,d3_rainbow_trout,classification,macro_f1,R0,R1,4,47,16,1.0,1.0,0.0
R0_vs_R1,d3_rainbow_trout,classification,macro_f1,R0,R1,4,48,16,0.75,0.75,0.0
R0_vs_R1,d3_rainbow_trout,classification,macro_f1,R0,R1,4,49,16,0.75,0.75,0.0
R0_vs_R1,d3_rainbow_trout,classification,macro_f1,R0,R1,4,50,16,0.75,0.75,0.0
R0_vs_R1,d3_rainbow_trout,classification,macro_f1,R0,R1,4,51,16,0.7333147942157954,0.75,-0.016685205784204626
R0_vs_R1,d3_rainbow_trout,classification,macro_f1,R0,R1,4,52,16,0.75,0.75,0.0
R0_vs_R1,d3_rainbow_trout,classification,macro_f1,R0,R1,4,53,16,0.5,0.5,0.0
R0_vs_R1,d3_rainbow_trout,classification,macro_f1,R0,R1,4,54,16,0.75,0.75,0.0
R0_vs_R1,d3_rainbow_trout,classification,macro_f1,R0,R1,4,55,16,0.5,0.5,0.0
R0_vs_R1,d3_rainbow_trout,classification,macro_f1,R0,R1,4,56,16,0.75,0.75,0.0
R0_vs_R1,d3_rainbow_trout,classification,macro_f1,R0,R1,4,57,16,0.75,0.75,0.0
R0_vs_R1,d3_rainbow_trout,classification,macro_f1,R0,R1,4,58,16,0.5,0.5,0.0
R0_vs_R1,d3_rainbow_trout,classification,macro_f1,R0,R1,4,59,16,0.25,0.25,0.0
R0_vs_R1,d3_rainbow_trout,classification,macro_f1,R0,R1,4,60,16,0.5,0.5,0.0
R0_vs_R1,d3_rainbow_trout,classification,macro_f1,R0,R1,4,61,16,0.5,0.5,0.0
R0_vs_R1,d3_rainbow_trout,classification,macro_f1,R0,R1,5,0,16,0.75,0.75,0.0
R0_vs_R1,d3_rainbow_trout,classification,macro_f1,R0,R1,5,1,16,0.75,0.75,0.0
R0_vs_R1,d3_rainbow_trout,classification,macro_f1,R0,R1,5,2,16,0.5,0.5,0.0
R0_vs_R1,d3_rainbow_trout,classification,macro_f1,R0,R1,5,3,16,0.7290528233151183,0.7290528233151183,0.0
R0_vs_R1,d3_rainbow_trout,classification,macro_f1,R0,R1,5,4,16,0.5,0.5,0.0
R0_vs_R1,d3_rainbow_trout,classification,macro_f1,R0,R1,5,5,16,0.5,0.5,0.0
R0_vs_R1,d3_rainbow_trout,classification,macro_f1,R0,R1,5,6,16,0.75,0.75,0.0
R0_vs_R1,d3_rainbow_trout,classification,macro_f1,R0,R1,5,7,16,0.75,0.75,0.0
R0_vs_R1,d3_rainbow_trout,classification,macro_f1,R0,R1,5,8,16,0.5,0.5,0.0
R0_vs_R1,d3_rainbow_trout,classification,macro_f1,R0,R1,5,9,16,0.75,0.75,0.0
R0_vs_R1,d3_rainbow_trout,classification,macro_f1,R0,R1,5,10,16,0.25,0.25,0.0
R0_vs_R1,d3_rainbow_trout,classification,macro_f1,R0,R1,5,11,16,1.0,1.0,0.0
R0_vs_R1,d3_rainbow_trout,classification,macro_f1,R0,R1,5,12,16,0.75,0.75,0.0
R0_vs_R1,d3_rainbow_trout,classification,macro_f1,R0,R1,5,13,16,0.5,0.5,0.0
R0_vs_R1,d3_rainbow_trout,classification,macro_f1,R0,R1,5,14,16,0.75,0.75,0.0
R0_vs_R1,d3_rainbow_trout,classification,macro_f1,R0,R1,5,15,16,0.25,0.25,0.0
R0_vs_R1,d3_rainbow_trout,classification,macro_f1,R0,R1,5,16,16,0.75,0.75,0.0
R0_vs_R1,d3_rainbow_trout,classification,macro_f1,R0,R1,5,17,16,0.5,0.5,0.0
R0_vs_R1,d3_rainbow_trout,classification,macro_f1,R0,R1,5,18,16,0.75,0.75,0.0
R0_vs_R1,d3_rainbow_trout,classification,macro_f1,R0,R1,5,19,16,0.75,0.75,0.0
R0_vs_R1,d3_rainbow_trout,classification,macro_f1,R0,R1,5,20,16,1.0,1.0,0.0
R0_vs_R1,d3_rainbow_trout,classification,macro_f1,R0,R1,5,21,16,0.5,0.5,0.0
R0_vs_R1,d3_rainbow_trout,classification,macro_f1,R0,R1,5,22,16,0.75,0.75,0.0
R0_vs_R1,d3_rainbow_trout,classification,macro_f1,R0,R1,5,23,16,1.0,1.0,0.0
R0_vs_R1,d3_rainbow_trout,classification,macro_f1,R0,R1,5,24,16,0.6762256809338522,0.7002147766323024,-0.023989095698450202
R0_vs_R1,d3_rainbow_trout,classification,macro_f1,R0,R1,5,25,16,0.5,0.5,0.0
R0_vs_R1,d3_rainbow_trout,classification,macro_f1,R0,R1,5,26,16,0.7333147942157954,0.728531997546514,0.004782796669281386
R0_vs_R1,d3_rainbow_trout,classification,macro_f1,R0,R1,5,27,16,0.5,0.5,0.0
R0_vs_R1,d3_rainbow_trout,classification,macro_f1,R0,R1,5,28,16,0.5,0.5,0.0
R0_vs_R1,d3_rainbow_trout,classification,macro_f1,R0,R1,5,29,16,0.5,0.5,0.0
R0_vs_R1,d3_rainbow_trout,classification,macro_f1,R0,R1,5,30,16,0.75,0.75,0.0
R0_vs_R1,d3_rainbow_trout,classification,macro_f1,R0,R1,5,31,16,0.5,0.5,0.0
R0_vs_R1,d3_rainbow_trout,classification,macro_f1,R0,R1,5,32,16,0.5,0.5,0.0
R0_vs_R1,d3_rainbow_trout,classification,macro_f1,R0,R1,5,33,16,0.75,0.75,0.0
R0_vs_R1,d3_rainbow_trout,classification,macro_f1,R0,R1,5,34,16,0.75,0.75,0.0
R0_vs_R1,d3_rainbow_trout,classification,macro_f1,R0,R1,5,35,16,0.5,0.5,0.0
R0_vs_R1,d3_rainbow_trout,classification,macro_f1,R0,R1,5,36,16,0.75,0.75,0.0
R0_vs_R1,d3_rainbow_trout,classification,macro_f1,R0,R1,5,37,16,0.5,0.5,0.0
R0_vs_R1,d3_rainbow_trout,classification,macro_f1,R0,R1,5,38,16,0.75,0.75,0.0
R0_vs_R1,d3_rainbow_trout,classification,macro_f1,R0,R1,5,39,16,0.25,0.25,0.0
R0_vs_R1,d3_rainbow_trout,classification,macro_f1,R0,R1,5,40,16,0.75,0.75,0.0
R0_vs_R1,d3_rainbow_trout,classification,macro_f1,R0,R1,5,41,16,0.75,0.75,0.0
R0_vs_R1,d3_rainbow_trout,classification,macro_f1,R0,R1,5,42,16,0.75,0.75,0.0
R0_vs_R1,d3_rainbow_trout,classification,macro_f1,R0,R1,5,43,16,0.25,0.25,0.0
R0_vs_R1,d3_rainbow_trout,classification,macro_f1,R0,R1,5,44,16,0.5,0.5,0.0
R0_vs_R1,d3_rainbow_trout,classification,macro_f1,R0,R1,5,45,16,0.75,0.75,0.0
R0_vs_R1,d3_rainbow_trout,classification,macro_f1,R0,R1,5,46,16,0.5,0.5,0.0
R0_vs_R1,d3_rainbow_trout,classification,macro_f1,R0,R1,5,47,16,0.5,0.5,0.0
R0_vs_R1,d3_rainbow_trout,classification,macro_f1,R0,R1,5,48,16,0.75,0.75,0.0
R0_vs_R1,d3_rainbow_trout,classification,macro_f1,R0,R1,5,49,16,0.5,0.5,0.0
R0_vs_R1,d3_rainbow_trout,classification,macro_f1,R0,R1,5,50,16,1.0,1.0,0.0
R0_vs_R1,d3_rainbow_trout,classification,macro_f1,R0,R1,5,51,16,0.75,0.75,0.0
R0_vs_R1,d3_rainbow_trout,classification,macro_f1,R0,R1,5,52,16,0.5,0.5,0.0
R0_vs_R1,d3_rainbow_trout,classification,macro_f1,R0,R1,5,53,16,1.0,1.0,0.0
R0_vs_R1,d3_rainbow_trout,classification,macro_f1,R0,R1,5,54,16,0.25,0.25,0.0
R0_vs_R1,d3_rainbow_trout,classification,macro_f1,R0,R1,5,55,16,0.7440467753366407,0.7392807922005002,0.004765983136140406
R0_vs_R1,d3_rainbow_trout,classification,macro_f1,R0,R1,5,56,16,0.5,0.5,0.0
R0_vs_R1,d3_rainbow_trout,classification,macro_f1,R0,R1,5,57,16,0.5079661016949153,0.4371589132422785,0.07080718845263678
R0_vs_R1,d3_rainbow_trout,classification,macro_f1,R0,R1,5,58,16,0.5,0.5,0.0
R0_vs_R1,d3_rainbow_trout,classification,macro_f1,R0,R1,5,59,16,0.25,0.25,0.0
R0_vs_R1,d3_rainbow_trout,classification,macro_f1,R0,R1,5,60,16,0.75,0.75,0.0
R0_vs_R1,d3_rainbow_trout,classification,macro_f1,R0,R1,5,61,16,0.75,0.75,0.0
R0_vs_R1,d3_rainbow_trout,classification,macro_f1,R0,R1,6,0,16,0.5,0.5,0.0
R0_vs_R1,d3_rainbow_trout,classification,macro_f1,R0,R1,6,1,16,0.5,0.5,0.0
R0_vs_R1,d3_rainbow_trout,classification,macro_f1,R0,R1,6,2,16,0.5,0.5,0.0
R0_vs_R1,d3_rainbow_trout,classification,macro_f1,R0,R1,6,3,16,0.75,0.75,0.0
R0_vs_R1,d3_rainbow_trout,classification,macro_f1,R0,R1,6,4,16,0.75,0.75,0.0
R0_vs_R1,d3_rainbow_trout,classification,macro_f1,R0,R1,6,5,16,0.25,0.25,0.0
R0_vs_R1,d3_rainbow_trout,classification,macro_f1,R0,R1,6,6,16,0.5,0.5,0.0
R0_vs_R1,d3_rainbow_trout,classification,macro_f1,R0,R1,6,7,16,0.75,0.75,0.0
R0_vs_R1,d3_rainbow_trout,classification,macro_f1,R0,R1,6,8,16,0.5,0.5,0.0
R0_vs_R1,d3_rainbow_trout,classification,macro_f1,R0,R1,6,9,16,0.5,0.5,0.0
R0_vs_R1,d3_rainbow_trout,classification,macro_f1,R0,R1,6,10,16,0.75,0.75,0.0
R0_vs_R1,d3_rainbow_trout,classification,macro_f1,R0,R1,6,11,16,0.5,0.5,0.0
R0_vs_R1,d3_rainbow_trout,classification,macro_f1,R0,R1,6,12,16,0.5,0.5,0.0
R0_vs_R1,d3_rainbow_trout,classification,macro_f1,R0,R1,6,13,16,0.75,0.75,0.0
R0_vs_R1,d3_rainbow_trout,classification,macro_f1,R0,R1,6,14,16,0.75,0.75,0.0
R0_vs_R1,d3_rainbow_trout,classification,macro_f1,R0,R1,6,15,16,0.5,0.5,0.0
R0_vs_R1,d3_rainbow_trout,classification,macro_f1,R0,R1,6,16,16,1.0,1.0,0.0
R0_vs_R1,d3_rainbow_trout,classification,macro_f1,R0,R1,6,17,16,0.5,0.5,0.0
R0_vs_R1,d3_rainbow_trout,classification,macro_f1,R0,R1,6,18,16,1.0,1.0,0.0
R0_vs_R1,d3_rainbow_trout,classification,macro_f1,R0,R1,6,19,16,0.75,0.75,0.0
R0_vs_R1,d3_rainbow_trout,classification,macro_f1,R0,R1,6,20,16,0.5,0.5,0.0
R0_vs_R1,d3_rainbow_trout,classification,macro_f1,R0,R1,6,21,16,0.75,0.75,0.0
R0_vs_R1,d3_rainbow_trout,classification,macro_f1,R0,R1,6,22,16,0.75,0.75,0.0
R0_vs_R1,d3_rainbow_trout,classification,macro_f1,R0,R1,6,23,16,1.0,1.0,0.0
R0_vs_R1,d3_rainbow_trout,classification,macro_f1,R0,R1,6,24,16,0.5,0.5,0.0
R0_vs_R1,d3_rainbow_trout,classification,macro_f1,R0,R1,6,25,16,0.25,0.25,0.0
R0_vs_R1,d3_rainbow_trout,classification,macro_f1,R0,R1,6,26,16,0.75,0.75,0.0
R0_vs_R1,d3_rainbow_trout,classification,macro_f1,R0,R1,6,27,16,0.75,0.75,0.0
R0_vs_R1,d3_rainbow_trout,classification,macro_f1,R0,R1,6,28,16,0.25,0.25,0.0
R0_vs_R1,d3_rainbow_trout,classification,macro_f1,R0,R1,6,29,16,0.5,0.5,0.0
R0_vs_R1,d3_rainbow_trout,classification,macro_f1,R0,R1,6,30,16,0.25,0.25,0.0
R0_vs_R1,d3_rainbow_trout,classification,macro_f1,R0,R1,6,31,16,0.75,0.75,0.0
R0_vs_R1,d3_rainbow_trout,classification,macro_f1,R0,R1,6,32,16,0.5523006886590494,0.5308975408753533,0.021403147783696008
R0_vs_R1,d3_rainbow_trout,classification,macro_f1,R0,R1,6,33,16,0.75,0.75,0.0
R0_vs_R1,d3_rainbow_trout,classification,macro_f1,R0,R1,6,34,16,1.0,1.0,0.0
R0_vs_R1,d3_rainbow_trout,classification,macro_f1,R0,R1,6,35,16,0.25,0.25,0.0
R0_vs_R1,d3_rainbow_trout,classification,macro_f1,R0,R1,6,36,16,0.75,0.75,0.0
R0_vs_R1,d3_rainbow_trout,classification,macro_f1,R0,R1,6,37,16,0.75,0.75,0.0
R0_vs_R1,d3_rainbow_trout,classification,macro_f1,R0,R1,6,38,16,0.5,0.5,0.0
R0_vs_R1,d3_rainbow_trout,classification,macro_f1,R0,R1,6,39,16,0.75,0.75,0.0
R0_vs_R1,d3_rainbow_trout,classification,macro_f1,R0,R1,6,40,16,0.75,0.75,0.0
R0_vs_R1,d3_rainbow_trout,classification,macro_f1,R0,R1,6,41,16,0.7520419714915217,0.7242161900269026,0.027825781464619115
R0_vs_R1,d3_rainbow_trout,classification,macro_f1,R0,R1,6,42,16,0.75,0.75,0.0
R0_vs_R1,d3_rainbow_trout,classification,macro_f1,R0,R1,6,43,16,0.5,0.5,0.0
R0_vs_R1,d3_rainbow_trout,classification,macro_f1,R0,R1,6,44,16,0.75,0.75,0.0
R0_vs_R1,d3_rainbow_trout,classification,macro_f1,R0,R1,6,45,16,0.5,0.5,0.0
R0_vs_R1,d3_rainbow_trout,classification,macro_f1,R0,R1,6,46,16,0.75,0.75,0.0
R0_vs_R1,d3_rainbow_trout,classification,macro_f1,R0,R1,6,47,16,0.6885487528344671,0.6808836395450568,0.00766511328941033
R0_vs_R1,d3_rainbow_trout,classification,macro_f1,R0,R1,6,48,16,0.5,0.5,0.0
R0_vs_R1,d3_rainbow_trout,classification,macro_f1,R0,R1,6,49,16,0.25,0.25,0.0
R0_vs_R1,d3_rainbow_trout,classification,macro_f1,R0,R1,6,50,16,0.75,0.75,0.0
R0_vs_R1,d3_rainbow_trout,classification,macro_f1,R0,R1,6,51,16,0.5,0.5,0.0
R0_vs_R1,d3_rainbow_trout,classification,macro_f1,R0,R1,6,52,16,0.5,0.5,0.0
R0_vs_R1,d3_rainbow_trout,classification,macro_f1,R0,R1,6,53,16,1.0,1.0,0.0
R0_vs_R1,d3_rainbow_trout,classification,macro_f1,R0,R1,6,54,16,0.75,0.75,0.0
R0_vs_R1,d3_rainbow_trout,classification,macro_f1,R0,R1,6,55,16,0.5,0.5,0.0
R0_vs_R1,d3_rainbow_trout,classification,macro_f1,R0,R1,6,56,16,0.5,0.5,0.0
R0_vs_R1,d3_rainbow_trout,classification,macro_f1,R0,R1,6,57,16,0.5,0.5,0.0
R0_vs_R1,d3_rainbow_trout,classification,macro_f1,R0,R1,6,58,16,0.75,0.75,0.0
R0_vs_R1,d3_rainbow_trout,classification,macro_f1,R0,R1,6,59,16,0.75,0.75,0.0
R0_vs_R1,d3_rainbow_trout,classification,macro_f1,R0,R1,6,60,16,0.75,0.75,0.0
R0_vs_R1,d3_rainbow_trout,classification,macro_f1,R0,R1,6,61,16,0.75,0.75,0.0
R0_vs_R1,d3_rainbow_trout,classification,macro_f1,R0,R1,7,0,16,0.25,0.25,0.0
R0_vs_R1,d3_rainbow_trout,classification,macro_f1,R0,R1,7,1,16,0.25,0.25,0.0
R0_vs_R1,d3_rainbow_trout,classification,macro_f1,R0,R1,7,2,16,0.5,0.5,0.0
R0_vs_R1,d3_rainbow_trout,classification,macro_f1,R0,R1,7,3,16,0.5,0.5,0.0
R0_vs_R1,d3_rainbow_trout,classification,macro_f1,R0,R1,7,4,16,0.5,0.5,0.0
R0_vs_R1,d3_rainbow_trout,classification,macro_f1,R0,R1,7,5,16,0.75,0.75,0.0
R0_vs_R1,d3_rainbow_trout,classification,macro_f1,R0,R1,7,6,16,0.7043885319737534,0.7452376632801161,-0.040849131306362696
R0_vs_R1,d3_rainbow_trout,classification,macro_f1,R0,R1,7,7,16,0.75,0.75,0.0
R0_vs_R1,d3_rainbow_trout,classification,macro_f1,R0,R1,7,8,16,0.75,0.75,0.0
R0_vs_R1,d3_rainbow_trout,classification,macro_f1,R0,R1,7,9,16,0.75,0.75,0.0
R0_vs_R1,d3_rainbow_trout,classification,macro_f1,R0,R1,7,10,16,0.25,0.25,0.0
R0_vs_R1,d3_rainbow_trout,classification,macro_f1,R0,R1,7,11,16,0.5,0.5,0.0
R0_vs_R1,d3_rainbow_trout,classification,macro_f1,R0,R1,7,12,16,0.5,0.5,0.0
R0_vs_R1,d3_rainbow_trout,classification,macro_f1,R0,R1,7,13,16,0.5,0.5,0.0
R0_vs_R1,d3_rainbow_trout,classification,macro_f1,R0,R1,7,14,16,0.5,0.5,0.0
R0_vs_R1,d3_rainbow_trout,classification,macro_f1,R0,R1,7,15,16,0.5,0.5,0.0
R0_vs_R1,d3_rainbow_trout,classification,macro_f1,R0,R1,7,16,16,0.5,0.5,0.0
R0_vs_R1,d3_rainbow_trout,classification,macro_f1,R0,R1,7,17,16,0.75,0.75,0.0
R0_vs_R1,d3_rainbow_trout,classification,macro_f1,R0,R1,7,18,16,0.5,0.5,0.0
R0_vs_R1,d3_rainbow_trout,classification,macro_f1,R0,R1,7,19,16,0.7242161900269026,0.7192946378078248,0.004921552219077863
R0_vs_R1,d3_rainbow_trout,classification,macro_f1,R0,R1,7,20,16,0.6104016064257028,0.6197989394156549,-0.009397332989952045
R0_vs_R1,d3_rainbow_trout,classification,macro_f1,R0,R1,7,21,16,0.5,0.5,0.0
R0_vs_R1,d3_rainbow_trout,classification,macro_f1,R0,R1,7,22,16,0.5,0.5,0.0
R0_vs_R1,d3_rainbow_trout,classification,macro_f1,R0,R1,7,23,16,0.5,0.5,0.0
R0_vs_R1,d3_rainbow_trout,classification,macro_f1,R0,R1,7,24,16,0.75,0.75,0.0
R0_vs_R1,d3_rainbow_trout,classification,macro_f1,R0,R1,7,25,16,1.0,1.0,0.0
R0_vs_R1,d3_rainbow_trout,classification,macro_f1,R0,R1,7,26,16,0.75,0.75,0.0
R0_vs_R1,d3_rainbow_trout,classification,macro_f1,R0,R1,7,27,16,0.5,0.5,0.0
R0_vs_R1,d3_rainbow_trout,classification,macro_f1,R0,R1,7,28,16,1.0,1.0,0.0
R0_vs_R1,d3_rainbow_trout,classification,macro_f1,R0,R1,7,29,16,0.25,0.25,0.0
R0_vs_R1,d3_rainbow_trout,classification,macro_f1,R0,R1,7,30,16,0.75,0.75,0.0
R0_vs_R1,d3_rainbow_trout,classification,macro_f1,R0,R1,7,31,16,0.5,0.5,0.0
R0_vs_R1,d3_rainbow_trout,classification,macro_f1,R0,R1,7,32,16,0.5,0.5,0.0
R0_vs_R1,d3_rainbow_trout,classification,macro_f1,R0,R1,7,33,16,0.25,0.25,0.0
R0_vs_R1,d3_rainbow_trout,classification,macro_f1,R0,R1,7,34,16,0.7451456310679612,0.7426470588235294,0.0024985722444317293
R0_vs_R1,d3_rainbow_trout,classification,macro_f1,R0,R1,7,35,16,0.75,0.75,0.0
R0_vs_R1,d3_rainbow_trout,classification,macro_f1,R0,R1,7,36,16,0.75,0.75,0.0
R0_vs_R1,d3_rainbow_trout,classification,macro_f1,R0,R1,7,37,16,0.75,0.75,0.0
R0_vs_R1,d3_rainbow_trout,classification,macro_f1,R0,R1,7,38,16,0.75,0.75,0.0
R0_vs_R1,d3_rainbow_trout,classification,macro_f1,R0,R1,7,39,16,0.75,0.75,0.0
R0_vs_R1,d3_rainbow_trout,classification,macro_f1,R0,R1,7,40,16,0.75,0.75,0.0
R0_vs_R1,d3_rainbow_trout,classification,macro_f1,R0,R1,7,41,16,0.75,0.75,0.0
R0_vs_R1,d3_rainbow_trout,classification,macro_f1,R0,R1,7,42,16,0.5,0.5,0.0
R0_vs_R1,d3_rainbow_trout,classification,macro_f1,R0,R1,7,43,16,0.25,0.25,0.0
R0_vs_R1,d3_rainbow_trout,classification,macro_f1,R0,R1,7,44,16,0.75,0.75,0.0
R0_vs_R1,d3_rainbow_trout,classification,macro_f1,R0,R1,7,45,16,0.75,0.75,0.0
R0_vs_R1,d3_rainbow_trout,classification,macro_f1,R0,R1,7,46,16,0.75,0.75,0.0
R0_vs_R1,d3_rainbow_trout,classification,macro_f1,R0,R1,7,47,16,1.0,1.0,0.0
R0_vs_R1,d3_rainbow_trout,classification,macro_f1,R0,R1,7,48,16,0.75,0.75,0.0
R0_vs_R1,d3_rainbow_trout,classification,macro_f1,R0,R1,7,49,16,1.0,1.0,0.0
R0_vs_R1,d3_rainbow_trout,classification,macro_f1,R0,R1,7,50,16,1.0,1.0,0.0
R0_vs_R1,d3_rainbow_trout,classification,macro_f1,R0,R1,7,51,16,0.7308328447045548,0.7308328447045548,0.0
R0_vs_R1,d3_rainbow_trout,classification,macro_f1,R0,R1,7,52,16,0.5,0.5,0.0
R0_vs_R1,d3_rainbow_trout,classification,macro_f1,R0,R1,7,53,16,0.75,0.75,0.0
R0_vs_R1,d3_rainbow_trout,classification,macro_f1,R0,R1,7,54,16,0.5,0.5,0.0
R0_vs_R1,d3_rainbow_trout,classification,macro_f1,R0,R1,7,55,16,0.5,0.5,0.0
R0_vs_R1,d3_rainbow_trout,classification,macro_f1,R0,R1,7,56,16,0.7213349713349714,0.723737465608586,-0.002402494273614608
R0_vs_R1,d3_rainbow_trout,classification,macro_f1,R0,R1,7,57,16,0.75,0.75,0.0
R0_vs_R1,d3_rainbow_trout,classification,macro_f1,R0,R1,7,58,16,0.5,0.5,0.0
R0_vs_R1,d3_rainbow_trout,classification,macro_f1,R0,R1,7,59,16,0.75,0.75,0.0
R0_vs_R1,d3_rainbow_trout,classification,macro_f1,R0,R1,7,60,16,0.5,0.5,0.0
R0_vs_R1,d3_rainbow_trout,classification,macro_f1,R0,R1,7,61,16,0.75,0.75,0.0
R0_vs_R1,d3_rainbow_trout,classification,macro_f1,R0,R1,8,0,16,0.5,0.5,0.0
R0_vs_R1,d3_rainbow_trout,classification,macro_f1,R0,R1,8,1,16,0.5,0.5,0.0
R0_vs_R1,d3_rainbow_trout,classification,macro_f1,R0,R1,8,2,16,0.75,0.75,0.0
R0_vs_R1,d3_rainbow_trout,classification,macro_f1,R0,R1,8,3,16,1.0,1.0,0.0
R0_vs_R1,d3_rainbow_trout,classification,macro_f1,R0,R1,8,4,16,0.75,0.75,0.0
R0_vs_R1,d3_rainbow_trout,classification,macro_f1,R0,R1,8,5,16,0.5,0.5,0.0
R0_vs_R1,d3_rainbow_trout,classification,macro_f1,R0,R1,8,6,16,0.5,0.5,0.0
R0_vs_R1,d3_rainbow_trout,classification,macro_f1,R0,R1,8,7,16,0.6538258296343268,0.6485124590395813,0.005313370594745459
R0_vs_R1,d3_rainbow_trout,classification,macro_f1,R0,R1,8,8,16,0.5,0.5,0.0
R0_vs_R1,d3_rainbow_trout,classification,macro_f1,R0,R1,8,9,16,0.5,0.5,0.0
R0_vs_R1,d3_rainbow_trout,classification,macro_f1,R0,R1,8,10,16,0.75,0.75,0.0
R0_vs_R1,d3_rainbow_trout,classification,macro_f1,R0,R1,8,11,16,0.75,0.75,0.0
R0_vs_R1,d3_rainbow_trout,classification,macro_f1,R0,R1,8,12,16,0.5,0.5,0.0
R0_vs_R1,d3_rainbow_trout,classification,macro_f1,R0,R1,8,13,16,0.75,0.75,0.0
R0_vs_R1,d3_rainbow_trout,classification,macro_f1,R0,R1,8,14,16,0.5,0.5,0.0
R0_vs_R1,d3_rainbow_trout,classification,macro_f1,R0,R1,8,15,16,0.5,0.5,0.0
R0_vs_R1,d3_rainbow_trout,classification,macro_f1,R0,R1,8,16,16,0.75,0.75,0.0
R0_vs_R1,d3_rainbow_trout,classification,macro_f1,R0,R1,8,17,16,0.5,0.5,0.0
R0_vs_R1,d3_rainbow_trout,classification,macro_f1,R0,R1,8,18,16,1.0,1.0,0.0
R0_vs_R1,d3_rainbow_trout,classification,macro_f1,R0,R1,8,19,16,0.75,0.75,0.0
R0_vs_R1,d3_rainbow_trout,classification,macro_f1,R0,R1,8,20,16,0.5,0.5,0.0
R0_vs_R1,d3_rainbow_trout,classification,macro_f1,R0,R1,8,21,16,0.25,0.25,0.0
R0_vs_R1,d3_rainbow_trout,classification,macro_f1,R0,R1,8,22,16,0.5,0.5,0.0
R0_vs_R1,d3_rainbow_trout,classification,macro_f1,R0,R1,8,23,16,0.25,0.25,0.0
R0_vs_R1,d3_rainbow_trout,classification,macro_f1,R0,R1,8,24,16,0.5,0.5,0.0
R0_vs_R1,d3_rainbow_trout,classification,macro_f1,R0,R1,8,25,16,1.0,1.0,0.0
R0_vs_R1,d3_rainbow_trout,classification,macro_f1,R0,R1,8,26,16,0.75,0.75,0.0
R0_vs_R1,d3_rainbow_trout,classification,macro_f1,R0,R1,8,27,16,1.0,1.0,0.0
R0_vs_R1,d3_rainbow_trout,classification,macro_f1,R0,R1,8,28,16,0.75,0.75,0.0
R0_vs_R1,d3_rainbow_trout,classification,macro_f1,R0,R1,8,29,16,0.75,0.75,0.0
R0_vs_R1,d3_rainbow_trout,classification,macro_f1,R0,R1,8,30,16,0.7452376632801161,0.75,-0.004762336719883908
R0_vs_R1,d3_rainbow_trout,classification,macro_f1,R0,R1,8,31,16,0.5,0.5,0.0
R0_vs_R1,d3_rainbow_trout,classification,macro_f1,R0,R1,8,32,16,0.75,0.75,0.0
R0_vs_R1,d3_rainbow_trout,classification,macro_f1,R0,R1,8,33,16,0.75,0.75,0.0
R0_vs_R1,d3_rainbow_trout,classification,macro_f1,R0,R1,8,34,16,0.6836625939436558,0.6513524760715772,0.0323101178720786
R0_vs_R1,d3_rainbow_trout,classification,macro_f1,R0,R1,8,35,16,0.5,0.5,0.0
R0_vs_R1,d3_rainbow_trout,classification,macro_f1,R0,R1,8,36,16,0.25,0.25,0.0
R0_vs_R1,d3_rainbow_trout,classification,macro_f1,R0,R1,8,37,16,0.75,0.75,0.0
R0_vs_R1,d3_rainbow_trout,classification,macro_f1,R0,R1,8,38,16,0.75,0.75,0.0
R0_vs_R1,d3_rainbow_trout,classification,macro_f1,R0,R1,8,39,16,0.5,0.5,0.0
R0_vs_R1,d3_rainbow_trout,classification,macro_f1,R0,R1,8,40,16,0.75,0.75,0.0
R0_vs_R1,d3_rainbow_trout,classification,macro_f1,R0,R1,8,41,16,0.75,0.75,0.0
R0_vs_R1,d3_rainbow_trout,classification,macro_f1,R0,R1,8,42,16,0.5,0.5,0.0
R0_vs_R1,d3_rainbow_trout,classification,macro_f1,R0,R1,8,43,16,0.25,0.25,0.0
R0_vs_R1,d3_rainbow_trout,classification,macro_f1,R0,R1,8,44,16,0.75,0.75,0.0
R0_vs_R1,d3_rainbow_trout,classification,macro_f1,R0,R1,8,45,16,0.75,0.75,0.0
R0_vs_R1,d3_rainbow_trout,classification,macro_f1,R0,R1,8,46,16,0.75,0.75,0.0
R0_vs_R1,d3_rainbow_trout,classification,macro_f1,R0,R1,8,47,16,0.7290528233151183,0.7475961538461539,-0.018543330531035518
R0_vs_R1,d3_rainbow_trout,classification,macro_f1,R0,R1,8,48,16,0.5,0.5,0.0
R0_vs_R1,d3_rainbow_trout,classification,macro_f1,R0,R1,8,49,16,0.75,0.7451456310679612,0.004854368932038833
R0_vs_R1,d3_rainbow_trout,classification,macro_f1,R0,R1,8,50,16,1.0,1.0,0.0
R0_vs_R1,d3_rainbow_trout,classification,macro_f1,R0,R1,8,51,16,0.25,0.25,0.0
R0_vs_R1,d3_rainbow_trout,classification,macro_f1,R0,R1,8,52,16,0.25,0.25,0.0
R0_vs_R1,d3_rainbow_trout,classification,macro_f1,R0,R1,8,53,16,0.75,0.75,0.0
R0_vs_R1,d3_rainbow_trout,classification,macro_f1,R0,R1,8,54,16,0.75,0.75,0.0
R0_vs_R1,d3_rainbow_trout,classification,macro_f1,R0,R1,8,55,16,0.75,0.75,0.0
R0_vs_R1,d3_rainbow_trout,classification,macro_f1,R0,R1,8,56,16,0.5,0.5,0.0
R0_vs_R1,d3_rainbow_trout,classification,macro_f1,R0,R1,8,57,16,0.5,0.5,0.0
R0_vs_R1,d3_rainbow_trout,classification,macro_f1,R0,R1,8,58,16,0.5,0.5,0.0
R0_vs_R1,d3_rainbow_trout,classification,macro_f1,R0,R1,8,59,16,0.75,0.75,0.0
R0_vs_R1,d3_rainbow_trout,classification,macro_f1,R0,R1,8,60,16,0.728531997546514,0.7476189936279733,-0.019086996081459362
R0_vs_R1,d3_rainbow_trout,classification,macro_f1,R0,R1,8,61,16,0.5,0.5,0.0
R0_vs_R1,d3_rainbow_trout,classification,macro_f1,R0,R1,9,0,16,0.75,0.75,0.0
R0_vs_R1,d3_rainbow_trout,classification,macro_f1,R0,R1,9,1,16,0.5,0.5,0.0
R0_vs_R1,d3_rainbow_trout,classification,macro_f1,R0,R1,9,2,16,0.5,0.5,0.0
R0_vs_R1,d3_rainbow_trout,classification,macro_f1,R0,R1,9,3,16,0.75,0.75,0.0
R0_vs_R1,d3_rainbow_trout,classification,macro_f1,R0,R1,9,4,16,0.5,0.5,0.0
R0_vs_R1,d3_rainbow_trout,classification,macro_f1,R0,R1,9,5,16,1.0,1.0,0.0
R0_vs_R1,d3_rainbow_trout,classification,macro_f1,R0,R1,9,6,16,0.75,0.75,0.0
R0_vs_R1,d3_rainbow_trout,classification,macro_f1,R0,R1,9,7,16,1.0,1.0,0.0
R0_vs_R1,d3_rainbow_trout,classification,macro_f1,R0,R1,9,8,16,1.0,1.0,0.0
R0_vs_R1,d3_rainbow_trout,classification,macro_f1,R0,R1,9,9,16,0.5,0.5,0.0
R0_vs_R1,d3_rainbow_trout,classification,macro_f1,R0,R1,9,10,16,0.75,0.75,0.0
R0_vs_R1,d3_rainbow_trout,classification,macro_f1,R0,R1,9,11,16,0.75,0.75,0.0
R0_vs_R1,d3_rainbow_trout,classification,macro_f1,R0,R1,9,12,16,0.5,0.5,0.0
R0_vs_R1,d3_rainbow_trout,classification,macro_f1,R0,R1,9,13,16,0.75,0.75,0.0
R0_vs_R1,d3_rainbow_trout,classification,macro_f1,R0,R1,9,14,16,0.5,0.5,0.0
R0_vs_R1,d3_rainbow_trout,classification,macro_f1,R0,R1,9,15,16,0.75,0.75,0.0
R0_vs_R1,d3_rainbow_trout,classification,macro_f1,R0,R1,9,16,16,0.25,0.25,0.0
R0_vs_R1,d3_rainbow_trout,classification,macro_f1,R0,R1,9,17,16,0.75,0.75,0.0
R0_vs_R1,d3_rainbow_trout,classification,macro_f1,R0,R1,9,18,16,0.75,0.75,0.0
R0_vs_R1,d3_rainbow_trout,classification,macro_f1,R0,R1,9,19,16,0.5,0.5,0.0
R0_vs_R1,d3_rainbow_trout,classification,macro_f1,R0,R1,9,20,16,0.5,0.5,0.0
R0_vs_R1,d3_rainbow_trout,classification,macro_f1,R0,R1,9,21,16,0.25,0.25,0.0
R0_vs_R1,d3_rainbow_trout,classification,macro_f1,R0,R1,9,22,16,0.7189285470396759,0.723737465608586,-0.004808918568910081
R0_vs_R1,d3_rainbow_trout,classification,macro_f1,R0,R1,9,23,16,0.75,0.75,0.0
R0_vs_R1,d3_rainbow_trout,classification,macro_f1,R0,R1,9,24,16,0.5,0.5,0.0
R0_vs_R1,d3_rainbow_trout,classification,macro_f1,R0,R1,9,25,16,0.75,0.75,0.0
R0_vs_R1,d3_rainbow_trout,classification,macro_f1,R0,R1,9,26,16,0.75,0.75,0.0
R0_vs_R1,d3_rainbow_trout,classification,macro_f1,R0,R1,9,27,16,0.75,0.75,0.0
R0_vs_R1,d3_rainbow_trout,classification,macro_f1,R0,R1,9,28,16,0.75,0.75,0.0
R0_vs_R1,d3_rainbow_trout,classification,macro_f1,R0,R1,9,29,16,0.75,0.75,0.0
R0_vs_R1,d3_rainbow_trout,classification,macro_f1,R0,R1,9,30,16,0.5,0.5,0.0
R0_vs_R1,d3_rainbow_trout,classification,macro_f1,R0,R1,9,31,16,1.0,1.0,0.0
R0_vs_R1,d3_rainbow_trout,classification,macro_f1,R0,R1,9,32,16,0.75,0.75,0.0
R0_vs_R1,d3_rainbow_trout,classification,macro_f1,R0,R1,9,33,16,0.5,0.5,0.0
R0_vs_R1,d3_rainbow_trout,classification,macro_f1,R0,R1,9,34,16,0.5,0.5,0.0
R0_vs_R1,d3_rainbow_trout,classification,macro_f1,R0,R1,9,35,16,0.5,0.5,0.0
R0_vs_R1,d3_rainbow_trout,classification,macro_f1,R0,R1,9,36,16,0.75,0.75,0.0
R0_vs_R1,d3_rainbow_trout,classification,macro_f1,R0,R1,9,37,16,0.5,0.5,0.0
R0_vs_R1,d3_rainbow_trout,classification,macro_f1,R0,R1,9,38,16,0.5,0.5,0.0
R0_vs_R1,d3_rainbow_trout,classification,macro_f1,R0,R1,9,39,16,0.5,0.5,0.0
R0_vs_R1,d3_rainbow_trout,classification,macro_f1,R0,R1,9,40,16,0.75,0.75,0.0
R0_vs_R1,d3_rainbow_trout,classification,macro_f1,R0,R1,9,41,16,0.5,0.5,0.0
R0_vs_R1,d3_rainbow_trout,classification,macro_f1,R0,R1,9,42,16,1.0,1.0,0.0
R0_vs_R1,d3_rainbow_trout,classification,macro_f1,R0,R1,9,43,16,0.5,0.5,0.0
R0_vs_R1,d3_rainbow_trout,classification,macro_f1,R0,R1,9,44,16,0.5,0.5,0.0
R0_vs_R1,d3_rainbow_trout,classification,macro_f1,R0,R1,9,45,16,0.7242161900269026,0.7290528233151183,-0.004836633288215708
R0_vs_R1,d3_rainbow_trout,classification,macro_f1,R0,R1,9,46,16,0.75,0.75,0.0
R0_vs_R1,d3_rainbow_trout,classification,macro_f1,R0,R1,9,47,16,0.25,0.25,0.0
R0_vs_R1,d3_rainbow_trout,classification,macro_f1,R0,R1,9,48,16,0.25,0.25,0.0
R0_vs_R1,d3_rainbow_trout,classification,macro_f1,R0,R1,9,49,16,0.7464453371851584,0.7446803120883575,0.0017650250968008763
R0_vs_R1,d3_rainbow_trout,classification,macro_f1,R0,R1,9,50,16,0.6808836395450568,0.6638964577656676,0.016987181779389182
R0_vs_R1,d3_rainbow_trout,classification,macro_f1,R0,R1,9,51,16,0.25,0.25,0.0
R0_vs_R1,d3_rainbow_trout,classification,macro_f1,R0,R1,9,52,16,0.6152248674045191,0.6458333333333334,-0.030608465928814277
R0_vs_R1,d3_rainbow_trout,classification,macro_f1,R0,R1,9,53,16,0.25,0.25,0.0
R0_vs_R1,d3_rainbow_trout,classification,macro_f1,R0,R1,9,54,16,0.5,0.5,0.0
R0_vs_R1,d3_rainbow_trout,classification,macro_f1,R0,R1,9,55,16,0.5,0.5,0.0
R0_vs_R1,d3_rainbow_trout,classification,macro_f1,R0,R1,9,56,16,0.75,0.75,0.0
R0_vs_R1,d3_rainbow_trout,classification,macro_f1,R0,R1,9,57,16,0.75,0.75,0.0
R0_vs_R1,d3_rainbow_trout,classification,macro_f1,R0,R1,9,58,16,0.75,0.75,0.0
R0_vs_R1,d3_rainbow_trout,classification,macro_f1,R0,R1,9,59,16,0.5,0.5,0.0
R0_vs_R1,d3_rainbow_trout,classification,macro_f1,R0,R1,9,60,16,0.75,0.75,0.0
R0_vs_R1,d3_rainbow_trout,classification,macro_f1,R0,R1,9,61,16,0.75,0.75,0.0
R0_vs_R1,d3_rainbow_trout,regression,mae,R0,R1,0,0,16,0.0631530908572718,0.0649661524482516,-0.0018130615909797976
R0_vs_R1,d3_rainbow_trout,regression,mae,R0,R1,0,1,16,0.0699371029207971,0.0719788079351724,-0.0020417050143752974
R0_vs_R1,d3_rainbow_trout,regression,mae,R0,R1,0,2,16,0.0518422857660102,0.0515197643780951,0.00032252138791510204
R0_vs_R1,d3_rainbow_trout,regression,mae,R0,R1,0,3,16,0.0231112804425255,0.0237280500811981,-0.0006167696386726006
R0_vs_R1,d3_rainbow_trout,regression,mae,R0,R1,0,4,16,0.0588883789923986,0.0586105860780068,0.0002777929143917973
R0_vs_R1,d3_rainbow_trout,regression,mae,R0,R1,0,5,16,0.0173143947438874,0.019714235592211,-0.002399840848323599
R0_vs_R1,d3_rainbow_trout,regression,mae,R0,R1,0,6,16,0.0700834073107845,0.0677548871608803,0.0023285201499042008
R0_vs_R1,d3_rainbow_trout,regression,mae,R0,R1,0,7,16,0.1124392078306439,0.1103700300465686,0.002069177784075296
R0_vs_R1,d3_rainbow_trout,regression,mae,R0,R1,0,8,16,0.0746224262826518,0.0762249261697263,-0.0016024998870745044
R0_vs_R1,d3_rainbow_trout,regression,mae,R0,R1,0,9,16,0.2275928914541906,0.2272369719507984,0.00035591950339219913
R0_vs_R1,d3_rainbow_trout,regression,mae,R0,R1,0,10,16,0.0705878393626486,0.0742525536319787,-0.0036647142693300994
R0_vs_R1,d3_rainbow_trout,regression,mae,R0,R1,0,11,16,0.1944218130313,0.2015234632886492,-0.007101650257349212
R0_vs_R1,d3_rainbow_trout,regression,mae,R0,R1,0,12,16,0.1631400833865319,0.1604105220094347,0.002729561377097206
R0_vs_R1,d3_rainbow_trout,regression,mae,R0,R1,0,13,16,0.0881301864439443,0.0796483799512841,0.008481806492660199
R0_vs_R1,d3_rainbow_trout,regression,mae,R0,R1,0,14,16,0.1864090746195006,0.2003585348908287,-0.013949460271328096
R0_vs_R1,d3_rainbow_trout,regression,mae,R0,R1,0,15,16,0.0400606133510537,0.0423718636257768,-0.0023112502747230992
R0_vs_R1,d3_rainbow_trout,regression,mae,R0,R1,0,16,16,0.0581195773888934,0.0618168123396238,-0.003697234950730398
R0_vs_R1,d3_rainbow_trout,regression,mae,R0,R1,0,17,16,0.0493172166531129,0.0511535631446213,-0.001836346491508399
R0_vs_R1,d3_rainbow_trout,regression,mae,R0,R1,0,18,16,0.1907436236804938,0.1997726928919443,-0.009029069211450497
R0_vs_R1,d3_rainbow_trout,regression,mae,R0,R1,0,19,16,0.051584227655232,0.05168314149315,-9.89138379180049e-05
R0_vs_R1,d3_rainbow_trout,regression,mae,R0,R1,0,20,16,0.0533231106875832,0.0555567894944721,-0.002233678806888899
R0_vs_R1,d3_rainbow_trout,regression,mae,R0,R1,0,21,16,0.0544038109982921,0.0553471425833896,-0.0009433315850975038
R0_vs_R1,d3_rainbow_trout,regression,mae,R0,R1,0,22,16,0.0616778402446793,0.0638547478791101,-0.0021769076344307914
R0_vs_R1,d3_rainbow_trout,regression,mae,R0,R1,0,23,16,0.0791423378317129,0.0789320537442324,0.0002102840874805001
R0_vs_R1,d3_rainbow_trout,regression,mae,R0,R1,0,24,16,0.1407939434322064,0.1417619519270617,-0.0009680084948553158
R0_vs_R1,d3_rainbow_trout,regression,mae,R0,R1,0,25,16,0.0772663216585747,0.0787692436894273,-0.001502922030852602
R0_vs_R1,d3_rainbow_trout,regression,mae,R0,R1,0,26,16,0.2786757982269645,0.2787411665065126,-6.536827954811697e-05
R0_vs_R1,d3_rainbow_trout,regression,mae,R0,R1,0,27,16,0.1484256857895117,0.150671584027661,-0.002245898238149302
R0_vs_R1,d3_rainbow_trout,regression,mae,R0,R1,0,28,16,0.1349778476738684,0.1354222056607164,-0.00044435798684799854
R0_vs_R1,d3_rainbow_trout,regression,mae,R0,R1,0,29,16,0.1039278006283156,0.1126080880872935,-0.008680287458977906
R0_vs_R1,d3_rainbow_trout,regression,mae,R0,R1,0,30,16,0.0806095220817667,0.0801727668266467,0.0004367552551199916
R0_vs_R1,d3_rainbow_trout,regression,mae,R0,R1,0,31,16,0.0438768725431993,0.0446805548981886,-0.0008036823549892949
R0_vs_R1,d3_rainbow_trout,regression,mae,R0,R1,0,32,16,0.0748191957009112,0.0756004196021846,-0.0007812239012734007
R0_vs_R1,d3_rainbow_trout,regression,mae,R0,R1,0,33,16,0.0620302892417675,0.0522870795668513,0.009743209674916195
R0_vs_R1,d3_rainbow_trout,regression,mae,R0,R1,0,34,16,0.091943572654866,0.0922910717960581,-0.0003474991411921008
R0_vs_R1,d3_rainbow_trout,regression,mae,R0,R1,0,35,16,0.0434767775566995,0.0455357082277361,-0.0020589306710366018
R0_vs_R1,d3_rainbow_trout,regression,mae,R0,R1,0,36,16,0.113537067383368,0.109767882194102,0.003769185189266
R0_vs_R1,d3_rainbow_trout,regression,mae,R0,R1,0,37,16,0.07525070082512,0.0778181222794924,-0.002567421454372401
R0_vs_R1,d3_rainbow_trout,regression,mae,R0,R1,0,38,16,0.093173017807773,0.0939434064285096,-0.0007703886207365979
R0_vs_R1,d3_rainbow_trout,regression,mae,R0,R1,0,39,16,0.0130438992016131,0.0128794541270428,0.0001644450745703005
R0_vs_R1,d3_rainbow_trout,regression,mae,R0,R1,0,40,16,0.2105346852421621,0.1883078012644795,0.022226883977682604
R0_vs_R1,d3_rainbow_trout,regression,mae,R0,R1,0,41,16,0.0832487375258809,0.0850343804901922,-0.0017856429643113014
R0_vs_R1,d3_rainbow_trout,regression,mae,R0,R1,0,42,16,0.0966407418681194,0.0996678529292673,-0.003027111061147905
R0_vs_R1,d3_rainbow_trout,regression,mae,R0,R1,0,43,16,0.0416487512326434,0.0414696376233956,0.00017911360924779962
R0_vs_R1,d3_rainbow_trout,regression,mae,R0,R1,0,44,16,0.1092770665815812,0.1100512629491944,-0.0007741963676131947
R0_vs_R1,d3_rainbow_trout,regression,mae,R0,R1,0,45,16,0.0926349438386797,0.090848096456766,0.0017868473819137032
R0_vs_R1,d3_rainbow_trout,regression,mae,R0,R1,0,46,16,0.0304361083438605,0.0273936685002836,0.0030424398435769003
R0_vs_R1,d3_rainbow_trout,regression,mae,R0,R1,0,47,16,0.0435190552216551,0.0444297241823734,-0.0009106689607183
R0_vs_R1,d3_rainbow_trout,regression,mae,R0,R1,0,48,16,0.2039852552844071,0.1989980697050818,0.004987185579325315
R0_vs_R1,d3_rainbow_trout,regression,mae,R0,R1,0,49,16,0.1368299944002974,0.1383486954734006,-0.0015187010731032013
R0_vs_R1,d3_rainbow_trout,regression,mae,R0,R1,0,50,16,0.0600943884981886,0.0611702566432797,-0.0010758681450910995
R0_vs_R1,d3_rainbow_trout,regression,mae,R0,R1,0,51,16,0.2327476710731731,0.2364217628306774,-0.0036740917575042997
R0_vs_R1,d3_rainbow_trout,regression,mae,R0,R1,0,52,16,0.0697731885895469,0.0722478701097941,-0.002474681520247199
R0_vs_R1,d3_rainbow_trout,regression,mae,R0,R1,0,53,16,0.0262642573027201,0.0291554725112891,-0.002891215208568998
R0_vs_R1,d3_rainbow_trout,regression,mae,R0,R1,0,54,16,0.043952079600023,0.0448590146597227,-0.0009069350596997011
R0_vs_R1,d3_rainbow_trout,regression,mae,R0,R1,0,55,16,0.0472261341426092,0.0488276065258456,-0.0016014723832364006
R0_vs_R1,d3_rainbow_trout,regression,mae,R0,R1,0,56,16,0.0340831188550193,0.0337007551365742,0.0003823637184450987
R0_vs_R1,d3_rainbow_trout,regression,mae,R0,R1,0,57,16,0.1397243287870224,0.1407594715259453,-0.0010351427389229118
R0_vs_R1,d3_rainbow_trout,regression,mae,R0,R1,0,58,16,0.0530281166887392,0.0546549415583744,-0.001626824869635203
R0_vs_R1,d3_rainbow_trout,regression,mae,R0,R1,0,59,16,0.138707958424291,0.1377789916408998,0.0009289667833912163
R0_vs_R1,d3_rainbow_trout,regression,mae,R0,R1,0,60,16,0.0763796168426552,0.077173728071874,-0.0007941112292187968
R0_vs_R1,d3_rainbow_trout,regression,mae,R0,R1,0,61,16,0.0800243490810978,0.0787174653722936,0.0013068837088042046
R0_vs_R1,d3_rainbow_trout,regression,mae,R0,R1,1,0,16,0.1194972123722756,0.118378389900682,0.001118822471593603
R0_vs_R1,d3_rainbow_trout,regression,mae,R0,R1,1,1,16,0.0660154226368014,0.0694010726193462,-0.0033856499825448
R0_vs_R1,d3_rainbow_trout,regression,mae,R0,R1,1,2,16,0.1810025072173523,0.1820225281168167,-0.0010200208994644022
R0_vs_R1,d3_rainbow_trout,regression,mae,R0,R1,1,3,16,0.2009964635731696,0.1931017400588096,0.00789472351436002
R0_vs_R1,d3_rainbow_trout,regression,mae,R0,R1,1,4,16,0.0810864273681934,0.0821760330486436,-0.0010896056804502036
R0_vs_R1,d3_rainbow_trout,regression,mae,R0,R1,1,5,16,0.0586433200265626,0.0593521145683489,-0.000708794541786302
R0_vs_R1,d3_rainbow_trout,regression,mae,R0,R1,1,6,16,0.0468306888298224,0.046403552043828,0.0004271367859944031
R0_vs_R1,d3_rainbow_trout,regression,mae,R0,R1,1,7,16,0.1372379579203103,0.1370374661774502,0.00020049174286010385
R0_vs_R1,d3_rainbow_trout,regression,mae,R0,R1,1,8,16,0.0551367821644829,0.0561831263758046,-0.0010463442113217009
R0_vs_R1,d3_rainbow_trout,regression,mae,R0,R1,1,9,16,0.1040188000780689,0.0978980500843599,0.006120749993708999
R0_vs_R1,d3_rainbow_trout,regression,mae,R0,R1,1,10,16,0.0673613267282009,0.0671845700205908,0.00017675670761009565
R0_vs_R1,d3_rainbow_trout,regression,mae,R0,R1,1,11,16,0.1309107062787958,0.1281991960924389,0.0027115101863569024
R0_vs_R1,d3_rainbow_trout,regression,mae,R0,R1,1,12,16,0.078608456509789,0.0795056361350394,-0.000897179625250405
R0_vs_R1,d3_rainbow_trout,regression,mae,R0,R1,1,13,16,0.0854647385741881,0.0852371406102921,0.00022759796389600073
R0_vs_R1,d3_rainbow_trout,regression,mae,R0,R1,1,14,16,0.0518808564575322,0.049615488866814,0.002265367590718201
R0_vs_R1,d3_rainbow_trout,regression,mae,R0,R1,1,15,16,0.0264419467584052,0.0262835658672982,0.00015838089110700032
R0_vs_R1,d3_rainbow_trout,regression,mae,R0,R1,1,16,16,0.1878983250483654,0.1814423287332126,0.006455996315152812
R0_vs_R1,d3_rainbow_trout,regression,mae,R0,R1,1,17,16,0.0378503182731454,0.0373992211433508,0.00045109712979460315
R0_vs_R1,d3_rainbow_trout,regression,mae,R0,R1,1,18,16,0.1796845582517494,0.201155088394448,-0.02147053014269862
R0_vs_R1,d3_rainbow_trout,regression,mae,R0,R1,1,19,16,0.096845650899265,0.0977691498821026,-0.0009234989828375978
R0_vs_R1,d3_rainbow_trout,regression,mae,R0,R1,1,20,16,0.0157712200842141,0.0161137958924079,-0.0003425758081938013
R0_vs_R1,d3_rainbow_trout,regression,mae,R0,R1,1,21,16,0.0504558553918753,0.0510660457209524,-0.0006101903290771024
R0_vs_R1,d3_rainbow_trout,regression,mae,R0,R1,1,22,16,0.1298209179480651,0.1275631404155707,0.0022577775324943983
R0_vs_R1,d3_rainbow_trout,regression,mae,R0,R1,1,23,16,0.0403274452406546,0.0406570211613051,-0.00032957592065050584
R0_vs_R1,d3_rainbow_trout,regression,mae,R0,R1,1,24,16,0.0496612500131696,0.0485763898134997,0.0010848601996698987
R0_vs_R1,d3_rainbow_trout,regression,mae,R0,R1,1,25,16,0.0738320223240503,0.0702054640829097,0.0036265582411405956
R0_vs_R1,d3_rainbow_trout,regression,mae,R0,R1,1,26,16,0.1407185287093419,0.1411248469203188,-0.00040631821097689147
R0_vs_R1,d3_rainbow_trout,regression,mae,R0,R1,1,27,16,0.1099219778825665,0.1113127253840749,-0.001390747501508402
R0_vs_R1,d3_rainbow_trout,regression,mae,R0,R1,1,28,16,0.1398428476023768,0.1395798083603557,0.00026303924202111806
R0_vs_R1,d3_rainbow_trout,regression,mae,R0,R1,1,29,16,0.0669929882398266,0.0721605221299816,-0.005167533890154993
R0_vs_R1,d3_rainbow_trout,regression,mae,R0,R1,1,30,16,0.0548041743324171,0.0540153649789899,0.0007888093534271987
R0_vs_R1,d3_rainbow_trout,regression,mae,R0,R1,1,31,16,0.0667740585887138,0.0670246144297408,-0.00025055584102699757
R0_vs_R1,d3_rainbow_trout,regression,mae,R0,R1,1,32,16,0.1175733339758723,0.1199687778481347,-0.0023954438722623983
R0_vs_R1,d3_rainbow_trout,regression,mae,R0,R1,1,33,16,0.1004346147427433,0.0985169014193532,0.0019177133233901078
R0_vs_R1,d3_rainbow_trout,regression,mae,R0,R1,1,34,16,0.0626650761386498,0.0616527984744887,0.0010122776641611
R0_vs_R1,d3_rainbow_trout,regression,mae,R0,R1,1,35,16,0.0605653576829258,0.0601812025621844,0.0003841551207414001
R0_vs_R1,d3_rainbow_trout,regression,mae,R0,R1,1,36,16,0.0697621098818956,0.0650425628181328,0.004719547063762805
R0_vs_R1,d3_rainbow_trout,regression,mae,R0,R1,1,37,16,0.0350668617066652,0.0346137942359796,0.00045306747068560305
R0_vs_R1,d3_rainbow_trout,regression,mae,R0,R1,1,38,16,0.1701170908607994,0.1726788474272327,-0.0025617565664332875
R0_vs_R1,d3_rainbow_trout,regression,mae,R0,R1,1,39,16,0.070821926567047,0.069866220411576,0.0009557061554709978
R0_vs_R1,d3_rainbow_trout,regression,mae,R0,R1,1,40,16,0.0925898292331759,0.0947578309100701,-0.00216800167689421
R0_vs_R1,d3_rainbow_trout,regression,mae,R0,R1,1,41,16,0.0595257638554621,0.0592210242496069,0.00030473960585519766
R0_vs_R1,d3_rainbow_trout,regression,mae,R0,R1,1,42,16,0.0771320465837409,0.0764193719811866,0.0007126746025542946
R0_vs_R1,d3_rainbow_trout,regression,mae,R0,R1,1,43,16,0.0876262422352651,0.0910617707062152,-0.0034355284709500916
R0_vs_R1,d3_rainbow_trout,regression,mae,R0,R1,1,44,16,0.0330969183008459,0.0342118642691928,-0.0011149459683469018
R0_vs_R1,d3_rainbow_trout,regression,mae,R0,R1,1,45,16,0.0152098686073067,0.0149553093350654,0.00025455927224129864
R0_vs_R1,d3_rainbow_trout,regression,mae,R0,R1,1,46,16,0.1834866452896069,0.1823267066794735,0.0011599386101333875
R0_vs_R1,d3_rainbow_trout,regression,mae,R0,R1,1,47,16,0.0522203077140935,0.0533907055941459,-0.0011703978800524026
R0_vs_R1,d3_rainbow_trout,regression,mae,R0,R1,1,48,16,0.0428146636682759,0.0400086044551269,0.002806059213149005
R0_vs_R1,d3_rainbow_trout,regression,mae,R0,R1,1,49,16,0.0748537776346147,0.0753990333597312,-0.0005452557251164891
R0_vs_R1,d3_rainbow_trout,regression,mae,R0,R1,1,50,16,0.2632517600311579,0.2637086967598475,-0.000456936728689572
R0_vs_R1,d3_rainbow_trout,regression,mae,R0,R1,1,51,16,0.1922759132191575,0.1894947397053003,0.002781173513857177
R0_vs_R1,d3_rainbow_trout,regression,mae,R0,R1,1,52,16,0.0339914347227123,0.0320787487414839,0.0019126859812284014
R0_vs_R1,d3_rainbow_trout,regression,mae,R0,R1,1,53,16,0.0671203152318829,0.0699803936211305,-0.0028600783892475945
R0_vs_R1,d3_rainbow_trout,regression,mae,R0,R1,1,54,16,0.0375938080781411,0.0373080695802281,0.0002857384979129962
R0_vs_R1,d3_rainbow_trout,regression,mae,R0,R1,1,55,16,0.0285932985948326,0.031314945292519,-0.0027216466976863994
R0_vs_R1,d3_rainbow_trout,regression,mae,R0,R1,1,56,16,0.0449009825712816,0.0438086232914914,0.001092359279790199
R0_vs_R1,d3_rainbow_trout,regression,mae,R0,R1,1,57,16,0.0574282493001796,0.0562035705556213,0.0012246787445582968
R0_vs_R1,d3_rainbow_trout,regression,mae,R0,R1,1,58,16,0.0887116631908516,0.0908166327364908,-0.0021049695456391987
R0_vs_R1,d3_rainbow_trout,regression,mae,R0,R1,1,59,16,0.2261840573379116,0.2264432452416351,-0.000259187903723479
R0_vs_R1,d3_rainbow_trout,regression,mae,R0,R1,1,60,16,0.0982496057031257,0.0984559501874123,-0.00020634448428659413
R0_vs_R1,d3_rainbow_trout,regression,mae,R0,R1,1,61,16,0.0825752189025323,0.0811286442194408,0.001446574683091506
R0_vs_R1,d3_rainbow_trout,regression,mae,R0,R1,2,0,16,0.1649400300456296,0.1691261400169593,-0.0041861099713297045
R0_vs_R1,d3_rainbow_trout,regression,mae,R0,R1,2,1,16,0.0614479980249897,0.0632017131888229,-0.001753715163833193
R0_vs_R1,d3_rainbow_trout,regression,mae,R0,R1,2,2,16,0.0615721490304889,0.0617417122055257,-0.00016956317503679513
R0_vs_R1,d3_rainbow_trout,regression,mae,R0,R1,2,3,16,0.0246932970244764,0.0231899392462674,0.001503357778209001
R0_vs_R1,d3_rainbow_trout,regression,mae,R0,R1,2,4,16,0.1405561268712333,0.1396240364861736,0.0009320903850597029
R0_vs_R1,d3_rainbow_trout,regression,mae,R0,R1,2,5,16,0.0427770284391191,0.0450226730541605,-0.0022456446150414047
R0_vs_R1,d3_rainbow_trout,regression,mae,R0,R1,2,6,16,0.0966088209181055,0.0904653027195197,0.006143518198585801
R0_vs_R1,d3_rainbow_trout,regression,mae,R0,R1,2,7,16,0.03912436884384,0.0393860217336151,-0.0002616528897751019
R0_vs_R1,d3_rainbow_trout,regression,mae,R0,R1,2,8,16,0.1156688303309152,0.1261734572732314,-0.0105046269423162
R0_vs_R1,d3_rainbow_trout,regression,mae,R0,R1,2,9,16,0.1012674239597943,0.1097288458454704,-0.008461421885676099
R0_vs_R1,d3_rainbow_trout,regression,mae,R0,R1,2,10,16,0.0637528472553618,0.0664533788968601,-0.002700531641498291
R0_vs_R1,d3_rainbow_trout,regression,mae,R0,R1,2,11,16,0.1232505413163339,0.1192728750751265,0.003977666241207392
R0_vs_R1,d3_rainbow_trout,regression,mae,R0,R1,2,12,16,0.0944455994978138,0.0939248468128402,0.0005207526849735911
R0_vs_R1,d3_rainbow_trout,regression,mae,R0,R1,2,13,16,0.0434960363384511,0.0465556200324945,-0.003059583694043397
R0_vs_R1,d3_rainbow_trout,regression,mae,R0,R1,2,14,16,0.0393198443045246,0.0391866137059798,0.00013323059854480207
R0_vs_R1,d3_rainbow_trout,regression,mae,R0,R1,2,15,16,0.0359900033998751,0.0364652905168609,-0.00047528711698580084
R0_vs_R1,d3_rainbow_trout,regression,mae,R0,R1,2,16,16,0.0685178481583877,0.064474149939854,0.004043698218533703
R0_vs_R1,d3_rainbow_trout,regression,mae,R0,R1,2,17,16,0.0649662852251398,0.061558636463865,0.0034076487612747924
R0_vs_R1,d3_rainbow_trout,regression,mae,R0,R1,2,18,16,0.0471185936540675,0.0475967180186909,-0.00047812436462339736
R0_vs_R1,d3_rainbow_trout,regression,mae,R0,R1,2,19,16,0.1018289383826216,0.0993606478690817,0.002468290513539889
R0_vs_R1,d3_rainbow_trout,regression,mae,R0,R1,2,20,16,0.0572814199207873,0.0565248742108574,0.0007565457099299039
R0_vs_R1,d3_rainbow_trout,regression,mae,R0,R1,2,21,16,0.1765155410742197,0.1719762376201231,0.004539303454096616
R0_vs_R1,d3_rainbow_trout,regression,mae,R0,R1,2,22,16,0.0535278951734521,0.0525609120073428,0.0009669831661092976
R0_vs_R1,d3_rainbow_trout,regression,mae,R0,R1,2,23,16,0.0453172263605985,0.0482682318662255,-0.002951005505627005
R0_vs_R1,d3_rainbow_trout,regression,mae,R0,R1,2,24,16,0.0371923375627282,0.0324092388370607,0.004783098725667505
R0_vs_R1,d3_rainbow_trout,regression,mae,R0,R1,2,25,16,0.1447648802139004,0.1400631195951445,0.004701760618755907
R0_vs_R1,d3_rainbow_trout,regression,mae,R0,R1,2,26,16,0.0341422064528404,0.0315449857933692,0.002597220659471197
R0_vs_R1,d3_rainbow_trout,regression,mae,R0,R1,2,27,16,0.0848528038830534,0.0863557516808995,-0.0015029477978460992
R0_vs_R1,d3_rainbow_trout,regression,mae,R0,R1,2,28,16,0.0649913783069243,0.0681790965069555,-0.003187718200031206
R0_vs_R1,d3_rainbow_trout,regression,mae,R0,R1,2,29,16,0.2156630601014297,0.2480584389579148,-0.03239537885648511
R0_vs_R1,d3_rainbow_trout,regression,mae,R0,R1,2,30,16,0.1069959754592605,0.11817189709677,-0.011175921637509509
R0_vs_R1,d3_rainbow_trout,regression,mae,R0,R1,2,31,16,0.0872527780534587,0.0909824143961833,-0.003729636342724607
R0_vs_R1,d3_rainbow_trout,regression,mae,R0,R1,2,32,16,0.1186045285427422,0.1220661968722313,-0.0034616683294891037
R0_vs_R1,d3_rainbow_trout,regression,mae,R0,R1,2,33,16,0.1431761561262093,0.1469169128220843,-0.0037407566958750083
R0_vs_R1,d3_rainbow_trout,regression,mae,R0,R1,2,34,16,0.0644796714540803,0.0656167256795167,-0.0011370542254363902
R0_vs_R1,d3_rainbow_trout,regression,mae,R0,R1,2,35,16,0.0712496657873607,0.0687747968018646,0.0024748689854960926
R0_vs_R1,d3_rainbow_trout,regression,mae,R0,R1,2,36,16,0.1324398626684075,0.1318336649014385,0.0006061977669689911
R0_vs_R1,d3_rainbow_trout,regression,mae,R0,R1,2,37,16,0.0883060646581007,0.0889761142745498,-0.0006700496164490921
R0_vs_R1,d3_rainbow_trout,regression,mae,R0,R1,2,38,16,0.1051375840999792,0.1046312387247964,0.0005063453751827929
R0_vs_R1,d3_rainbow_trout,regression,mae,R0,R1,2,39,16,0.0953011504532441,0.0966602236801819,-0.0013590732269378042
R0_vs_R1,d3_rainbow_trout,regression,mae,R0,R1,2,40,16,0.2156242506850297,0.2032861267101024,0.012338123974927284
R0_vs_R1,d3_rainbow_trout,regression,mae,R0,R1,2,41,16,0.0437688141930676,0.0518162192049202,-0.008047405011852603
R0_vs_R1,d3_rainbow_trout,regression,mae,R0,R1,2,42,16,0.0664429075374098,0.0700271610179714,-0.0035842534805616
R0_vs_R1,d3_rainbow_trout,regression,mae,R0,R1,2,43,16,0.0594384924174327,0.0575369859069304,0.0019015065105023043
R0_vs_R1,d3_rainbow_trout,regression,mae,R0,R1,2,44,16,0.1923951091190315,0.1875953785492808,0.004799730569750693
R0_vs_R1,d3_rainbow_trout,regression,mae,R0,R1,2,45,16,0.0731897697561531,0.0727259259758695,0.00046384378028360707
R0_vs_R1,d3_rainbow_trout,regression,mae,R0,R1,2,46,16,0.1855764151585299,0.1811338975895015,0.004442517569028415
R0_vs_R1,d3_rainbow_trout,regression,mae,R0,R1,2,47,16,0.0822036492470751,0.0806170628961079,0.0015865863509672007
R0_vs_R1,d3_rainbow_trout,regression,mae,R0,R1,2,48,16,0.050980879071994,0.0508447105053356,0.00013616856665839977
R0_vs_R1,d3_rainbow_trout,regression,mae,R0,R1,2,49,16,0.2233428780593851,0.2258719413827668,-0.0025290633233817084
R0_vs_R1,d3_rainbow_trout,regression,mae,R0,R1,2,50,16,0.1454993033778668,0.1502762428838923,-0.004776939506025507
R0_vs_R1,d3_rainbow_trout,regression,mae,R0,R1,2,51,16,0.0572653042559709,0.0620202253944256,-0.004754921138454701
R0_vs_R1,d3_rainbow_trout,regression,mae,R0,R1,2,52,16,0.0428365819919134,0.0389233791270823,0.0039132028648311
R0_vs_R1,d3_rainbow_trout,regression,mae,R0,R1,2,53,16,0.0792591030430539,0.0749904939158092,0.004268609127244707
R0_vs_R1,d3_rainbow_trout,regression,mae,R0,R1,2,54,16,0.118658356951533,0.1143836429078542,0.004274714043678796
R0_vs_R1,d3_rainbow_trout,regression,mae,R0,R1,2,55,16,0.0671625331500336,0.0654640008473036,0.0016985323027299964
R0_vs_R1,d3_rainbow_trout,regression,mae,R0,R1,2,56,16,0.0744968404737013,0.0728037859750923,0.0016930544986090007
R0_vs_R1,d3_rainbow_trout,regression,mae,R0,R1,2,57,16,0.1830699133138288,0.190840224475017,-0.007770311161188204
R0_vs_R1,d3_rainbow_trout,regression,mae,R0,R1,2,58,16,0.0649044337600452,0.0660987622378412,-0.0011943284777959917
R0_vs_R1,d3_rainbow_trout,regression,mae,R0,R1,2,59,16,0.2807107130683389,0.2809445162643962,-0.00023380319605731392
R0_vs_R1,d3_rainbow_trout,regression,mae,R0,R1,2,60,16,0.037716632558816,0.0412242711290954,-0.0035076385702794005
R0_vs_R1,d3_rainbow_trout,regression,mae,R0,R1,2,61,16,0.0845350506588768,0.0809542104398762,0.0035808402190005972
R0_vs_R1,d3_rainbow_trout,regression,mae,R0,R1,3,0,16,0.1417099184773796,0.1308118785970394,0.010898039880340188
R0_vs_R1,d3_rainbow_trout,regression,mae,R0,R1,3,1,16,0.0943118135389046,0.092380079021478,0.001931734517426592
R0_vs_R1,d3_rainbow_trout,regression,mae,R0,R1,3,2,16,0.1191570411785604,0.130824461795849,-0.011667420617288607
R0_vs_R1,d3_rainbow_trout,regression,mae,R0,R1,3,3,16,0.1610198929174494,0.162674833436015,-0.0016549405185656008
R0_vs_R1,d3_rainbow_trout,regression,mae,R0,R1,3,4,16,0.0723117339543936,0.0749972506466702,-0.00268551669227661
R0_vs_R1,d3_rainbow_trout,regression,mae,R0,R1,3,5,16,0.0360505819055114,0.0382765661687936,-0.002225984263282202
R0_vs_R1,d3_rainbow_trout,regression,mae,R0,R1,3,6,16,0.0860108348320442,0.082531295720682,0.003479539111362201
R0_vs_R1,d3_rainbow_trout,regression,mae,R0,R1,3,7,16,0.1849656616719837,0.1786953062530267,0.0062703554189569854
R0_vs_R1,d3_rainbow_trout,regression,mae,R0,R1,3,8,16,0.0292316181182395,0.0317837774518897,-0.0025521593336501995
R0_vs_R1,d3_rainbow_trout,regression,mae,R0,R1,3,9,16,0.0714176850967833,0.0751055563609564,-0.0036878712641730954
R0_vs_R1,d3_rainbow_trout,regression,mae,R0,R1,3,10,16,0.0627589640559556,0.0594334311459002,0.003325532910055405
R0_vs_R1,d3_rainbow_trout,regression,mae,R0,R1,3,11,16,0.0366023502336508,0.039862283078745,-0.003259932845094203
R0_vs_R1,d3_rainbow_trout,regression,mae,R0,R1,3,12,16,0.1276047205008638,0.1313123498323063,-0.0037076293314425024
R0_vs_R1,d3_rainbow_trout,regression,mae,R0,R1,3,13,16,0.1923589848293455,0.1950012716925417,-0.0026422868631962027
R0_vs_R1,d3_rainbow_trout,regression,mae,R0,R1,3,14,16,0.0704871511305119,0.0749571024082816,-0.004469951277769696
R0_vs_R1,d3_rainbow_trout,regression,mae,R0,R1,3,15,16,0.0504709905405506,0.0548686677266184,-0.004397677186067803
R0_vs_R1,d3_rainbow_trout,regression,mae,R0,R1,3,16,16,0.0363768179939193,0.0355862046453179,0.0007906133486014003
R0_vs_R1,d3_rainbow_trout,regression,mae,R0,R1,3,17,16,0.0740702285862871,0.0651072070250842,0.008963021561202905
R0_vs_R1,d3_rainbow_trout,regression,mae,R0,R1,3,18,16,0.1095549324634597,0.0884224841999151,0.0211324482635446
R0_vs_R1,d3_rainbow_trout,regression,mae,R0,R1,3,19,16,0.0459642173391412,0.0380567666883526,0.0079074506507886
R0_vs_R1,d3_rainbow_trout,regression,mae,R0,R1,3,20,16,0.0756819301310737,0.0859318244793109,-0.010249894348237198
R0_vs_R1,d3_rainbow_trout,regression,mae,R0,R1,3,21,16,0.0723056556292843,0.0654568807976968,0.006848774831587495
R0_vs_R1,d3_rainbow_trout,regression,mae,R0,R1,3,22,16,0.0490369854756122,0.0431869126399942,0.005850072835618003
R0_vs_R1,d3_rainbow_trout,regression,mae,R0,R1,3,23,16,0.1216606304056435,0.1123649425301051,0.009295687875538403
R0_vs_R1,d3_rainbow_trout,regression,mae,R0,R1,3,24,16,0.2123795206708884,0.2060467504783603,0.006332770192528092
R0_vs_R1,d3_rainbow_trout,regression,mae,R0,R1,3,25,16,0.0458949629249096,0.0387045771281845,0.007190385796725096
R0_vs_R1,d3_rainbow_trout,regression,mae,R0,R1,3,26,16,0.0681998741668179,0.0744115977044812,-0.006211723537663305
R0_vs_R1,d3_rainbow_trout,regression,mae,R0,R1,3,27,16,0.1084527517643803,0.0912170239102712,0.017235727854109095
R0_vs_R1,d3_rainbow_trout,regression,mae,R0,R1,3,28,16,0.0593842859376652,0.0679434667142796,-0.008559180776614404
R0_vs_R1,d3_rainbow_trout,regression,mae,R0,R1,3,29,16,0.2011403160329028,0.161359039307998,0.03978127672490481
R0_vs_R1,d3_rainbow_trout,regression,mae,R0,R1,3,30,16,0.0896145090258321,0.0922199340976405,-0.002605425071808401
R0_vs_R1,d3_rainbow_trout,regression,mae,R0,R1,3,31,16,0.0455167499791448,0.0501975419076746,-0.004680791928529798
R0_vs_R1,d3_rainbow_trout,regression,mae,R0,R1,3,32,16,0.1182053500553847,0.1198050222408493,-0.0015996721854645984
R0_vs_R1,d3_rainbow_trout,regression,mae,R0,R1,3,33,16,0.0486762992737973,0.0424423088824003,0.006233990391397
R0_vs_R1,d3_rainbow_trout,regression,mae,R0,R1,3,34,16,0.2196414308386446,0.222666063374386,-0.003024632535741395
R0_vs_R1,d3_rainbow_trout,regression,mae,R0,R1,3,35,16,0.072514859435294,0.074671853322766,-0.0021569938874720085
R0_vs_R1,d3_rainbow_trout,regression,mae,R0,R1,3,36,16,0.0662378726289503,0.0688301300297005,-0.0025922574007501975
R0_vs_R1,d3_rainbow_trout,regression,mae,R0,R1,3,37,16,0.1133733967297165,0.113794421900923,-0.00042102517120649885
R0_vs_R1,d3_rainbow_trout,regression,mae,R0,R1,3,38,16,0.1107486525140908,0.1349102685551721,-0.024161616041081302
R0_vs_R1,d3_rainbow_trout,regression,mae,R0,R1,3,39,16,0.0753623380259338,0.0908972045771446,-0.015534866551210808
R0_vs_R1,d3_rainbow_trout,regression,mae,R0,R1,3,40,16,0.0727997371195172,0.0634641337988687,0.009335603320648506
R0_vs_R1,d3_rainbow_trout,regression,mae,R0,R1,3,41,16,0.0627493681177084,0.0545488541775148,0.008200513940193596
R0_vs_R1,d3_rainbow_trout,regression,mae,R0,R1,3,42,16,0.2411401050678005,0.2387768887935488,0.002363216274251706
R0_vs_R1,d3_rainbow_trout,regression,mae,R0,R1,3,43,16,0.094645429479525,0.1014474243919687,-0.006801994912443696
R0_vs_R1,d3_rainbow_trout,regression,mae,R0,R1,3,44,16,0.0569969073378495,0.0607408914564787,-0.0037439841186292025
R0_vs_R1,d3_rainbow_trout,regression,mae,R0,R1,3,45,16,0.056794949023126,0.0616092532776737,-0.004814304254547701
R0_vs_R1,d3_rainbow_trout,regression,mae,R0,R1,3,46,16,0.0254765405019673,0.0294578521170958,-0.0039813116151285015
R0_vs_R1,d3_rainbow_trout,regression,mae,R0,R1,3,47,16,0.2151580729415999,0.2192815907614995,-0.004123517819899614
R0_vs_R1,d3_rainbow_trout,regression,mae,R0,R1,3,48,16,0.1332268391780869,0.1457870465483872,-0.012560207370300308
R0_vs_R1,d3_rainbow_trout,regression,mae,R0,R1,3,49,16,0.1416218857446122,0.1280653292994986,0.01355655644511361
R0_vs_R1,d3_rainbow_trout,regression,mae,R0,R1,3,50,16,0.0629547799228672,0.0575726465618065,0.0053821333610606995
R0_vs_R1,d3_rainbow_trout,regression,mae,R0,R1,3,51,16,0.0288597475633262,0.0251340975383995,0.0037256500249267
R0_vs_R1,d3_rainbow_trout,regression,mae,R0,R1,3,52,16,0.0608318372387165,0.0604529034073697,0.0003789338313467949
R0_vs_R1,d3_rainbow_trout,regression,mae,R0,R1,3,53,16,0.0705700554933165,0.0656806522669075,0.004889403226409003
R0_vs_R1,d3_rainbow_trout,regression,mae,R0,R1,3,54,16,0.0394037093713733,0.0291302523510819,0.010273457020291404
R0_vs_R1,d3_rainbow_trout,regression,mae,R0,R1,3,55,16,0.2760288780832431,0.2748559973619608,0.001172880721282299
R0_vs_R1,d3_rainbow_trout,regression,mae,R0,R1,3,56,16,0.0453684032888571,0.0427966370013131,0.0025717662875439987
R0_vs_R1,d3_rainbow_trout,regression,mae,R0,R1,3,57,16,0.0590556822738705,0.0562072176513108,0.0028484646225597
R0_vs_R1,d3_rainbow_trout,regression,mae,R0,R1,3,58,16,0.2104025639805159,0.2197587206415537,-0.009356156661037784
R0_vs_R1,d3_rainbow_trout,regression,mae,R0,R1,3,59,16,0.0130336957130006,0.0132011172519205,-0.00016742153891990096
R0_vs_R1,d3_rainbow_trout,regression,mae,R0,R1,3,60,16,0.0513355981641858,0.0519163232141076,-0.0005807250499218
R0_vs_R1,d3_rainbow_trout,regression,mae,R0,R1,3,61,16,0.0558008803767327,0.0540792075844507,0.0017216727922819974
R0_vs_R1,d3_rainbow_trout,regression,mae,R0,R1,4,0,16,0.1412967056418788,0.1345651362458644,0.0067315693960144085
R0_vs_R1,d3_rainbow_trout,regression,mae,R0,R1,4,1,16,0.1000166413379375,0.1019116941342889,-0.0018950527963513958
R0_vs_R1,d3_rainbow_trout,regression,mae,R0,R1,4,2,16,0.1131532942949343,0.1060213321061948,0.007131962188739502
R0_vs_R1,d3_rainbow_trout,regression,mae,R0,R1,4,3,16,0.0937834960141785,0.0907431042905352,0.0030403917236433015
R0_vs_R1,d3_rainbow_trout,regression,mae,R0,R1,4,4,16,0.126778572624426,0.1279603696670052,-0.0011817970425792024
R0_vs_R1,d3_rainbow_trout,regression,mae,R0,R1,4,5,16,0.050623568013005,0.0575055291913847,-0.006881961178379699
R0_vs_R1,d3_rainbow_trout,regression,mae,R0,R1,4,6,16,0.072459134015605,0.0792435491316404,-0.0067844151160354055
R0_vs_R1,d3_rainbow_trout,regression,mae,R0,R1,4,7,16,0.0821481196206403,0.0935021038573736,-0.011353984236733311
R0_vs_R1,d3_rainbow_trout,regression,mae,R0,R1,4,8,16,0.2098780147205704,0.2035682088134224,0.006309805907147997
R0_vs_R1,d3_rainbow_trout,regression,mae,R0,R1,4,9,16,0.0290055714356796,0.0297764836790558,-0.0007709122433761997
R0_vs_R1,d3_rainbow_trout,regression,mae,R0,R1,4,10,16,0.1244763816443993,0.2536620342857063,-0.129185652641307
R0_vs_R1,d3_rainbow_trout,regression,mae,R0,R1,4,11,16,0.1193301633972893,0.1110593463592694,0.008270817038019906
R0_vs_R1,d3_rainbow_trout,regression,mae,R0,R1,4,12,16,0.0673796769726112,0.0643402760555627,0.0030394009170485042
R0_vs_R1,d3_rainbow_trout,regression,mae,R0,R1,4,13,16,0.0988523000823346,0.092479911923697,0.006372388158637596
R0_vs_R1,d3_rainbow_trout,regression,mae,R0,R1,4,14,16,0.2035767500002289,0.2239738543909217,-0.02039710439069281
R0_vs_R1,d3_rainbow_trout,regression,mae,R0,R1,4,15,16,0.0850470529108388,0.0834654501919201,0.0015816027189187037
R0_vs_R1,d3_rainbow_trout,regression,mae,R0,R1,4,16,16,0.0514901788510371,0.0510533246612204,0.0004368541898166975
R0_vs_R1,d3_rainbow_trout,regression,mae,R0,R1,4,17,16,0.0658029762873513,0.0580686177611222,0.007734358526229092
R0_vs_R1,d3_rainbow_trout,regression,mae,R0,R1,4,18,16,0.0906442407439596,0.0997970790645522,-0.00915283832059259
R0_vs_R1,d3_rainbow_trout,regression,mae,R0,R1,4,19,16,0.0315614198702149,0.0263130080232618,0.005248411846953099
R0_vs_R1,d3_rainbow_trout,regression,mae,R0,R1,4,20,16,0.0715078447709693,0.0657187811716693,0.0057890635993000095
R0_vs_R1,d3_rainbow_trout,regression,mae,R0,R1,4,21,16,0.0622320741549477,0.063654539499028,-0.0014224653440802967
R0_vs_R1,d3_rainbow_trout,regression,mae,R0,R1,4,22,16,0.0351433122597059,0.0361396385241931,-0.0009963262644872017
R0_vs_R1,d3_rainbow_trout,regression,mae,R0,R1,4,23,16,0.1305026977250684,0.1091531219920398,0.021349575733028592
R0_vs_R1,d3_rainbow_trout,regression,mae,R0,R1,4,24,16,0.0631599220657176,0.0737190221601505,-0.010559100094432894
R0_vs_R1,d3_rainbow_trout,regression,mae,R0,R1,4,25,16,0.2171091311925264,0.2271350968486123,-0.010025965656085906
R0_vs_R1,d3_rainbow_trout,regression,mae,R0,R1,4,26,16,0.069686596773927,0.0708513376123633,-0.001164740838436304
R0_vs_R1,d3_rainbow_trout,regression,mae,R0,R1,4,27,16,0.0724012804953891,0.0766488270428521,-0.004247546547462996
R0_vs_R1,d3_rainbow_trout,regression,mae,R0,R1,4,28,16,0.2620952616496,0.2684091190961721,-0.006313857446572091
R0_vs_R1,d3_rainbow_trout,regression,mae,R0,R1,4,29,16,0.0518363884854253,0.049659637413446,0.002176751071979302
R0_vs_R1,d3_rainbow_trout,regression,mae,R0,R1,4,30,16,0.0274489688427244,0.0275840504992339,-0.00013508165650949824
R0_vs_R1,d3_rainbow_trout,regression,mae,R0,R1,4,31,16,0.0989867581484928,0.0941851666785387,0.004801591469954097
R0_vs_R1,d3_rainbow_trout,regression,mae,R0,R1,4,32,16,0.0749471734754787,0.0815900650573262,-0.006642891581847499
R0_vs_R1,d3_rainbow_trout,regression,mae,R0,R1,4,33,16,0.0521526793924257,0.0540118556367578,-0.0018591762443320933
R0_vs_R1,d3_rainbow_trout,regression,mae,R0,R1,4,34,16,0.0509206524207586,0.0468913742029365,0.004029278217822098
R0_vs_R1,d3_rainbow_trout,regression,mae,R0,R1,4,35,16,0.0483592699262773,0.0433975002814732,0.004961769644804104
R0_vs_R1,d3_rainbow_trout,regression,mae,R0,R1,4,36,16,0.1391612860317748,0.136291009867681,0.002870276164093799
R0_vs_R1,d3_rainbow_trout,regression,mae,R0,R1,4,37,16,0.0703398831231609,0.0725599204249176,-0.002220037301756697
R0_vs_R1,d3_rainbow_trout,regression,mae,R0,R1,4,38,16,0.0540164698062231,0.0518051080274997,0.0022113617787234002
R0_vs_R1,d3_rainbow_trout,regression,mae,R0,R1,4,39,16,0.0632180572393679,0.0592887315187442,0.003929325720623697
R0_vs_R1,d3_rainbow_trout,regression,mae,R0,R1,4,40,16,0.0635524279742175,0.0827801447346734,-0.0192277167604559
R0_vs_R1,d3_rainbow_trout,regression,mae,R0,R1,4,41,16,0.0726126624265616,0.0781452655004641,-0.005532603073902506
R0_vs_R1,d3_rainbow_trout,regression,mae,R0,R1,4,42,16,0.1522350540416582,0.1509166990635536,0.0013183549781046189
R0_vs_R1,d3_rainbow_trout,regression,mae,R0,R1,4,43,16,0.0825423368832553,0.0873449888851846,-0.004802652001929308
R0_vs_R1,d3_rainbow_trout,regression,mae,R0,R1,4,44,16,0.2497602194264032,0.2544835419621785,-0.004723322535775287
R0_vs_R1,d3_rainbow_trout,regression,mae,R0,R1,4,45,16,0.0690143482791892,0.0685663060320894,0.00044804224709980855
R0_vs_R1,d3_rainbow_trout,regression,mae,R0,R1,4,46,16,0.0514890509911832,0.0479987458148551,0.003490305176328097
R0_vs_R1,d3_rainbow_trout,regression,mae,R0,R1,4,47,16,0.029019688730338,0.0376092947578614,-0.0085896060275234
R0_vs_R1,d3_rainbow_trout,regression,mae,R0,R1,4,48,16,0.1359476156508215,0.1339112733545273,0.002036342296294208
R0_vs_R1,d3_rainbow_trout,regression,mae,R0,R1,4,49,16,0.2147880231402233,0.2244462647323605,-0.009658241592137212
R0_vs_R1,d3_rainbow_trout,regression,mae,R0,R1,4,50,16,0.060558311617148,0.0585418245582051,0.0020164870589429035
R0_vs_R1,d3_rainbow_trout,regression,mae,R0,R1,4,51,16,0.2502529573565977,0.2393993974130921,0.010853559943505592
R0_vs_R1,d3_rainbow_trout,regression,mae,R0,R1,4,52,16,0.134834101294939,0.1222597504760599,0.012574350818879101
R0_vs_R1,d3_rainbow_trout,regression,mae,R0,R1,4,53,16,0.0606167201341595,0.05942601061437,0.0011907095197895012
R0_vs_R1,d3_rainbow_trout,regression,mae,R0,R1,4,54,16,0.0349568406854896,0.0439752235768477,-0.009018382891358104
R0_vs_R1,d3_rainbow_trout,regression,mae,R0,R1,4,55,16,0.0638243977926015,0.0547447404203732,0.009079657372228302
R0_vs_R1,d3_rainbow_trout,regression,mae,R0,R1,4,56,16,0.1000186707842497,0.108756192159198,-0.008737521374948307
R0_vs_R1,d3_rainbow_trout,regression,mae,R0,R1,4,57,16,0.0616755183666416,0.0653975826201919,-0.003722064253550296
R0_vs_R1,d3_rainbow_trout,regression,mae,R0,R1,4,58,16,0.0261836223719276,0.0378274786373019,-0.011643856265374303
R0_vs_R1,d3_rainbow_trout,regression,mae,R0,R1,4,59,16,0.0161000175037555,0.0148148722513108,0.0012851452524447003
R0_vs_R1,d3_rainbow_trout,regression,mae,R0,R1,4,60,16,0.2231349961652374,0.2294274028846348,-0.006292406719397403
R0_vs_R1,d3_rainbow_trout,regression,mae,R0,R1,4,61,16,0.0316300408682052,0.0251975018858237,0.006432538982381501
R0_vs_R1,d3_rainbow_trout,regression,mae,R0,R1,5,0,16,0.0531569300466448,0.0513484573007227,0.0018084727459221003
R0_vs_R1,d3_rainbow_trout,regression,mae,R0,R1,5,1,16,0.0758465949923651,0.0655708816545307,0.010275713337834391
R0_vs_R1,d3_rainbow_trout,regression,mae,R0,R1,5,2,16,0.0193353474198078,0.0249192222745476,-0.005583874854739802
R0_vs_R1,d3_rainbow_trout,regression,mae,R0,R1,5,3,16,0.1388040571634333,0.1388492785201646,-4.522135673129535e-05
R0_vs_R1,d3_rainbow_trout,regression,mae,R0,R1,5,4,16,0.0325214011852492,0.0306151613152328,0.0019062398700164032
R0_vs_R1,d3_rainbow_trout,regression,mae,R0,R1,5,5,16,0.0801943095016734,0.0895286870015346,-0.009334377499861199
R0_vs_R1,d3_rainbow_trout,regression,mae,R0,R1,5,6,16,0.0702099935598559,0.0755847573660332,-0.00537476380617731
R0_vs_R1,d3_rainbow_trout,regression,mae,R0,R1,5,7,16,0.1329175729734239,0.120776963984399,0.012140608989024915
R0_vs_R1,d3_rainbow_trout,regression,mae,R0,R1,5,8,16,0.124023823683536,0.1156416401065766,0.008382183576959398
R0_vs_R1,d3_rainbow_trout,regression,mae,R0,R1,5,9,16,0.0595006445288884,0.0577861043130797,0.0017145402158086978
R0_vs_R1,d3_rainbow_trout,regression,mae,R0,R1,5,10,16,0.0456061933072376,0.0479548918556678,-0.0023486985484302003
R0_vs_R1,d3_rainbow_trout,regression,mae,R0,R1,5,11,16,0.0790095757364347,0.0619012635704736,0.017108312165961106
R0_vs_R1,d3_rainbow_trout,regression,mae,R0,R1,5,12,16,0.1506732926746052,0.1393164099201184,0.011356882754486791
R0_vs_R1,d3_rainbow_trout,regression,mae,R0,R1,5,13,16,0.0707104011888726,0.0656673463769992,0.005043054811873407
R0_vs_R1,d3_rainbow_trout,regression,mae,R0,R1,5,14,16,0.1342869189817563,0.1598696760796408,-0.025582757097884518
R0_vs_R1,d3_rainbow_trout,regression,mae,R0,R1,5,15,16,0.2132446583920576,0.1647750468766243,0.0484696115154333
R0_vs_R1,d3_rainbow_trout,regression,mae,R0,R1,5,16,16,0.1062596965274789,0.1188899931724705,-0.012630296644991601
R0_vs_R1,d3_rainbow_trout,regression,mae,R0,R1,5,17,16,0.0750281466072632,0.0469192391575223,0.0281089074497409
R0_vs_R1,d3_rainbow_trout,regression,mae,R0,R1,5,18,16,0.0611514044602198,0.0709464086268481,-0.009795004166628304
R0_vs_R1,d3_rainbow_trout,regression,mae,R0,R1,5,19,16,0.0543190757054163,0.0521344900774716,0.002184585627944706
R0_vs_R1,d3_rainbow_trout,regression,mae,R0,R1,5,20,16,0.0495408063126557,0.0586903449333676,-0.009149538620711897
R0_vs_R1,d3_rainbow_trout,regression,mae,R0,R1,5,21,16,0.0817939571262347,0.0912005622000616,-0.009406605073826901
R0_vs_R1,d3_rainbow_trout,regression,mae,R0,R1,5,22,16,0.0985090224206864,0.0993831262979805,-0.0008741038772940996
R0_vs_R1,d3_rainbow_trout,regression,mae,R0,R1,5,23,16,0.0326105621980413,0.0355587765204254,-0.002948214322384096
R0_vs_R1,d3_rainbow_trout,regression,mae,R0,R1,5,24,16,0.2218181786493468,0.2367953655649575,-0.014977186915610702
R0_vs_R1,d3_rainbow_trout,regression,mae,R0,R1,5,25,16,0.2723377433856509,0.2810310182356561,-0.008693274850005206
R0_vs_R1,d3_rainbow_trout,regression,mae,R0,R1,5,26,16,0.1895719981050223,0.1852547020546196,0.00431729605040268
R0_vs_R1,d3_rainbow_trout,regression,mae,R0,R1,5,27,16,0.0437749178808765,0.0323698646627078,0.011405053218168704
R0_vs_R1,d3_rainbow_trout,regression,mae,R0,R1,5,28,16,0.0369657342027031,0.0390161544123365,-0.002050420209633405
R0_vs_R1,d3_rainbow_trout,regression,mae,R0,R1,5,29,16,0.0875934704100524,0.0876444200485295,-5.09496384770991e-05
R0_vs_R1,d3_rainbow_trout,regression,mae,R0,R1,5,30,16,0.1947995656376604,0.1873919452365913,0.007407620401069098
R0_vs_R1,d3_rainbow_trout,regression,mae,R0,R1,5,31,16,0.0640218782199549,0.0627605340343206,0.001261344185634311
R0_vs_R1,d3_rainbow_trout,regression,mae,R0,R1,5,32,16,0.0491647601646636,0.0483334858724297,0.0008312742922338967
R0_vs_R1,d3_rainbow_trout,regression,mae,R0,R1,5,33,16,0.0517260036371794,0.0482749091196748,0.0034510945175045965
R0_vs_R1,d3_rainbow_trout,regression,mae,R0,R1,5,34,16,0.0936386454946012,0.0824385512284189,0.011200094266182306
R0_vs_R1,d3_rainbow_trout,regression,mae,R0,R1,5,35,16,0.225451321140816,0.2235624735334993,0.001888847607316696
R0_vs_R1,d3_rainbow_trout,regression,mae,R0,R1,5,36,16,0.0633668741536958,0.0610687305550936,0.002298143598602198
R0_vs_R1,d3_rainbow_trout,regression,mae,R0,R1,5,37,16,0.0670047826218303,0.0920362248256856,-0.02503144220385531
R0_vs_R1,d3_rainbow_trout,regression,mae,R0,R1,5,38,16,0.0939454680540669,0.0951534018265015,-0.0012079337724346106
R0_vs_R1,d3_rainbow_trout,regression,mae,R0,R1,5,39,16,0.1910329354241479,0.1714703720707021,0.019562563353445805
R0_vs_R1,d3_rainbow_trout,regression,mae,R0,R1,5,40,16,0.082925507959841,0.0848713869411888,-0.0019458789813478067
R0_vs_R1,d3_rainbow_trout,regression,mae,R0,R1,5,41,16,0.1324171065511057,0.1266298463028811,0.005787260248224596
R0_vs_R1,d3_rainbow_trout,regression,mae,R0,R1,5,42,16,0.0597629225151231,0.0592141659279018,0.0005487565872212968
R0_vs_R1,d3_rainbow_trout,regression,mae,R0,R1,5,43,16,0.0325301023394104,0.0282894679484612,0.0042406343909492
R0_vs_R1,d3_rainbow_trout,regression,mae,R0,R1,5,44,16,0.0609265046998631,0.0624702539370595,-0.0015437492371964054
R0_vs_R1,d3_rainbow_trout,regression,mae,R0,R1,5,45,16,0.0760022238651508,0.0789839456358431,-0.0029817217706922944
R0_vs_R1,d3_rainbow_trout,regression,mae,R0,R1,5,46,16,0.0608704443178497,0.0550473271625006,0.005823117155349097
R0_vs_R1,d3_rainbow_trout,regression,mae,R0,R1,5,47,16,0.0685625557304903,0.0684288617040995,0.00013369402639080985
R0_vs_R1,d3_rainbow_trout,regression,mae,R0,R1,5,48,16,0.1418634684103121,0.1445615943471563,-0.0026981259368441812
R0_vs_R1,d3_rainbow_trout,regression,mae,R0,R1,5,49,16,0.0275584550793435,0.0282707745430787,-0.000712319463735199
R0_vs_R1,d3_rainbow_trout,regression,mae,R0,R1,5,50,16,0.0294540898052473,0.0313349769458935,-0.0018808871406462042
R0_vs_R1,d3_rainbow_trout,regression,mae,R0,R1,5,51,16,0.091980573033887,0.0790070623163575,0.012973510717529502
R0_vs_R1,d3_rainbow_trout,regression,mae,R0,R1,5,52,16,0.2125327572603645,0.2032360406768149,0.009296716583549608
R0_vs_R1,d3_rainbow_trout,regression,mae,R0,R1,5,53,16,0.064031360038245,0.0618346729099995,0.0021966871282455003
R0_vs_R1,d3_rainbow_trout,regression,mae,R0,R1,5,54,16,0.0513873584213216,0.0522655697791668,-0.0008782113578452017
R0_vs_R1,d3_rainbow_trout,regression,mae,R0,R1,5,55,16,0.1814194156682697,0.1642627888958428,0.01715662677242688
R0_vs_R1,d3_rainbow_trout,regression,mae,R0,R1,5,56,16,0.0686651855322137,0.0603302709274583,0.00833491460475539
R0_vs_R1,d3_rainbow_trout,regression,mae,R0,R1,5,57,16,0.1229657244167077,0.0902774781719228,0.03268824624478489
R0_vs_R1,d3_rainbow_trout,regression,mae,R0,R1,5,58,16,0.0836206547136519,0.0792835948759768,0.0043370598376751
R0_vs_R1,d3_rainbow_trout,regression,mae,R0,R1,5,59,16,0.015686058932243,0.016931630584683,-0.0012455716524399987
R0_vs_R1,d3_rainbow_trout,regression,mae,R0,R1,5,60,16,0.0420954811433884,0.049900249138812,-0.007804767995423595
R0_vs_R1,d3_rainbow_trout,regression,mae,R0,R1,5,61,16,0.0949541537322343,0.098953503978992,-0.003999350246757696
R0_vs_R1,d3_rainbow_trout,regression,mae,R0,R1,6,0,16,0.1935371626299688,0.2080611247437545,-0.014523962113785677
R0_vs_R1,d3_rainbow_trout,regression,mae,R0,R1,6,1,16,0.0156479106826352,0.015839329717419,-0.00019141903478379907
R0_vs_R1,d3_rainbow_trout,regression,mae,R0,R1,6,2,16,0.0838941703740656,0.0827004843911386,0.0011936859829270036
R0_vs_R1,d3_rainbow_trout,regression,mae,R0,R1,6,3,16,0.0846034697234562,0.0784383235878048,0.006165146135651403
R0_vs_R1,d3_rainbow_trout,regression,mae,R0,R1,6,4,16,0.0551672623537808,0.0476674213971518,0.007499840956628999
R0_vs_R1,d3_rainbow_trout,regression,mae,R0,R1,6,5,16,0.033369741414477,0.0378493299636201,-0.004479588549143099
R0_vs_R1,d3_rainbow_trout,regression,mae,R0,R1,6,6,16,0.0557979089686388,0.0545274070815988,0.0012705018870400042
R0_vs_R1,d3_rainbow_trout,regression,mae,R0,R1,6,7,16,0.173806181497937,0.1705325166076446,0.003273664890292405
R0_vs_R1,d3_rainbow_trout,regression,mae,R0,R1,6,8,16,0.2377530100997694,0.2285780739849185,0.009174936114850901
R0_vs_R1,d3_rainbow_trout,regression,mae,R0,R1,6,9,16,0.0666527277505649,0.0644933463927621,0.002159381357802803
R0_vs_R1,d3_rainbow_trout,regression,mae,R0,R1,6,10,16,0.0378229304970421,0.0506325468100331,-0.012809616312990997
R0_vs_R1,d3_rainbow_trout,regression,mae,R0,R1,6,11,16,0.0440193635304514,0.0530419405669662,-0.009022577036514802
R0_vs_R1,d3_rainbow_trout,regression,mae,R0,R1,6,12,16,0.0772800955714024,0.0774103235750011,-0.0001302280035987008
R0_vs_R1,d3_rainbow_trout,regression,mae,R0,R1,6,13,16,0.1381637291552877,0.1229350637302901,0.015228665424997609
R0_vs_R1,d3_rainbow_trout,regression,mae,R0,R1,6,14,16,0.1334154666150137,0.1296473382962304,0.003768128318783287
R0_vs_R1,d3_rainbow_trout,regression,mae,R0,R1,6,15,16,0.0592174566929217,0.062881998985201,-0.003664542292279298
R0_vs_R1,d3_rainbow_trout,regression,mae,R0,R1,6,16,16,0.0750459633069979,0.0764611022507261,-0.0014151389437281892
R0_vs_R1,d3_rainbow_trout,regression,mae,R0,R1,6,17,16,0.0554670574684846,0.0512666370116036,0.004200420456881002
R0_vs_R1,d3_rainbow_trout,regression,mae,R0,R1,6,18,16,0.0313387385505,0.0309390341054968,0.0003997044450031982
R0_vs_R1,d3_rainbow_trout,regression,mae,R0,R1,6,19,16,0.0601186573220439,0.0664394353107091,-0.006320777988665205
R0_vs_R1,d3_rainbow_trout,regression,mae,R0,R1,6,20,16,0.0756927012977908,0.077886293036873,-0.002193591739082207
R0_vs_R1,d3_rainbow_trout,regression,mae,R0,R1,6,21,16,0.1561243595221359,0.2142176357885219,-0.058093276266385996
R0_vs_R1,d3_rainbow_trout,regression,mae,R0,R1,6,22,16,0.0958560008090489,0.1013835751087095,-0.005527574299660609
R0_vs_R1,d3_rainbow_trout,regression,mae,R0,R1,6,23,16,0.0343351063142766,0.0371350758125028,-0.002799969498226196
R0_vs_R1,d3_rainbow_trout,regression,mae,R0,R1,6,24,16,0.0694457336030167,0.0582056842049235,0.0112400493980932
R0_vs_R1,d3_rainbow_trout,regression,mae,R0,R1,6,25,16,0.0880728458371885,0.092185515415335,-0.004112669578146502
R0_vs_R1,d3_rainbow_trout,regression,mae,R0,R1,6,26,16,0.076398251979587,0.0834057054239012,-0.007007453444314207
R0_vs_R1,d3_rainbow_trout,regression,mae,R0,R1,6,27,16,0.0853378494157429,0.0788662928372665,0.006471556578476409
R0_vs_R1,d3_rainbow_trout,regression,mae,R0,R1,6,28,16,0.1932954299440965,0.1667399473293345,0.026555482614761983
R0_vs_R1,d3_rainbow_trout,regression,mae,R0,R1,6,29,16,0.0404937297161869,0.0409568213212052,-0.00046309160501829816
R0_vs_R1,d3_rainbow_trout,regression,mae,R0,R1,6,30,16,0.012977934623334,0.0136008983965405,-0.0006229637732064995
R0_vs_R1,d3_rainbow_trout,regression,mae,R0,R1,6,31,16,0.1351737744059152,0.1128227144632654,0.022351059942649784
R0_vs_R1,d3_rainbow_trout,regression,mae,R0,R1,6,32,16,0.1449399559664653,0.0929907799262956,0.0519491760401697
R0_vs_R1,d3_rainbow_trout,regression,mae,R0,R1,6,33,16,0.067226287506427,0.0623250859082418,0.004901201598185197
R0_vs_R1,d3_rainbow_trout,regression,mae,R0,R1,6,34,16,0.0907016576222186,0.0748639843204699,0.015837673301748706
R0_vs_R1,d3_rainbow_trout,regression,mae,R0,R1,6,35,16,0.044574917675461,0.0438834530929151,0.0006914645825458962
R0_vs_R1,d3_rainbow_trout,regression,mae,R0,R1,6,36,16,0.1315401066362763,0.1253910539687559,0.006149052667520388
R0_vs_R1,d3_rainbow_trout,regression,mae,R0,R1,6,37,16,0.1814779262336365,0.166718346932529,0.014759579301107523
R0_vs_R1,d3_rainbow_trout,regression,mae,R0,R1,6,38,16,0.2794527673721101,0.2857966599835934,-0.0063438926114832705
R0_vs_R1,d3_rainbow_trout,regression,mae,R0,R1,6,39,16,0.0561597223024893,0.0537075844750279,0.002452137827461398
R0_vs_R1,d3_rainbow_trout,regression,mae,R0,R1,6,40,16,0.1086175504838786,0.1095053789723715,-0.0008878284884929061
R0_vs_R1,d3_rainbow_trout,regression,mae,R0,R1,6,41,16,0.1387555519079358,0.1413670211685049,-0.002611469260569127
R0_vs_R1,d3_rainbow_trout,regression,mae,R0,R1,6,42,16,0.0838826317699333,0.0723969632110375,0.011485668558895795
R0_vs_R1,d3_rainbow_trout,regression,mae,R0,R1,6,43,16,0.122400004525098,0.1105474750048427,0.011852529520255298
R0_vs_R1,d3_rainbow_trout,regression,mae,R0,R1,6,44,16,0.0592748006569116,0.0518382695592221,0.0074365310976894985
R0_vs_R1,d3_rainbow_trout,regression,mae,R0,R1,6,45,16,0.0383104303112575,0.0240149804985535,0.014295449812704
R0_vs_R1,d3_rainbow_trout,regression,mae,R0,R1,6,46,16,0.1102774808111389,0.1115650707916737,-0.001287589980534798
R0_vs_R1,d3_rainbow_trout,regression,mae,R0,R1,6,47,16,0.2342033090025717,0.2272187644845235,0.006984544518048197
R0_vs_R1,d3_rainbow_trout,regression,mae,R0,R1,6,48,16,0.0690746819977313,0.0613467785554013,0.00772790344233
R0_vs_R1,d3_rainbow_trout,regression,mae,R0,R1,6,49,16,0.2098208707386412,0.160024690912468,0.04979617982617321
R0_vs_R1,d3_rainbow_trout,regression,mae,R0,R1,6,50,16,0.0640845629566646,0.0743992191506389,-0.0103146561939743
R0_vs_R1,d3_rainbow_trout,regression,mae,R0,R1,6,51,16,0.0366306982575038,0.0386512780693025,-0.0020205798117986992
R0_vs_R1,d3_rainbow_trout,regression,mae,R0,R1,6,52,16,0.0579364310825276,0.0805939444772023,-0.022657513394674707
R0_vs_R1,d3_rainbow_trout,regression,mae,R0,R1,6,53,16,0.0565193087308492,0.0560583226100806,0.0004609861207686
R0_vs_R1,d3_rainbow_trout,regression,mae,R0,R1,6,54,16,0.1930865696032598,0.1615074924068861,0.03157907719637368
R0_vs_R1,d3_rainbow_trout,regression,mae,R0,R1,6,55,16,0.0731809587974401,0.0843861799288433,-0.011205221131403195
R0_vs_R1,d3_rainbow_trout,regression,mae,R0,R1,6,56,16,0.0787447813225218,0.0862804963116103,-0.0075357149890885045
R0_vs_R1,d3_rainbow_trout,regression,mae,R0,R1,6,57,16,0.0235394488056352,0.0197802258890829,0.003759222916552299
R0_vs_R1,d3_rainbow_trout,regression,mae,R0,R1,6,58,16,0.1015070453565112,0.096441285829342,0.0050657595271692
R0_vs_R1,d3_rainbow_trout,regression,mae,R0,R1,6,59,16,0.0447124489636087,0.0395750267892165,0.005137422174392205
R0_vs_R1,d3_rainbow_trout,regression,mae,R0,R1,6,60,16,0.077274504491572,0.0677928614837281,0.009481643007843904
R0_vs_R1,d3_rainbow_trout,regression,mae,R0,R1,6,61,16,0.1513074653214055,0.1271394088304282,0.02416805649097728
R0_vs_R1,d3_rainbow_trout,regression,mae,R0,R1,7,0,16,0.0131879654513862,0.0138417418939413,-0.0006537764425551002
R0_vs_R1,d3_rainbow_trout,regression,mae,R0,R1,7,1,16,0.078353090946465,0.0779618592380423,0.0003912317084227013
R0_vs_R1,d3_rainbow_trout,regression,mae,R0,R1,7,2,16,0.0732958337376138,0.0759292592377533,-0.002633425500139508
R0_vs_R1,d3_rainbow_trout,regression,mae,R0,R1,7,3,16,0.2179090873822869,0.2197930909860194,-0.0018840036037325036
R0_vs_R1,d3_rainbow_trout,regression,mae,R0,R1,7,4,16,0.0371520321287614,0.0369611780871192,0.00019085404164220082
R0_vs_R1,d3_rainbow_trout,regression,mae,R0,R1,7,5,16,0.0493714279474393,0.0502061966787126,-0.0008347687312732985
R0_vs_R1,d3_rainbow_trout,regression,mae,R0,R1,7,6,16,0.1100831162959135,0.1462508020582476,-0.03616768576233409
R0_vs_R1,d3_rainbow_trout,regression,mae,R0,R1,7,7,16,0.0531378537829028,0.0550404335149603,-0.0019025797320575064
R0_vs_R1,d3_rainbow_trout,regression,mae,R0,R1,7,8,16,0.1381923235192294,0.1156527670509308,0.022539556468298583
R0_vs_R1,d3_rainbow_trout,regression,mae,R0,R1,7,9,16,0.1349184566373283,0.1333820893143169,0.001536367323011406
R0_vs_R1,d3_rainbow_trout,regression,mae,R0,R1,7,10,16,0.1652228652259254,0.1551012333035334,0.010121631922392016
R0_vs_R1,d3_rainbow_trout,regression,mae,R0,R1,7,11,16,0.0739204968478292,0.0632973573186797,0.010623139529149492
R0_vs_R1,d3_rainbow_trout,regression,mae,R0,R1,7,12,16,0.0603895313409643,0.0639785818140716,-0.003589050473107293
R0_vs_R1,d3_rainbow_trout,regression,mae,R0,R1,7,13,16,0.0813618553304977,0.0812183321181885,0.00014352321230919063
R0_vs_R1,d3_rainbow_trout,regression,mae,R0,R1,7,14,16,0.0716194992945916,0.0677816289934879,0.0038378703011037046
R0_vs_R1,d3_rainbow_trout,regression,mae,R0,R1,7,15,16,0.0688139692276754,0.0686557606468901,0.00015820858078530176
R0_vs_R1,d3_rainbow_trout,regression,mae,R0,R1,7,16,16,0.2927344294317361,0.288282748855788,0.004451680575948136
R0_vs_R1,d3_rainbow_trout,regression,mae,R0,R1,7,17,16,0.1265924065072205,0.1231412769695914,0.003451129537629105
R0_vs_R1,d3_rainbow_trout,regression,mae,R0,R1,7,18,16,0.0514346467267171,0.0488303145928032,0.0026043321339138947
R0_vs_R1,d3_rainbow_trout,regression,mae,R0,R1,7,19,16,0.1255090872868516,0.1239045164665086,0.0016045708203429876
R0_vs_R1,d3_rainbow_trout,regression,mae,R0,R1,7,20,16,0.2015066024338485,0.1880115671913145,0.013495035242533981
R0_vs_R1,d3_rainbow_trout,regression,mae,R0,R1,7,21,16,0.0354919403272982,0.0332846175982878,0.0022073227290104053
R0_vs_R1,d3_rainbow_trout,regression,mae,R0,R1,7,22,16,0.069526921962958,0.0699027072350436,-0.0003757852720856075
R0_vs_R1,d3_rainbow_trout,regression,mae,R0,R1,7,23,16,0.0601354516485788,0.0592339398425225,0.0009015118060562988
R0_vs_R1,d3_rainbow_trout,regression,mae,R0,R1,7,24,16,0.0970837892069999,0.096590015024015,0.0004937741829848935
R0_vs_R1,d3_rainbow_trout,regression,mae,R0,R1,7,25,16,0.052003241477384,0.052409065378238,-0.0004058239008540021
R0_vs_R1,d3_rainbow_trout,regression,mae,R0,R1,7,26,16,0.0557913402796463,0.0494393977764794,0.006351942503166903
R0_vs_R1,d3_rainbow_trout,regression,mae,R0,R1,7,27,16,0.0610103986648891,0.0601426198185395,0.0008677788463496011
R0_vs_R1,d3_rainbow_trout,regression,mae,R0,R1,7,28,16,0.0344205333294798,0.0339372912245181,0.00048324210496170084
R0_vs_R1,d3_rainbow_trout,regression,mae,R0,R1,7,29,16,0.2057869534863197,0.187129009939523,0.0186579435467967
R0_vs_R1,d3_rainbow_trout,regression,mae,R0,R1,7,30,16,0.0642639711704955,0.0645947042858459,-0.0003307331153504095
R0_vs_R1,d3_rainbow_trout,regression,mae,R0,R1,7,31,16,0.0260367345707665,0.026460134941748,-0.00042340037098149985
R0_vs_R1,d3_rainbow_trout,regression,mae,R0,R1,7,32,16,0.1216990147310269,0.1198205004676016,0.0018785142634252933
R0_vs_R1,d3_rainbow_trout,regression,mae,R0,R1,7,33,16,0.0328627813286611,0.0347669227618204,-0.0019041414331592982
R0_vs_R1,d3_rainbow_trout,regression,mae,R0,R1,7,34,16,0.1935656801307589,0.2001419811944045,-0.006576301063645595
R0_vs_R1,d3_rainbow_trout,regression,mae,R0,R1,7,35,16,0.1062973653893306,0.1020156788237749,0.004281686565555706
R0_vs_R1,d3_rainbow_trout,regression,mae,R0,R1,7,36,16,0.1007953253560941,0.0985902736062443,0.002205051749849807
R0_vs_R1,d3_rainbow_trout,regression,mae,R0,R1,7,37,16,0.0461207754122852,0.0441501620140916,0.001970613398193599
R0_vs_R1,d3_rainbow_trout,regression,mae,R0,R1,7,38,16,0.1297906813550517,0.126997912294732,0.002792769060319694
R0_vs_R1,d3_rainbow_trout,regression,mae,R0,R1,7,39,16,0.0431156155547998,0.0420253373110267,0.001090278243773099
R0_vs_R1,d3_rainbow_trout,regression,mae,R0,R1,7,40,16,0.1009740102673194,0.1006776484278816,0.0002963618394378059
R0_vs_R1,d3_rainbow_trout,regression,mae,R0,R1,7,41,16,0.1204510469628648,0.1259421707370191,-0.005491123774154311
R0_vs_R1,d3_rainbow_trout,regression,mae,R0,R1,7,42,16,0.0562708712576435,0.0544505685517359,0.001820302705907599
R0_vs_R1,d3_rainbow_trout,regression,mae,R0,R1,7,43,16,0.0298630594322867,0.0292952597328817,0.000567799699405
R0_vs_R1,d3_rainbow_trout,regression,mae,R0,R1,7,44,16,0.0447484750416362,0.0406245836571403,0.004123891384495898
R0_vs_R1,d3_rainbow_trout,regression,mae,R0,R1,7,45,16,0.1425837025640668,0.1508301873302014,-0.008246484766134599
R0_vs_R1,d3_rainbow_trout,regression,mae,R0,R1,7,46,16,0.2059275077711311,0.2088013275076681,-0.0028738197365369977
R0_vs_R1,d3_rainbow_trout,regression,mae,R0,R1,7,47,16,0.0717428261220081,0.0684308850941907,0.0033119410278174
R0_vs_R1,d3_rainbow_trout,regression,mae,R0,R1,7,48,16,0.0562173091209907,0.0568198969114118,-0.0006025877904211052
R0_vs_R1,d3_rainbow_trout,regression,mae,R0,R1,7,49,16,0.0786519373206601,0.0761539426612655,0.002497994659394598
R0_vs_R1,d3_rainbow_trout,regression,mae,R0,R1,7,50,16,0.0393234531381554,0.0408288475786784,-0.0015053944405230002
R0_vs_R1,d3_rainbow_trout,regression,mae,R0,R1,7,51,16,0.0695745638222185,0.0704094826875757,-0.0008349188653572065
R0_vs_R1,d3_rainbow_trout,regression,mae,R0,R1,7,52,16,0.0636275353760261,0.0641537608018898,-0.0005262254258636967
R0_vs_R1,d3_rainbow_trout,regression,mae,R0,R1,7,53,16,0.0879298845488038,0.0785499612689872,0.009379923279816599
R0_vs_R1,d3_rainbow_trout,regression,mae,R0,R1,7,54,16,0.2052380680149327,0.2017065808435444,0.0035314871713882923
R0_vs_R1,d3_rainbow_trout,regression,mae,R0,R1,7,55,16,0.0417230146379988,0.0397453726624902,0.0019776419755085997
R0_vs_R1,d3_rainbow_trout,regression,mae,R0,R1,7,56,16,0.1902378867161911,0.1865561494786287,0.0036817372375624047
R0_vs_R1,d3_rainbow_trout,regression,mae,R0,R1,7,57,16,0.0920792609615112,0.0861739496155292,0.005905311345982003
R0_vs_R1,d3_rainbow_trout,regression,mae,R0,R1,7,58,16,0.0258529625704811,0.0273974269997843,-0.0015444644293031995
R0_vs_R1,d3_rainbow_trout,regression,mae,R0,R1,7,59,16,0.0953455804138314,0.1161232846036812,-0.020777704189849797
R0_vs_R1,d3_rainbow_trout,regression,mae,R0,R1,7,60,16,0.0327434230465239,0.0334794667374786,-0.000736043690954695
R0_vs_R1,d3_rainbow_trout,regression,mae,R0,R1,7,61,16,0.0639691021984301,0.0636538265429831,0.000315275655447006
R0_vs_R1,d3_rainbow_trout,regression,mae,R0,R1,8,0,16,0.0379476147668738,0.041393696221869,-0.003446081454995205
R0_vs_R1,d3_rainbow_trout,regression,mae,R0,R1,8,1,16,0.0539424099199949,0.0513192562649542,0.0026231536550407053
R0_vs_R1,d3_rainbow_trout,regression,mae,R0,R1,8,2,16,0.0877489676291713,0.0928967237707834,-0.0051477561416121
R0_vs_R1,d3_rainbow_trout,regression,mae,R0,R1,8,3,16,0.0354992586443098,0.0358953597764002,-0.000396101132090404
R0_vs_R1,d3_rainbow_trout,regression,mae,R0,R1,8,4,16,0.0578644213035345,0.0532588766916089,0.0046055446119256035
R0_vs_R1,d3_rainbow_trout,regression,mae,R0,R1,8,5,16,0.282783581462182,0.2861345645105544,-0.0033509830483723912
R0_vs_R1,d3_rainbow_trout,regression,mae,R0,R1,8,6,16,0.0639264879354722,0.0628236513816301,0.001102836553842107
R0_vs_R1,d3_rainbow_trout,regression,mae,R0,R1,8,7,16,0.1079083527468093,0.0978357130953791,0.010072639651430196
R0_vs_R1,d3_rainbow_trout,regression,mae,R0,R1,8,8,16,0.0653197530842182,0.0653999489023898,-8.019581817160504e-05
R0_vs_R1,d3_rainbow_trout,regression,mae,R0,R1,8,9,16,0.0585162763604492,0.0483989320605784,0.010117344299870795
R0_vs_R1,d3_rainbow_trout,regression,mae,R0,R1,8,10,16,0.0755205662079637,0.0768264140748572,-0.0013058478668935003
R0_vs_R1,d3_rainbow_trout,regression,mae,R0,R1,8,11,16,0.03378695733083,0.0429262241189235,-0.0091392667880935
R0_vs_R1,d3_rainbow_trout,regression,mae,R0,R1,8,12,16,0.056821177592954,0.0623384521091829,-0.0055172745162289025
R0_vs_R1,d3_rainbow_trout,regression,mae,R0,R1,8,13,16,0.0962977348846678,0.0989128518541578,-0.002615116969490003
R0_vs_R1,d3_rainbow_trout,regression,mae,R0,R1,8,14,16,0.0328507281828096,0.0226236546829233,0.010227073499886302
R0_vs_R1,d3_rainbow_trout,regression,mae,R0,R1,8,15,16,0.234209271116956,0.2308252621476328,0.003384008969323199
R0_vs_R1,d3_rainbow_trout,regression,mae,R0,R1,8,16,16,0.0714501724246591,0.0689667776596408,0.0024833947650183125
R0_vs_R1,d3_rainbow_trout,regression,mae,R0,R1,8,17,16,0.03860762327706,0.0473519892072541,-0.0087443659301941
R0_vs_R1,d3_rainbow_trout,regression,mae,R0,R1,8,18,16,0.0739378570269881,0.0742677205222116,-0.0003298634952235008
R0_vs_R1,d3_rainbow_trout,regression,mae,R0,R1,8,19,16,0.2026369662767299,0.195762511931414,0.006874454345315889
R0_vs_R1,d3_rainbow_trout,regression,mae,R0,R1,8,20,16,0.0202760762713003,0.0205928906563322,-0.0003168143850319008
R0_vs_R1,d3_rainbow_trout,regression,mae,R0,R1,8,21,16,0.0734873905783538,0.0578537144537373,0.015633676124616497
R0_vs_R1,d3_rainbow_trout,regression,mae,R0,R1,8,22,16,0.0721056815978471,0.0702341168789921,0.0018715647188549955
R0_vs_R1,d3_rainbow_trout,regression,mae,R0,R1,8,23,16,0.2055480838555004,0.2071410486135224,-0.0015929647580219808
R0_vs_R1,d3_rainbow_trout,regression,mae,R0,R1,8,24,16,0.0602878090302633,0.0585292915175711,0.0017585175126921954
R0_vs_R1,d3_rainbow_trout,regression,mae,R0,R1,8,25,16,0.0545781950876516,0.0481298341911008,0.006448360896550799
R0_vs_R1,d3_rainbow_trout,regression,mae,R0,R1,8,26,16,0.1128581528027177,0.1248490118014902,-0.011990858998772502
R0_vs_R1,d3_rainbow_trout,regression,mae,R0,R1,8,27,16,0.0958651403533006,0.0899357172810761,0.005929423072224493
R0_vs_R1,d3_rainbow_trout,regression,mae,R0,R1,8,28,16,0.0789050548349512,0.0716587001719577,0.00724635466299349
R0_vs_R1,d3_rainbow_trout,regression,mae,R0,R1,8,29,16,0.1177039252209933,0.117164481405567,0.0005394438154262965
R0_vs_R1,d3_rainbow_trout,regression,mae,R0,R1,8,30,16,0.2052226895740226,0.1869153788853758,0.0183073106886468
R0_vs_R1,d3_rainbow_trout,regression,mae,R0,R1,8,31,16,0.1166167871196632,0.1242572576595674,-0.007640470539904201
R0_vs_R1,d3_rainbow_trout,regression,mae,R0,R1,8,32,16,0.0872694500953251,0.0827730894867923,0.004496360608532798
R0_vs_R1,d3_rainbow_trout,regression,mae,R0,R1,8,33,16,0.041783912308299,0.0455031538881749,-0.0037192415798759024
R0_vs_R1,d3_rainbow_trout,regression,mae,R0,R1,8,34,16,0.1757668080217833,0.1830628747100998,-0.007296066688316505
R0_vs_R1,d3_rainbow_trout,regression,mae,R0,R1,8,35,16,0.0778053449021694,0.0759679328040279,0.0018374120981414915
R0_vs_R1,d3_rainbow_trout,regression,mae,R0,R1,8,36,16,0.0288656276954744,0.0229389410272974,0.005926686668177
R0_vs_R1,d3_rainbow_trout,regression,mae,R0,R1,8,37,16,0.0427067466236356,0.0485461208712162,-0.005839374247580603
R0_vs_R1,d3_rainbow_trout,regression,mae,R0,R1,8,38,16,0.1477177003958817,0.1496968139437229,-0.0019791135478411936
R0_vs_R1,d3_rainbow_trout,regression,mae,R0,R1,8,39,16,0.2255501833006037,0.2271780341950905,-0.0016278508944868042
R0_vs_R1,d3_rainbow_trout,regression,mae,R0,R1,8,40,16,0.0632392337528167,0.0687032566967091,-0.005464022943892394
R0_vs_R1,d3_rainbow_trout,regression,mae,R0,R1,8,41,16,0.1567040905612865,0.1544404609517292,0.0022636296095573105
R0_vs_R1,d3_rainbow_trout,regression,mae,R0,R1,8,42,16,0.0697870623471432,0.0758776300415889,-0.0060905676944457005
R0_vs_R1,d3_rainbow_trout,regression,mae,R0,R1,8,43,16,0.0160692263612467,0.0224711947051599,-0.0064019683439131975
R0_vs_R1,d3_rainbow_trout,regression,mae,R0,R1,8,44,16,0.0598476940979275,0.0513671672322129,0.0084805268657146
R0_vs_R1,d3_rainbow_trout,regression,mae,R0,R1,8,45,16,0.0899521646599575,0.0905733867610074,-0.0006212221010498953
R0_vs_R1,d3_rainbow_trout,regression,mae,R0,R1,8,46,16,0.0563081426284793,0.0532603277611979,0.0030478148672814023
R0_vs_R1,d3_rainbow_trout,regression,mae,R0,R1,8,47,16,0.1368885641017598,0.1369472616791636,-5.869757740378789e-05
R0_vs_R1,d3_rainbow_trout,regression,mae,R0,R1,8,48,16,0.0281729401360418,0.034422608112183,-0.0062496679761411995
R0_vs_R1,d3_rainbow_trout,regression,mae,R0,R1,8,49,16,0.0986875327742625,0.1213626873161052,-0.0226751545418427
R0_vs_R1,d3_rainbow_trout,regression,mae,R0,R1,8,50,16,0.0328594795286506,0.0324752730786263,0.0003842064500243006
R0_vs_R1,d3_rainbow_trout,regression,mae,R0,R1,8,51,16,0.0461579297972928,0.0377463182379706,0.008411611559322199
R0_vs_R1,d3_rainbow_trout,regression,mae,R0,R1,8,52,16,0.17448997146741,0.1557503278228252,0.018739643644584802
R0_vs_R1,d3_rainbow_trout,regression,mae,R0,R1,8,53,16,0.1333743819137742,0.1300766806432297,0.0032977012705445174
R0_vs_R1,d3_rainbow_trout,regression,mae,R0,R1,8,54,16,0.0511551150480449,0.0497981363743814,0.0013569786736635017
R0_vs_R1,d3_rainbow_trout,regression,mae,R0,R1,8,55,16,0.1277199098559491,0.1557283122913235,-0.02800840243537439
R0_vs_R1,d3_rainbow_trout,regression,mae,R0,R1,8,56,16,0.041107505286729,0.0375479137848315,0.0035595915018974966
R0_vs_R1,d3_rainbow_trout,regression,mae,R0,R1,8,57,16,0.070410270911527,0.075371027901529,-0.004960756990001994
R0_vs_R1,d3_rainbow_trout,regression,mae,R0,R1,8,58,16,0.0917444031628755,0.0956522880645959,-0.003907884901720393
R0_vs_R1,d3_rainbow_trout,regression,mae,R0,R1,8,59,16,0.1082472571646742,0.1046819914388652,0.003565265725809008
R0_vs_R1,d3_rainbow_trout,regression,mae,R0,R1,8,60,16,0.1953904821925912,0.1881021544406191,0.007288327751972107
R0_vs_R1,d3_rainbow_trout,regression,mae,R0,R1,8,61,16,0.0776328222739323,0.0848287665582438,-0.007195944284311501
R0_vs_R1,d3_rainbow_trout,regression,mae,R0,R1,9,0,16,0.0324601883410983,0.033561551613513,-0.001101363272414696
R0_vs_R1,d3_rainbow_trout,regression,mae,R0,R1,9,1,16,0.0589721488700949,0.0597113194244731,-0.0007391705543782004
R0_vs_R1,d3_rainbow_trout,regression,mae,R0,R1,9,2,16,0.0393806564093398,0.040760368413171,-0.0013797120038312044
R0_vs_R1,d3_rainbow_trout,regression,mae,R0,R1,9,3,16,0.0879852847658933,0.0882503547738773,-0.0002650700079839946
R0_vs_R1,d3_rainbow_trout,regression,mae,R0,R1,9,4,16,0.0602948280097771,0.062289751533851,-0.001994923524073905
R0_vs_R1,d3_rainbow_trout,regression,mae,R0,R1,9,5,16,0.0542849992030956,0.0561696401569049,-0.0018846409538092954
R0_vs_R1,d3_rainbow_trout,regression,mae,R0,R1,9,6,16,0.1356542638321881,0.134377429415943,0.0012768344162450984
R0_vs_R1,d3_rainbow_trout,regression,mae,R0,R1,9,7,16,0.0677622612567654,0.0675992500928237,0.00016301116394169812
R0_vs_R1,d3_rainbow_trout,regression,mae,R0,R1,9,8,16,0.0315122715593909,0.0302493771130303,0.0012628944463606018
R0_vs_R1,d3_rainbow_trout,regression,mae,R0,R1,9,9,16,0.06383698360718,0.0652811458478319,-0.0014441622406519
R0_vs_R1,d3_rainbow_trout,regression,mae,R0,R1,9,10,16,0.0955462172141586,0.0925287966396482,0.0030174205745103905
R0_vs_R1,d3_rainbow_trout,regression,mae,R0,R1,9,11,16,0.0601951484996729,0.0570881377171384,0.003107010782534496
R0_vs_R1,d3_rainbow_trout,regression,mae,R0,R1,9,12,16,0.0666916250538559,0.0677226570788461,-0.0010310320249902055
R0_vs_R1,d3_rainbow_trout,regression,mae,R0,R1,9,13,16,0.0378932680979995,0.0396099532691198,-0.001716685171120301
R0_vs_R1,d3_rainbow_trout,regression,mae,R0,R1,9,14,16,0.0657545008217115,0.0686426727233506,-0.0028881719016391055
R0_vs_R1,d3_rainbow_trout,regression,mae,R0,R1,9,15,16,0.1338075044450793,0.1401306433578255,-0.00632313891274619
R0_vs_R1,d3_rainbow_trout,regression,mae,R0,R1,9,16,16,0.1819482056195175,0.1663042272294408,0.015643978390076696
R0_vs_R1,d3_rainbow_trout,regression,mae,R0,R1,9,17,16,0.0932873077686896,0.0952602323653298,-0.0019729245966401965
R0_vs_R1,d3_rainbow_trout,regression,mae,R0,R1,9,18,16,0.1251840957991882,0.1279268505546887,-0.0027427547555004816
R0_vs_R1,d3_rainbow_trout,regression,mae,R0,R1,9,19,16,0.0262145845996298,0.0232289651414963,0.0029856194581334983
R0_vs_R1,d3_rainbow_trout,regression,mae,R0,R1,9,20,16,0.1317956586955796,0.1297483060497009,0.002047352645878714
R0_vs_R1,d3_rainbow_trout,regression,mae,R0,R1,9,21,16,0.0371555465574091,0.0357439179602736,0.0014116285971355058
R0_vs_R1,d3_rainbow_trout,regression,mae,R0,R1,9,22,16,0.1984753628668562,0.1947793546186894,0.0036960082481667933
R0_vs_R1,d3_rainbow_trout,regression,mae,R0,R1,9,23,16,0.1493857145541969,0.1499823725240304,-0.0005966579698334917
R0_vs_R1,d3_rainbow_trout,regression,mae,R0,R1,9,24,16,0.221510777900142,0.2235322639187971,-0.0020214860186550943
R0_vs_R1,d3_rainbow_trout,regression,mae,R0,R1,9,25,16,0.0707989157413723,0.0614552061849794,0.009343709556392903
R0_vs_R1,d3_rainbow_trout,regression,mae,R0,R1,9,26,16,0.1157276984278223,0.1153917543386014,0.00033594408922089924
R0_vs_R1,d3_rainbow_trout,regression,mae,R0,R1,9,27,16,0.0944301274035075,0.0948139999695681,-0.0003838725660606085
R0_vs_R1,d3_rainbow_trout,regression,mae,R0,R1,9,28,16,0.1780076337673,0.1728805997034047,0.005127034063895308
R0_vs_R1,d3_rainbow_trout,regression,mae,R0,R1,9,29,16,0.0787805864412207,0.0760486983263015,0.002731888114919201
R0_vs_R1,d3_rainbow_trout,regression,mae,R0,R1,9,30,16,0.0801543715879669,0.07507260648705,0.005081765100916902
R0_vs_R1,d3_rainbow_trout,regression,mae,R0,R1,9,31,16,0.0858900329599131,0.086554851620914,-0.0006648186610009044
R0_vs_R1,d3_rainbow_trout,regression,mae,R0,R1,9,32,16,0.0471865524578624,0.0468977787183682,0.0002887737394942011
R0_vs_R1,d3_rainbow_trout,regression,mae,R0,R1,9,33,16,0.0520616545334687,0.0496082039259792,0.002453450607489499
R0_vs_R1,d3_rainbow_trout,regression,mae,R0,R1,9,34,16,0.0250334209351137,0.0272448663893312,-0.0022114454542175
R0_vs_R1,d3_rainbow_trout,regression,mae,R0,R1,9,35,16,0.066712195097177,0.0651436609196398,0.0015685341775372036
R0_vs_R1,d3_rainbow_trout,regression,mae,R0,R1,9,36,16,0.0625919877968524,0.0651174067242846,-0.002525418927432188
R0_vs_R1,d3_rainbow_trout,regression,mae,R0,R1,9,37,16,0.0340730051394652,0.0334926865030731,0.000580318636392102
R0_vs_R1,d3_rainbow_trout,regression,mae,R0,R1,9,38,16,0.0681058201779131,0.0706723494201633,-0.002566529242250204
R0_vs_R1,d3_rainbow_trout,regression,mae,R0,R1,9,39,16,0.0684437849696254,0.0708236824073301,-0.0023798974377046977
R0_vs_R1,d3_rainbow_trout,regression,mae,R0,R1,9,40,16,0.0580923248913868,0.0556533484168573,0.0024389764745295014
R0_vs_R1,d3_rainbow_trout,regression,mae,R0,R1,9,41,16,0.072405208805658,0.0825119112238319,-0.010106702418173907
R0_vs_R1,d3_rainbow_trout,regression,mae,R0,R1,9,42,16,0.038718056093313,0.0384813082218932,0.00023674787141979986
R0_vs_R1,d3_rainbow_trout,regression,mae,R0,R1,9,43,16,0.1005418555509967,0.1013604039754501,-0.0008185484244533914
R0_vs_R1,d3_rainbow_trout,regression,mae,R0,R1,9,44,16,0.2675580026057148,0.2669178131470692,0.0006401894586455792
R0_vs_R1,d3_rainbow_trout,regression,mae,R0,R1,9,45,16,0.1370363311355487,0.1375414410862342,-0.0005051099506855061
R0_vs_R1,d3_rainbow_trout,regression,mae,R0,R1,9,46,16,0.0562162792930619,0.0562881019548417,-7.182266177979679e-05
R0_vs_R1,d3_rainbow_trout,regression,mae,R0,R1,9,47,16,0.0158386661084682,0.0168946371315426,-0.0010559710230743993
R0_vs_R1,d3_rainbow_trout,regression,mae,R0,R1,9,48,16,0.0811332323778961,0.077023722990517,0.004109509387379098
R0_vs_R1,d3_rainbow_trout,regression,mae,R0,R1,9,49,16,0.0691684630977757,0.0700253313522143,-0.0008568682544385919
R0_vs_R1,d3_rainbow_trout,regression,mae,R0,R1,9,50,16,0.2135429498338467,0.2078997406314655,0.005643209202381205
R0_vs_R1,d3_rainbow_trout,regression,mae,R0,R1,9,51,16,0.0362989372714205,0.0360411225058022,0.00025781476561829997
R0_vs_R1,d3_rainbow_trout,regression,mae,R0,R1,9,52,16,0.0709547758025281,0.0712714304064661,-0.0003166546039379964
R0_vs_R1,d3_rainbow_trout,regression,mae,R0,R1,9,53,16,0.1852833477636771,0.1773523935071015,0.007930954256575612
R0_vs_R1,d3_rainbow_trout,regression,mae,R0,R1,9,54,16,0.2155369709620443,0.2241819685986915,-0.008644997636647195
R0_vs_R1,d3_rainbow_trout,regression,mae,R0,R1,9,55,16,0.0734693905658769,0.0701314183527222,0.003337972213154697
R0_vs_R1,d3_rainbow_trout,regression,mae,R0,R1,9,56,16,0.0536523368938928,0.0576914137730033,-0.004039076879110495
R0_vs_R1,d3_rainbow_trout,regression,mae,R0,R1,9,57,16,0.0667598615444047,0.0663920089038174,0.00036785264058730727
R0_vs_R1,d3_rainbow_trout,regression,mae,R0,R1,9,58,16,0.1102676849050731,0.1083655044661727,0.0019021804389004054
R0_vs_R1,d3_rainbow_trout,regression,mae,R0,R1,9,59,16,0.0658520041483255,0.0679374862051318,-0.0020854820568063093
R0_vs_R1,d3_rainbow_trout,regression,mae,R0,R1,9,60,16,0.1678400414246258,0.1693328057830694,-0.001492764358443588
R0_vs_R1,d3_rainbow_trout,regression,mae,R0,R1,9,61,16,0.1303199267360172,0.1288518002483522,0.0014681264876650058
