origin_path,origin_sha256,origin_dir,origin_experiment,legacy_test_fingerprint,v1_5_evidence_unit_id,v1_5_legacy_alias,dataset,task,fold_fingerprint,model,window_length,condition,reservoir_size,normalization,input_mapping,topology_variant,rewire_seed,unit_identity_collided,records_in_unit,disposition,disposition_reason,kept_config_hash,config_hash,status,timestamp_utc
results/audit/m4_audit/server_evidence/ev/e9_size_d2/d2_beef_uncontrolled/R1/classification_seed00_fold02.json,3ddb62166ecaa5688e74e83875a3bec74828b05d057f7a50ea407f920eb0b4fb,e9_size_d2,e9_size_d2,0012c537bfc44231,53f046587b730d66,0012c537bfc44231,d2_beef_uncontrolled,classification,8f5d6031eff3,R1,16,full,250,n1_pre_l1,dense_random_all_nodes,R1_weight_shuffled,0,True,2,adopted,kept touch of a duplicated unit (2 records); kept = the record with the earliest timestamp_utc; ties broken by the lexicographically smaller config_hash. Chosen without reference to any metric: selecting the better-scoring touch would be choosing the design after knowing which way the result leans.,2b681f4040fc,2b681f4040fc,ok,2026-09-22T06:07:31.919900+00:00
results/audit/m4_audit/server_evidence/ev/e9_size_d2_n250/d2_beef_uncontrolled/R1/classification_seed00_fold02.json,234b9cb8b8a1c6ba18e66aede56acf1657430df88dbcbd811523f440e9f894fc,e9_size_d2_n250,e9_size_d2_n250,0012c537bfc44231,53f046587b730d66,0012c537bfc44231,d2_beef_uncontrolled,classification,8f5d6031eff3,R1,16,full,250,n1_pre_l1,dense_random_all_nodes,R1_weight_shuffled,0,True,2,duplicate_test_touch,"second scored evaluation of the same evidence unit (N=250, same split, same model, same condition) under config e2dbcef1dad6; the kept touch is 2b681f4040fc at 2026-09-22T06:07:31.919900+00:00. kept = the record with the earliest timestamp_utc; ties broken by the lexicographically smaller config_hash. Chosen without reference to any metric: selecting the better-scoring touch would be choosing the design after knowing which way the result leans.",2b681f4040fc,e2dbcef1dad6,ok,2026-09-22T06:52:35.716137+00:00
results/audit/m4_audit/server_evidence/ev/e9_size_d2_n500/d2_beef_uncontrolled/R1/classification_seed00_fold02.json,1267668b3beb13ad0040ca4b8f6fe7af09551b44fca57c040525aad6af1a3734,e9_size_d2_n500,e9_size_d2_n500,0012c537bfc44231,4f856b0343f13c70,0012c537bfc44231,d2_beef_uncontrolled,classification,8f5d6031eff3,R1,16,full,500,n1_pre_l1,dense_random_all_nodes,R1_weight_shuffled,0,True,1,adopted,sole scored evaluation of this evidence unit,5ef9f26a4c53,5ef9f26a4c53,ok,2026-09-22T06:54:36.618748+00:00
results/audit/m4_audit/server_evidence/ev/e9_size_d2_n1000/d2_beef_uncontrolled/R1/classification_seed00_fold02.json,bac61be5643b4628e83dcc327b71e09786485a19b7d1f9ed42596cbb2bfe549c,e9_size_d2_n1000,e9_size_d2_n1000,0012c537bfc44231,b1fac1ef2da8fd2d,0012c537bfc44231,d2_beef_uncontrolled,classification,8f5d6031eff3,R1,16,full,1000,n1_pre_l1,dense_random_all_nodes,R1_weight_shuffled,0,True,1,adopted,sole scored evaluation of this evidence unit,aeaa183639c5,aeaa183639c5,ok,2026-09-22T07:03:20.483598+00:00
results/audit/m4_audit/server_evidence/ev/e9_size_d2_n2000/d2_beef_uncontrolled/R1/classification_seed00_fold02.json,a7cc4821a72388dc37f7ec8a8192b37ea0be9d6f629c00040f7d04b0aea99abe,e9_size_d2_n2000,e9_size_d2_n2000,0012c537bfc44231,ba02707ee971e71a,0012c537bfc44231,d2_beef_uncontrolled,classification,8f5d6031eff3,R1,16,full,2000,n1_pre_l1,dense_random_all_nodes,R1_weight_shuffled,0,True,1,adopted,sole scored evaluation of this evidence unit,45dea923f5eb,45dea923f5eb,ok,2026-09-22T07:30:13.778217+00:00
results/audit/m4_audit/server_evidence/ev/e9_size_d2_n4000/d2_beef_uncontrolled/R1/classification_seed00_fold02.json,11d1f9a5955bd14f10e34880fb949788c09c4dbce4f2c03f7b1f17f969cf16fa,e9_size_d2_n4000,e9_size_d2_n4000,0012c537bfc44231,f5bc41aebf08a8a2,0012c537bfc44231,d2_beef_uncontrolled,classification,8f5d6031eff3,R1,16,full,4000,n1_pre_l1,dense_random_all_nodes,R1_weight_shuffled,0,True,1,adopted,sole scored evaluation of this evidence unit,e2526bc8a3c8,e2526bc8a3c8,ok,2026-09-22T09:12:02.466809+00:00
results/audit/m4_audit/server_evidence/ev/e9_size_d2/d2_beef_uncontrolled/R2/classification_seed00_fold01.json,846ce833a5621e26884057193694bcfd8cc4708a45e5b0fe7f4d8ea44b3ac86a,e9_size_d2,e9_size_d2,071df0094d414bd8,657eaca24e2c866e,071df0094d414bd8,d2_beef_uncontrolled,classification,6c9ef01abdf9,R2,16,full,250,n1_pre_l1,dense_random_all_nodes,R2_degree_rewired,0,True,2,adopted,kept touch of a duplicated unit (2 records); kept = the record with the earliest timestamp_utc; ties broken by the lexicographically smaller config_hash. Chosen without reference to any metric: selecting the better-scoring touch would be choosing the design after knowing which way the result leans.,2b681f4040fc,2b681f4040fc,ok,2026-09-22T06:06:48.163252+00:00
results/audit/m4_audit/server_evidence/ev/e9_size_d2_n250/d2_beef_uncontrolled/R2/classification_seed00_fold01.json,4a74d2d10599e6bb970a4ccab3596fb4d93efd84b2a3d8062e3716d3ba6268a9,e9_size_d2_n250,e9_size_d2_n250,071df0094d414bd8,657eaca24e2c866e,071df0094d414bd8,d2_beef_uncontrolled,classification,6c9ef01abdf9,R2,16,full,250,n1_pre_l1,dense_random_all_nodes,R2_degree_rewired,0,True,2,duplicate_test_touch,"second scored evaluation of the same evidence unit (N=250, same split, same model, same condition) under config e2dbcef1dad6; the kept touch is 2b681f4040fc at 2026-09-22T06:06:48.163252+00:00. kept = the record with the earliest timestamp_utc; ties broken by the lexicographically smaller config_hash. Chosen without reference to any metric: selecting the better-scoring touch would be choosing the design after knowing which way the result leans.",2b681f4040fc,e2dbcef1dad6,ok,2026-09-22T06:51:43.775413+00:00
results/audit/m4_audit/server_evidence/ev/e9_size_d2_n500/d2_beef_uncontrolled/R2/classification_seed00_fold01.json,f2f1bf5b16b40f2a21aefa95dcbdd0f213ae7c9914769578ce8f93f389b1c773,e9_size_d2_n500,e9_size_d2_n500,071df0094d414bd8,8979a9a9646fa72f,071df0094d414bd8,d2_beef_uncontrolled,classification,6c9ef01abdf9,R2,16,full,500,n1_pre_l1,dense_random_all_nodes,R2_degree_rewired,0,True,1,adopted,sole scored evaluation of this evidence unit,5ef9f26a4c53,5ef9f26a4c53,ok,2026-09-22T06:52:52.981038+00:00
results/audit/m4_audit/server_evidence/ev/e9_size_d2_n1000/d2_beef_uncontrolled/R2/classification_seed00_fold01.json,660b32096c7ed11894b42edacfb53efdcb46423c365cb97a42ab648d50dbbe37,e9_size_d2_n1000,e9_size_d2_n1000,071df0094d414bd8,49b31dc78d98f119,071df0094d414bd8,d2_beef_uncontrolled,classification,6c9ef01abdf9,R2,16,full,1000,n1_pre_l1,dense_random_all_nodes,R2_degree_rewired,0,True,1,adopted,sole scored evaluation of this evidence unit,aeaa183639c5,aeaa183639c5,ok,2026-09-22T06:56:37.208582+00:00
results/audit/m4_audit/server_evidence/ev/e9_size_d2_n2000/d2_beef_uncontrolled/R2/classification_seed00_fold01.json,1e697adda23c7dd52021896d97432bbe15aa7cc12a35ae6f80aa3f938cdf5484,e9_size_d2_n2000,e9_size_d2_n2000,071df0094d414bd8,4dfcae974fd3a28c,071df0094d414bd8,d2_beef_uncontrolled,classification,6c9ef01abdf9,R2,16,full,2000,n1_pre_l1,dense_random_all_nodes,R2_degree_rewired,0,True,1,adopted,sole scored evaluation of this evidence unit,45dea923f5eb,45dea923f5eb,ok,2026-09-22T07:11:30.284326+00:00
results/audit/m4_audit/server_evidence/ev/e9_size_d2_n4000/d2_beef_uncontrolled/R2/classification_seed00_fold01.json,fe621f76042a77c9ccac5e9cb787fa8ee6bede07fa465f76e09c78327266b74b,e9_size_d2_n4000,e9_size_d2_n4000,071df0094d414bd8,06ca2d176440e5e3,071df0094d414bd8,d2_beef_uncontrolled,classification,6c9ef01abdf9,R2,16,full,4000,n1_pre_l1,dense_random_all_nodes,R2_degree_rewired,0,True,1,adopted,sole scored evaluation of this evidence unit,e2526bc8a3c8,e2526bc8a3c8,ok,2026-09-22T08:03:51.644588+00:00
results/audit/m4_audit/server_evidence/ev/e9_size_d2/d2_beef_uncontrolled/R1/regression_seed00_fold04.json,d0b0d86385dc83594b4f44f33848e7f09441b581c6d2c169a683fb40305a335e,e9_size_d2,e9_size_d2,097d44bf87f777ec,cf6995ae4505d8c3,097d44bf87f777ec,d2_beef_uncontrolled,regression,b01bbf6f9575,R1,16,full,250,n1_pre_l1,dense_random_all_nodes,R1_weight_shuffled,0,True,2,adopted,kept touch of a duplicated unit (2 records); kept = the record with the earliest timestamp_utc; ties broken by the lexicographically smaller config_hash. Chosen without reference to any metric: selecting the better-scoring touch would be choosing the design after knowing which way the result leans.,2b681f4040fc,2b681f4040fc,ok,2026-09-22T06:09:28.472143+00:00
results/audit/m4_audit/server_evidence/ev/e9_size_d2_n250/d2_beef_uncontrolled/R1/regression_seed00_fold04.json,f85b8691beaf216ef1312e7e410ac5bcc601f830c36de620d7581f35a64af790,e9_size_d2_n250,e9_size_d2_n250,097d44bf87f777ec,cf6995ae4505d8c3,097d44bf87f777ec,d2_beef_uncontrolled,regression,b01bbf6f9575,R1,16,full,250,n1_pre_l1,dense_random_all_nodes,R1_weight_shuffled,0,True,2,duplicate_test_touch,"second scored evaluation of the same evidence unit (N=250, same split, same model, same condition) under config e2dbcef1dad6; the kept touch is 2b681f4040fc at 2026-09-22T06:09:28.472143+00:00. kept = the record with the earliest timestamp_utc; ties broken by the lexicographically smaller config_hash. Chosen without reference to any metric: selecting the better-scoring touch would be choosing the design after knowing which way the result leans.",2b681f4040fc,e2dbcef1dad6,ok,2026-09-22T06:54:45.499897+00:00
results/audit/m4_audit/server_evidence/ev/e9_size_d2_n500/d2_beef_uncontrolled/R1/regression_seed00_fold04.json,3c30fa5b774f48f5668775eeccb53231c67b0ab31324dc5363a1e9b2a85a9208,e9_size_d2_n500,e9_size_d2_n500,097d44bf87f777ec,6850c2e6bdd99bf6,097d44bf87f777ec,d2_beef_uncontrolled,regression,b01bbf6f9575,R1,16,full,500,n1_pre_l1,dense_random_all_nodes,R1_weight_shuffled,0,True,1,adopted,sole scored evaluation of this evidence unit,5ef9f26a4c53,5ef9f26a4c53,ok,2026-09-22T06:59:06.284738+00:00
results/audit/m4_audit/server_evidence/ev/e9_size_d2_n1000/d2_beef_uncontrolled/R1/regression_seed00_fold04.json,6e47dbcb2cca3d6349d46e85004e3672eac0f613615930efaf7e8d3478e74da7,e9_size_d2_n1000,e9_size_d2_n1000,097d44bf87f777ec,81caaa3664fe8672,097d44bf87f777ec,d2_beef_uncontrolled,regression,b01bbf6f9575,R1,16,full,1000,n1_pre_l1,dense_random_all_nodes,R1_weight_shuffled,0,True,1,adopted,sole scored evaluation of this evidence unit,aeaa183639c5,aeaa183639c5,ok,2026-09-22T07:16:36.255763+00:00
results/audit/m4_audit/server_evidence/ev/e9_size_d2_n2000/d2_beef_uncontrolled/R1/regression_seed00_fold04.json,f30f6e7073d6681fc9353921858da195bf0c8d6fb675a1999cc86443c04400f1,e9_size_d2_n2000,e9_size_d2_n2000,097d44bf87f777ec,556c117549473528,097d44bf87f777ec,d2_beef_uncontrolled,regression,b01bbf6f9575,R1,16,full,2000,n1_pre_l1,dense_random_all_nodes,R1_weight_shuffled,0,True,1,adopted,sole scored evaluation of this evidence unit,45dea923f5eb,45dea923f5eb,ok,2026-09-22T08:18:25.621099+00:00
results/audit/m4_audit/server_evidence/ev/e9_size_d2_n4000/d2_beef_uncontrolled/R1/regression_seed00_fold04.json,f243476eddbfd274458ea597c2cb0811e0880317e46fa4322e3a820d93c71f5c,e9_size_d2_n4000,e9_size_d2_n4000,097d44bf87f777ec,7e049f746183c82f,097d44bf87f777ec,d2_beef_uncontrolled,regression,b01bbf6f9575,R1,16,full,4000,n1_pre_l1,dense_random_all_nodes,R1_weight_shuffled,0,True,1,adopted,sole scored evaluation of this evidence unit,e2526bc8a3c8,e2526bc8a3c8,ok,2026-09-22T12:06:35.784718+00:00
results/audit/m4_audit/server_evidence/ev/e9_size_d2/d2_beef_uncontrolled/R3/classification_seed00_fold02.json,514f5a49857f41621bcd80d76323b491f5ee54890dd6d92188f74ceee36a4084,e9_size_d2,e9_size_d2,0af9b1b82119ed64,d17e04aae420a571,0af9b1b82119ed64,d2_beef_uncontrolled,classification,8f5d6031eff3,R3,16,full,250,n1_pre_l1,dense_random_all_nodes,R3_random_sparse,0,True,2,adopted,kept touch of a duplicated unit (2 records); kept = the record with the earliest timestamp_utc; ties broken by the lexicographically smaller config_hash. Chosen without reference to any metric: selecting the better-scoring touch would be choosing the design after knowing which way the result leans.,2b681f4040fc,2b681f4040fc,ok,2026-09-22T06:07:36.760482+00:00
results/audit/m4_audit/server_evidence/ev/e9_size_d2_n250/d2_beef_uncontrolled/R3/classification_seed00_fold02.json,5049e8f1a3fcd30acb7c801da7f612b2cba3d43518b6e6d215f1350191ba0109,e9_size_d2_n250,e9_size_d2_n250,0af9b1b82119ed64,d17e04aae420a571,0af9b1b82119ed64,d2_beef_uncontrolled,classification,8f5d6031eff3,R3,16,full,250,n1_pre_l1,dense_random_all_nodes,R3_random_sparse,0,True,2,duplicate_test_touch,"second scored evaluation of the same evidence unit (N=250, same split, same model, same condition) under config e2dbcef1dad6; the kept touch is 2b681f4040fc at 2026-09-22T06:07:36.760482+00:00. kept = the record with the earliest timestamp_utc; ties broken by the lexicographically smaller config_hash. Chosen without reference to any metric: selecting the better-scoring touch would be choosing the design after knowing which way the result leans.",2b681f4040fc,e2dbcef1dad6,ok,2026-09-22T06:52:44.006891+00:00
results/audit/m4_audit/server_evidence/ev/e9_size_d2_n500/d2_beef_uncontrolled/R3/classification_seed00_fold02.json,df40048089a370659326f0b7325911aa2c295de0369d043c4ad1b2ff2337c86b,e9_size_d2_n500,e9_size_d2_n500,0af9b1b82119ed64,92ba1ecf3224e18c,0af9b1b82119ed64,d2_beef_uncontrolled,classification,8f5d6031eff3,R3,16,full,500,n1_pre_l1,dense_random_all_nodes,R3_random_sparse,0,True,1,adopted,sole scored evaluation of this evidence unit,5ef9f26a4c53,5ef9f26a4c53,ok,2026-09-22T06:54:43.417828+00:00
results/audit/m4_audit/server_evidence/ev/e9_size_d2_n1000/d2_beef_uncontrolled/R3/classification_seed00_fold02.json,39dcdf2f121b722f7d77eb9c52f77f6b4606ab2179ae7f177c9b83acbaa6d6b2,e9_size_d2_n1000,e9_size_d2_n1000,0af9b1b82119ed64,ae2531dd467eb472,0af9b1b82119ed64,d2_beef_uncontrolled,classification,8f5d6031eff3,R3,16,full,1000,n1_pre_l1,dense_random_all_nodes,R3_random_sparse,0,True,1,adopted,sole scored evaluation of this evidence unit,aeaa183639c5,aeaa183639c5,ok,2026-09-22T07:03:30.083334+00:00
results/audit/m4_audit/server_evidence/ev/e9_size_d2_n2000/d2_beef_uncontrolled/R3/classification_seed00_fold02.json,e3115fcb2aaf10d7ee5b13c03dd083fdf0dd505cc2dd6f7f8ed72d2ab4ab578a,e9_size_d2_n2000,e9_size_d2_n2000,0af9b1b82119ed64,82c552e499da4518,0af9b1b82119ed64,d2_beef_uncontrolled,classification,8f5d6031eff3,R3,16,full,2000,n1_pre_l1,dense_random_all_nodes,R3_random_sparse,0,True,1,adopted,sole scored evaluation of this evidence unit,45dea923f5eb,45dea923f5eb,ok,2026-09-22T07:30:32.494724+00:00
results/audit/m4_audit/server_evidence/ev/e9_size_d2_n4000/d2_beef_uncontrolled/R3/classification_seed00_fold02.json,551cf05a110bcc168c6386c162c952d88b06dded09e4539e39c39a8151aba1d7,e9_size_d2_n4000,e9_size_d2_n4000,0af9b1b82119ed64,32fd0480d7fcda9d,0af9b1b82119ed64,d2_beef_uncontrolled,classification,8f5d6031eff3,R3,16,full,4000,n1_pre_l1,dense_random_all_nodes,R3_random_sparse,0,True,1,adopted,sole scored evaluation of this evidence unit,e2526bc8a3c8,e2526bc8a3c8,ok,2026-09-22T09:12:42.354651+00:00
results/audit/m4_audit/server_evidence/ev/e9_size_d2/d2_beef_uncontrolled/R6/classification_seed00_fold00.json,bab35e72fadd7bc857b81f8f6c393b437d40132d3a980ba9d48ac06b2ef952a4,e9_size_d2,e9_size_d2,0c0ae5b7443fe870,95ff760ec502c437,0c0ae5b7443fe870,d2_beef_uncontrolled,classification,20a70c561f8e,R6,16,full,250,n1_pre_l1,dense_random_all_nodes,R6_dense_random,0,True,2,adopted,kept touch of a duplicated unit (2 records); kept = the record with the earliest timestamp_utc; ties broken by the lexicographically smaller config_hash. Chosen without reference to any metric: selecting the better-scoring touch would be choosing the design after knowing which way the result leans.,2b681f4040fc,2b681f4040fc,ok,2026-09-22T06:06:19.100653+00:00
results/audit/m4_audit/server_evidence/ev/e9_size_d2_n250/d2_beef_uncontrolled/R6/classification_seed00_fold00.json,c8f5073c79cca5b604c54585ab4bef29b7b58b97a2eba745888b20a2688f81c2,e9_size_d2_n250,e9_size_d2_n250,0c0ae5b7443fe870,95ff760ec502c437,0c0ae5b7443fe870,d2_beef_uncontrolled,classification,20a70c561f8e,R6,16,full,250,n1_pre_l1,dense_random_all_nodes,R6_dense_random,0,True,2,duplicate_test_touch,"second scored evaluation of the same evidence unit (N=250, same split, same model, same condition) under config e2dbcef1dad6; the kept touch is 2b681f4040fc at 2026-09-22T06:06:19.100653+00:00. kept = the record with the earliest timestamp_utc; ties broken by the lexicographically smaller config_hash. Chosen without reference to any metric: selecting the better-scoring touch would be choosing the design after knowing which way the result leans.",2b681f4040fc,e2dbcef1dad6,ok,2026-09-22T06:51:09.794089+00:00
results/audit/m4_audit/server_evidence/ev/e9_size_d2_n500/d2_beef_uncontrolled/R6/classification_seed00_fold00.json,412f03d98c53bd9e86eeb89f044368b5ce93b661d759b15bf928dd394782ffe2,e9_size_d2_n500,e9_size_d2_n500,0c0ae5b7443fe870,65a8c4c5c38fe147,0c0ae5b7443fe870,d2_beef_uncontrolled,classification,20a70c561f8e,R6,16,full,500,n1_pre_l1,dense_random_all_nodes,R6_dense_random,0,True,1,adopted,sole scored evaluation of this evidence unit,5ef9f26a4c53,5ef9f26a4c53,ok,2026-09-22T06:51:46.381613+00:00
results/audit/m4_audit/server_evidence/ev/e9_size_d2_n1000/d2_beef_uncontrolled/R6/classification_seed00_fold00.json,c67891bac7a72a267f4f9803dca2d68c290c64f892b74f933350349a8738768c,e9_size_d2_n1000,e9_size_d2_n1000,0c0ae5b7443fe870,ba7aee32e7f6bee3,0c0ae5b7443fe870,d2_beef_uncontrolled,classification,20a70c561f8e,R6,16,full,1000,n1_pre_l1,dense_random_all_nodes,R6_dense_random,0,True,1,adopted,sole scored evaluation of this evidence unit,aeaa183639c5,aeaa183639c5,ok,2026-09-22T06:53:55.613017+00:00
results/audit/m4_audit/server_evidence/ev/e9_size_d2_n2000/d2_beef_uncontrolled/R6/classification_seed00_fold00.json,8a6ef0029a2a8679e9e26500b8a550983c1569c0b4daea2b0d71c23ea53c9e40,e9_size_d2_n2000,e9_size_d2_n2000,0c0ae5b7443fe870,85ca780299a15e7c,0c0ae5b7443fe870,d2_beef_uncontrolled,classification,20a70c561f8e,R6,16,full,2000,n1_pre_l1,dense_random_all_nodes,R6_dense_random,0,True,1,adopted,sole scored evaluation of this evidence unit,45dea923f5eb,45dea923f5eb,ok,2026-09-22T07:02:47.484101+00:00
results/audit/m4_audit/server_evidence/ev/e9_size_d2_n4000/d2_beef_uncontrolled/R6/classification_seed00_fold00.json,9b544555ca998d48b51bd70c0fd23123bcdb5d5a1cbed7d09f91b92b66824876,e9_size_d2_n4000,e9_size_d2_n4000,0c0ae5b7443fe870,f12b508b2031be1e,0c0ae5b7443fe870,d2_beef_uncontrolled,classification,20a70c561f8e,R6,16,full,4000,n1_pre_l1,dense_random_all_nodes,R6_dense_random,0,True,1,adopted,sole scored evaluation of this evidence unit,e2526bc8a3c8,e2526bc8a3c8,ok,2026-09-22T07:31:17.439539+00:00
results/audit/m4_audit/server_evidence/ev/e9_size_d2/d2_beef_uncontrolled/R2/classification_seed00_fold03.json,7bd31546755a573d3429da382e9af2366cbad4446c43da3373724dbc3daf7ea4,e9_size_d2,e9_size_d2,19abfd52932e166e,a70beea1ab7b0f6e,19abfd52932e166e,d2_beef_uncontrolled,classification,940f76d29b89,R2,16,full,250,n1_pre_l1,dense_random_all_nodes,R2_degree_rewired,0,True,2,adopted,kept touch of a duplicated unit (2 records); kept = the record with the earliest timestamp_utc; ties broken by the lexicographically smaller config_hash. Chosen without reference to any metric: selecting the better-scoring touch would be choosing the design after knowing which way the result leans.,2b681f4040fc,2b681f4040fc,ok,2026-09-22T06:08:20.424217+00:00
results/audit/m4_audit/server_evidence/ev/e9_size_d2_n250/d2_beef_uncontrolled/R2/classification_seed00_fold03.json,b086f9a790131d9a2d642d59ae6a718a389ed11eaa972f4a7ed0f4f610ad9a77,e9_size_d2_n250,e9_size_d2_n250,19abfd52932e166e,a70beea1ab7b0f6e,19abfd52932e166e,d2_beef_uncontrolled,classification,940f76d29b89,R2,16,full,250,n1_pre_l1,dense_random_all_nodes,R2_degree_rewired,0,True,2,duplicate_test_touch,"second scored evaluation of the same evidence unit (N=250, same split, same model, same condition) under config e2dbcef1dad6; the kept touch is 2b681f4040fc at 2026-09-22T06:08:20.424217+00:00. kept = the record with the earliest timestamp_utc; ties broken by the lexicographically smaller config_hash. Chosen without reference to any metric: selecting the better-scoring touch would be choosing the design after knowing which way the result leans.",2b681f4040fc,e2dbcef1dad6,ok,2026-09-22T06:53:31.058064+00:00
results/audit/m4_audit/server_evidence/ev/e9_size_d2_n500/d2_beef_uncontrolled/R2/classification_seed00_fold03.json,0cb026dfcb73dc1da8b4467bbd78dd5b96fd3b1603af30df89715ae99417e61c,e9_size_d2_n500,e9_size_d2_n500,19abfd52932e166e,92ec336f38ab8674,19abfd52932e166e,d2_beef_uncontrolled,classification,940f76d29b89,R2,16,full,500,n1_pre_l1,dense_random_all_nodes,R2_degree_rewired,0,True,1,adopted,sole scored evaluation of this evidence unit,5ef9f26a4c53,5ef9f26a4c53,ok,2026-09-22T06:56:26.917626+00:00
results/audit/m4_audit/server_evidence/ev/e9_size_d2_n1000/d2_beef_uncontrolled/R2/classification_seed00_fold03.json,a3ff45283af0a6f20cd9fecab645d0b07c97c72303cb4d3d953bc94be7dfc620,e9_size_d2_n1000,e9_size_d2_n1000,19abfd52932e166e,7da23cff66688c9f,19abfd52932e166e,d2_beef_uncontrolled,classification,940f76d29b89,R2,16,full,1000,n1_pre_l1,dense_random_all_nodes,R2_degree_rewired,0,True,1,adopted,sole scored evaluation of this evidence unit,aeaa183639c5,aeaa183639c5,ok,2026-09-22T07:08:32.538843+00:00
results/audit/m4_audit/server_evidence/ev/e9_size_d2_n2000/d2_beef_uncontrolled/R2/classification_seed00_fold03.json,11e8dd8e3da545ab97dc7c2d5ad2ecf9ee0bb9a9825578c93db5cb08329569ea,e9_size_d2_n2000,e9_size_d2_n2000,19abfd52932e166e,bc1346cd5096ae71,19abfd52932e166e,d2_beef_uncontrolled,classification,940f76d29b89,R2,16,full,2000,n1_pre_l1,dense_random_all_nodes,R2_degree_rewired,0,True,1,adopted,sole scored evaluation of this evidence unit,45dea923f5eb,45dea923f5eb,ok,2026-09-22T07:50:03.805768+00:00
results/audit/m4_audit/server_evidence/ev/e9_size_d2_n4000/d2_beef_uncontrolled/R2/classification_seed00_fold03.json,e91c0a3bead580ebf1dfcc94a0198f6bd2eecca67ab0c50e369702454c9f9d1b,e9_size_d2_n4000,e9_size_d2_n4000,19abfd52932e166e,148625fe960c7d28,19abfd52932e166e,d2_beef_uncontrolled,classification,940f76d29b89,R2,16,full,4000,n1_pre_l1,dense_random_all_nodes,R2_degree_rewired,0,True,1,adopted,sole scored evaluation of this evidence unit,e2526bc8a3c8,e2526bc8a3c8,ok,2026-09-22T10:19:48.743140+00:00
results/audit/m4_audit/server_evidence/ev/e9_size_d2/d2_beef_uncontrolled/R4/regression_seed00_fold00.json,bd354b2dddfd02f1ee7840361c4961e22ef8480acae203cbff0483c98152f98b,e9_size_d2,e9_size_d2,1c7dc51c66e97970,2ef1ccb948d5f189,1c7dc51c66e97970,d2_beef_uncontrolled,regression,20a70c561f8e,R4,16,full,250,n1_pre_l1,dense_random_all_nodes,R4_er_esn,0,True,2,adopted,kept touch of a duplicated unit (2 records); kept = the record with the earliest timestamp_utc; ties broken by the lexicographically smaller config_hash. Chosen without reference to any metric: selecting the better-scoring touch would be choosing the design after knowing which way the result leans.,2b681f4040fc,2b681f4040fc,ok,2026-09-22T06:06:30.469048+00:00
results/audit/m4_audit/server_evidence/ev/e9_size_d2_n250/d2_beef_uncontrolled/R4/regression_seed00_fold00.json,540b97c0445ecd33a5368060152b3fa5e7bd8df94c27de8a77fa6618adcc01f7,e9_size_d2_n250,e9_size_d2_n250,1c7dc51c66e97970,2ef1ccb948d5f189,1c7dc51c66e97970,d2_beef_uncontrolled,regression,20a70c561f8e,R4,16,full,250,n1_pre_l1,dense_random_all_nodes,R4_er_esn,0,True,2,duplicate_test_touch,"second scored evaluation of the same evidence unit (N=250, same split, same model, same condition) under config e2dbcef1dad6; the kept touch is 2b681f4040fc at 2026-09-22T06:06:30.469048+00:00. kept = the record with the earliest timestamp_utc; ties broken by the lexicographically smaller config_hash. Chosen without reference to any metric: selecting the better-scoring touch would be choosing the design after knowing which way the result leans.",2b681f4040fc,e2dbcef1dad6,ok,2026-09-22T06:51:22.131244+00:00
results/audit/m4_audit/server_evidence/ev/e9_size_d2_n500/d2_beef_uncontrolled/R4/regression_seed00_fold00.json,5ddf46dd9174092c52e4c23d928ca4799b963bd29cb15d1649626fd0c56a3151,e9_size_d2_n500,e9_size_d2_n500,1c7dc51c66e97970,b737e9ca26e4a396,1c7dc51c66e97970,d2_beef_uncontrolled,regression,20a70c561f8e,R4,16,full,500,n1_pre_l1,dense_random_all_nodes,R4_er_esn,0,True,1,adopted,sole scored evaluation of this evidence unit,5ef9f26a4c53,5ef9f26a4c53,ok,2026-09-22T06:52:04.887540+00:00
results/audit/m4_audit/server_evidence/ev/e9_size_d2_n1000/d2_beef_uncontrolled/R4/regression_seed00_fold00.json,c40b72141f651c63be11a97dc69782a28697a7a2fa645f7383c390a93e5847b0,e9_size_d2_n1000,e9_size_d2_n1000,1c7dc51c66e97970,4f13d3b539be2e94,1c7dc51c66e97970,d2_beef_uncontrolled,regression,20a70c561f8e,R4,16,full,1000,n1_pre_l1,dense_random_all_nodes,R4_er_esn,0,True,1,adopted,sole scored evaluation of this evidence unit,aeaa183639c5,aeaa183639c5,ok,2026-09-22T06:54:25.283459+00:00
results/audit/m4_audit/server_evidence/ev/e9_size_d2_n2000/d2_beef_uncontrolled/R4/regression_seed00_fold00.json,d38a607c4ce70f80bb8092c57adfbb030099b55b689f5ec4e8b70fe3fef1c27e,e9_size_d2_n2000,e9_size_d2_n2000,1c7dc51c66e97970,3d93762fbde397b1,1c7dc51c66e97970,d2_beef_uncontrolled,regression,20a70c561f8e,R4,16,full,2000,n1_pre_l1,dense_random_all_nodes,R4_er_esn,0,True,1,adopted,sole scored evaluation of this evidence unit,45dea923f5eb,45dea923f5eb,ok,2026-09-22T07:04:01.626257+00:00
results/audit/m4_audit/server_evidence/ev/e9_size_d2_n4000/d2_beef_uncontrolled/R4/regression_seed00_fold00.json,171a6d453390468f8f7d9d4fb6315df7fbb4c56ba93ea780fa42956119bb0de5,e9_size_d2_n4000,e9_size_d2_n4000,1c7dc51c66e97970,88d8efb55d914866,1c7dc51c66e97970,d2_beef_uncontrolled,regression,20a70c561f8e,R4,16,full,4000,n1_pre_l1,dense_random_all_nodes,R4_er_esn,0,True,1,adopted,sole scored evaluation of this evidence unit,e2526bc8a3c8,e2526bc8a3c8,ok,2026-09-22T07:34:59.406296+00:00
results/audit/m4_audit/server_evidence/ev/e9_size_d2/d2_beef_uncontrolled/R2/classification_seed00_fold04.json,f17a4480749ce33ac9046ebaaf2cf63a151eb90231aeae48098b050e17d0129b,e9_size_d2,e9_size_d2,1c8551094286f303,c4a20ddb5e974399,1c8551094286f303,d2_beef_uncontrolled,classification,b01bbf6f9575,R2,16,full,250,n1_pre_l1,dense_random_all_nodes,R2_degree_rewired,0,True,2,adopted,kept touch of a duplicated unit (2 records); kept = the record with the earliest timestamp_utc; ties broken by the lexicographically smaller config_hash. Chosen without reference to any metric: selecting the better-scoring touch would be choosing the design after knowing which way the result leans.,2b681f4040fc,2b681f4040fc,ok,2026-09-22T06:09:06.675870+00:00
results/audit/m4_audit/server_evidence/ev/e9_size_d2_n250/d2_beef_uncontrolled/R2/classification_seed00_fold04.json,9024f80fd7e0b604dd8e2287415f9f8b64e584cd0407dcb0701fe1d05f771f7c,e9_size_d2_n250,e9_size_d2_n250,1c8551094286f303,c4a20ddb5e974399,1c8551094286f303,d2_beef_uncontrolled,classification,b01bbf6f9575,R2,16,full,250,n1_pre_l1,dense_random_all_nodes,R2_degree_rewired,0,True,2,duplicate_test_touch,"second scored evaluation of the same evidence unit (N=250, same split, same model, same condition) under config e2dbcef1dad6; the kept touch is 2b681f4040fc at 2026-09-22T06:09:06.675870+00:00. kept = the record with the earliest timestamp_utc; ties broken by the lexicographically smaller config_hash. Chosen without reference to any metric: selecting the better-scoring touch would be choosing the design after knowing which way the result leans.",2b681f4040fc,e2dbcef1dad6,ok,2026-09-22T06:54:21.619323+00:00
results/audit/m4_audit/server_evidence/ev/e9_size_d2_n500/d2_beef_uncontrolled/R2/classification_seed00_fold04.json,3b08ab5e3273bb16fa9745400bd81f4e472dbce12066cc486fe7a7156bf65ab8,e9_size_d2_n500,e9_size_d2_n500,1c8551094286f303,926db06072d2f796,1c8551094286f303,d2_beef_uncontrolled,classification,b01bbf6f9575,R2,16,full,500,n1_pre_l1,dense_random_all_nodes,R2_degree_rewired,0,True,1,adopted,sole scored evaluation of this evidence unit,5ef9f26a4c53,5ef9f26a4c53,ok,2026-09-22T06:58:11.391978+00:00
results/audit/m4_audit/server_evidence/ev/e9_size_d2_n1000/d2_beef_uncontrolled/R2/classification_seed00_fold04.json,58f042a301b254ca3eca6f92bb72866ac8a4a6dbe4f1ed41ed56ad73f39ca870,e9_size_d2_n1000,e9_size_d2_n1000,1c8551094286f303,92f973571f752647,1c8551094286f303,d2_beef_uncontrolled,classification,b01bbf6f9575,R2,16,full,1000,n1_pre_l1,dense_random_all_nodes,R2_degree_rewired,0,True,1,adopted,sole scored evaluation of this evidence unit,aeaa183639c5,aeaa183639c5,ok,2026-09-22T07:13:43.032399+00:00
results/audit/m4_audit/server_evidence/ev/e9_size_d2_n2000/d2_beef_uncontrolled/R2/classification_seed00_fold04.json,95db817ec528b6636060bfed9e043bfa65b067d24685ea5a931e8390a0776685,e9_size_d2_n2000,e9_size_d2_n2000,1c8551094286f303,81c0bce9299a0e2b,1c8551094286f303,d2_beef_uncontrolled,classification,b01bbf6f9575,R2,16,full,2000,n1_pre_l1,dense_random_all_nodes,R2_degree_rewired,0,True,1,adopted,sole scored evaluation of this evidence unit,45dea923f5eb,45dea923f5eb,ok,2026-09-22T08:07:43.632769+00:00
results/audit/m4_audit/server_evidence/ev/e9_size_d2_n4000/d2_beef_uncontrolled/R2/classification_seed00_fold04.json,5b608f868617e9371198c378c18b9564ae492ebd720d589537009406ce0cf2ee,e9_size_d2_n4000,e9_size_d2_n4000,1c8551094286f303,9eedabb456344a77,1c8551094286f303,d2_beef_uncontrolled,classification,b01bbf6f9575,R2,16,full,4000,n1_pre_l1,dense_random_all_nodes,R2_degree_rewired,0,True,1,adopted,sole scored evaluation of this evidence unit,e2526bc8a3c8,e2526bc8a3c8,ok,2026-09-22T11:28:08.843784+00:00
results/audit/m4_audit/server_evidence/ev/e9_size_d2/d2_beef_uncontrolled/R0/classification_seed00_fold04.json,4f66bd5a151aee2ff60352ad49c4217b7138386db15c62cd3d41fab6a112198f,e9_size_d2,e9_size_d2,1d1cb7a9275111cb,7514d7f9dd9a5393,1d1cb7a9275111cb,d2_beef_uncontrolled,classification,b01bbf6f9575,R0,16,full,250,n1_pre_l1,dense_random_all_nodes,R0_real_fly,0,True,2,adopted,kept touch of a duplicated unit (2 records); kept = the record with the earliest timestamp_utc; ties broken by the lexicographically smaller config_hash. Chosen without reference to any metric: selecting the better-scoring touch would be choosing the design after knowing which way the result leans.,2b681f4040fc,2b681f4040fc,ok,2026-09-22T06:09:01.674533+00:00
results/audit/m4_audit/server_evidence/ev/e9_size_d2_n250/d2_beef_uncontrolled/R0/classification_seed00_fold04.json,1dbbde5750a11e90e638686864dbbf08dfa846a79eb7568bda01dc04acd0cc8f,e9_size_d2_n250,e9_size_d2_n250,1d1cb7a9275111cb,7514d7f9dd9a5393,1d1cb7a9275111cb,d2_beef_uncontrolled,classification,b01bbf6f9575,R0,16,full,250,n1_pre_l1,dense_random_all_nodes,R0_real_fly,0,True,2,duplicate_test_touch,"second scored evaluation of the same evidence unit (N=250, same split, same model, same condition) under config e2dbcef1dad6; the kept touch is 2b681f4040fc at 2026-09-22T06:09:01.674533+00:00. kept = the record with the earliest timestamp_utc; ties broken by the lexicographically smaller config_hash. Chosen without reference to any metric: selecting the better-scoring touch would be choosing the design after knowing which way the result leans.",2b681f4040fc,e2dbcef1dad6,ok,2026-09-22T06:54:16.609693+00:00
results/audit/m4_audit/server_evidence/ev/e9_size_d2_n500/d2_beef_uncontrolled/R0/classification_seed00_fold04.json,3a5c98cd81da9d1c8528a6077b61be565f1b4fdab45433b7ac8c051e3aa107c3,e9_size_d2_n500,e9_size_d2_n500,1d1cb7a9275111cb,995527508d37e24f,1d1cb7a9275111cb,d2_beef_uncontrolled,classification,b01bbf6f9575,R0,16,full,500,n1_pre_l1,dense_random_all_nodes,R0_real_fly,0,True,1,adopted,sole scored evaluation of this evidence unit,5ef9f26a4c53,5ef9f26a4c53,ok,2026-09-22T06:58:04.891508+00:00
results/audit/m4_audit/server_evidence/ev/e9_size_d2_n1000/d2_beef_uncontrolled/R0/classification_seed00_fold04.json,fa2658c9d2d296ce426806f0dea288f3c17020d1bd1abf74d176c489271ca79a,e9_size_d2_n1000,e9_size_d2_n1000,1d1cb7a9275111cb,a622f2f09b1b2acd,1d1cb7a9275111cb,d2_beef_uncontrolled,classification,b01bbf6f9575,R0,16,full,1000,n1_pre_l1,dense_random_all_nodes,R0_real_fly,0,True,1,adopted,sole scored evaluation of this evidence unit,aeaa183639c5,aeaa183639c5,ok,2026-09-22T07:13:32.953183+00:00
results/audit/m4_audit/server_evidence/ev/e9_size_d2_n2000/d2_beef_uncontrolled/R0/classification_seed00_fold04.json,075a06e3911d8b9e56d4426f05c63625f74b9488b08168cd39ded01282a0b9e7,e9_size_d2_n2000,e9_size_d2_n2000,1d1cb7a9275111cb,c92e94d64be90800,1d1cb7a9275111cb,d2_beef_uncontrolled,classification,b01bbf6f9575,R0,16,full,2000,n1_pre_l1,dense_random_all_nodes,R0_real_fly,0,True,1,adopted,sole scored evaluation of this evidence unit,45dea923f5eb,45dea923f5eb,ok,2026-09-22T08:07:22.788208+00:00
results/audit/m4_audit/server_evidence/ev/e9_size_d2_n4000/d2_beef_uncontrolled/R0/classification_seed00_fold04.json,634bb231adb35b3c9faed7d206deb8fa5ad1231f9d8067e4d3dc5c8e2219a09e,e9_size_d2_n4000,e9_size_d2_n4000,1d1cb7a9275111cb,a713b6e441be8c80,1d1cb7a9275111cb,d2_beef_uncontrolled,classification,b01bbf6f9575,R0,16,full,4000,n1_pre_l1,dense_random_all_nodes,R0_real_fly,0,True,1,adopted,sole scored evaluation of this evidence unit,e2526bc8a3c8,e2526bc8a3c8,ok,2026-09-22T11:27:27.549779+00:00
results/audit/m4_audit/server_evidence/ev/e9_size_d2/d2_beef_uncontrolled/R5/classification_seed00_fold04.json,8ce38f6eade8d788539cc209a8ed1d62ebfb8000f3fc72093db15a2ff995cd4b,e9_size_d2,e9_size_d2,259715482670d881,25309b67e4325b8b,259715482670d881,d2_beef_uncontrolled,classification,b01bbf6f9575,R5,16,full,250,n1_pre_l1,dense_random_all_nodes,R5_small_world,0,True,2,adopted,kept touch of a duplicated unit (2 records); kept = the record with the earliest timestamp_utc; ties broken by the lexicographically smaller config_hash. Chosen without reference to any metric: selecting the better-scoring touch would be choosing the design after knowing which way the result leans.,2b681f4040fc,2b681f4040fc,ok,2026-09-22T06:09:14.493850+00:00
results/audit/m4_audit/server_evidence/ev/e9_size_d2_n250/d2_beef_uncontrolled/R5/classification_seed00_fold04.json,572cd0cc2ac70c8edfb691d05202973b15d756d587ea6c271ad3e06d1490d256,e9_size_d2_n250,e9_size_d2_n250,259715482670d881,25309b67e4325b8b,259715482670d881,d2_beef_uncontrolled,classification,b01bbf6f9575,R5,16,full,250,n1_pre_l1,dense_random_all_nodes,R5_small_world,0,True,2,duplicate_test_touch,"second scored evaluation of the same evidence unit (N=250, same split, same model, same condition) under config e2dbcef1dad6; the kept touch is 2b681f4040fc at 2026-09-22T06:09:14.493850+00:00. kept = the record with the earliest timestamp_utc; ties broken by the lexicographically smaller config_hash. Chosen without reference to any metric: selecting the better-scoring touch would be choosing the design after knowing which way the result leans.",2b681f4040fc,e2dbcef1dad6,ok,2026-09-22T06:54:30.755308+00:00
results/audit/m4_audit/server_evidence/ev/e9_size_d2_n500/d2_beef_uncontrolled/R5/classification_seed00_fold04.json,ce71f5eef68237734919b74a3983778b3fb60165ee27d6f7d2134b4ecba83c6d,e9_size_d2_n500,e9_size_d2_n500,259715482670d881,052ea31a1bf586c9,259715482670d881,d2_beef_uncontrolled,classification,b01bbf6f9575,R5,16,full,500,n1_pre_l1,dense_random_all_nodes,R5_small_world,0,True,1,adopted,sole scored evaluation of this evidence unit,5ef9f26a4c53,5ef9f26a4c53,ok,2026-09-22T06:58:23.391808+00:00
results/audit/m4_audit/server_evidence/ev/e9_size_d2_n1000/d2_beef_uncontrolled/R5/classification_seed00_fold04.json,b5e6ebef3d1d64ee2755b55c408cbd0351a788818e050ed67a238ec51675a79f,e9_size_d2_n1000,e9_size_d2_n1000,259715482670d881,292e7b09f3c57bc5,259715482670d881,d2_beef_uncontrolled,classification,b01bbf6f9575,R5,16,full,1000,n1_pre_l1,dense_random_all_nodes,R5_small_world,0,True,1,adopted,sole scored evaluation of this evidence unit,aeaa183639c5,aeaa183639c5,ok,2026-09-22T07:14:07.289482+00:00
results/audit/m4_audit/server_evidence/ev/e9_size_d2_n2000/d2_beef_uncontrolled/R5/classification_seed00_fold04.json,79475a4f40d2d4a09cf80b25f591f14607984f96797314d14cec99b6bd2c6313,e9_size_d2_n2000,e9_size_d2_n2000,259715482670d881,8832b142f8fbf83c,259715482670d881,d2_beef_uncontrolled,classification,b01bbf6f9575,R5,16,full,2000,n1_pre_l1,dense_random_all_nodes,R5_small_world,0,True,1,adopted,sole scored evaluation of this evidence unit,45dea923f5eb,45dea923f5eb,ok,2026-09-22T08:08:55.550798+00:00
results/audit/m4_audit/server_evidence/ev/e9_size_d2_n4000/d2_beef_uncontrolled/R5/classification_seed00_fold04.json,e9b7efac4d99a743a1fe89f86d8fe35d9f43b40b9196e9cafaffdede67ca22ba,e9_size_d2_n4000,e9_size_d2_n4000,259715482670d881,64bc540e96c5c22e,259715482670d881,d2_beef_uncontrolled,classification,b01bbf6f9575,R5,16,full,4000,n1_pre_l1,dense_random_all_nodes,R5_small_world,0,True,1,adopted,sole scored evaluation of this evidence unit,e2526bc8a3c8,e2526bc8a3c8,ok,2026-09-22T11:32:06.737407+00:00
results/audit/m4_audit/server_evidence/ev/e9_size_d2/d2_beef_uncontrolled/R1/regression_seed00_fold00.json,e447188afe15dcf36ea9023da107701f135ce8cd5b17aa54fa3fdc83a92c7fa0,e9_size_d2,e9_size_d2,2a9ff4bc0276fc2b,9ad921e61384f9ad,2a9ff4bc0276fc2b,d2_beef_uncontrolled,regression,20a70c561f8e,R1,16,full,250,n1_pre_l1,dense_random_all_nodes,R1_weight_shuffled,0,True,2,adopted,kept touch of a duplicated unit (2 records); kept = the record with the earliest timestamp_utc; ties broken by the lexicographically smaller config_hash. Chosen without reference to any metric: selecting the better-scoring touch would be choosing the design after knowing which way the result leans.,2b681f4040fc,2b681f4040fc,ok,2026-09-22T06:06:23.779951+00:00
results/audit/m4_audit/server_evidence/ev/e9_size_d2_n250/d2_beef_uncontrolled/R1/regression_seed00_fold00.json,e5434b974a8db262ac1ee1c702fe8384af22309a6aadb2b2af6cac731bbfd1fb,e9_size_d2_n250,e9_size_d2_n250,2a9ff4bc0276fc2b,9ad921e61384f9ad,2a9ff4bc0276fc2b,d2_beef_uncontrolled,regression,20a70c561f8e,R1,16,full,250,n1_pre_l1,dense_random_all_nodes,R1_weight_shuffled,0,True,2,duplicate_test_touch,"second scored evaluation of the same evidence unit (N=250, same split, same model, same condition) under config e2dbcef1dad6; the kept touch is 2b681f4040fc at 2026-09-22T06:06:23.779951+00:00. kept = the record with the earliest timestamp_utc; ties broken by the lexicographically smaller config_hash. Chosen without reference to any metric: selecting the better-scoring touch would be choosing the design after knowing which way the result leans.",2b681f4040fc,e2dbcef1dad6,ok,2026-09-22T06:51:14.211327+00:00
results/audit/m4_audit/server_evidence/ev/e9_size_d2_n500/d2_beef_uncontrolled/R1/regression_seed00_fold00.json,2dd64131b88c6741ffc63c5a1beb5dc569a8873207444f085a8d6647bcc08c86,e9_size_d2_n500,e9_size_d2_n500,2a9ff4bc0276fc2b,33ad571392b7281e,2a9ff4bc0276fc2b,d2_beef_uncontrolled,regression,20a70c561f8e,R1,16,full,500,n1_pre_l1,dense_random_all_nodes,R1_weight_shuffled,0,True,1,adopted,sole scored evaluation of this evidence unit,5ef9f26a4c53,5ef9f26a4c53,ok,2026-09-22T06:51:52.272837+00:00
results/audit/m4_audit/server_evidence/ev/e9_size_d2_n1000/d2_beef_uncontrolled/R1/regression_seed00_fold00.json,358a1a51f6dd3af7cd108f2b1a638755cdc5f129c0ca914b3da3f42eb58c1aee,e9_size_d2_n1000,e9_size_d2_n1000,2a9ff4bc0276fc2b,05a8b0a2358eb5af,2a9ff4bc0276fc2b,d2_beef_uncontrolled,regression,20a70c561f8e,R1,16,full,1000,n1_pre_l1,dense_random_all_nodes,R1_weight_shuffled,0,True,1,adopted,sole scored evaluation of this evidence unit,aeaa183639c5,aeaa183639c5,ok,2026-09-22T06:54:05.267131+00:00
results/audit/m4_audit/server_evidence/ev/e9_size_d2_n2000/d2_beef_uncontrolled/R1/regression_seed00_fold00.json,eba60276cda62497a510899088377fdc006d33775fc7f5380f04f4e902352522,e9_size_d2_n2000,e9_size_d2_n2000,2a9ff4bc0276fc2b,2c54efd1a72229b5,2a9ff4bc0276fc2b,d2_beef_uncontrolled,regression,20a70c561f8e,R1,16,full,2000,n1_pre_l1,dense_random_all_nodes,R1_weight_shuffled,0,True,1,adopted,sole scored evaluation of this evidence unit,45dea923f5eb,45dea923f5eb,ok,2026-09-22T07:03:03.196303+00:00
results/audit/m4_audit/server_evidence/ev/e9_size_d2_n4000/d2_beef_uncontrolled/R1/regression_seed00_fold00.json,8fe45ce4e2831c41199e16ee106bf5d53419327e16c05f319d27095d6c392090,e9_size_d2_n4000,e9_size_d2_n4000,2a9ff4bc0276fc2b,1f88163ce29675cb,2a9ff4bc0276fc2b,d2_beef_uncontrolled,regression,20a70c561f8e,R1,16,full,4000,n1_pre_l1,dense_random_all_nodes,R1_weight_shuffled,0,True,1,adopted,sole scored evaluation of this evidence unit,e2526bc8a3c8,e2526bc8a3c8,ok,2026-09-22T07:31:50.024308+00:00
results/audit/m4_audit/server_evidence/ev/e9_size_d2/d2_beef_uncontrolled/R5/classification_seed00_fold01.json,a09ca5e0eeee6d986c265ff55f6a90e130e6152c17f8769ac7c8b244cf59d30d,e9_size_d2,e9_size_d2,3340acac07933d83,8b8a276fecd5c9f7,3340acac07933d83,d2_beef_uncontrolled,classification,6c9ef01abdf9,R5,16,full,250,n1_pre_l1,dense_random_all_nodes,R5_small_world,0,True,2,adopted,kept touch of a duplicated unit (2 records); kept = the record with the earliest timestamp_utc; ties broken by the lexicographically smaller config_hash. Chosen without reference to any metric: selecting the better-scoring touch would be choosing the design after knowing which way the result leans.,2b681f4040fc,2b681f4040fc,ok,2026-09-22T06:06:55.946053+00:00
results/audit/m4_audit/server_evidence/ev/e9_size_d2_n250/d2_beef_uncontrolled/R5/classification_seed00_fold01.json,36b60dfdfb3000cea519704d72e25cbbb5cbb6308ab4f0510c2d6422572b619e,e9_size_d2_n250,e9_size_d2_n250,3340acac07933d83,8b8a276fecd5c9f7,3340acac07933d83,d2_beef_uncontrolled,classification,6c9ef01abdf9,R5,16,full,250,n1_pre_l1,dense_random_all_nodes,R5_small_world,0,True,2,duplicate_test_touch,"second scored evaluation of the same evidence unit (N=250, same split, same model, same condition) under config e2dbcef1dad6; the kept touch is 2b681f4040fc at 2026-09-22T06:06:55.946053+00:00. kept = the record with the earliest timestamp_utc; ties broken by the lexicographically smaller config_hash. Chosen without reference to any metric: selecting the better-scoring touch would be choosing the design after knowing which way the result leans.",2b681f4040fc,e2dbcef1dad6,ok,2026-09-22T06:51:52.446817+00:00
results/audit/m4_audit/server_evidence/ev/e9_size_d2_n500/d2_beef_uncontrolled/R5/classification_seed00_fold01.json,c1bfe008d7cefdc2663dd8f4ca093be5c2f1667246dd4cb56faefd46c0c845b2,e9_size_d2_n500,e9_size_d2_n500,3340acac07933d83,6ce000b62cf9bfe1,3340acac07933d83,d2_beef_uncontrolled,classification,6c9ef01abdf9,R5,16,full,500,n1_pre_l1,dense_random_all_nodes,R5_small_world,0,True,1,adopted,sole scored evaluation of this evidence unit,5ef9f26a4c53,5ef9f26a4c53,ok,2026-09-22T06:53:05.789978+00:00
results/audit/m4_audit/server_evidence/ev/e9_size_d2_n1000/d2_beef_uncontrolled/R5/classification_seed00_fold01.json,2910adf65bdba37cf745c4513ca9c1fa0378010a242a6f691f3a61e7357b3432,e9_size_d2_n1000,e9_size_d2_n1000,3340acac07933d83,f8b10b8502e30931,3340acac07933d83,d2_beef_uncontrolled,classification,6c9ef01abdf9,R5,16,full,1000,n1_pre_l1,dense_random_all_nodes,R5_small_world,0,True,1,adopted,sole scored evaluation of this evidence unit,aeaa183639c5,aeaa183639c5,ok,2026-09-22T06:57:01.008369+00:00
results/audit/m4_audit/server_evidence/ev/e9_size_d2_n2000/d2_beef_uncontrolled/R5/classification_seed00_fold01.json,09987bf2326df2dd7383b5a8a9a6b86d3ea439d917aed1845d4e5c2997a18540,e9_size_d2_n2000,e9_size_d2_n2000,3340acac07933d83,d1ff7742982ef1bc,3340acac07933d83,d2_beef_uncontrolled,classification,6c9ef01abdf9,R5,16,full,2000,n1_pre_l1,dense_random_all_nodes,R5_small_world,0,True,1,adopted,sole scored evaluation of this evidence unit,45dea923f5eb,45dea923f5eb,ok,2026-09-22T07:12:41.778124+00:00
results/audit/m4_audit/server_evidence/ev/e9_size_d2_n4000/d2_beef_uncontrolled/R5/classification_seed00_fold01.json,798e2e650dfef0f5db7ebedb08aa156f446a23298c95f5ee859a221d4947f78c,e9_size_d2_n4000,e9_size_d2_n4000,3340acac07933d83,d9a209f6879f62d2,3340acac07933d83,d2_beef_uncontrolled,classification,6c9ef01abdf9,R5,16,full,4000,n1_pre_l1,dense_random_all_nodes,R5_small_world,0,True,1,adopted,sole scored evaluation of this evidence unit,e2526bc8a3c8,e2526bc8a3c8,ok,2026-09-22T08:07:48.901024+00:00
results/audit/m4_audit/server_evidence/ev/e9_size_d2/d2_beef_uncontrolled/R3/classification_seed00_fold03.json,0ca4ecf318c849c27d0f059883c3da8d846d87cc4cb2662dcc998152f2e14647,e9_size_d2,e9_size_d2,39c828f5cc31a9f7,a3809555f29eced0,39c828f5cc31a9f7,d2_beef_uncontrolled,classification,940f76d29b89,R3,16,full,250,n1_pre_l1,dense_random_all_nodes,R3_random_sparse,0,True,2,adopted,kept touch of a duplicated unit (2 records); kept = the record with the earliest timestamp_utc; ties broken by the lexicographically smaller config_hash. Chosen without reference to any metric: selecting the better-scoring touch would be choosing the design after knowing which way the result leans.,2b681f4040fc,2b681f4040fc,ok,2026-09-22T06:08:22.851523+00:00
results/audit/m4_audit/server_evidence/ev/e9_size_d2_n250/d2_beef_uncontrolled/R3/classification_seed00_fold03.json,42e81d07a74cfeaa7ffa87f06c278d55927041272d6f702247dab31e40ed18e4,e9_size_d2_n250,e9_size_d2_n250,39c828f5cc31a9f7,a3809555f29eced0,39c828f5cc31a9f7,d2_beef_uncontrolled,classification,940f76d29b89,R3,16,full,250,n1_pre_l1,dense_random_all_nodes,R3_random_sparse,0,True,2,duplicate_test_touch,"second scored evaluation of the same evidence unit (N=250, same split, same model, same condition) under config e2dbcef1dad6; the kept touch is 2b681f4040fc at 2026-09-22T06:08:22.851523+00:00. kept = the record with the earliest timestamp_utc; ties broken by the lexicographically smaller config_hash. Chosen without reference to any metric: selecting the better-scoring touch would be choosing the design after knowing which way the result leans.",2b681f4040fc,e2dbcef1dad6,ok,2026-09-22T06:53:33.709221+00:00
results/audit/m4_audit/server_evidence/ev/e9_size_d2_n500/d2_beef_uncontrolled/R3/classification_seed00_fold03.json,b765ce6df02526497167f4cdd17fbf8d76eff791a91b8db56bc1fe0ef56cf227,e9_size_d2_n500,e9_size_d2_n500,39c828f5cc31a9f7,4162c93138b902e0,39c828f5cc31a9f7,d2_beef_uncontrolled,classification,940f76d29b89,R3,16,full,500,n1_pre_l1,dense_random_all_nodes,R3_random_sparse,0,True,1,adopted,sole scored evaluation of this evidence unit,5ef9f26a4c53,5ef9f26a4c53,ok,2026-09-22T06:56:30.238359+00:00
results/audit/m4_audit/server_evidence/ev/e9_size_d2_n1000/d2_beef_uncontrolled/R3/classification_seed00_fold03.json,b8933980e50c80edce35d5ba2e1973c6b461b1b672110a2ee923fae4581f73a9,e9_size_d2_n1000,e9_size_d2_n1000,39c828f5cc31a9f7,947c8671499bc8ab,39c828f5cc31a9f7,d2_beef_uncontrolled,classification,940f76d29b89,R3,16,full,1000,n1_pre_l1,dense_random_all_nodes,R3_random_sparse,0,True,1,adopted,sole scored evaluation of this evidence unit,aeaa183639c5,aeaa183639c5,ok,2026-09-22T07:08:37.390250+00:00
results/audit/m4_audit/server_evidence/ev/e9_size_d2_n2000/d2_beef_uncontrolled/R3/classification_seed00_fold03.json,d9929965f91e59b8d566dbeed06d54dfbd7c70014d20136e7dd14b177af5b6df,e9_size_d2_n2000,e9_size_d2_n2000,39c828f5cc31a9f7,62bfc55533ea5b1f,39c828f5cc31a9f7,d2_beef_uncontrolled,classification,940f76d29b89,R3,16,full,2000,n1_pre_l1,dense_random_all_nodes,R3_random_sparse,0,True,1,adopted,sole scored evaluation of this evidence unit,45dea923f5eb,45dea923f5eb,ok,2026-09-22T07:50:13.487250+00:00
results/audit/m4_audit/server_evidence/ev/e9_size_d2_n4000/d2_beef_uncontrolled/R3/classification_seed00_fold03.json,1ee62dd369aa2edf67ad5fab1e97da509ea60cb2813f70242f4c966d66f5dfcc,e9_size_d2_n4000,e9_size_d2_n4000,39c828f5cc31a9f7,ea1b5a2692cb7353,39c828f5cc31a9f7,d2_beef_uncontrolled,classification,940f76d29b89,R3,16,full,4000,n1_pre_l1,dense_random_all_nodes,R3_random_sparse,0,True,1,adopted,sole scored evaluation of this evidence unit,e2526bc8a3c8,e2526bc8a3c8,ok,2026-09-22T10:20:08.246100+00:00
results/audit/m4_audit/server_evidence/ev/e9_size_d2/d2_beef_uncontrolled/R1/classification_seed00_fold00.json,a06baab7d9652219b5a17cef52d5c287f35a4628c5b4f38cce6042ffef2859a4,e9_size_d2,e9_size_d2,45c87a4ad9a71818,bef31a2980460cdd,45c87a4ad9a71818,d2_beef_uncontrolled,classification,20a70c561f8e,R1,16,full,250,n1_pre_l1,dense_random_all_nodes,R1_weight_shuffled,0,True,2,adopted,kept touch of a duplicated unit (2 records); kept = the record with the earliest timestamp_utc; ties broken by the lexicographically smaller config_hash. Chosen without reference to any metric: selecting the better-scoring touch would be choosing the design after knowing which way the result leans.,2b681f4040fc,2b681f4040fc,ok,2026-09-22T06:05:57.396858+00:00
results/audit/m4_audit/server_evidence/ev/e9_size_d2_n250/d2_beef_uncontrolled/R1/classification_seed00_fold00.json,db2cabed6f83f949949e90f997250fd0de72f91e9929243170f169bd0607e93e,e9_size_d2_n250,e9_size_d2_n250,45c87a4ad9a71818,bef31a2980460cdd,45c87a4ad9a71818,d2_beef_uncontrolled,classification,20a70c561f8e,R1,16,full,250,n1_pre_l1,dense_random_all_nodes,R1_weight_shuffled,0,True,2,duplicate_test_touch,"second scored evaluation of the same evidence unit (N=250, same split, same model, same condition) under config e2dbcef1dad6; the kept touch is 2b681f4040fc at 2026-09-22T06:05:57.396858+00:00. kept = the record with the earliest timestamp_utc; ties broken by the lexicographically smaller config_hash. Chosen without reference to any metric: selecting the better-scoring touch would be choosing the design after knowing which way the result leans.",2b681f4040fc,e2dbcef1dad6,ok,2026-09-22T06:50:47.486955+00:00
results/audit/m4_audit/server_evidence/ev/e9_size_d2_n500/d2_beef_uncontrolled/R1/classification_seed00_fold00.json,35822b2902366201531dca79181c1a2c580776d02f7ea1dc213d4f220af75032,e9_size_d2_n500,e9_size_d2_n500,45c87a4ad9a71818,0c19ed743b7d7b24,45c87a4ad9a71818,d2_beef_uncontrolled,classification,20a70c561f8e,R1,16,full,500,n1_pre_l1,dense_random_all_nodes,R1_weight_shuffled,0,True,1,adopted,sole scored evaluation of this evidence unit,5ef9f26a4c53,5ef9f26a4c53,ok,2026-09-22T06:50:49.927448+00:00
results/audit/m4_audit/server_evidence/ev/e9_size_d2_n1000/d2_beef_uncontrolled/R1/classification_seed00_fold00.json,c26171386ceaa6acef4c466ce91bf84f6a8d678d5f9b415b189d1d1b152deba0,e9_size_d2_n1000,e9_size_d2_n1000,45c87a4ad9a71818,a0e3d8c2102b90ab,45c87a4ad9a71818,d2_beef_uncontrolled,classification,20a70c561f8e,R1,16,full,1000,n1_pre_l1,dense_random_all_nodes,R1_weight_shuffled,0,True,1,adopted,sole scored evaluation of this evidence unit,aeaa183639c5,aeaa183639c5,ok,2026-09-22T06:50:54.405225+00:00
results/audit/m4_audit/server_evidence/ev/e9_size_d2_n2000/d2_beef_uncontrolled/R1/classification_seed00_fold00.json,efc39a034b58ec3a2fb85d051245243ff3f053fb3cf9f77a10fdbec797ea92aa,e9_size_d2_n2000,e9_size_d2_n2000,45c87a4ad9a71818,a8b0b0e633e17727,45c87a4ad9a71818,d2_beef_uncontrolled,classification,20a70c561f8e,R1,16,full,2000,n1_pre_l1,dense_random_all_nodes,R1_weight_shuffled,0,True,1,adopted,sole scored evaluation of this evidence unit,45dea923f5eb,45dea923f5eb,ok,2026-09-22T06:51:09.434055+00:00
results/audit/m4_audit/server_evidence/ev/e9_size_d2_n4000/d2_beef_uncontrolled/R1/classification_seed00_fold00.json,5f00cac4d26483ae4315e1698dfa6240dfb82476bea679f1c2796eef2bb07b68,e9_size_d2_n4000,e9_size_d2_n4000,45c87a4ad9a71818,30305162ae504aa1,45c87a4ad9a71818,d2_beef_uncontrolled,classification,20a70c561f8e,R1,16,full,4000,n1_pre_l1,dense_random_all_nodes,R1_weight_shuffled,0,True,1,adopted,sole scored evaluation of this evidence unit,e2526bc8a3c8,e2526bc8a3c8,ok,2026-09-22T06:52:03.943371+00:00
results/audit/m4_audit/server_evidence/ev/e9_size_d2/d2_beef_uncontrolled/R6/classification_seed00_fold02.json,a911c80bb683696a377ea2aaf65c8101c5e46dd05e5622d121a354b04a483ef9,e9_size_d2,e9_size_d2,4ab8b44746c45615,abfb9a338aa1df64,4ab8b44746c45615,d2_beef_uncontrolled,classification,8f5d6031eff3,R6,16,full,250,n1_pre_l1,dense_random_all_nodes,R6_dense_random,0,True,2,adopted,kept touch of a duplicated unit (2 records); kept = the record with the earliest timestamp_utc; ties broken by the lexicographically smaller config_hash. Chosen without reference to any metric: selecting the better-scoring touch would be choosing the design after knowing which way the result leans.,2b681f4040fc,2b681f4040fc,ok,2026-09-22T06:07:51.611783+00:00
results/audit/m4_audit/server_evidence/ev/e9_size_d2_n250/d2_beef_uncontrolled/R6/classification_seed00_fold02.json,5c0c1cfcfed7a0e852e6eda03d9e5d33974e4879957c03fd3bec0e19ca74781b,e9_size_d2_n250,e9_size_d2_n250,4ab8b44746c45615,abfb9a338aa1df64,4ab8b44746c45615,d2_beef_uncontrolled,classification,8f5d6031eff3,R6,16,full,250,n1_pre_l1,dense_random_all_nodes,R6_dense_random,0,True,2,duplicate_test_touch,"second scored evaluation of the same evidence unit (N=250, same split, same model, same condition) under config e2dbcef1dad6; the kept touch is 2b681f4040fc at 2026-09-22T06:07:51.611783+00:00. kept = the record with the earliest timestamp_utc; ties broken by the lexicographically smaller config_hash. Chosen without reference to any metric: selecting the better-scoring touch would be choosing the design after knowing which way the result leans.",2b681f4040fc,e2dbcef1dad6,ok,2026-09-22T06:53:00.591784+00:00
results/audit/m4_audit/server_evidence/ev/e9_size_d2_n500/d2_beef_uncontrolled/R6/classification_seed00_fold02.json,2cd9bd396752dfa1ba0394521e9dc9aaad9e60322ae3fbd14a98ff89cd85d44d,e9_size_d2_n500,e9_size_d2_n500,4ab8b44746c45615,b1d851c073754ee9,4ab8b44746c45615,d2_beef_uncontrolled,classification,8f5d6031eff3,R6,16,full,500,n1_pre_l1,dense_random_all_nodes,R6_dense_random,0,True,1,adopted,sole scored evaluation of this evidence unit,5ef9f26a4c53,5ef9f26a4c53,ok,2026-09-22T06:55:30.224522+00:00
results/audit/m4_audit/server_evidence/ev/e9_size_d2_n1000/d2_beef_uncontrolled/R6/classification_seed00_fold02.json,a83e81127ed498b240b91c97aa05b220ce2ca37b398281da506501ab9137c8fc,e9_size_d2_n1000,e9_size_d2_n1000,4ab8b44746c45615,2c6dbaf19c788280,4ab8b44746c45615,d2_beef_uncontrolled,classification,8f5d6031eff3,R6,16,full,1000,n1_pre_l1,dense_random_all_nodes,R6_dense_random,0,True,1,adopted,sole scored evaluation of this evidence unit,aeaa183639c5,aeaa183639c5,ok,2026-09-22T07:06:00.212263+00:00
results/audit/m4_audit/server_evidence/ev/e9_size_d2_n2000/d2_beef_uncontrolled/R6/classification_seed00_fold02.json,4f50226acc504946f0f3cc85d9535585ffe009f2b0cc27c4927d4a8f9b16efc6,e9_size_d2_n2000,e9_size_d2_n2000,4ab8b44746c45615,18ed7354a7a67afe,4ab8b44746c45615,d2_beef_uncontrolled,classification,8f5d6031eff3,R6,16,full,2000,n1_pre_l1,dense_random_all_nodes,R6_dense_random,0,True,1,adopted,sole scored evaluation of this evidence unit,45dea923f5eb,45dea923f5eb,ok,2026-09-22T07:39:37.553974+00:00
results/audit/m4_audit/server_evidence/ev/e9_size_d2_n4000/d2_beef_uncontrolled/R6/classification_seed00_fold02.json,5cba50795055ac6ffa51e2a88b55e5f0e5fd990f3735901548c3ef93f38f1c12,e9_size_d2_n4000,e9_size_d2_n4000,4ab8b44746c45615,37f99dda2cc598bb,4ab8b44746c45615,d2_beef_uncontrolled,classification,8f5d6031eff3,R6,16,full,4000,n1_pre_l1,dense_random_all_nodes,R6_dense_random,0,True,1,adopted,sole scored evaluation of this evidence unit,e2526bc8a3c8,e2526bc8a3c8,ok,2026-09-22T09:48:54.249508+00:00
results/audit/m4_audit/server_evidence/ev/e9_size_d2/d2_beef_uncontrolled/R0/classification_seed00_fold02.json,209da7aed1b38aae3c6bb42cfd910d30c58c36360415eb6e439b9d9ec29a0074,e9_size_d2,e9_size_d2,4c425fc094f772a0,d1b04db0af71474a,4c425fc094f772a0,d2_beef_uncontrolled,classification,8f5d6031eff3,R0,16,full,250,n1_pre_l1,dense_random_all_nodes,R0_real_fly,0,True,2,adopted,kept touch of a duplicated unit (2 records); kept = the record with the earliest timestamp_utc; ties broken by the lexicographically smaller config_hash. Chosen without reference to any metric: selecting the better-scoring touch would be choosing the design after knowing which way the result leans.,2b681f4040fc,2b681f4040fc,ok,2026-09-22T06:07:29.365344+00:00
results/audit/m4_audit/server_evidence/ev/e9_size_d2_n250/d2_beef_uncontrolled/R0/classification_seed00_fold02.json,72e25a1bdbad0a7dc5cb8c27237c42e7c7591ced03fb802e1090334e9eae3cb0,e9_size_d2_n250,e9_size_d2_n250,4c425fc094f772a0,d1b04db0af71474a,4c425fc094f772a0,d2_beef_uncontrolled,classification,8f5d6031eff3,R0,16,full,250,n1_pre_l1,dense_random_all_nodes,R0_real_fly,0,True,2,duplicate_test_touch,"second scored evaluation of the same evidence unit (N=250, same split, same model, same condition) under config e2dbcef1dad6; the kept touch is 2b681f4040fc at 2026-09-22T06:07:29.365344+00:00. kept = the record with the earliest timestamp_utc; ties broken by the lexicographically smaller config_hash. Chosen without reference to any metric: selecting the better-scoring touch would be choosing the design after knowing which way the result leans.",2b681f4040fc,e2dbcef1dad6,ok,2026-09-22T06:52:32.871002+00:00
results/audit/m4_audit/server_evidence/ev/e9_size_d2_n500/d2_beef_uncontrolled/R0/classification_seed00_fold02.json,ebed22caef79e0c04db251986b69c1e74b9243059fddcd12bb2b6a90afe448da,e9_size_d2_n500,e9_size_d2_n500,4c425fc094f772a0,de5da58cabec65bf,4c425fc094f772a0,d2_beef_uncontrolled,classification,8f5d6031eff3,R0,16,full,500,n1_pre_l1,dense_random_all_nodes,R0_real_fly,0,True,1,adopted,sole scored evaluation of this evidence unit,5ef9f26a4c53,5ef9f26a4c53,ok,2026-09-22T06:54:33.104306+00:00
results/audit/m4_audit/server_evidence/ev/e9_size_d2_n1000/d2_beef_uncontrolled/R0/classification_seed00_fold02.json,930d7d83f8173f2bd955b9c6cf5403a90f990687be187d1b01cf9f92088a74f2,e9_size_d2_n1000,e9_size_d2_n1000,4c425fc094f772a0,4d0503fbafae71cc,4c425fc094f772a0,d2_beef_uncontrolled,classification,8f5d6031eff3,R0,16,full,1000,n1_pre_l1,dense_random_all_nodes,R0_real_fly,0,True,1,adopted,sole scored evaluation of this evidence unit,aeaa183639c5,aeaa183639c5,ok,2026-09-22T07:03:14.838532+00:00
results/audit/m4_audit/server_evidence/ev/e9_size_d2_n2000/d2_beef_uncontrolled/R0/classification_seed00_fold02.json,f1db04c9b99dffecda41edb28f6061c6cb1db3730abbf385722029e6296a7793,e9_size_d2_n2000,e9_size_d2_n2000,4c425fc094f772a0,3d6f7a74dc38dfd9,4c425fc094f772a0,d2_beef_uncontrolled,classification,8f5d6031eff3,R0,16,full,2000,n1_pre_l1,dense_random_all_nodes,R0_real_fly,0,True,1,adopted,sole scored evaluation of this evidence unit,45dea923f5eb,45dea923f5eb,ok,2026-09-22T07:30:04.265195+00:00
results/audit/m4_audit/server_evidence/ev/e9_size_d2_n4000/d2_beef_uncontrolled/R0/classification_seed00_fold02.json,94eef80f72cef6721b595bdd37f113d1ae6379a5be88e1d5ac6284b076735bcc,e9_size_d2_n4000,e9_size_d2_n4000,4c425fc094f772a0,d07e11ab25d14967,4c425fc094f772a0,d2_beef_uncontrolled,classification,8f5d6031eff3,R0,16,full,4000,n1_pre_l1,dense_random_all_nodes,R0_real_fly,0,True,1,adopted,sole scored evaluation of this evidence unit,e2526bc8a3c8,e2526bc8a3c8,ok,2026-09-22T09:11:41.447375+00:00
results/audit/m4_audit/server_evidence/ev/e9_size_d2/d2_beef_uncontrolled/R0/regression_seed00_fold00.json,d23d114d5a59c2ff055c9e22f8bba8cc0d94aac582d9cbc8eae8606a5393d908,e9_size_d2,e9_size_d2,54c73a04dd5a590f,669856ce661073e1,54c73a04dd5a590f,d2_beef_uncontrolled,regression,20a70c561f8e,R0,16,full,250,n1_pre_l1,dense_random_all_nodes,R0_real_fly,0,True,2,adopted,kept touch of a duplicated unit (2 records); kept = the record with the earliest timestamp_utc; ties broken by the lexicographically smaller config_hash. Chosen without reference to any metric: selecting the better-scoring touch would be choosing the design after knowing which way the result leans.,2b681f4040fc,2b681f4040fc,ok,2026-09-22T06:06:21.573543+00:00
results/audit/m4_audit/server_evidence/ev/e9_size_d2_n250/d2_beef_uncontrolled/R0/regression_seed00_fold00.json,d740278b6d768f75aac1438d27e07385d09aafda25ba8c00b707512a60bc31f3,e9_size_d2_n250,e9_size_d2_n250,54c73a04dd5a590f,669856ce661073e1,54c73a04dd5a590f,d2_beef_uncontrolled,regression,20a70c561f8e,R0,16,full,250,n1_pre_l1,dense_random_all_nodes,R0_real_fly,0,True,2,duplicate_test_touch,"second scored evaluation of the same evidence unit (N=250, same split, same model, same condition) under config e2dbcef1dad6; the kept touch is 2b681f4040fc at 2026-09-22T06:06:21.573543+00:00. kept = the record with the earliest timestamp_utc; ties broken by the lexicographically smaller config_hash. Chosen without reference to any metric: selecting the better-scoring touch would be choosing the design after knowing which way the result leans.",2b681f4040fc,e2dbcef1dad6,ok,2026-09-22T06:51:11.959420+00:00
results/audit/m4_audit/server_evidence/ev/e9_size_d2_n500/d2_beef_uncontrolled/R0/regression_seed00_fold00.json,ae56f5be9a50f83e969c498a5cfb179570d1d7b583f8691bc918da4fb048e237,e9_size_d2_n500,e9_size_d2_n500,54c73a04dd5a590f,66daf02ab85f2f81,54c73a04dd5a590f,d2_beef_uncontrolled,regression,20a70c561f8e,R0,16,full,500,n1_pre_l1,dense_random_all_nodes,R0_real_fly,0,True,1,adopted,sole scored evaluation of this evidence unit,5ef9f26a4c53,5ef9f26a4c53,ok,2026-09-22T06:51:49.280819+00:00
results/audit/m4_audit/server_evidence/ev/e9_size_d2_n1000/d2_beef_uncontrolled/R0/regression_seed00_fold00.json,c3f1e577d50876e464b7371a12e8e4a4251f72221f23d7309f3e74e7b260a623,e9_size_d2_n1000,e9_size_d2_n1000,54c73a04dd5a590f,9db68148ac026712,54c73a04dd5a590f,d2_beef_uncontrolled,regression,20a70c561f8e,R0,16,full,1000,n1_pre_l1,dense_random_all_nodes,R0_real_fly,0,True,1,adopted,sole scored evaluation of this evidence unit,aeaa183639c5,aeaa183639c5,ok,2026-09-22T06:54:00.596224+00:00
results/audit/m4_audit/server_evidence/ev/e9_size_d2_n2000/d2_beef_uncontrolled/R0/regression_seed00_fold00.json,82b8864910f34ee8d43f75e879eeb2b4473db978cecc621b1a72b41f312b7cb6,e9_size_d2_n2000,e9_size_d2_n2000,54c73a04dd5a590f,846c73e576155cba,54c73a04dd5a590f,d2_beef_uncontrolled,regression,20a70c561f8e,R0,16,full,2000,n1_pre_l1,dense_random_all_nodes,R0_real_fly,0,True,1,adopted,sole scored evaluation of this evidence unit,45dea923f5eb,45dea923f5eb,ok,2026-09-22T07:02:55.288101+00:00
results/audit/m4_audit/server_evidence/ev/e9_size_d2_n4000/d2_beef_uncontrolled/R0/regression_seed00_fold00.json,4d0440207f32d1c887dc6cd97dcb8d0ae61d69c0646f69331e5f958cdfd9971a,e9_size_d2_n4000,e9_size_d2_n4000,54c73a04dd5a590f,4f8cd07fcf4ccf78,54c73a04dd5a590f,d2_beef_uncontrolled,regression,20a70c561f8e,R0,16,full,4000,n1_pre_l1,dense_random_all_nodes,R0_real_fly,0,True,1,adopted,sole scored evaluation of this evidence unit,e2526bc8a3c8,e2526bc8a3c8,ok,2026-09-22T07:31:33.806726+00:00
results/audit/m4_audit/server_evidence/ev/e9_size_d2/d2_beef_uncontrolled/R4/regression_seed00_fold01.json,0ee2a2d12a9016ed7a5f8f3f83eb0f12beddb471befd923320bae9b5d52e5947,e9_size_d2,e9_size_d2,5761d003c47321d8,b361bb5b258999c7,5761d003c47321d8,d2_beef_uncontrolled,regression,6c9ef01abdf9,R4,16,full,250,n1_pre_l1,dense_random_all_nodes,R4_er_esn,0,True,2,adopted,kept touch of a duplicated unit (2 records); kept = the record with the earliest timestamp_utc; ties broken by the lexicographically smaller config_hash. Chosen without reference to any metric: selecting the better-scoring touch would be choosing the design after knowing which way the result leans.,2b681f4040fc,2b681f4040fc,ok,2026-09-22T06:07:16.644658+00:00
results/audit/m4_audit/server_evidence/ev/e9_size_d2_n250/d2_beef_uncontrolled/R4/regression_seed00_fold01.json,f728535f7ce4da7617ea09dc95957049ca543805f93bb80a821d8c98e3886668,e9_size_d2_n250,e9_size_d2_n250,5761d003c47321d8,b361bb5b258999c7,5761d003c47321d8,d2_beef_uncontrolled,regression,6c9ef01abdf9,R4,16,full,250,n1_pre_l1,dense_random_all_nodes,R4_er_esn,0,True,2,duplicate_test_touch,"second scored evaluation of the same evidence unit (N=250, same split, same model, same condition) under config e2dbcef1dad6; the kept touch is 2b681f4040fc at 2026-09-22T06:07:16.644658+00:00. kept = the record with the earliest timestamp_utc; ties broken by the lexicographically smaller config_hash. Chosen without reference to any metric: selecting the better-scoring touch would be choosing the design after knowing which way the result leans.",2b681f4040fc,e2dbcef1dad6,ok,2026-09-22T06:52:19.115685+00:00
results/audit/m4_audit/server_evidence/ev/e9_size_d2_n500/d2_beef_uncontrolled/R4/regression_seed00_fold01.json,29ff4370b0c18ceeb490c423d37ae51449a70f7fafcf3e428c515c91dddf8330,e9_size_d2_n500,e9_size_d2_n500,5761d003c47321d8,ca321177e33e2fb4,5761d003c47321d8,d2_beef_uncontrolled,regression,6c9ef01abdf9,R4,16,full,500,n1_pre_l1,dense_random_all_nodes,R4_er_esn,0,True,1,adopted,sole scored evaluation of this evidence unit,5ef9f26a4c53,5ef9f26a4c53,ok,2026-09-22T06:53:57.199129+00:00
results/audit/m4_audit/server_evidence/ev/e9_size_d2_n1000/d2_beef_uncontrolled/R4/regression_seed00_fold01.json,9e92bd92bef10f378a5ce43103595d753a5a358fe3775fd54d5e72f403010fe6,e9_size_d2_n1000,e9_size_d2_n1000,5761d003c47321d8,63db2e7cb34eb0c3,5761d003c47321d8,d2_beef_uncontrolled,regression,6c9ef01abdf9,R4,16,full,1000,n1_pre_l1,dense_random_all_nodes,R4_er_esn,0,True,1,adopted,sole scored evaluation of this evidence unit,aeaa183639c5,aeaa183639c5,ok,2026-09-22T07:00:40.260953+00:00
results/audit/m4_audit/server_evidence/ev/e9_size_d2_n2000/d2_beef_uncontrolled/R4/regression_seed00_fold01.json,0361fdb700c6df9eca9d903fe8881c2b2fc6f443bbff303f3651e53313bdc443,e9_size_d2_n2000,e9_size_d2_n2000,5761d003c47321d8,ccbc13030bf38922,5761d003c47321d8,d2_beef_uncontrolled,regression,6c9ef01abdf9,R4,16,full,2000,n1_pre_l1,dense_random_all_nodes,R4_er_esn,0,True,1,adopted,sole scored evaluation of this evidence unit,45dea923f5eb,45dea923f5eb,ok,2026-09-22T07:23:23.302935+00:00
results/audit/m4_audit/server_evidence/ev/e9_size_d2_n4000/d2_beef_uncontrolled/R4/regression_seed00_fold01.json,91ee7965f7e0058804baa476ecf2bd31e111e2ed2ff650378ad6759fb7047e0f,e9_size_d2_n4000,e9_size_d2_n4000,5761d003c47321d8,22f6438a405061f1,5761d003c47321d8,d2_beef_uncontrolled,regression,6c9ef01abdf9,R4,16,full,4000,n1_pre_l1,dense_random_all_nodes,R4_er_esn,0,True,1,adopted,sole scored evaluation of this evidence unit,e2526bc8a3c8,e2526bc8a3c8,ok,2026-09-22T08:45:04.089332+00:00
results/audit/m4_audit/server_evidence/ev/e9_size_d2/d2_beef_uncontrolled/R5/regression_seed00_fold03.json,91ff9178230de8d753c8ae5842cdd5160a224d576df55cf0003e06499c514543,e9_size_d2,e9_size_d2,5ba0d94a9b099471,543a44008286e66f,5ba0d94a9b099471,d2_beef_uncontrolled,regression,940f76d29b89,R5,16,full,250,n1_pre_l1,dense_random_all_nodes,R5_small_world,0,True,2,adopted,kept touch of a duplicated unit (2 records); kept = the record with the earliest timestamp_utc; ties broken by the lexicographically smaller config_hash. Chosen without reference to any metric: selecting the better-scoring touch would be choosing the design after knowing which way the result leans.,2b681f4040fc,2b681f4040fc,ok,2026-09-22T06:08:51.033689+00:00
results/audit/m4_audit/server_evidence/ev/e9_size_d2_n250/d2_beef_uncontrolled/R5/regression_seed00_fold03.json,27f8c2f6dbb05ca9871672a56d5b6742b924fcec727f758fd3f794bfe5b55c4f,e9_size_d2_n250,e9_size_d2_n250,5ba0d94a9b099471,543a44008286e66f,5ba0d94a9b099471,d2_beef_uncontrolled,regression,940f76d29b89,R5,16,full,250,n1_pre_l1,dense_random_all_nodes,R5_small_world,0,True,2,duplicate_test_touch,"second scored evaluation of the same evidence unit (N=250, same split, same model, same condition) under config e2dbcef1dad6; the kept touch is 2b681f4040fc at 2026-09-22T06:08:51.033689+00:00. kept = the record with the earliest timestamp_utc; ties broken by the lexicographically smaller config_hash. Chosen without reference to any metric: selecting the better-scoring touch would be choosing the design after knowing which way the result leans.",2b681f4040fc,e2dbcef1dad6,ok,2026-09-22T06:54:05.060000+00:00
results/audit/m4_audit/server_evidence/ev/e9_size_d2_n500/d2_beef_uncontrolled/R5/regression_seed00_fold03.json,326564852b286af68e1cfac6cae58e0d7cd581ee6c97bbaedf99617ba13266fb,e9_size_d2_n500,e9_size_d2_n500,5ba0d94a9b099471,c9e4034545d17f82,5ba0d94a9b099471,d2_beef_uncontrolled,regression,940f76d29b89,R5,16,full,500,n1_pre_l1,dense_random_all_nodes,R5_small_world,0,True,1,adopted,sole scored evaluation of this evidence unit,5ef9f26a4c53,5ef9f26a4c53,ok,2026-09-22T06:57:33.519474+00:00
results/audit/m4_audit/server_evidence/ev/e9_size_d2_n1000/d2_beef_uncontrolled/R5/regression_seed00_fold03.json,18cb256199f8f85eae35d7e16235ab797eafe7530f8f72e13b70939515b4630c,e9_size_d2_n1000,e9_size_d2_n1000,5ba0d94a9b099471,e4f68825930a250f,5ba0d94a9b099471,d2_beef_uncontrolled,regression,940f76d29b89,R5,16,full,1000,n1_pre_l1,dense_random_all_nodes,R5_small_world,0,True,1,adopted,sole scored evaluation of this evidence unit,aeaa183639c5,aeaa183639c5,ok,2026-09-22T07:11:42.131704+00:00
results/audit/m4_audit/server_evidence/ev/e9_size_d2_n2000/d2_beef_uncontrolled/R5/regression_seed00_fold03.json,f6c0757140a78fe59d021da9b4296ff9a38acbb5c6ab6ea23f7c30e602349a55,e9_size_d2_n2000,e9_size_d2_n2000,5ba0d94a9b099471,45d718da85713bd6,5ba0d94a9b099471,d2_beef_uncontrolled,regression,940f76d29b89,R5,16,full,2000,n1_pre_l1,dense_random_all_nodes,R5_small_world,0,True,1,adopted,sole scored evaluation of this evidence unit,45dea923f5eb,45dea923f5eb,ok,2026-09-22T08:00:36.149044+00:00
results/audit/m4_audit/server_evidence/ev/e9_size_d2_n4000/d2_beef_uncontrolled/R5/regression_seed00_fold03.json,9e1e0a0326ae193135ddaec7c26e096b62a23c0d8a76a4b1d5b069109c7828ab,e9_size_d2_n4000,e9_size_d2_n4000,5ba0d94a9b099471,c2a25a0b88cb901d,5ba0d94a9b099471,d2_beef_uncontrolled,regression,940f76d29b89,R5,16,full,4000,n1_pre_l1,dense_random_all_nodes,R5_small_world,0,True,1,adopted,sole scored evaluation of this evidence unit,e2526bc8a3c8,e2526bc8a3c8,ok,2026-09-22T11:01:08.950571+00:00
results/audit/m4_audit/server_evidence/ev/e9_size_d2/d2_beef_uncontrolled/R6/regression_seed00_fold00.json,744410b06c05df395bbedce38a76e4e97639d9b384ff2605faab6243c0686943,e9_size_d2,e9_size_d2,5c46e09b207c8bb6,b580a57ba4828df2,5c46e09b207c8bb6,d2_beef_uncontrolled,regression,20a70c561f8e,R6,16,full,250,n1_pre_l1,dense_random_all_nodes,R6_dense_random,0,True,2,adopted,kept touch of a duplicated unit (2 records); kept = the record with the earliest timestamp_utc; ties broken by the lexicographically smaller config_hash. Chosen without reference to any metric: selecting the better-scoring touch would be choosing the design after knowing which way the result leans.,2b681f4040fc,2b681f4040fc,ok,2026-09-22T06:06:40.358739+00:00
results/audit/m4_audit/server_evidence/ev/e9_size_d2_n250/d2_beef_uncontrolled/R6/regression_seed00_fold00.json,ff0248e626279188d283a4301a092d1ea36b8161386399ef59315ddb49b39033,e9_size_d2_n250,e9_size_d2_n250,5c46e09b207c8bb6,b580a57ba4828df2,5c46e09b207c8bb6,d2_beef_uncontrolled,regression,20a70c561f8e,R6,16,full,250,n1_pre_l1,dense_random_all_nodes,R6_dense_random,0,True,2,duplicate_test_touch,"second scored evaluation of the same evidence unit (N=250, same split, same model, same condition) under config e2dbcef1dad6; the kept touch is 2b681f4040fc at 2026-09-22T06:06:40.358739+00:00. kept = the record with the earliest timestamp_utc; ties broken by the lexicographically smaller config_hash. Chosen without reference to any metric: selecting the better-scoring touch would be choosing the design after knowing which way the result leans.",2b681f4040fc,e2dbcef1dad6,ok,2026-09-22T06:51:35.423586+00:00
results/audit/m4_audit/server_evidence/ev/e9_size_d2_n500/d2_beef_uncontrolled/R6/regression_seed00_fold00.json,9148047b0ff2877b02ab87b2fcadccac76653bc2f3115c28795bbd73395498bd,e9_size_d2_n500,e9_size_d2_n500,5c46e09b207c8bb6,38337b834f12b2cc,5c46e09b207c8bb6,d2_beef_uncontrolled,regression,20a70c561f8e,R6,16,full,500,n1_pre_l1,dense_random_all_nodes,R6_dense_random,0,True,1,adopted,sole scored evaluation of this evidence unit,5ef9f26a4c53,5ef9f26a4c53,ok,2026-09-22T06:52:39.724576+00:00
results/audit/m4_audit/server_evidence/ev/e9_size_d2_n1000/d2_beef_uncontrolled/R6/regression_seed00_fold00.json,b625e22f691ddd0f784a3661733ec58504fa2cc5588df34ff3434811b6b40e57,e9_size_d2_n1000,e9_size_d2_n1000,5c46e09b207c8bb6,7c30d4a9bca97c16,5c46e09b207c8bb6,d2_beef_uncontrolled,regression,20a70c561f8e,R6,16,full,1000,n1_pre_l1,dense_random_all_nodes,R6_dense_random,0,True,1,adopted,sole scored evaluation of this evidence unit,aeaa183639c5,aeaa183639c5,ok,2026-09-22T06:56:19.763256+00:00
results/audit/m4_audit/server_evidence/ev/e9_size_d2_n2000/d2_beef_uncontrolled/R6/regression_seed00_fold00.json,702113f1beaa495b8ccd00260479873e939d54512648f958ebf82229ef85214c,e9_size_d2_n2000,e9_size_d2_n2000,5c46e09b207c8bb6,8b4e40c8b2e5137a,5c46e09b207c8bb6,d2_beef_uncontrolled,regression,20a70c561f8e,R6,16,full,2000,n1_pre_l1,dense_random_all_nodes,R6_dense_random,0,True,1,adopted,sole scored evaluation of this evidence unit,45dea923f5eb,45dea923f5eb,ok,2026-09-22T07:11:00.493572+00:00
results/audit/m4_audit/server_evidence/ev/e9_size_d2_n4000/d2_beef_uncontrolled/R6/regression_seed00_fold00.json,96f0e90da29aa9ed0d17fbef7e88710cf29d376d55234ec2d0ad38bc69c55b14,e9_size_d2_n4000,e9_size_d2_n4000,5c46e09b207c8bb6,16349d837b60ece6,5c46e09b207c8bb6,d2_beef_uncontrolled,regression,20a70c561f8e,R6,16,full,4000,n1_pre_l1,dense_random_all_nodes,R6_dense_random,0,True,1,adopted,sole scored evaluation of this evidence unit,e2526bc8a3c8,e2526bc8a3c8,ok,2026-09-22T08:02:51.006146+00:00
results/audit/m4_audit/server_evidence/ev/e9_size_d2/d2_beef_uncontrolled/R5/regression_seed00_fold00.json,99d816997abdc8a305a969c02ad22c51f05b8740f2b0d7319055f2c5267127b9,e9_size_d2,e9_size_d2,5c4bfe30d0640e38,5190124689eb58e2,5c4bfe30d0640e38,d2_beef_uncontrolled,regression,20a70c561f8e,R5,16,full,250,n1_pre_l1,dense_random_all_nodes,R5_small_world,0,True,2,adopted,kept touch of a duplicated unit (2 records); kept = the record with the earliest timestamp_utc; ties broken by the lexicographically smaller config_hash. Chosen without reference to any metric: selecting the better-scoring touch would be choosing the design after knowing which way the result leans.,2b681f4040fc,2b681f4040fc,ok,2026-09-22T06:06:32.565006+00:00
results/audit/m4_audit/server_evidence/ev/e9_size_d2_n250/d2_beef_uncontrolled/R5/regression_seed00_fold00.json,e5f66555606afc49e32f1cba491a3bddab6dcae27938d7776e3236f802a10e3f,e9_size_d2_n250,e9_size_d2_n250,5c4bfe30d0640e38,5190124689eb58e2,5c4bfe30d0640e38,d2_beef_uncontrolled,regression,20a70c561f8e,R5,16,full,250,n1_pre_l1,dense_random_all_nodes,R5_small_world,0,True,2,duplicate_test_touch,"second scored evaluation of the same evidence unit (N=250, same split, same model, same condition) under config e2dbcef1dad6; the kept touch is 2b681f4040fc at 2026-09-22T06:06:32.565006+00:00. kept = the record with the earliest timestamp_utc; ties broken by the lexicographically smaller config_hash. Chosen without reference to any metric: selecting the better-scoring touch would be choosing the design after knowing which way the result leans.",2b681f4040fc,e2dbcef1dad6,ok,2026-09-22T06:51:24.319251+00:00
results/audit/m4_audit/server_evidence/ev/e9_size_d2_n500/d2_beef_uncontrolled/R5/regression_seed00_fold00.json,b67e2fe241d46ce6cd21742d40f86040930672736d155efd16f19f31af4dfd6f,e9_size_d2_n500,e9_size_d2_n500,5c4bfe30d0640e38,58286838279a18d9,5c4bfe30d0640e38,d2_beef_uncontrolled,regression,20a70c561f8e,R5,16,full,500,n1_pre_l1,dense_random_all_nodes,R5_small_world,0,True,1,adopted,sole scored evaluation of this evidence unit,5ef9f26a4c53,5ef9f26a4c53,ok,2026-09-22T06:52:07.762401+00:00
results/audit/m4_audit/server_evidence/ev/e9_size_d2_n1000/d2_beef_uncontrolled/R5/regression_seed00_fold00.json,008f12e64099822ea76fe6f1b787048c11bcff15f619b9253583ab9c1b513e0d,e9_size_d2_n1000,e9_size_d2_n1000,5c4bfe30d0640e38,edf4e9ba8eeeabeb,5c4bfe30d0640e38,d2_beef_uncontrolled,regression,20a70c561f8e,R5,16,full,1000,n1_pre_l1,dense_random_all_nodes,R5_small_world,0,True,1,adopted,sole scored evaluation of this evidence unit,aeaa183639c5,aeaa183639c5,ok,2026-09-22T06:54:29.461731+00:00
results/audit/m4_audit/server_evidence/ev/e9_size_d2_n2000/d2_beef_uncontrolled/R5/regression_seed00_fold00.json,4ece418c8d2100dc96cdaca9471cb61e3eaf5ebbb8ede3fb81b3cc6fdce07358,e9_size_d2_n2000,e9_size_d2_n2000,5c4bfe30d0640e38,236e82878d05cf2c,5c4bfe30d0640e38,d2_beef_uncontrolled,regression,20a70c561f8e,R5,16,full,2000,n1_pre_l1,dense_random_all_nodes,R5_small_world,0,True,1,adopted,sole scored evaluation of this evidence unit,45dea923f5eb,45dea923f5eb,ok,2026-09-22T07:04:08.525351+00:00
results/audit/m4_audit/server_evidence/ev/e9_size_d2_n4000/d2_beef_uncontrolled/R5/regression_seed00_fold00.json,23fc1911c49510cdba7bdebe77883e0410a2c808f03b1340c26b0f2238c175d4,e9_size_d2_n4000,e9_size_d2_n4000,5c4bfe30d0640e38,02ec3e4503e216db,5c4bfe30d0640e38,d2_beef_uncontrolled,regression,20a70c561f8e,R5,16,full,4000,n1_pre_l1,dense_random_all_nodes,R5_small_world,0,True,1,adopted,sole scored evaluation of this evidence unit,e2526bc8a3c8,e2526bc8a3c8,ok,2026-09-22T07:35:12.263377+00:00
results/audit/m4_audit/server_evidence/ev/e9_size_d2/d2_beef_uncontrolled/R5/classification_seed00_fold03.json,5223ad1948ea381a95d2d2e6c0cb829670984b844a8eed24f0935f177fc2b76a,e9_size_d2,e9_size_d2,5faddcd1dd636ea8,d82b24b4fa0f6a35,5faddcd1dd636ea8,d2_beef_uncontrolled,classification,940f76d29b89,R5,16,full,250,n1_pre_l1,dense_random_all_nodes,R5_small_world,0,True,2,adopted,kept touch of a duplicated unit (2 records); kept = the record with the earliest timestamp_utc; ties broken by the lexicographically smaller config_hash. Chosen without reference to any metric: selecting the better-scoring touch would be choosing the design after knowing which way the result leans.,2b681f4040fc,2b681f4040fc,ok,2026-09-22T06:08:28.224171+00:00
results/audit/m4_audit/server_evidence/ev/e9_size_d2_n250/d2_beef_uncontrolled/R5/classification_seed00_fold03.json,5dd5dcb54287b4ae31d6b6a4fc40b231d6cdf4ee82fe3dcdd5ec263a8a44b475,e9_size_d2_n250,e9_size_d2_n250,5faddcd1dd636ea8,d82b24b4fa0f6a35,5faddcd1dd636ea8,d2_beef_uncontrolled,classification,940f76d29b89,R5,16,full,250,n1_pre_l1,dense_random_all_nodes,R5_small_world,0,True,2,duplicate_test_touch,"second scored evaluation of the same evidence unit (N=250, same split, same model, same condition) under config e2dbcef1dad6; the kept touch is 2b681f4040fc at 2026-09-22T06:08:28.224171+00:00. kept = the record with the earliest timestamp_utc; ties broken by the lexicographically smaller config_hash. Chosen without reference to any metric: selecting the better-scoring touch would be choosing the design after knowing which way the result leans.",2b681f4040fc,e2dbcef1dad6,ok,2026-09-22T06:53:39.388258+00:00
results/audit/m4_audit/server_evidence/ev/e9_size_d2_n500/d2_beef_uncontrolled/R5/classification_seed00_fold03.json,dd3d9006c7125792aaa6f0e120056490ea1600557d768ff96cc9d0d08d6bceca,e9_size_d2_n500,e9_size_d2_n500,5faddcd1dd636ea8,4ed84aafd788c6ac,5faddcd1dd636ea8,d2_beef_uncontrolled,classification,940f76d29b89,R5,16,full,500,n1_pre_l1,dense_random_all_nodes,R5_small_world,0,True,1,adopted,sole scored evaluation of this evidence unit,5ef9f26a4c53,5ef9f26a4c53,ok,2026-09-22T06:56:41.403047+00:00
results/audit/m4_audit/server_evidence/ev/e9_size_d2_n1000/d2_beef_uncontrolled/R5/classification_seed00_fold03.json,d5e541c94e6c20406796e591aa13534c4998eb27a86107ec4a324fd792e46e08,e9_size_d2_n1000,e9_size_d2_n1000,5faddcd1dd636ea8,a89aa68871ce155f,5faddcd1dd636ea8,d2_beef_uncontrolled,classification,940f76d29b89,R5,16,full,1000,n1_pre_l1,dense_random_all_nodes,R5_small_world,0,True,1,adopted,sole scored evaluation of this evidence unit,aeaa183639c5,aeaa183639c5,ok,2026-09-22T07:08:56.904260+00:00
results/audit/m4_audit/server_evidence/ev/e9_size_d2_n2000/d2_beef_uncontrolled/R5/classification_seed00_fold03.json,3d4f434b21010e3d597dc5a9dc02e204c5db857ffe398aa75fb8f9870a6a345b,e9_size_d2_n2000,e9_size_d2_n2000,5faddcd1dd636ea8,0a7b984c9c430eaf,5faddcd1dd636ea8,d2_beef_uncontrolled,classification,940f76d29b89,R5,16,full,2000,n1_pre_l1,dense_random_all_nodes,R5_small_world,0,True,1,adopted,sole scored evaluation of this evidence unit,45dea923f5eb,45dea923f5eb,ok,2026-09-22T07:51:15.082249+00:00
results/audit/m4_audit/server_evidence/ev/e9_size_d2_n4000/d2_beef_uncontrolled/R5/classification_seed00_fold03.json,71f597eaf1fefecf2894ffe2fb8673a0e73ba668a8dd10e33f038f5d63338faa,e9_size_d2_n4000,e9_size_d2_n4000,5faddcd1dd636ea8,ab3178f808e1eeaa,5faddcd1dd636ea8,d2_beef_uncontrolled,classification,940f76d29b89,R5,16,full,4000,n1_pre_l1,dense_random_all_nodes,R5_small_world,0,True,1,adopted,sole scored evaluation of this evidence unit,e2526bc8a3c8,e2526bc8a3c8,ok,2026-09-22T10:23:45.358695+00:00
results/audit/m4_audit/server_evidence/ev/e9_size_d2/d2_beef_uncontrolled/R6/regression_seed00_fold04.json,71dbbdeea6eccb889392c668f4e4b7779ea5f350953765e320288aa0e124b6b8,e9_size_d2,e9_size_d2,6ebb4ec62fad6f95,778d5b76f03e6ecc,6ebb4ec62fad6f95,d2_beef_uncontrolled,regression,b01bbf6f9575,R6,16,full,250,n1_pre_l1,dense_random_all_nodes,R6_dense_random,0,True,2,adopted,kept touch of a duplicated unit (2 records); kept = the record with the earliest timestamp_utc; ties broken by the lexicographically smaller config_hash. Chosen without reference to any metric: selecting the better-scoring touch would be choosing the design after knowing which way the result leans.,2b681f4040fc,2b681f4040fc,ok,2026-09-22T06:09:45.055593+00:00
results/audit/m4_audit/server_evidence/ev/e9_size_d2_n250/d2_beef_uncontrolled/R6/regression_seed00_fold04.json,db9e431074ae4fa8c8dcddb1ba9a2a47da3b00ae8671a27da7a910e3137f0d76,e9_size_d2_n250,e9_size_d2_n250,6ebb4ec62fad6f95,778d5b76f03e6ecc,6ebb4ec62fad6f95,d2_beef_uncontrolled,regression,b01bbf6f9575,R6,16,full,250,n1_pre_l1,dense_random_all_nodes,R6_dense_random,0,True,2,duplicate_test_touch,"second scored evaluation of the same evidence unit (N=250, same split, same model, same condition) under config e2dbcef1dad6; the kept touch is 2b681f4040fc at 2026-09-22T06:09:45.055593+00:00. kept = the record with the earliest timestamp_utc; ties broken by the lexicographically smaller config_hash. Chosen without reference to any metric: selecting the better-scoring touch would be choosing the design after knowing which way the result leans.",2b681f4040fc,e2dbcef1dad6,ok,2026-09-22T06:55:05.284042+00:00
results/audit/m4_audit/server_evidence/ev/e9_size_d2_n500/d2_beef_uncontrolled/R6/regression_seed00_fold04.json,8658fc3601d62f059e3f7524d9084f773b9b4ce13810ebe0ab66c57a22e81add,e9_size_d2_n500,e9_size_d2_n500,6ebb4ec62fad6f95,a53b2fd9adc0c267,6ebb4ec62fad6f95,d2_beef_uncontrolled,regression,b01bbf6f9575,R6,16,full,500,n1_pre_l1,dense_random_all_nodes,R6_dense_random,0,True,1,adopted,sole scored evaluation of this evidence unit,5ef9f26a4c53,5ef9f26a4c53,ok,2026-09-22T07:00:39.850490+00:00
results/audit/m4_audit/server_evidence/ev/e9_size_d2_n1000/d2_beef_uncontrolled/R6/regression_seed00_fold04.json,777c1e212dc9f6081b5a890086a1c15185e3185ddd642330b36c335e3d280533,e9_size_d2_n1000,e9_size_d2_n1000,6ebb4ec62fad6f95,0de113a82c052aee,6ebb4ec62fad6f95,d2_beef_uncontrolled,regression,b01bbf6f9575,R6,16,full,1000,n1_pre_l1,dense_random_all_nodes,R6_dense_random,0,True,1,adopted,sole scored evaluation of this evidence unit,aeaa183639c5,aeaa183639c5,ok,2026-09-22T07:19:46.023290+00:00
results/audit/m4_audit/server_evidence/ev/e9_size_d2_n2000/d2_beef_uncontrolled/R6/regression_seed00_fold04.json,d8fb47b67883ac5dd7745be57aaabf6c0d795e7b33257cc6c04e39df234481b6,e9_size_d2_n2000,e9_size_d2_n2000,6ebb4ec62fad6f95,bd4d2e74f5162818,6ebb4ec62fad6f95,d2_beef_uncontrolled,regression,b01bbf6f9575,R6,16,full,2000,n1_pre_l1,dense_random_all_nodes,R6_dense_random,0,True,1,adopted,sole scored evaluation of this evidence unit,45dea923f5eb,45dea923f5eb,ok,2026-09-22T08:25:59.569124+00:00
results/audit/m4_audit/server_evidence/ev/e9_size_d2_n4000/d2_beef_uncontrolled/R6/regression_seed00_fold04.json,7eec3af126845805dffcf11142b3ae4c442345c75e41014ba0d70a328b44c2fa,e9_size_d2_n4000,e9_size_d2_n4000,6ebb4ec62fad6f95,8ae4b351ca70a76e,6ebb4ec62fad6f95,d2_beef_uncontrolled,regression,b01bbf6f9575,R6,16,full,4000,n1_pre_l1,dense_random_all_nodes,R6_dense_random,0,True,1,adopted,sole scored evaluation of this evidence unit,e2526bc8a3c8,e2526bc8a3c8,ok,2026-09-22T12:38:54.801439+00:00
results/audit/m4_audit/server_evidence/ev/e9_size_d2/d2_beef_uncontrolled/R4/regression_seed00_fold03.json,de8929023e10ee1fd60d4b92a31e445842cd804240dbbf49dd5afe1814bfab9c,e9_size_d2,e9_size_d2,73f2790f1cc6ebbc,e482a19b2190623e,73f2790f1cc6ebbc,d2_beef_uncontrolled,regression,940f76d29b89,R4,16,full,250,n1_pre_l1,dense_random_all_nodes,R4_er_esn,0,True,2,adopted,kept touch of a duplicated unit (2 records); kept = the record with the earliest timestamp_utc; ties broken by the lexicographically smaller config_hash. Chosen without reference to any metric: selecting the better-scoring touch would be choosing the design after knowing which way the result leans.,2b681f4040fc,2b681f4040fc,ok,2026-09-22T06:08:48.844929+00:00
results/audit/m4_audit/server_evidence/ev/e9_size_d2_n250/d2_beef_uncontrolled/R4/regression_seed00_fold03.json,c42aa36dc1cfe1954dbd82886e968a9c5fd4e5ace9b268725ed5d2179a2f8c78,e9_size_d2_n250,e9_size_d2_n250,73f2790f1cc6ebbc,e482a19b2190623e,73f2790f1cc6ebbc,d2_beef_uncontrolled,regression,940f76d29b89,R4,16,full,250,n1_pre_l1,dense_random_all_nodes,R4_er_esn,0,True,2,duplicate_test_touch,"second scored evaluation of the same evidence unit (N=250, same split, same model, same condition) under config e2dbcef1dad6; the kept touch is 2b681f4040fc at 2026-09-22T06:08:48.844929+00:00. kept = the record with the earliest timestamp_utc; ties broken by the lexicographically smaller config_hash. Chosen without reference to any metric: selecting the better-scoring touch would be choosing the design after knowing which way the result leans.",2b681f4040fc,e2dbcef1dad6,ok,2026-09-22T06:54:02.651672+00:00
results/audit/m4_audit/server_evidence/ev/e9_size_d2_n500/d2_beef_uncontrolled/R4/regression_seed00_fold03.json,6be479d7d76e77a0d47fdce1b651798afda3e8858c74bb974219b85337b23d7d,e9_size_d2_n500,e9_size_d2_n500,73f2790f1cc6ebbc,08795d4a3ea69339,73f2790f1cc6ebbc,d2_beef_uncontrolled,regression,940f76d29b89,R4,16,full,500,n1_pre_l1,dense_random_all_nodes,R4_er_esn,0,True,1,adopted,sole scored evaluation of this evidence unit,5ef9f26a4c53,5ef9f26a4c53,ok,2026-09-22T06:57:30.858439+00:00
results/audit/m4_audit/server_evidence/ev/e9_size_d2_n1000/d2_beef_uncontrolled/R4/regression_seed00_fold03.json,b5fc6c3f6c10b73deb83ae4ebb999a8aa1723b49c1ccdc8474f68732139a6387,e9_size_d2_n1000,e9_size_d2_n1000,73f2790f1cc6ebbc,2e88ae916406e29e,73f2790f1cc6ebbc,d2_beef_uncontrolled,regression,940f76d29b89,R4,16,full,1000,n1_pre_l1,dense_random_all_nodes,R4_er_esn,0,True,1,adopted,sole scored evaluation of this evidence unit,aeaa183639c5,aeaa183639c5,ok,2026-09-22T07:11:38.013760+00:00
results/audit/m4_audit/server_evidence/ev/e9_size_d2_n2000/d2_beef_uncontrolled/R4/regression_seed00_fold03.json,142aae219bd0bc8ef366b2db6524c3b06e8fcf271262359860d0c5d28282d142,e9_size_d2_n2000,e9_size_d2_n2000,73f2790f1cc6ebbc,f6d41120996ddc28,73f2790f1cc6ebbc,d2_beef_uncontrolled,regression,940f76d29b89,R4,16,full,2000,n1_pre_l1,dense_random_all_nodes,R4_er_esn,0,True,1,adopted,sole scored evaluation of this evidence unit,45dea923f5eb,45dea923f5eb,ok,2026-09-22T08:00:29.229951+00:00
results/audit/m4_audit/server_evidence/ev/e9_size_d2_n4000/d2_beef_uncontrolled/R4/regression_seed00_fold03.json,7e2a125339d373c465ee44ed3f3586054703ec93c72d4c8042621ddc49949633,e9_size_d2_n4000,e9_size_d2_n4000,73f2790f1cc6ebbc,42a9302fe6e26e66,73f2790f1cc6ebbc,d2_beef_uncontrolled,regression,940f76d29b89,R4,16,full,4000,n1_pre_l1,dense_random_all_nodes,R4_er_esn,0,True,1,adopted,sole scored evaluation of this evidence unit,e2526bc8a3c8,e2526bc8a3c8,ok,2026-09-22T11:00:54.983475+00:00
results/audit/m4_audit/server_evidence/ev/e9_size_d2/d2_beef_uncontrolled/R6/classification_seed00_fold03.json,c43579890b71089b1bb946437fede56ab3a4e2934c9481aca1f0a361d6273377,e9_size_d2,e9_size_d2,7578aae9f6414d68,2ba5e2d057537669,7578aae9f6414d68,d2_beef_uncontrolled,classification,940f76d29b89,R6,16,full,250,n1_pre_l1,dense_random_all_nodes,R6_dense_random,0,True,2,adopted,kept touch of a duplicated unit (2 records); kept = the record with the earliest timestamp_utc; ties broken by the lexicographically smaller config_hash. Chosen without reference to any metric: selecting the better-scoring touch would be choosing the design after knowing which way the result leans.,2b681f4040fc,2b681f4040fc,ok,2026-09-22T06:08:37.697475+00:00
results/audit/m4_audit/server_evidence/ev/e9_size_d2_n250/d2_beef_uncontrolled/R6/classification_seed00_fold03.json,a7466cea9eb667c80cfa4a4c9a75a6ffcbb38205e7b1f1b61b67977208cdb5ce,e9_size_d2_n250,e9_size_d2_n250,7578aae9f6414d68,2ba5e2d057537669,7578aae9f6414d68,d2_beef_uncontrolled,classification,940f76d29b89,R6,16,full,250,n1_pre_l1,dense_random_all_nodes,R6_dense_random,0,True,2,duplicate_test_touch,"second scored evaluation of the same evidence unit (N=250, same split, same model, same condition) under config e2dbcef1dad6; the kept touch is 2b681f4040fc at 2026-09-22T06:08:37.697475+00:00. kept = the record with the earliest timestamp_utc; ties broken by the lexicographically smaller config_hash. Chosen without reference to any metric: selecting the better-scoring touch would be choosing the design after knowing which way the result leans.",2b681f4040fc,e2dbcef1dad6,ok,2026-09-22T06:53:50.004447+00:00
results/audit/m4_audit/server_evidence/ev/e9_size_d2_n500/d2_beef_uncontrolled/R6/classification_seed00_fold03.json,2f3ade3f78fed99076bd10252fba26c4374f68a393bf583fa8ea7fa9bb1a047e,e9_size_d2_n500,e9_size_d2_n500,7578aae9f6414d68,3944c3a6f2543789,7578aae9f6414d68,d2_beef_uncontrolled,classification,940f76d29b89,R6,16,full,500,n1_pre_l1,dense_random_all_nodes,R6_dense_random,0,True,1,adopted,sole scored evaluation of this evidence unit,5ef9f26a4c53,5ef9f26a4c53,ok,2026-09-22T06:57:15.366010+00:00
results/audit/m4_audit/server_evidence/ev/e9_size_d2_n1000/d2_beef_uncontrolled/R6/classification_seed00_fold03.json,cb134f076e86560cb8e1a412b16cd8284a5995ebc370561723b82ae51553094a,e9_size_d2_n1000,e9_size_d2_n1000,7578aae9f6414d68,fac1bd41dd760eda,7578aae9f6414d68,d2_beef_uncontrolled,classification,940f76d29b89,R6,16,full,1000,n1_pre_l1,dense_random_all_nodes,R6_dense_random,0,True,1,adopted,sole scored evaluation of this evidence unit,aeaa183639c5,aeaa183639c5,ok,2026-09-22T07:11:08.298870+00:00
results/audit/m4_audit/server_evidence/ev/e9_size_d2_n2000/d2_beef_uncontrolled/R6/classification_seed00_fold03.json,9bd0b903c82a018612b28cdf285b8a956d323a37349be857ad16721cab9fe7c5,e9_size_d2_n2000,e9_size_d2_n2000,7578aae9f6414d68,ec71b4dc56abbc53,7578aae9f6414d68,d2_beef_uncontrolled,classification,940f76d29b89,R6,16,full,2000,n1_pre_l1,dense_random_all_nodes,R6_dense_random,0,True,1,adopted,sole scored evaluation of this evidence unit,45dea923f5eb,45dea923f5eb,ok,2026-09-22T07:59:16.358601+00:00
results/audit/m4_audit/server_evidence/ev/e9_size_d2_n4000/d2_beef_uncontrolled/R6/classification_seed00_fold03.json,7b80595653c65b3ebfd4279ca70a3c2a0a299cfde4b07530e760f486c590b1e0,e9_size_d2_n4000,e9_size_d2_n4000,7578aae9f6414d68,85dab843fd8f1f98,7578aae9f6414d68,d2_beef_uncontrolled,classification,940f76d29b89,R6,16,full,4000,n1_pre_l1,dense_random_all_nodes,R6_dense_random,0,True,1,adopted,sole scored evaluation of this evidence unit,e2526bc8a3c8,e2526bc8a3c8,ok,2026-09-22T10:57:11.160813+00:00
results/audit/m4_audit/server_evidence/ev/e9_size_d2/d2_beef_uncontrolled/R2/regression_seed00_fold04.json,169426dad98b83d3388752aa0f63542c43bc48f9c7b5252e30baeca0ec5ffbd8,e9_size_d2,e9_size_d2,7b1306e2996f4a8e,82426e0340b070ed,7b1306e2996f4a8e,d2_beef_uncontrolled,regression,b01bbf6f9575,R2,16,full,250,n1_pre_l1,dense_random_all_nodes,R2_degree_rewired,0,True,2,adopted,kept touch of a duplicated unit (2 records); kept = the record with the earliest timestamp_utc; ties broken by the lexicographically smaller config_hash. Chosen without reference to any metric: selecting the better-scoring touch would be choosing the design after knowing which way the result leans.,2b681f4040fc,2b681f4040fc,ok,2026-09-22T06:09:30.567590+00:00
results/audit/m4_audit/server_evidence/ev/e9_size_d2_n250/d2_beef_uncontrolled/R2/regression_seed00_fold04.json,fd83adc9a7ac84ca8cea30afdeea349798c505cff3c874f19ae84f5dcaff9174,e9_size_d2_n250,e9_size_d2_n250,7b1306e2996f4a8e,82426e0340b070ed,7b1306e2996f4a8e,d2_beef_uncontrolled,regression,b01bbf6f9575,R2,16,full,250,n1_pre_l1,dense_random_all_nodes,R2_degree_rewired,0,True,2,duplicate_test_touch,"second scored evaluation of the same evidence unit (N=250, same split, same model, same condition) under config e2dbcef1dad6; the kept touch is 2b681f4040fc at 2026-09-22T06:09:30.567590+00:00. kept = the record with the earliest timestamp_utc; ties broken by the lexicographically smaller config_hash. Chosen without reference to any metric: selecting the better-scoring touch would be choosing the design after knowing which way the result leans.",2b681f4040fc,e2dbcef1dad6,ok,2026-09-22T06:54:47.865949+00:00
results/audit/m4_audit/server_evidence/ev/e9_size_d2_n500/d2_beef_uncontrolled/R2/regression_seed00_fold04.json,364d88fd73b14f633d555aa037c0b913a23ab3f19333f348bcac6db4c5814409,e9_size_d2_n500,e9_size_d2_n500,7b1306e2996f4a8e,066922a014e5f7d3,7b1306e2996f4a8e,d2_beef_uncontrolled,regression,b01bbf6f9575,R2,16,full,500,n1_pre_l1,dense_random_all_nodes,R2_degree_rewired,0,True,1,adopted,sole scored evaluation of this evidence unit,5ef9f26a4c53,5ef9f26a4c53,ok,2026-09-22T06:59:12.841985+00:00
results/audit/m4_audit/server_evidence/ev/e9_size_d2_n1000/d2_beef_uncontrolled/R2/regression_seed00_fold04.json,3230d87e8a43f3d5b8f804b343089246019e4aa7bd887939b9b77091fc1a38e3,e9_size_d2_n1000,e9_size_d2_n1000,7b1306e2996f4a8e,809a6e0809559371,7b1306e2996f4a8e,d2_beef_uncontrolled,regression,b01bbf6f9575,R2,16,full,1000,n1_pre_l1,dense_random_all_nodes,R2_degree_rewired,0,True,1,adopted,sole scored evaluation of this evidence unit,aeaa183639c5,aeaa183639c5,ok,2026-09-22T07:16:40.217669+00:00
results/audit/m4_audit/server_evidence/ev/e9_size_d2_n2000/d2_beef_uncontrolled/R2/regression_seed00_fold04.json,03038a852bbebd0d2494e3f1bec952d834d7ccd945f322ff2fa90c40b12cb3e7,e9_size_d2_n2000,e9_size_d2_n2000,7b1306e2996f4a8e,57791bd38f104a65,7b1306e2996f4a8e,d2_beef_uncontrolled,regression,b01bbf6f9575,R2,16,full,2000,n1_pre_l1,dense_random_all_nodes,R2_degree_rewired,0,True,1,adopted,sole scored evaluation of this evidence unit,45dea923f5eb,45dea923f5eb,ok,2026-09-22T08:18:33.163444+00:00
results/audit/m4_audit/server_evidence/ev/e9_size_d2_n4000/d2_beef_uncontrolled/R2/regression_seed00_fold04.json,d91379bd4bbb83a54594f5639a309f4a53a8c2d7b503cfe997471e3fa5c61c01,e9_size_d2_n4000,e9_size_d2_n4000,7b1306e2996f4a8e,a3d771b14d7c56eb,7b1306e2996f4a8e,d2_beef_uncontrolled,regression,b01bbf6f9575,R2,16,full,4000,n1_pre_l1,dense_random_all_nodes,R2_degree_rewired,0,True,1,adopted,sole scored evaluation of this evidence unit,e2526bc8a3c8,e2526bc8a3c8,ok,2026-09-22T12:06:51.141593+00:00
results/audit/m4_audit/server_evidence/ev/e9_size_d2/d2_beef_uncontrolled/R4/classification_seed00_fold02.json,62700a727c62c3a08e9d02a2de00daff109a58d47cc7d60fcf402cc28cbaa5e3,e9_size_d2,e9_size_d2,7b50fe666f9967dd,16978afce46f5e73,7b50fe666f9967dd,d2_beef_uncontrolled,classification,8f5d6031eff3,R4,16,full,250,n1_pre_l1,dense_random_all_nodes,R4_er_esn,0,True,2,adopted,kept touch of a duplicated unit (2 records); kept = the record with the earliest timestamp_utc; ties broken by the lexicographically smaller config_hash. Chosen without reference to any metric: selecting the better-scoring touch would be choosing the design after knowing which way the result leans.,2b681f4040fc,2b681f4040fc,ok,2026-09-22T06:07:39.711430+00:00
results/audit/m4_audit/server_evidence/ev/e9_size_d2_n250/d2_beef_uncontrolled/R4/classification_seed00_fold02.json,60af89c5fa3e1653ddf81f8f46214ccbc39af68841126ea10b55230dc60b3fb5,e9_size_d2_n250,e9_size_d2_n250,7b50fe666f9967dd,16978afce46f5e73,7b50fe666f9967dd,d2_beef_uncontrolled,classification,8f5d6031eff3,R4,16,full,250,n1_pre_l1,dense_random_all_nodes,R4_er_esn,0,True,2,duplicate_test_touch,"second scored evaluation of the same evidence unit (N=250, same split, same model, same condition) under config e2dbcef1dad6; the kept touch is 2b681f4040fc at 2026-09-22T06:07:39.711430+00:00. kept = the record with the earliest timestamp_utc; ties broken by the lexicographically smaller config_hash. Chosen without reference to any metric: selecting the better-scoring touch would be choosing the design after knowing which way the result leans.",2b681f4040fc,e2dbcef1dad6,ok,2026-09-22T06:52:47.574027+00:00
results/audit/m4_audit/server_evidence/ev/e9_size_d2_n500/d2_beef_uncontrolled/R4/classification_seed00_fold02.json,2b3d3748acc9d4e77161739df3643e6b7234fc2ed50ded8d8516571b8295b610,e9_size_d2_n500,e9_size_d2_n500,7b50fe666f9967dd,26143d49fadff455,7b50fe666f9967dd,d2_beef_uncontrolled,classification,8f5d6031eff3,R4,16,full,500,n1_pre_l1,dense_random_all_nodes,R4_er_esn,0,True,1,adopted,sole scored evaluation of this evidence unit,5ef9f26a4c53,5ef9f26a4c53,ok,2026-09-22T06:54:49.870783+00:00
results/audit/m4_audit/server_evidence/ev/e9_size_d2_n1000/d2_beef_uncontrolled/R4/classification_seed00_fold02.json,be00ce4b51fd314c0a15bd7c33f4c1e431558075e9fd2a7215cf087005b1a601,e9_size_d2_n1000,e9_size_d2_n1000,7b50fe666f9967dd,8ab36d7c6095ab16,7b50fe666f9967dd,d2_beef_uncontrolled,classification,8f5d6031eff3,R4,16,full,1000,n1_pre_l1,dense_random_all_nodes,R4_er_esn,0,True,1,adopted,sole scored evaluation of this evidence unit,aeaa183639c5,aeaa183639c5,ok,2026-09-22T07:03:44.280135+00:00
results/audit/m4_audit/server_evidence/ev/e9_size_d2_n2000/d2_beef_uncontrolled/R4/classification_seed00_fold02.json,2a9f5119f872097fdff12adf6a1ccb21b94ab96ed79551175ef8e244d1dc2696,e9_size_d2_n2000,e9_size_d2_n2000,7b50fe666f9967dd,0dfbb937c1059414,7b50fe666f9967dd,d2_beef_uncontrolled,classification,8f5d6031eff3,R4,16,full,2000,n1_pre_l1,dense_random_all_nodes,R4_er_esn,0,True,1,adopted,sole scored evaluation of this evidence unit,45dea923f5eb,45dea923f5eb,ok,2026-09-22T07:31:25.149730+00:00
results/audit/m4_audit/server_evidence/ev/e9_size_d2_n4000/d2_beef_uncontrolled/R4/classification_seed00_fold02.json,93833ea8cc4d0f7463cd8a808f8e7272b5f4b2d9c0e35f9c805bac38539fe944,e9_size_d2_n4000,e9_size_d2_n4000,7b50fe666f9967dd,68a04eb1bc87dab2,7b50fe666f9967dd,d2_beef_uncontrolled,classification,8f5d6031eff3,R4,16,full,4000,n1_pre_l1,dense_random_all_nodes,R4_er_esn,0,True,1,adopted,sole scored evaluation of this evidence unit,e2526bc8a3c8,e2526bc8a3c8,ok,2026-09-22T09:16:03.349070+00:00
results/audit/m4_audit/server_evidence/ev/e9_size_d2/d2_beef_uncontrolled/R6/classification_seed00_fold01.json,88fc3be9395d8f2fa580db722e7094ddf260ad7d1377bb33bd096080a5ab6776,e9_size_d2,e9_size_d2,7d4203b7844a7048,3bd6fe91e4ca661e,7d4203b7844a7048,d2_beef_uncontrolled,classification,6c9ef01abdf9,R6,16,full,250,n1_pre_l1,dense_random_all_nodes,R6_dense_random,0,True,2,adopted,kept touch of a duplicated unit (2 records); kept = the record with the earliest timestamp_utc; ties broken by the lexicographically smaller config_hash. Chosen without reference to any metric: selecting the better-scoring touch would be choosing the design after knowing which way the result leans.,2b681f4040fc,2b681f4040fc,ok,2026-09-22T06:07:05.428201+00:00
results/audit/m4_audit/server_evidence/ev/e9_size_d2_n250/d2_beef_uncontrolled/R6/classification_seed00_fold01.json,d570f13a8420f1abe0f3bc8d9da6775b2c31807b860863e2b390115d863fd4e6,e9_size_d2_n250,e9_size_d2_n250,7d4203b7844a7048,3bd6fe91e4ca661e,7d4203b7844a7048,d2_beef_uncontrolled,classification,6c9ef01abdf9,R6,16,full,250,n1_pre_l1,dense_random_all_nodes,R6_dense_random,0,True,2,duplicate_test_touch,"second scored evaluation of the same evidence unit (N=250, same split, same model, same condition) under config e2dbcef1dad6; the kept touch is 2b681f4040fc at 2026-09-22T06:07:05.428201+00:00. kept = the record with the earliest timestamp_utc; ties broken by the lexicographically smaller config_hash. Chosen without reference to any metric: selecting the better-scoring touch would be choosing the design after knowing which way the result leans.",2b681f4040fc,e2dbcef1dad6,ok,2026-09-22T06:52:05.425841+00:00
results/audit/m4_audit/server_evidence/ev/e9_size_d2_n500/d2_beef_uncontrolled/R6/classification_seed00_fold01.json,68417a60f8aa2fe1582c10a24f87d5807b6808d00e6565d75c4dd262574a6d64,e9_size_d2_n500,e9_size_d2_n500,7d4203b7844a7048,0c04a06264089f06,7d4203b7844a7048,d2_beef_uncontrolled,classification,6c9ef01abdf9,R6,16,full,500,n1_pre_l1,dense_random_all_nodes,R6_dense_random,0,True,1,adopted,sole scored evaluation of this evidence unit,5ef9f26a4c53,5ef9f26a4c53,ok,2026-09-22T06:53:40.738381+00:00
results/audit/m4_audit/server_evidence/ev/e9_size_d2_n1000/d2_beef_uncontrolled/R6/classification_seed00_fold01.json,a45b8b3004a5fde74befefefd8f5ab715ff6f3bb46334368a1f1dd88dbe09fd5,e9_size_d2_n1000,e9_size_d2_n1000,7d4203b7844a7048,2236a05f35d424a8,7d4203b7844a7048,d2_beef_uncontrolled,classification,6c9ef01abdf9,R6,16,full,1000,n1_pre_l1,dense_random_all_nodes,R6_dense_random,0,True,1,adopted,sole scored evaluation of this evidence unit,aeaa183639c5,aeaa183639c5,ok,2026-09-22T06:59:35.639540+00:00
results/audit/m4_audit/server_evidence/ev/e9_size_d2_n2000/d2_beef_uncontrolled/R6/classification_seed00_fold01.json,5a5ce972b7c2c775540cc4b23741a8d8bf580df2b034a80013b448ccf1158fac,e9_size_d2_n2000,e9_size_d2_n2000,7d4203b7844a7048,e43e216d40a565ad,7d4203b7844a7048,d2_beef_uncontrolled,classification,6c9ef01abdf9,R6,16,full,2000,n1_pre_l1,dense_random_all_nodes,R6_dense_random,0,True,1,adopted,sole scored evaluation of this evidence unit,45dea923f5eb,45dea923f5eb,ok,2026-09-22T07:22:10.114755+00:00
results/audit/m4_audit/server_evidence/ev/e9_size_d2_n4000/d2_beef_uncontrolled/R6/classification_seed00_fold01.json,b35f9d723574c275a0fa09682c4624acc7a9a0738460d12eedf7cfcc18ecf9e2,e9_size_d2_n4000,e9_size_d2_n4000,7d4203b7844a7048,eba696fee069f2df,7d4203b7844a7048,d2_beef_uncontrolled,classification,6c9ef01abdf9,R6,16,full,4000,n1_pre_l1,dense_random_all_nodes,R6_dense_random,0,True,1,adopted,sole scored evaluation of this evidence unit,e2526bc8a3c8,e2526bc8a3c8,ok,2026-09-22T08:41:21.146806+00:00
results/audit/m4_audit/server_evidence/ev/e9_size_d2/d2_beef_uncontrolled/R1/regression_seed00_fold02.json,479447a3e63383412677492fd0acdfb4d30f5023b33976bde04d600bdeb93fde,e9_size_d2,e9_size_d2,7dd627dfae5e18fe,416a93187c6684f8,7dd627dfae5e18fe,d2_beef_uncontrolled,regression,8f5d6031eff3,R1,16,full,250,n1_pre_l1,dense_random_all_nodes,R1_weight_shuffled,0,True,2,adopted,kept touch of a duplicated unit (2 records); kept = the record with the earliest timestamp_utc; ties broken by the lexicographically smaller config_hash. Chosen without reference to any metric: selecting the better-scoring touch would be choosing the design after knowing which way the result leans.,2b681f4040fc,2b681f4040fc,ok,2026-09-22T06:07:55.960360+00:00
results/audit/m4_audit/server_evidence/ev/e9_size_d2_n250/d2_beef_uncontrolled/R1/regression_seed00_fold02.json,eed3f14f27be409b2f80cf36f84e1713d7be218f775649854210d2e753114a1c,e9_size_d2_n250,e9_size_d2_n250,7dd627dfae5e18fe,416a93187c6684f8,7dd627dfae5e18fe,d2_beef_uncontrolled,regression,8f5d6031eff3,R1,16,full,250,n1_pre_l1,dense_random_all_nodes,R1_weight_shuffled,0,True,2,duplicate_test_touch,"second scored evaluation of the same evidence unit (N=250, same split, same model, same condition) under config e2dbcef1dad6; the kept touch is 2b681f4040fc at 2026-09-22T06:07:55.960360+00:00. kept = the record with the earliest timestamp_utc; ties broken by the lexicographically smaller config_hash. Chosen without reference to any metric: selecting the better-scoring touch would be choosing the design after knowing which way the result leans.",2b681f4040fc,e2dbcef1dad6,ok,2026-09-22T06:53:05.368108+00:00
results/audit/m4_audit/server_evidence/ev/e9_size_d2_n500/d2_beef_uncontrolled/R1/regression_seed00_fold02.json,27b87f9221b99183ca7b3e6c03331134ec795396358cefe9f0b62b0e1170220e,e9_size_d2_n500,e9_size_d2_n500,7dd627dfae5e18fe,545d671ee883a351,7dd627dfae5e18fe,d2_beef_uncontrolled,regression,8f5d6031eff3,R1,16,full,500,n1_pre_l1,dense_random_all_nodes,R1_weight_shuffled,0,True,1,adopted,sole scored evaluation of this evidence unit,5ef9f26a4c53,5ef9f26a4c53,ok,2026-09-22T06:55:36.060755+00:00
results/audit/m4_audit/server_evidence/ev/e9_size_d2_n1000/d2_beef_uncontrolled/R1/regression_seed00_fold02.json,0f87ac72e6fc6eb8f452b05a6eaf4f49fe6527734c019bc7fb778d11cbd747fd,e9_size_d2_n1000,e9_size_d2_n1000,7dd627dfae5e18fe,464467b17137128c,7dd627dfae5e18fe,d2_beef_uncontrolled,regression,8f5d6031eff3,R1,16,full,1000,n1_pre_l1,dense_random_all_nodes,R1_weight_shuffled,0,True,1,adopted,sole scored evaluation of this evidence unit,aeaa183639c5,aeaa183639c5,ok,2026-09-22T07:06:08.721130+00:00
results/audit/m4_audit/server_evidence/ev/e9_size_d2_n2000/d2_beef_uncontrolled/R1/regression_seed00_fold02.json,4aee7a15b75cc1a3051010d91695241a40ef7a600670aed5804b1a5013804256,e9_size_d2_n2000,e9_size_d2_n2000,7dd627dfae5e18fe,1974371cfecb94ab,7dd627dfae5e18fe,d2_beef_uncontrolled,regression,8f5d6031eff3,R1,16,full,2000,n1_pre_l1,dense_random_all_nodes,R1_weight_shuffled,0,True,1,adopted,sole scored evaluation of this evidence unit,45dea923f5eb,45dea923f5eb,ok,2026-09-22T07:39:52.995084+00:00
results/audit/m4_audit/server_evidence/ev/e9_size_d2_n4000/d2_beef_uncontrolled/R1/regression_seed00_fold02.json,02478a685afcd723c6c8fc1be8e8d0ce2cdfaca806fb423cc53ee166e6071bd6,e9_size_d2_n4000,e9_size_d2_n4000,7dd627dfae5e18fe,1affa4fdfc67ddae,7dd627dfae5e18fe,d2_beef_uncontrolled,regression,8f5d6031eff3,R1,16,full,4000,n1_pre_l1,dense_random_all_nodes,R1_weight_shuffled,0,True,1,adopted,sole scored evaluation of this evidence unit,e2526bc8a3c8,e2526bc8a3c8,ok,2026-09-22T09:49:26.541095+00:00
results/audit/m4_audit/server_evidence/ev/e9_size_d2/d2_beef_uncontrolled/R3/regression_seed00_fold03.json,1138ce8beaf55359f0d7ce8945cf9fec0e04b141e1ca5ca5ca42e2215ef395f1,e9_size_d2,e9_size_d2,7fc849edd2cd35ec,c51882d803c779c2,7fc849edd2cd35ec,d2_beef_uncontrolled,regression,940f76d29b89,R3,16,full,250,n1_pre_l1,dense_random_all_nodes,R3_random_sparse,0,True,2,adopted,kept touch of a duplicated unit (2 records); kept = the record with the earliest timestamp_utc; ties broken by the lexicographically smaller config_hash. Chosen without reference to any metric: selecting the better-scoring touch would be choosing the design after knowing which way the result leans.,2b681f4040fc,2b681f4040fc,ok,2026-09-22T06:08:46.265237+00:00
results/audit/m4_audit/server_evidence/ev/e9_size_d2_n250/d2_beef_uncontrolled/R3/regression_seed00_fold03.json,e123f4b77a2df4b99485a0455a003df8af94fba077c2b1759d3d289445f25a73,e9_size_d2_n250,e9_size_d2_n250,7fc849edd2cd35ec,c51882d803c779c2,7fc849edd2cd35ec,d2_beef_uncontrolled,regression,940f76d29b89,R3,16,full,250,n1_pre_l1,dense_random_all_nodes,R3_random_sparse,0,True,2,duplicate_test_touch,"second scored evaluation of the same evidence unit (N=250, same split, same model, same condition) under config e2dbcef1dad6; the kept touch is 2b681f4040fc at 2026-09-22T06:08:46.265237+00:00. kept = the record with the earliest timestamp_utc; ties broken by the lexicographically smaller config_hash. Chosen without reference to any metric: selecting the better-scoring touch would be choosing the design after knowing which way the result leans.",2b681f4040fc,e2dbcef1dad6,ok,2026-09-22T06:53:59.641618+00:00
results/audit/m4_audit/server_evidence/ev/e9_size_d2_n500/d2_beef_uncontrolled/R3/regression_seed00_fold03.json,2aace3e0598225d1d53199d9a9b49133409b411bfa254018a64fc483cb9d5181,e9_size_d2_n500,e9_size_d2_n500,7fc849edd2cd35ec,519fa84b202be3b9,7fc849edd2cd35ec,d2_beef_uncontrolled,regression,940f76d29b89,R3,16,full,500,n1_pre_l1,dense_random_all_nodes,R3_random_sparse,0,True,1,adopted,sole scored evaluation of this evidence unit,5ef9f26a4c53,5ef9f26a4c53,ok,2026-09-22T06:57:26.106612+00:00
results/audit/m4_audit/server_evidence/ev/e9_size_d2_n1000/d2_beef_uncontrolled/R3/regression_seed00_fold03.json,da67fd8226cfd6a58cf12fd45c363d2abbecbcda0fc6c00b042c84823c8ce138,e9_size_d2_n1000,e9_size_d2_n1000,7fc849edd2cd35ec,ebd8c1f05b14c106,7fc849edd2cd35ec,d2_beef_uncontrolled,regression,940f76d29b89,R3,16,full,1000,n1_pre_l1,dense_random_all_nodes,R3_random_sparse,0,True,1,adopted,sole scored evaluation of this evidence unit,aeaa183639c5,aeaa183639c5,ok,2026-09-22T07:11:25.451241+00:00
results/audit/m4_audit/server_evidence/ev/e9_size_d2_n2000/d2_beef_uncontrolled/R3/regression_seed00_fold03.json,9e23ce1f3da2c49f77e9b0b05aa5bc9bb98f5e1abfdf94171bf0755b1a062bb2,e9_size_d2_n2000,e9_size_d2_n2000,7fc849edd2cd35ec,dc1c791ff800e897,7fc849edd2cd35ec,d2_beef_uncontrolled,regression,940f76d29b89,R3,16,full,2000,n1_pre_l1,dense_random_all_nodes,R3_random_sparse,0,True,1,adopted,sole scored evaluation of this evidence unit,45dea923f5eb,45dea923f5eb,ok,2026-09-22T07:59:47.147109+00:00
results/audit/m4_audit/server_evidence/ev/e9_size_d2_n4000/d2_beef_uncontrolled/R3/regression_seed00_fold03.json,dfb782bf46cc340099924dd7b0cf6577b7ed57181df32174972faa025a62cc8d,e9_size_d2_n4000,e9_size_d2_n4000,7fc849edd2cd35ec,2064f633eedf35c3,7fc849edd2cd35ec,d2_beef_uncontrolled,regression,940f76d29b89,R3,16,full,4000,n1_pre_l1,dense_random_all_nodes,R3_random_sparse,0,True,1,adopted,sole scored evaluation of this evidence unit,e2526bc8a3c8,e2526bc8a3c8,ok,2026-09-22T10:58:15.541850+00:00
results/audit/m4_audit/server_evidence/ev/e9_size_d2/d2_beef_uncontrolled/R1/regression_seed00_fold01.json,867bc30bded7ea0ed8f6a1dab012c29852b4f9856e0973bc1d28f15726f574b7,e9_size_d2,e9_size_d2,839701f260f4879d,d249d0c98c9bef91,839701f260f4879d,d2_beef_uncontrolled,regression,6c9ef01abdf9,R1,16,full,250,n1_pre_l1,dense_random_all_nodes,R1_weight_shuffled,0,True,2,adopted,kept touch of a duplicated unit (2 records); kept = the record with the earliest timestamp_utc; ties broken by the lexicographically smaller config_hash. Chosen without reference to any metric: selecting the better-scoring touch would be choosing the design after knowing which way the result leans.,2b681f4040fc,2b681f4040fc,ok,2026-09-22T06:07:09.832430+00:00
results/audit/m4_audit/server_evidence/ev/e9_size_d2_n250/d2_beef_uncontrolled/R1/regression_seed00_fold01.json,374cf89536b10e8f24569278d0a0f47e0d4dbefc2e9f3ea5fbec5a65de19e046,e9_size_d2_n250,e9_size_d2_n250,839701f260f4879d,d249d0c98c9bef91,839701f260f4879d,d2_beef_uncontrolled,regression,6c9ef01abdf9,R1,16,full,250,n1_pre_l1,dense_random_all_nodes,R1_weight_shuffled,0,True,2,duplicate_test_touch,"second scored evaluation of the same evidence unit (N=250, same split, same model, same condition) under config e2dbcef1dad6; the kept touch is 2b681f4040fc at 2026-09-22T06:07:09.832430+00:00. kept = the record with the earliest timestamp_utc; ties broken by the lexicographically smaller config_hash. Chosen without reference to any metric: selecting the better-scoring touch would be choosing the design after knowing which way the result leans.",2b681f4040fc,e2dbcef1dad6,ok,2026-09-22T06:52:10.463397+00:00
results/audit/m4_audit/server_evidence/ev/e9_size_d2_n500/d2_beef_uncontrolled/R1/regression_seed00_fold01.json,090b1bccbbc1e9284308203d8b06bcb41e212d8ac531b8235fe2915640d80bfc,e9_size_d2_n500,e9_size_d2_n500,839701f260f4879d,2eeef6db8f4601f9,839701f260f4879d,d2_beef_uncontrolled,regression,6c9ef01abdf9,R1,16,full,500,n1_pre_l1,dense_random_all_nodes,R1_weight_shuffled,0,True,1,adopted,sole scored evaluation of this evidence unit,5ef9f26a4c53,5ef9f26a4c53,ok,2026-09-22T06:53:46.299478+00:00
results/audit/m4_audit/server_evidence/ev/e9_size_d2_n1000/d2_beef_uncontrolled/R1/regression_seed00_fold01.json,a7ec0e562533dac8a71f563e724905918c8fd7b817e3b4d7c3c3d84fae1ac386,e9_size_d2_n1000,e9_size_d2_n1000,839701f260f4879d,dc905ec1e226090a,839701f260f4879d,d2_beef_uncontrolled,regression,6c9ef01abdf9,R1,16,full,1000,n1_pre_l1,dense_random_all_nodes,R1_weight_shuffled,0,True,1,adopted,sole scored evaluation of this evidence unit,aeaa183639c5,aeaa183639c5,ok,2026-09-22T07:00:10.406803+00:00
results/audit/m4_audit/server_evidence/ev/e9_size_d2_n2000/d2_beef_uncontrolled/R1/regression_seed00_fold01.json,4cb0cadadb4080a35fdfca748bbf3cd6fd317769fd1755b0c57132e3ed1073d7,e9_size_d2_n2000,e9_size_d2_n2000,839701f260f4879d,cbd8f4a43e240811,839701f260f4879d,d2_beef_uncontrolled,regression,6c9ef01abdf9,R1,16,full,2000,n1_pre_l1,dense_random_all_nodes,R1_weight_shuffled,0,True,1,adopted,sole scored evaluation of this evidence unit,45dea923f5eb,45dea923f5eb,ok,2026-09-22T07:22:25.712322+00:00
results/audit/m4_audit/server_evidence/ev/e9_size_d2_n4000/d2_beef_uncontrolled/R1/regression_seed00_fold01.json,a8b496b913256777fe7e757b4afdb3ddaf9ca3cb05c6e9fe55b572a7f3c0645a,e9_size_d2_n4000,e9_size_d2_n4000,839701f260f4879d,43234a39cf58442c,839701f260f4879d,d2_beef_uncontrolled,regression,6c9ef01abdf9,R1,16,full,4000,n1_pre_l1,dense_random_all_nodes,R1_weight_shuffled,0,True,1,adopted,sole scored evaluation of this evidence unit,e2526bc8a3c8,e2526bc8a3c8,ok,2026-09-22T08:41:53.491726+00:00
results/audit/m4_audit/server_evidence/ev/e9_size_d2/d2_beef_uncontrolled/R2/regression_seed00_fold03.json,4ab5b4333991bc74ab5f1e999a5703df0a3eec22bec3ee77ebbbf67f9c3d66f1,e9_size_d2,e9_size_d2,8861a0ce125d0c15,2ac1328b6cd04f59,8861a0ce125d0c15,d2_beef_uncontrolled,regression,940f76d29b89,R2,16,full,250,n1_pre_l1,dense_random_all_nodes,R2_degree_rewired,0,True,2,adopted,kept touch of a duplicated unit (2 records); kept = the record with the earliest timestamp_utc; ties broken by the lexicographically smaller config_hash. Chosen without reference to any metric: selecting the better-scoring touch would be choosing the design after knowing which way the result leans.,2b681f4040fc,2b681f4040fc,ok,2026-09-22T06:08:44.143012+00:00
results/audit/m4_audit/server_evidence/ev/e9_size_d2_n250/d2_beef_uncontrolled/R2/regression_seed00_fold03.json,806bd79f51d51af03559f6d6a87074d7d37156b6bbd8da9c268f276afbc206be,e9_size_d2_n250,e9_size_d2_n250,8861a0ce125d0c15,2ac1328b6cd04f59,8861a0ce125d0c15,d2_beef_uncontrolled,regression,940f76d29b89,R2,16,full,250,n1_pre_l1,dense_random_all_nodes,R2_degree_rewired,0,True,2,duplicate_test_touch,"second scored evaluation of the same evidence unit (N=250, same split, same model, same condition) under config e2dbcef1dad6; the kept touch is 2b681f4040fc at 2026-09-22T06:08:44.143012+00:00. kept = the record with the earliest timestamp_utc; ties broken by the lexicographically smaller config_hash. Chosen without reference to any metric: selecting the better-scoring touch would be choosing the design after knowing which way the result leans.",2b681f4040fc,e2dbcef1dad6,ok,2026-09-22T06:53:57.241411+00:00
results/audit/m4_audit/server_evidence/ev/e9_size_d2_n500/d2_beef_uncontrolled/R2/regression_seed00_fold03.json,28bebbc80b34eece0d2023f764a7f99b2f2e110854e0b6113557709faa937219,e9_size_d2_n500,e9_size_d2_n500,8861a0ce125d0c15,ec249ede509b0800,8861a0ce125d0c15,d2_beef_uncontrolled,regression,940f76d29b89,R2,16,full,500,n1_pre_l1,dense_random_all_nodes,R2_degree_rewired,0,True,1,adopted,sole scored evaluation of this evidence unit,5ef9f26a4c53,5ef9f26a4c53,ok,2026-09-22T06:57:23.514283+00:00
results/audit/m4_audit/server_evidence/ev/e9_size_d2_n1000/d2_beef_uncontrolled/R2/regression_seed00_fold03.json,7ec8b6c41c33308d09e12cdbdf29bf60e7e6fbab7b8a8683a7dde9d42894dd2f,e9_size_d2_n1000,e9_size_d2_n1000,8861a0ce125d0c15,499ddfc941ddb9ae,8861a0ce125d0c15,d2_beef_uncontrolled,regression,940f76d29b89,R2,16,full,1000,n1_pre_l1,dense_random_all_nodes,R2_degree_rewired,0,True,1,adopted,sole scored evaluation of this evidence unit,aeaa183639c5,aeaa183639c5,ok,2026-09-22T07:11:21.472548+00:00
results/audit/m4_audit/server_evidence/ev/e9_size_d2_n2000/d2_beef_uncontrolled/R2/regression_seed00_fold03.json,66c549bdcd9c09fd8ff64d36cdd316e3a96fcd6e84474aaf31c4daebb461dac4,e9_size_d2_n2000,e9_size_d2_n2000,8861a0ce125d0c15,005bddd95f4e6e7b,8861a0ce125d0c15,d2_beef_uncontrolled,regression,940f76d29b89,R2,16,full,2000,n1_pre_l1,dense_random_all_nodes,R2_degree_rewired,0,True,1,adopted,sole scored evaluation of this evidence unit,45dea923f5eb,45dea923f5eb,ok,2026-09-22T07:59:39.247680+00:00
results/audit/m4_audit/server_evidence/ev/e9_size_d2_n4000/d2_beef_uncontrolled/R2/regression_seed00_fold03.json,f72732fc6c88bbb3e539d4d3a1a87997db981940f03540d82e859d6026483481,e9_size_d2_n4000,e9_size_d2_n4000,8861a0ce125d0c15,6a2c1acff7283bc1,8861a0ce125d0c15,d2_beef_uncontrolled,regression,940f76d29b89,R2,16,full,4000,n1_pre_l1,dense_random_all_nodes,R2_degree_rewired,0,True,1,adopted,sole scored evaluation of this evidence unit,e2526bc8a3c8,e2526bc8a3c8,ok,2026-09-22T10:57:59.847774+00:00
results/audit/m4_audit/server_evidence/ev/e9_size_d2/d2_beef_uncontrolled/R1/classification_seed00_fold01.json,0f7368d3aa45f65b22b158fcfa096dbc2cca0a2463b18d543af0e12c4fabf473,e9_size_d2,e9_size_d2,8b0c8893f3c4d82e,3eedd822b7a48974,8b0c8893f3c4d82e,d2_beef_uncontrolled,classification,6c9ef01abdf9,R1,16,full,250,n1_pre_l1,dense_random_all_nodes,R1_weight_shuffled,0,True,2,adopted,kept touch of a duplicated unit (2 records); kept = the record with the earliest timestamp_utc; ties broken by the lexicographically smaller config_hash. Chosen without reference to any metric: selecting the better-scoring touch would be choosing the design after knowing which way the result leans.,2b681f4040fc,2b681f4040fc,ok,2026-09-22T06:06:45.745296+00:00
results/audit/m4_audit/server_evidence/ev/e9_size_d2_n250/d2_beef_uncontrolled/R1/classification_seed00_fold01.json,93e034bb75d1e266eb3ff37f2b7ba994c021c92049e39adf5c9465ca4a2ff74f,e9_size_d2_n250,e9_size_d2_n250,8b0c8893f3c4d82e,3eedd822b7a48974,8b0c8893f3c4d82e,d2_beef_uncontrolled,classification,6c9ef01abdf9,R1,16,full,250,n1_pre_l1,dense_random_all_nodes,R1_weight_shuffled,0,True,2,duplicate_test_touch,"second scored evaluation of the same evidence unit (N=250, same split, same model, same condition) under config e2dbcef1dad6; the kept touch is 2b681f4040fc at 2026-09-22T06:06:45.745296+00:00. kept = the record with the earliest timestamp_utc; ties broken by the lexicographically smaller config_hash. Chosen without reference to any metric: selecting the better-scoring touch would be choosing the design after knowing which way the result leans.",2b681f4040fc,e2dbcef1dad6,ok,2026-09-22T06:51:41.074623+00:00
results/audit/m4_audit/server_evidence/ev/e9_size_d2_n500/d2_beef_uncontrolled/R1/classification_seed00_fold01.json,b067d54b1861e33ead56d08df1857018243b079dced7eec8ded9521af5b8ce05,e9_size_d2_n500,e9_size_d2_n500,8b0c8893f3c4d82e,99b0ef17386613a7,8b0c8893f3c4d82e,d2_beef_uncontrolled,classification,6c9ef01abdf9,R1,16,full,500,n1_pre_l1,dense_random_all_nodes,R1_weight_shuffled,0,True,1,adopted,sole scored evaluation of this evidence unit,5ef9f26a4c53,5ef9f26a4c53,ok,2026-09-22T06:52:49.607496+00:00
results/audit/m4_audit/server_evidence/ev/e9_size_d2_n1000/d2_beef_uncontrolled/R1/classification_seed00_fold01.json,aa726ee634fb076ad3ee0e312e2d51aab3bebd06ba5a5c1c6915b88e663eb232,e9_size_d2_n1000,e9_size_d2_n1000,8b0c8893f3c4d82e,5fba806a7525e80d,8b0c8893f3c4d82e,d2_beef_uncontrolled,classification,6c9ef01abdf9,R1,16,full,1000,n1_pre_l1,dense_random_all_nodes,R1_weight_shuffled,0,True,1,adopted,sole scored evaluation of this evidence unit,aeaa183639c5,aeaa183639c5,ok,2026-09-22T06:56:30.347575+00:00
results/audit/m4_audit/server_evidence/ev/e9_size_d2_n2000/d2_beef_uncontrolled/R1/classification_seed00_fold01.json,f6bb1b8b74059a1d3c4a1e3adf104592a2469b7f3262adbfb09233cf6501580f,e9_size_d2_n2000,e9_size_d2_n2000,8b0c8893f3c4d82e,4d4de76a2bcb37fe,8b0c8893f3c4d82e,d2_beef_uncontrolled,classification,6c9ef01abdf9,R1,16,full,2000,n1_pre_l1,dense_random_all_nodes,R1_weight_shuffled,0,True,1,adopted,sole scored evaluation of this evidence unit,45dea923f5eb,45dea923f5eb,ok,2026-09-22T07:11:20.846414+00:00
results/audit/m4_audit/server_evidence/ev/e9_size_d2_n4000/d2_beef_uncontrolled/R1/classification_seed00_fold01.json,6a33adfb985bef73611d1de680a773aa953ef83ce81e248a646697ab6e2bb464,e9_size_d2_n4000,e9_size_d2_n4000,8b0c8893f3c4d82e,9382d2b5cb17eea2,8b0c8893f3c4d82e,d2_beef_uncontrolled,classification,6c9ef01abdf9,R1,16,full,4000,n1_pre_l1,dense_random_all_nodes,R1_weight_shuffled,0,True,1,adopted,sole scored evaluation of this evidence unit,e2526bc8a3c8,e2526bc8a3c8,ok,2026-09-22T08:03:32.649619+00:00
results/audit/m4_audit/server_evidence/ev/e9_size_d2/d2_beef_uncontrolled/R0/regression_seed00_fold04.json,e7e52a3f8a6e34ecf1cb4c8cf9bd2e5170cfbcb8f515fee3136b2ce3ac59cab1,e9_size_d2,e9_size_d2,8ed49ea38519ae67,a516093ba3d20c37,8ed49ea38519ae67,d2_beef_uncontrolled,regression,b01bbf6f9575,R0,16,full,250,n1_pre_l1,dense_random_all_nodes,R0_real_fly,0,True,2,adopted,kept touch of a duplicated unit (2 records); kept = the record with the earliest timestamp_utc; ties broken by the lexicographically smaller config_hash. Chosen without reference to any metric: selecting the better-scoring touch would be choosing the design after knowing which way the result leans.,2b681f4040fc,2b681f4040fc,ok,2026-09-22T06:09:26.234993+00:00
results/audit/m4_audit/server_evidence/ev/e9_size_d2_n250/d2_beef_uncontrolled/R0/regression_seed00_fold04.json,14aec376ca0cb99819278a62e9799505332be29de67fbb0d71127e997c233aeb,e9_size_d2_n250,e9_size_d2_n250,8ed49ea38519ae67,a516093ba3d20c37,8ed49ea38519ae67,d2_beef_uncontrolled,regression,b01bbf6f9575,R0,16,full,250,n1_pre_l1,dense_random_all_nodes,R0_real_fly,0,True,2,duplicate_test_touch,"second scored evaluation of the same evidence unit (N=250, same split, same model, same condition) under config e2dbcef1dad6; the kept touch is 2b681f4040fc at 2026-09-22T06:09:26.234993+00:00. kept = the record with the earliest timestamp_utc; ties broken by the lexicographically smaller config_hash. Chosen without reference to any metric: selecting the better-scoring touch would be choosing the design after knowing which way the result leans.",2b681f4040fc,e2dbcef1dad6,ok,2026-09-22T06:54:43.231463+00:00
results/audit/m4_audit/server_evidence/ev/e9_size_d2_n500/d2_beef_uncontrolled/R0/regression_seed00_fold04.json,743dab79121b26071ded129d89c36fde6586216572d12ffc5f86e7edb96fb1ff,e9_size_d2_n500,e9_size_d2_n500,8ed49ea38519ae67,eb7e564d3ed52afa,8ed49ea38519ae67,d2_beef_uncontrolled,regression,b01bbf6f9575,R0,16,full,500,n1_pre_l1,dense_random_all_nodes,R0_real_fly,0,True,1,adopted,sole scored evaluation of this evidence unit,5ef9f26a4c53,5ef9f26a4c53,ok,2026-09-22T06:59:00.702367+00:00
results/audit/m4_audit/server_evidence/ev/e9_size_d2_n1000/d2_beef_uncontrolled/R0/regression_seed00_fold04.json,147537ac289ebf06bd60387340d1f7136a29abc75c3a3965bc0ad9b40803b4a8,e9_size_d2_n1000,e9_size_d2_n1000,8ed49ea38519ae67,3576be3acb266fdc,8ed49ea38519ae67,d2_beef_uncontrolled,regression,b01bbf6f9575,R0,16,full,1000,n1_pre_l1,dense_random_all_nodes,R0_real_fly,0,True,1,adopted,sole scored evaluation of this evidence unit,aeaa183639c5,aeaa183639c5,ok,2026-09-22T07:16:30.903054+00:00
results/audit/m4_audit/server_evidence/ev/e9_size_d2_n2000/d2_beef_uncontrolled/R0/regression_seed00_fold04.json,67398e2e2eb50b9f17abfb307cbc83ec07334bd59341080b91ddd6afabca9370,e9_size_d2_n2000,e9_size_d2_n2000,8ed49ea38519ae67,cda76b3ea64c65a7,8ed49ea38519ae67,d2_beef_uncontrolled,regression,b01bbf6f9575,R0,16,full,2000,n1_pre_l1,dense_random_all_nodes,R0_real_fly,0,True,1,adopted,sole scored evaluation of this evidence unit,45dea923f5eb,45dea923f5eb,ok,2026-09-22T08:18:17.500770+00:00
results/audit/m4_audit/server_evidence/ev/e9_size_d2_n4000/d2_beef_uncontrolled/R0/regression_seed00_fold04.json,a2bcd1a85295c71bc5d9ea0f55f28c9758f1b3443e33caededebdbd18f9e06e8,e9_size_d2_n4000,e9_size_d2_n4000,8ed49ea38519ae67,ee51ac73e4097f46,8ed49ea38519ae67,d2_beef_uncontrolled,regression,b01bbf6f9575,R0,16,full,4000,n1_pre_l1,dense_random_all_nodes,R0_real_fly,0,True,1,adopted,sole scored evaluation of this evidence unit,e2526bc8a3c8,e2526bc8a3c8,ok,2026-09-22T12:06:18.503133+00:00
results/audit/m4_audit/server_evidence/ev/e9_size_d2/d2_beef_uncontrolled/R2/classification_seed00_fold00.json,4e516d8163ea2f4d9af0325f9d696e5b5afce8b329e0139b7a1c90e2eb9cd059,e9_size_d2,e9_size_d2,9512e25a71e2bbf4,e1d6b39c26f76e63,9512e25a71e2bbf4,d2_beef_uncontrolled,classification,20a70c561f8e,R2,16,full,250,n1_pre_l1,dense_random_all_nodes,R2_degree_rewired,0,True,2,adopted,kept touch of a duplicated unit (2 records); kept = the record with the earliest timestamp_utc; ties broken by the lexicographically smaller config_hash. Chosen without reference to any metric: selecting the better-scoring touch would be choosing the design after knowing which way the result leans.,2b681f4040fc,2b681f4040fc,ok,2026-09-22T06:06:00.199354+00:00
results/audit/m4_audit/server_evidence/ev/e9_size_d2_n250/d2_beef_uncontrolled/R2/classification_seed00_fold00.json,324d789e95fe2e0667625a3efc5f30513171c3d0c08589e8e41155d117cb0d84,e9_size_d2_n250,e9_size_d2_n250,9512e25a71e2bbf4,e1d6b39c26f76e63,9512e25a71e2bbf4,d2_beef_uncontrolled,classification,20a70c561f8e,R2,16,full,250,n1_pre_l1,dense_random_all_nodes,R2_degree_rewired,0,True,2,duplicate_test_touch,"second scored evaluation of the same evidence unit (N=250, same split, same model, same condition) under config e2dbcef1dad6; the kept touch is 2b681f4040fc at 2026-09-22T06:06:00.199354+00:00. kept = the record with the earliest timestamp_utc; ties broken by the lexicographically smaller config_hash. Chosen without reference to any metric: selecting the better-scoring touch would be choosing the design after knowing which way the result leans.",2b681f4040fc,e2dbcef1dad6,ok,2026-09-22T06:50:50.184876+00:00
results/audit/m4_audit/server_evidence/ev/e9_size_d2_n500/d2_beef_uncontrolled/R2/classification_seed00_fold00.json,f5bd06b7e1591e81017d1336476efa1a04451184edf68571782c237225ca7407,e9_size_d2_n500,e9_size_d2_n500,9512e25a71e2bbf4,b7e396ac563c99d4,9512e25a71e2bbf4,d2_beef_uncontrolled,classification,20a70c561f8e,R2,16,full,500,n1_pre_l1,dense_random_all_nodes,R2_degree_rewired,0,True,1,adopted,sole scored evaluation of this evidence unit,5ef9f26a4c53,5ef9f26a4c53,ok,2026-09-22T06:50:53.162311+00:00
results/audit/m4_audit/server_evidence/ev/e9_size_d2_n1000/d2_beef_uncontrolled/R2/classification_seed00_fold00.json,ef5d3faeeea18715d0df2ca7c2c29135429fbeed37dd6d1916753bb07593923e,e9_size_d2_n1000,e9_size_d2_n1000,9512e25a71e2bbf4,8d83c19dd06252e3,9512e25a71e2bbf4,d2_beef_uncontrolled,classification,20a70c561f8e,R2,16,full,1000,n1_pre_l1,dense_random_all_nodes,R2_degree_rewired,0,True,1,adopted,sole scored evaluation of this evidence unit,aeaa183639c5,aeaa183639c5,ok,2026-09-22T06:51:00.015074+00:00
results/audit/m4_audit/server_evidence/ev/e9_size_d2_n2000/d2_beef_uncontrolled/R2/classification_seed00_fold00.json,91a1117a0208ea6f1083425dd67fc2d6d05ff1108ceb6ead8120467b2ffaae9d,e9_size_d2_n2000,e9_size_d2_n2000,9512e25a71e2bbf4,7d5e0b530111144b,9512e25a71e2bbf4,d2_beef_uncontrolled,classification,20a70c561f8e,R2,16,full,2000,n1_pre_l1,dense_random_all_nodes,R2_degree_rewired,0,True,1,adopted,sole scored evaluation of this evidence unit,45dea923f5eb,45dea923f5eb,ok,2026-09-22T06:51:19.850146+00:00
results/audit/m4_audit/server_evidence/ev/e9_size_d2_n4000/d2_beef_uncontrolled/R2/classification_seed00_fold00.json,73e39ccd2de90056c28c46375d50e21d80a380dac2b43860bbc77698a4310774,e9_size_d2_n4000,e9_size_d2_n4000,9512e25a71e2bbf4,4572c91895740564,9512e25a71e2bbf4,d2_beef_uncontrolled,classification,20a70c561f8e,R2,16,full,4000,n1_pre_l1,dense_random_all_nodes,R2_degree_rewired,0,True,1,adopted,sole scored evaluation of this evidence unit,e2526bc8a3c8,e2526bc8a3c8,ok,2026-09-22T06:52:26.643783+00:00
results/audit/m4_audit/server_evidence/ev/e9_size_d2/d2_beef_uncontrolled/R2/regression_seed00_fold01.json,816a75a1239d5b20a8c66d8bde1288b59385b606b7893c79221b3df71b000548,e9_size_d2,e9_size_d2,95303ac624dc9fbd,5621091856c8c44d,95303ac624dc9fbd,d2_beef_uncontrolled,regression,6c9ef01abdf9,R2,16,full,250,n1_pre_l1,dense_random_all_nodes,R2_degree_rewired,0,True,2,adopted,kept touch of a duplicated unit (2 records); kept = the record with the earliest timestamp_utc; ties broken by the lexicographically smaller config_hash. Chosen without reference to any metric: selecting the better-scoring touch would be choosing the design after knowing which way the result leans.,2b681f4040fc,2b681f4040fc,ok,2026-09-22T06:07:11.985072+00:00
results/audit/m4_audit/server_evidence/ev/e9_size_d2_n250/d2_beef_uncontrolled/R2/regression_seed00_fold01.json,1058f3d90203676cd552052a6372b065b871c9b7252aa80daa701e960fd479a7,e9_size_d2_n250,e9_size_d2_n250,95303ac624dc9fbd,5621091856c8c44d,95303ac624dc9fbd,d2_beef_uncontrolled,regression,6c9ef01abdf9,R2,16,full,250,n1_pre_l1,dense_random_all_nodes,R2_degree_rewired,0,True,2,duplicate_test_touch,"second scored evaluation of the same evidence unit (N=250, same split, same model, same condition) under config e2dbcef1dad6; the kept touch is 2b681f4040fc at 2026-09-22T06:07:11.985072+00:00. kept = the record with the earliest timestamp_utc; ties broken by the lexicographically smaller config_hash. Chosen without reference to any metric: selecting the better-scoring touch would be choosing the design after knowing which way the result leans.",2b681f4040fc,e2dbcef1dad6,ok,2026-09-22T06:52:12.591276+00:00
results/audit/m4_audit/server_evidence/ev/e9_size_d2_n500/d2_beef_uncontrolled/R2/regression_seed00_fold01.json,a18f9cee2a7a2a0cf1352359f82474ec6b2d5a81f79beb76a61104c9a208ced7,e9_size_d2_n500,e9_size_d2_n500,95303ac624dc9fbd,526fdbc84d055f7d,95303ac624dc9fbd,d2_beef_uncontrolled,regression,6c9ef01abdf9,R2,16,full,500,n1_pre_l1,dense_random_all_nodes,R2_degree_rewired,0,True,1,adopted,sole scored evaluation of this evidence unit,5ef9f26a4c53,5ef9f26a4c53,ok,2026-09-22T06:53:49.080142+00:00
results/audit/m4_audit/server_evidence/ev/e9_size_d2_n1000/d2_beef_uncontrolled/R2/regression_seed00_fold01.json,cdcab66aee416c4d1015797164989ff24fe9092cb658c8f30246ae9d404868a6,e9_size_d2_n1000,e9_size_d2_n1000,95303ac624dc9fbd,bb919cc98bbd02fc,95303ac624dc9fbd,d2_beef_uncontrolled,regression,6c9ef01abdf9,R2,16,full,1000,n1_pre_l1,dense_random_all_nodes,R2_degree_rewired,0,True,1,adopted,sole scored evaluation of this evidence unit,aeaa183639c5,aeaa183639c5,ok,2026-09-22T07:00:14.339253+00:00
results/audit/m4_audit/server_evidence/ev/e9_size_d2_n2000/d2_beef_uncontrolled/R2/regression_seed00_fold01.json,016a5b3563f1c33be04a485d2c040ded6bf3bbed8aaa696877f35fb65577d947,e9_size_d2_n2000,e9_size_d2_n2000,95303ac624dc9fbd,ac6f6422529de318,95303ac624dc9fbd,d2_beef_uncontrolled,regression,6c9ef01abdf9,R2,16,full,2000,n1_pre_l1,dense_random_all_nodes,R2_degree_rewired,0,True,1,adopted,sole scored evaluation of this evidence unit,45dea923f5eb,45dea923f5eb,ok,2026-09-22T07:22:33.073533+00:00
results/audit/m4_audit/server_evidence/ev/e9_size_d2_n4000/d2_beef_uncontrolled/R2/regression_seed00_fold01.json,ae91ad63604dd8a86c49c5df7d5af35abab03071294695871b02327799581a96,e9_size_d2_n4000,e9_size_d2_n4000,95303ac624dc9fbd,e9a198a23615fb8c,95303ac624dc9fbd,d2_beef_uncontrolled,regression,6c9ef01abdf9,R2,16,full,4000,n1_pre_l1,dense_random_all_nodes,R2_degree_rewired,0,True,1,adopted,sole scored evaluation of this evidence unit,e2526bc8a3c8,e2526bc8a3c8,ok,2026-09-22T08:42:08.438178+00:00
results/audit/m4_audit/server_evidence/ev/e9_size_d2/d2_beef_uncontrolled/R2/regression_seed00_fold00.json,51a8c47ff63a19dbc0b682969b71452ad5869974c0334e954215c9f97e0571ac,e9_size_d2,e9_size_d2,95e7d2883265defa,6a751868e87bf3aa,95e7d2883265defa,d2_beef_uncontrolled,regression,20a70c561f8e,R2,16,full,250,n1_pre_l1,dense_random_all_nodes,R2_degree_rewired,0,True,2,adopted,kept touch of a duplicated unit (2 records); kept = the record with the earliest timestamp_utc; ties broken by the lexicographically smaller config_hash. Chosen without reference to any metric: selecting the better-scoring touch would be choosing the design after knowing which way the result leans.,2b681f4040fc,2b681f4040fc,ok,2026-09-22T06:06:25.857432+00:00
results/audit/m4_audit/server_evidence/ev/e9_size_d2_n250/d2_beef_uncontrolled/R2/regression_seed00_fold00.json,7ad903a2d569eba7adc9c7632b0eb6d5c672b031996989d0a46356a691e9e3f4,e9_size_d2_n250,e9_size_d2_n250,95e7d2883265defa,6a751868e87bf3aa,95e7d2883265defa,d2_beef_uncontrolled,regression,20a70c561f8e,R2,16,full,250,n1_pre_l1,dense_random_all_nodes,R2_degree_rewired,0,True,2,duplicate_test_touch,"second scored evaluation of the same evidence unit (N=250, same split, same model, same condition) under config e2dbcef1dad6; the kept touch is 2b681f4040fc at 2026-09-22T06:06:25.857432+00:00. kept = the record with the earliest timestamp_utc; ties broken by the lexicographically smaller config_hash. Chosen without reference to any metric: selecting the better-scoring touch would be choosing the design after knowing which way the result leans.",2b681f4040fc,e2dbcef1dad6,ok,2026-09-22T06:51:17.007842+00:00
results/audit/m4_audit/server_evidence/ev/e9_size_d2_n500/d2_beef_uncontrolled/R2/regression_seed00_fold00.json,7f1879a0b54bdef6632e7c57441e35473a8351cfde3cae5dbfddbf7bcb0bb38e,e9_size_d2_n500,e9_size_d2_n500,95e7d2883265defa,ba6160d31c4eeb21,95e7d2883265defa,d2_beef_uncontrolled,regression,20a70c561f8e,R2,16,full,500,n1_pre_l1,dense_random_all_nodes,R2_degree_rewired,0,True,1,adopted,sole scored evaluation of this evidence unit,5ef9f26a4c53,5ef9f26a4c53,ok,2026-09-22T06:51:57.644212+00:00
results/audit/m4_audit/server_evidence/ev/e9_size_d2_n1000/d2_beef_uncontrolled/R2/regression_seed00_fold00.json,6b5c6c684177243054935b5f5d295e990c960c9192c6d6efbb16703f438dd8c7,e9_size_d2_n1000,e9_size_d2_n1000,95e7d2883265defa,e66dff02b14f5da7,95e7d2883265defa,d2_beef_uncontrolled,regression,20a70c561f8e,R2,16,full,1000,n1_pre_l1,dense_random_all_nodes,R2_degree_rewired,0,True,1,adopted,sole scored evaluation of this evidence unit,aeaa183639c5,aeaa183639c5,ok,2026-09-22T06:54:09.240192+00:00
results/audit/m4_audit/server_evidence/ev/e9_size_d2_n2000/d2_beef_uncontrolled/R2/regression_seed00_fold00.json,cbe67b6b436d7b9529fa617288d4ac45c5a843bd9bbae9d2be686c617b61c21c,e9_size_d2_n2000,e9_size_d2_n2000,95e7d2883265defa,0f4fdd9429068603,95e7d2883265defa,d2_beef_uncontrolled,regression,20a70c561f8e,R2,16,full,2000,n1_pre_l1,dense_random_all_nodes,R2_degree_rewired,0,True,1,adopted,sole scored evaluation of this evidence unit,45dea923f5eb,45dea923f5eb,ok,2026-09-22T07:03:10.665622+00:00
results/audit/m4_audit/server_evidence/ev/e9_size_d2_n4000/d2_beef_uncontrolled/R2/regression_seed00_fold00.json,e76fd1263cd1b02ee160353e50f8fd60e3192e4b75c9b541ad4649d329281e27,e9_size_d2_n4000,e9_size_d2_n4000,95e7d2883265defa,cf99c5a0caa9c303,95e7d2883265defa,d2_beef_uncontrolled,regression,20a70c561f8e,R2,16,full,4000,n1_pre_l1,dense_random_all_nodes,R2_degree_rewired,0,True,1,adopted,sole scored evaluation of this evidence unit,e2526bc8a3c8,e2526bc8a3c8,ok,2026-09-22T07:32:04.955686+00:00
results/audit/m4_audit/server_evidence/ev/e9_size_d2/d2_beef_uncontrolled/R1/regression_seed00_fold03.json,d0ce2403f271884ded85b85aed483a1e3a9dde094328af9b467a649c6ed172dd,e9_size_d2,e9_size_d2,964404b0aa395fed,9a90a5d25e2224c6,964404b0aa395fed,d2_beef_uncontrolled,regression,940f76d29b89,R1,16,full,250,n1_pre_l1,dense_random_all_nodes,R1_weight_shuffled,0,True,2,adopted,kept touch of a duplicated unit (2 records); kept = the record with the earliest timestamp_utc; ties broken by the lexicographically smaller config_hash. Chosen without reference to any metric: selecting the better-scoring touch would be choosing the design after knowing which way the result leans.,2b681f4040fc,2b681f4040fc,ok,2026-09-22T06:08:42.055727+00:00
results/audit/m4_audit/server_evidence/ev/e9_size_d2_n250/d2_beef_uncontrolled/R1/regression_seed00_fold03.json,93b8807e2eb335ef6bf47132bac6d24f51e895b673a47a08c384d5d11acb9d80,e9_size_d2_n250,e9_size_d2_n250,964404b0aa395fed,9a90a5d25e2224c6,964404b0aa395fed,d2_beef_uncontrolled,regression,940f76d29b89,R1,16,full,250,n1_pre_l1,dense_random_all_nodes,R1_weight_shuffled,0,True,2,duplicate_test_touch,"second scored evaluation of the same evidence unit (N=250, same split, same model, same condition) under config e2dbcef1dad6; the kept touch is 2b681f4040fc at 2026-09-22T06:08:42.055727+00:00. kept = the record with the earliest timestamp_utc; ties broken by the lexicographically smaller config_hash. Chosen without reference to any metric: selecting the better-scoring touch would be choosing the design after knowing which way the result leans.",2b681f4040fc,e2dbcef1dad6,ok,2026-09-22T06:53:54.801579+00:00
results/audit/m4_audit/server_evidence/ev/e9_size_d2_n500/d2_beef_uncontrolled/R1/regression_seed00_fold03.json,7b73b584d08e2402ba53b86ef60f64fb2c6da1066356e1b1f3a34272491fbfa4,e9_size_d2_n500,e9_size_d2_n500,964404b0aa395fed,11df2a94b667cf58,964404b0aa395fed,d2_beef_uncontrolled,regression,940f76d29b89,R1,16,full,500,n1_pre_l1,dense_random_all_nodes,R1_weight_shuffled,0,True,1,adopted,sole scored evaluation of this evidence unit,5ef9f26a4c53,5ef9f26a4c53,ok,2026-09-22T06:57:20.870212+00:00
results/audit/m4_audit/server_evidence/ev/e9_size_d2_n1000/d2_beef_uncontrolled/R1/regression_seed00_fold03.json,6456a45c16c208191baa289cef9faf18ff41faa423dd6bf69cdab0bdc82b21b1,e9_size_d2_n1000,e9_size_d2_n1000,964404b0aa395fed,dfa3041132ef0f87,964404b0aa395fed,d2_beef_uncontrolled,regression,940f76d29b89,R1,16,full,1000,n1_pre_l1,dense_random_all_nodes,R1_weight_shuffled,0,True,1,adopted,sole scored evaluation of this evidence unit,aeaa183639c5,aeaa183639c5,ok,2026-09-22T07:11:17.203874+00:00
results/audit/m4_audit/server_evidence/ev/e9_size_d2_n2000/d2_beef_uncontrolled/R1/regression_seed00_fold03.json,cb797ea366ba721e0d7c3603c3f840892ffafd3256a9d718aa5bb0432fbd0f58,e9_size_d2_n2000,e9_size_d2_n2000,964404b0aa395fed,97ef33927894e4ac,964404b0aa395fed,d2_beef_uncontrolled,regression,940f76d29b89,R1,16,full,2000,n1_pre_l1,dense_random_all_nodes,R1_weight_shuffled,0,True,1,adopted,sole scored evaluation of this evidence unit,45dea923f5eb,45dea923f5eb,ok,2026-09-22T07:59:31.979720+00:00
results/audit/m4_audit/server_evidence/ev/e9_size_d2_n4000/d2_beef_uncontrolled/R1/regression_seed00_fold03.json,e169fb3c203b2decfbfcd737b0daf52172794efb5d40034e83722204a800c444,e9_size_d2_n4000,e9_size_d2_n4000,964404b0aa395fed,45cf894b297abe53,964404b0aa395fed,d2_beef_uncontrolled,regression,940f76d29b89,R1,16,full,4000,n1_pre_l1,dense_random_all_nodes,R1_weight_shuffled,0,True,1,adopted,sole scored evaluation of this evidence unit,e2526bc8a3c8,e2526bc8a3c8,ok,2026-09-22T10:57:44.354988+00:00
results/audit/m4_audit/server_evidence/ev/e9_size_d2/d2_beef_uncontrolled/R0/classification_seed00_fold03.json,4fc7c0f70ae8216d75bf55ae54bf587e97037505c1191645850b445188db8b0e,e9_size_d2,e9_size_d2,99db4735a80325fc,c23169b74fefd071,99db4735a80325fc,d2_beef_uncontrolled,classification,940f76d29b89,R0,16,full,250,n1_pre_l1,dense_random_all_nodes,R0_real_fly,0,True,2,adopted,kept touch of a duplicated unit (2 records); kept = the record with the earliest timestamp_utc; ties broken by the lexicographically smaller config_hash. Chosen without reference to any metric: selecting the better-scoring touch would be choosing the design after knowing which way the result leans.,2b681f4040fc,2b681f4040fc,ok,2026-09-22T06:08:15.458774+00:00
results/audit/m4_audit/server_evidence/ev/e9_size_d2_n250/d2_beef_uncontrolled/R0/classification_seed00_fold03.json,eafadc4bdb4c581784a8e93c5f72ac98922af1a2562513c457d4832739409ad0,e9_size_d2_n250,e9_size_d2_n250,99db4735a80325fc,c23169b74fefd071,99db4735a80325fc,d2_beef_uncontrolled,classification,940f76d29b89,R0,16,full,250,n1_pre_l1,dense_random_all_nodes,R0_real_fly,0,True,2,duplicate_test_touch,"second scored evaluation of the same evidence unit (N=250, same split, same model, same condition) under config e2dbcef1dad6; the kept touch is 2b681f4040fc at 2026-09-22T06:08:15.458774+00:00. kept = the record with the earliest timestamp_utc; ties broken by the lexicographically smaller config_hash. Chosen without reference to any metric: selecting the better-scoring touch would be choosing the design after knowing which way the result leans.",2b681f4040fc,e2dbcef1dad6,ok,2026-09-22T06:53:25.524976+00:00
results/audit/m4_audit/server_evidence/ev/e9_size_d2_n500/d2_beef_uncontrolled/R0/classification_seed00_fold03.json,035eefd91c045e5fe7da63335cd4bf344d2d82951a867588844de7ed0404cf3f,e9_size_d2_n500,e9_size_d2_n500,99db4735a80325fc,07eb6f7b8e7bcebb,99db4735a80325fc,d2_beef_uncontrolled,classification,940f76d29b89,R0,16,full,500,n1_pre_l1,dense_random_all_nodes,R0_real_fly,0,True,1,adopted,sole scored evaluation of this evidence unit,5ef9f26a4c53,5ef9f26a4c53,ok,2026-09-22T06:56:20.232866+00:00
results/audit/m4_audit/server_evidence/ev/e9_size_d2_n1000/d2_beef_uncontrolled/R0/classification_seed00_fold03.json,19b09c8d0570dc0598f4732400b99d527003036727662fd7bfb10743f7796261,e9_size_d2_n1000,e9_size_d2_n1000,99db4735a80325fc,fa62a113ab5f8c6d,99db4735a80325fc,d2_beef_uncontrolled,classification,940f76d29b89,R0,16,full,1000,n1_pre_l1,dense_random_all_nodes,R0_real_fly,0,True,1,adopted,sole scored evaluation of this evidence unit,aeaa183639c5,aeaa183639c5,ok,2026-09-22T07:08:22.344041+00:00
results/audit/m4_audit/server_evidence/ev/e9_size_d2_n2000/d2_beef_uncontrolled/R0/classification_seed00_fold03.json,bdd8b93a3d391b65c9f183fe3f7d80ac845a69f91e33bac7a4ca072eb63f8e9d,e9_size_d2_n2000,e9_size_d2_n2000,99db4735a80325fc,5910a84a7b31847c,99db4735a80325fc,d2_beef_uncontrolled,classification,940f76d29b89,R0,16,full,2000,n1_pre_l1,dense_random_all_nodes,R0_real_fly,0,True,1,adopted,sole scored evaluation of this evidence unit,45dea923f5eb,45dea923f5eb,ok,2026-09-22T07:49:45.151051+00:00
results/audit/m4_audit/server_evidence/ev/e9_size_d2_n4000/d2_beef_uncontrolled/R0/classification_seed00_fold03.json,ea3d182947e4cb7e6db1f74d171b99f791a80ed6fb0939809aaab2bb9198caf8,e9_size_d2_n4000,e9_size_d2_n4000,99db4735a80325fc,30b4f60acdb28eda,99db4735a80325fc,d2_beef_uncontrolled,classification,940f76d29b89,R0,16,full,4000,n1_pre_l1,dense_random_all_nodes,R0_real_fly,0,True,1,adopted,sole scored evaluation of this evidence unit,e2526bc8a3c8,e2526bc8a3c8,ok,2026-09-22T10:19:08.745336+00:00
results/audit/m4_audit/server_evidence/ev/e9_size_d2/d2_beef_uncontrolled/R4/classification_seed00_fold01.json,f78e61790b580d31c3b4e38c04bd3144b333850af7a961089f698a1e1b10d9e8,e9_size_d2,e9_size_d2,9b0cf7d39966d5ca,826c7656ecff31da,9b0cf7d39966d5ca,d2_beef_uncontrolled,classification,6c9ef01abdf9,R4,16,full,250,n1_pre_l1,dense_random_all_nodes,R4_er_esn,0,True,2,adopted,kept touch of a duplicated unit (2 records); kept = the record with the earliest timestamp_utc; ties broken by the lexicographically smaller config_hash. Chosen without reference to any metric: selecting the better-scoring touch would be choosing the design after knowing which way the result leans.,2b681f4040fc,2b681f4040fc,ok,2026-09-22T06:06:53.536408+00:00
results/audit/m4_audit/server_evidence/ev/e9_size_d2_n250/d2_beef_uncontrolled/R4/classification_seed00_fold01.json,51d79c67716813efb284b897ecd36feb236a5e435b0fa0c81038ad5db35fe7db,e9_size_d2_n250,e9_size_d2_n250,9b0cf7d39966d5ca,826c7656ecff31da,9b0cf7d39966d5ca,d2_beef_uncontrolled,classification,6c9ef01abdf9,R4,16,full,250,n1_pre_l1,dense_random_all_nodes,R4_er_esn,0,True,2,duplicate_test_touch,"second scored evaluation of the same evidence unit (N=250, same split, same model, same condition) under config e2dbcef1dad6; the kept touch is 2b681f4040fc at 2026-09-22T06:06:53.536408+00:00. kept = the record with the earliest timestamp_utc; ties broken by the lexicographically smaller config_hash. Chosen without reference to any metric: selecting the better-scoring touch would be choosing the design after knowing which way the result leans.",2b681f4040fc,e2dbcef1dad6,ok,2026-09-22T06:51:49.689865+00:00
results/audit/m4_audit/server_evidence/ev/e9_size_d2_n500/d2_beef_uncontrolled/R4/classification_seed00_fold01.json,17c6a73977c142517a97e1c44cc4eb19fa4730871aa758b2be6038fdb439492e,e9_size_d2_n500,e9_size_d2_n500,9b0cf7d39966d5ca,0bac5c67f867e741,9b0cf7d39966d5ca,d2_beef_uncontrolled,classification,6c9ef01abdf9,R4,16,full,500,n1_pre_l1,dense_random_all_nodes,R4_er_esn,0,True,1,adopted,sole scored evaluation of this evidence unit,5ef9f26a4c53,5ef9f26a4c53,ok,2026-09-22T06:53:02.099107+00:00
results/audit/m4_audit/server_evidence/ev/e9_size_d2_n1000/d2_beef_uncontrolled/R4/classification_seed00_fold01.json,74b091f47d0fbd1e6c134224b470b401d6f0d7f705f23447403548581c3225c3,e9_size_d2_n1000,e9_size_d2_n1000,9b0cf7d39966d5ca,1a4563f5312ea8bf,9b0cf7d39966d5ca,d2_beef_uncontrolled,classification,6c9ef01abdf9,R4,16,full,1000,n1_pre_l1,dense_random_all_nodes,R4_er_esn,0,True,1,adopted,sole scored evaluation of this evidence unit,aeaa183639c5,aeaa183639c5,ok,2026-09-22T06:56:56.365257+00:00
results/audit/m4_audit/server_evidence/ev/e9_size_d2_n2000/d2_beef_uncontrolled/R4/classification_seed00_fold01.json,9e9d83123cca5798e440769a7df78fa12c6500f548c355f461c4197e4d332f3b,e9_size_d2_n2000,e9_size_d2_n2000,9b0cf7d39966d5ca,340b8fc16a9775a9,9b0cf7d39966d5ca,d2_beef_uncontrolled,classification,6c9ef01abdf9,R4,16,full,2000,n1_pre_l1,dense_random_all_nodes,R4_er_esn,0,True,1,adopted,sole scored evaluation of this evidence unit,45dea923f5eb,45dea923f5eb,ok,2026-09-22T07:12:32.983683+00:00
results/audit/m4_audit/server_evidence/ev/e9_size_d2_n4000/d2_beef_uncontrolled/R4/classification_seed00_fold01.json,b8c138e64d5d37be109419bc59c32d3a672241a433a08d66fe201dfb6eebbc36,e9_size_d2_n4000,e9_size_d2_n4000,9b0cf7d39966d5ca,bc6524ab526167cf,9b0cf7d39966d5ca,d2_beef_uncontrolled,classification,6c9ef01abdf9,R4,16,full,4000,n1_pre_l1,dense_random_all_nodes,R4_er_esn,0,True,1,adopted,sole scored evaluation of this evidence unit,e2526bc8a3c8,e2526bc8a3c8,ok,2026-09-22T08:07:31.549739+00:00
results/audit/m4_audit/server_evidence/ev/e9_size_d2/d2_beef_uncontrolled/R5/regression_seed00_fold02.json,57e2e08c2d7c5d68afce59d943a4c82d61ceac10b90c3e65c16920b13c050ce6,e9_size_d2,e9_size_d2,9bc0e0f7aefc3a5c,f4c2fab4e2b2cea3,9bc0e0f7aefc3a5c,d2_beef_uncontrolled,regression,8f5d6031eff3,R5,16,full,250,n1_pre_l1,dense_random_all_nodes,R5_small_world,0,True,2,adopted,kept touch of a duplicated unit (2 records); kept = the record with the earliest timestamp_utc; ties broken by the lexicographically smaller config_hash. Chosen without reference to any metric: selecting the better-scoring touch would be choosing the design after knowing which way the result leans.,2b681f4040fc,2b681f4040fc,ok,2026-09-22T06:08:04.856679+00:00
results/audit/m4_audit/server_evidence/ev/e9_size_d2_n250/d2_beef_uncontrolled/R5/regression_seed00_fold02.json,60cb987f0954b376cf3367e2e1acd2e110b63de1d8cf1466f0402976e1a17496,e9_size_d2_n250,e9_size_d2_n250,9bc0e0f7aefc3a5c,f4c2fab4e2b2cea3,9bc0e0f7aefc3a5c,d2_beef_uncontrolled,regression,8f5d6031eff3,R5,16,full,250,n1_pre_l1,dense_random_all_nodes,R5_small_world,0,True,2,duplicate_test_touch,"second scored evaluation of the same evidence unit (N=250, same split, same model, same condition) under config e2dbcef1dad6; the kept touch is 2b681f4040fc at 2026-09-22T06:08:04.856679+00:00. kept = the record with the earliest timestamp_utc; ties broken by the lexicographically smaller config_hash. Chosen without reference to any metric: selecting the better-scoring touch would be choosing the design after knowing which way the result leans.",2b681f4040fc,e2dbcef1dad6,ok,2026-09-22T06:53:14.591964+00:00
results/audit/m4_audit/server_evidence/ev/e9_size_d2_n500/d2_beef_uncontrolled/R5/regression_seed00_fold02.json,a15744b55aab16f6130dec2a280d69bbfebbb2719a4e80175280131bc4e02c66,e9_size_d2_n500,e9_size_d2_n500,9bc0e0f7aefc3a5c,9e419361733e4df1,9bc0e0f7aefc3a5c,d2_beef_uncontrolled,regression,8f5d6031eff3,R5,16,full,500,n1_pre_l1,dense_random_all_nodes,R5_small_world,0,True,1,adopted,sole scored evaluation of this evidence unit,5ef9f26a4c53,5ef9f26a4c53,ok,2026-09-22T06:55:49.199432+00:00
results/audit/m4_audit/server_evidence/ev/e9_size_d2_n1000/d2_beef_uncontrolled/R5/regression_seed00_fold02.json,473726ee5b90b6dcd5072042a775c368cc4170741afb61773ae88e0d3005c780,e9_size_d2_n1000,e9_size_d2_n1000,9bc0e0f7aefc3a5c,c20a476ce009c09a,9bc0e0f7aefc3a5c,d2_beef_uncontrolled,regression,8f5d6031eff3,R5,16,full,1000,n1_pre_l1,dense_random_all_nodes,R5_small_world,0,True,1,adopted,sole scored evaluation of this evidence unit,aeaa183639c5,aeaa183639c5,ok,2026-09-22T07:06:32.551289+00:00
results/audit/m4_audit/server_evidence/ev/e9_size_d2_n2000/d2_beef_uncontrolled/R5/regression_seed00_fold02.json,d04f2b15614bf59491a4a76d016e49418470af83b9ccc9cc4832af33d4acdf6c,e9_size_d2_n2000,e9_size_d2_n2000,9bc0e0f7aefc3a5c,74c84c67c355f55d,9bc0e0f7aefc3a5c,d2_beef_uncontrolled,regression,8f5d6031eff3,R5,16,full,2000,n1_pre_l1,dense_random_all_nodes,R5_small_world,0,True,1,adopted,sole scored evaluation of this evidence unit,45dea923f5eb,45dea923f5eb,ok,2026-09-22T07:40:57.074813+00:00
results/audit/m4_audit/server_evidence/ev/e9_size_d2_n4000/d2_beef_uncontrolled/R5/regression_seed00_fold02.json,a4e4bd086f84b9d47dfa2dd845ceb7c56c4854a13ade5382f62fbe6737c6a0bf,e9_size_d2_n4000,e9_size_d2_n4000,9bc0e0f7aefc3a5c,00adef40e0b59173,9bc0e0f7aefc3a5c,d2_beef_uncontrolled,regression,8f5d6031eff3,R5,16,full,4000,n1_pre_l1,dense_random_all_nodes,R5_small_world,0,True,1,adopted,sole scored evaluation of this evidence unit,e2526bc8a3c8,e2526bc8a3c8,ok,2026-09-22T09:52:49.306873+00:00
results/audit/m4_audit/server_evidence/ev/e9_size_d2/d2_beef_uncontrolled/R5/regression_seed00_fold04.json,df7b2fe0a234b0b65d9d810ee601eb5667bdc0a66f00ff133f54703c9f805e9f,e9_size_d2,e9_size_d2,a2e30f1d2be6bf54,ade7c72a968c4a34,a2e30f1d2be6bf54,d2_beef_uncontrolled,regression,b01bbf6f9575,R5,16,full,250,n1_pre_l1,dense_random_all_nodes,R5_small_world,0,True,2,adopted,kept touch of a duplicated unit (2 records); kept = the record with the earliest timestamp_utc; ties broken by the lexicographically smaller config_hash. Chosen without reference to any metric: selecting the better-scoring touch would be choosing the design after knowing which way the result leans.,2b681f4040fc,2b681f4040fc,ok,2026-09-22T06:09:37.255329+00:00
results/audit/m4_audit/server_evidence/ev/e9_size_d2_n250/d2_beef_uncontrolled/R5/regression_seed00_fold04.json,aaa7403881b7e4711d3f64d3271285d31be79c8d454882a7ef123d6ba8834a56,e9_size_d2_n250,e9_size_d2_n250,a2e30f1d2be6bf54,ade7c72a968c4a34,a2e30f1d2be6bf54,d2_beef_uncontrolled,regression,b01bbf6f9575,R5,16,full,250,n1_pre_l1,dense_random_all_nodes,R5_small_world,0,True,2,duplicate_test_touch,"second scored evaluation of the same evidence unit (N=250, same split, same model, same condition) under config e2dbcef1dad6; the kept touch is 2b681f4040fc at 2026-09-22T06:09:37.255329+00:00. kept = the record with the earliest timestamp_utc; ties broken by the lexicographically smaller config_hash. Chosen without reference to any metric: selecting the better-scoring touch would be choosing the design after knowing which way the result leans.",2b681f4040fc,e2dbcef1dad6,ok,2026-09-22T06:54:55.002982+00:00
results/audit/m4_audit/server_evidence/ev/e9_size_d2_n500/d2_beef_uncontrolled/R5/regression_seed00_fold04.json,3cbf0066b5ef96775499c33f5a8cf876beccd257b40f5b60ad85e0f801350b38,e9_size_d2_n500,e9_size_d2_n500,a2e30f1d2be6bf54,303e014d4521d034,a2e30f1d2be6bf54,d2_beef_uncontrolled,regression,b01bbf6f9575,R5,16,full,500,n1_pre_l1,dense_random_all_nodes,R5_small_world,0,True,1,adopted,sole scored evaluation of this evidence unit,5ef9f26a4c53,5ef9f26a4c53,ok,2026-09-22T06:59:42.328393+00:00
results/audit/m4_audit/server_evidence/ev/e9_size_d2_n1000/d2_beef_uncontrolled/R5/regression_seed00_fold04.json,c78ea987a270a49ea82d0874d9d55e22ee1459f2fa49575be2f2ec9d4c0e6ed5,e9_size_d2_n1000,e9_size_d2_n1000,a2e30f1d2be6bf54,8ff233c25cdc2ec7,a2e30f1d2be6bf54,d2_beef_uncontrolled,regression,b01bbf6f9575,R5,16,full,1000,n1_pre_l1,dense_random_all_nodes,R5_small_world,0,True,1,adopted,sole scored evaluation of this evidence unit,aeaa183639c5,aeaa183639c5,ok,2026-09-22T07:17:59.116823+00:00
results/audit/m4_audit/server_evidence/ev/e9_size_d2_n2000/d2_beef_uncontrolled/R5/regression_seed00_fold04.json,290ba5615441db086d3dd357c574f9197f131a9b9042c4df13ad8644fd8510e6,e9_size_d2_n2000,e9_size_d2_n2000,a2e30f1d2be6bf54,06d72c0b19af4fe6,a2e30f1d2be6bf54,d2_beef_uncontrolled,regression,b01bbf6f9575,R5,16,full,2000,n1_pre_l1,dense_random_all_nodes,R5_small_world,0,True,1,adopted,sole scored evaluation of this evidence unit,45dea923f5eb,45dea923f5eb,ok,2026-09-22T08:19:31.693163+00:00
results/audit/m4_audit/server_evidence/ev/e9_size_d2_n4000/d2_beef_uncontrolled/R5/regression_seed00_fold04.json,001f4f292c718e83e8fc6f5dbacc1b56eb22277703cbae02ed4cfb250ee079f6,e9_size_d2_n4000,e9_size_d2_n4000,a2e30f1d2be6bf54,981513784682bea0,a2e30f1d2be6bf54,d2_beef_uncontrolled,regression,b01bbf6f9575,R5,16,full,4000,n1_pre_l1,dense_random_all_nodes,R5_small_world,0,True,1,adopted,sole scored evaluation of this evidence unit,e2526bc8a3c8,e2526bc8a3c8,ok,2026-09-22T12:10:02.438959+00:00
results/audit/m4_audit/server_evidence/ev/e9_size_d2/d2_beef_uncontrolled/R0/classification_seed00_fold01.json,b8b1ea157a7f8c2ac0cccd56c745819ed3e876a359847e1c2d0a9a4c18bda136,e9_size_d2,e9_size_d2,a53bad3aa75975fb,216aace0bc48f8b8,a53bad3aa75975fb,d2_beef_uncontrolled,classification,6c9ef01abdf9,R0,16,full,250,n1_pre_l1,dense_random_all_nodes,R0_real_fly,0,True,2,adopted,kept touch of a duplicated unit (2 records); kept = the record with the earliest timestamp_utc; ties broken by the lexicographically smaller config_hash. Chosen without reference to any metric: selecting the better-scoring touch would be choosing the design after knowing which way the result leans.,2b681f4040fc,2b681f4040fc,ok,2026-09-22T06:06:43.175116+00:00
results/audit/m4_audit/server_evidence/ev/e9_size_d2_n250/d2_beef_uncontrolled/R0/classification_seed00_fold01.json,328e6f0922877013f98f73188e11e98d02edac1589affaac97a654a41b9e61c3,e9_size_d2_n250,e9_size_d2_n250,a53bad3aa75975fb,216aace0bc48f8b8,a53bad3aa75975fb,d2_beef_uncontrolled,classification,6c9ef01abdf9,R0,16,full,250,n1_pre_l1,dense_random_all_nodes,R0_real_fly,0,True,2,duplicate_test_touch,"second scored evaluation of the same evidence unit (N=250, same split, same model, same condition) under config e2dbcef1dad6; the kept touch is 2b681f4040fc at 2026-09-22T06:06:43.175116+00:00. kept = the record with the earliest timestamp_utc; ties broken by the lexicographically smaller config_hash. Chosen without reference to any metric: selecting the better-scoring touch would be choosing the design after knowing which way the result leans.",2b681f4040fc,e2dbcef1dad6,ok,2026-09-22T06:51:38.386788+00:00
results/audit/m4_audit/server_evidence/ev/e9_size_d2_n500/d2_beef_uncontrolled/R0/classification_seed00_fold01.json,060d1fc2af1b5bdaed95612bc406409e2d9a9d33ddb730c28508e85ebd5e7a65,e9_size_d2_n500,e9_size_d2_n500,a53bad3aa75975fb,46e6ac48ff52713c,a53bad3aa75975fb,d2_beef_uncontrolled,classification,6c9ef01abdf9,R0,16,full,500,n1_pre_l1,dense_random_all_nodes,R0_real_fly,0,True,1,adopted,sole scored evaluation of this evidence unit,5ef9f26a4c53,5ef9f26a4c53,ok,2026-09-22T06:52:45.940851+00:00
results/audit/m4_audit/server_evidence/ev/e9_size_d2_n1000/d2_beef_uncontrolled/R0/classification_seed00_fold01.json,0730c1d0d931158a0c05a17127694e00a47ab3c0e7f7659f8c48b35d163bcf27,e9_size_d2_n1000,e9_size_d2_n1000,a53bad3aa75975fb,e5b2b7d50f47138a,a53bad3aa75975fb,d2_beef_uncontrolled,classification,6c9ef01abdf9,R0,16,full,1000,n1_pre_l1,dense_random_all_nodes,R0_real_fly,0,True,1,adopted,sole scored evaluation of this evidence unit,aeaa183639c5,aeaa183639c5,ok,2026-09-22T06:56:25.143698+00:00
results/audit/m4_audit/server_evidence/ev/e9_size_d2_n2000/d2_beef_uncontrolled/R0/classification_seed00_fold01.json,5614b99cfefa848299bfa56303fba0f4ca01610c3bbb699984bb43c42fd1f372,e9_size_d2_n2000,e9_size_d2_n2000,a53bad3aa75975fb,c707e749eb4e816e,a53bad3aa75975fb,d2_beef_uncontrolled,classification,6c9ef01abdf9,R0,16,full,2000,n1_pre_l1,dense_random_all_nodes,R0_real_fly,0,True,1,adopted,sole scored evaluation of this evidence unit,45dea923f5eb,45dea923f5eb,ok,2026-09-22T07:11:10.456391+00:00
results/audit/m4_audit/server_evidence/ev/e9_size_d2_n4000/d2_beef_uncontrolled/R0/classification_seed00_fold01.json,2c06f82bd7783920d7aed4468dc8931085794c2d0c143523e4a0d16a6843c54b,e9_size_d2_n4000,e9_size_d2_n4000,a53bad3aa75975fb,4da8f7dd2538b44b,a53bad3aa75975fb,d2_beef_uncontrolled,classification,6c9ef01abdf9,R0,16,full,4000,n1_pre_l1,dense_random_all_nodes,R0_real_fly,0,True,1,adopted,sole scored evaluation of this evidence unit,e2526bc8a3c8,e2526bc8a3c8,ok,2026-09-22T08:03:12.050665+00:00
results/audit/m4_audit/server_evidence/ev/e9_size_d2/d2_beef_uncontrolled/R6/regression_seed00_fold02.json,ba2b45d94d2d248abb06865543bc0cc6974896962ae62798e5df7f94aa8d08c8,e9_size_d2,e9_size_d2,a74fa4d235ff72bd,78d0959b1ee5f376,a74fa4d235ff72bd,d2_beef_uncontrolled,regression,8f5d6031eff3,R6,16,full,250,n1_pre_l1,dense_random_all_nodes,R6_dense_random,0,True,2,adopted,kept touch of a duplicated unit (2 records); kept = the record with the earliest timestamp_utc; ties broken by the lexicographically smaller config_hash. Chosen without reference to any metric: selecting the better-scoring touch would be choosing the design after knowing which way the result leans.,2b681f4040fc,2b681f4040fc,ok,2026-09-22T06:08:12.643417+00:00
results/audit/m4_audit/server_evidence/ev/e9_size_d2_n250/d2_beef_uncontrolled/R6/regression_seed00_fold02.json,8df0da8494f1219abef7b1c11f1ca560d579bc85c9d428822b71eaad1d5728ca,e9_size_d2_n250,e9_size_d2_n250,a74fa4d235ff72bd,78d0959b1ee5f376,a74fa4d235ff72bd,d2_beef_uncontrolled,regression,8f5d6031eff3,R6,16,full,250,n1_pre_l1,dense_random_all_nodes,R6_dense_random,0,True,2,duplicate_test_touch,"second scored evaluation of the same evidence unit (N=250, same split, same model, same condition) under config e2dbcef1dad6; the kept touch is 2b681f4040fc at 2026-09-22T06:08:12.643417+00:00. kept = the record with the earliest timestamp_utc; ties broken by the lexicographically smaller config_hash. Chosen without reference to any metric: selecting the better-scoring touch would be choosing the design after knowing which way the result leans.",2b681f4040fc,e2dbcef1dad6,ok,2026-09-22T06:53:22.725386+00:00
results/audit/m4_audit/server_evidence/ev/e9_size_d2_n500/d2_beef_uncontrolled/R6/regression_seed00_fold02.json,4d567241d4d9141cff5de5a165fb253dcff084150f1e7c39927d0f6739d00de9,e9_size_d2_n500,e9_size_d2_n500,a74fa4d235ff72bd,ef0f300ec82ddcde,a74fa4d235ff72bd,d2_beef_uncontrolled,regression,8f5d6031eff3,R6,16,full,500,n1_pre_l1,dense_random_all_nodes,R6_dense_random,0,True,1,adopted,sole scored evaluation of this evidence unit,5ef9f26a4c53,5ef9f26a4c53,ok,2026-09-22T06:56:16.559019+00:00
results/audit/m4_audit/server_evidence/ev/e9_size_d2_n1000/d2_beef_uncontrolled/R6/regression_seed00_fold02.json,0f0cfb272a0b02942be23618e22973caecb0ecec2c211196e6a3f5de65fd23ce,e9_size_d2_n1000,e9_size_d2_n1000,a74fa4d235ff72bd,fe7dc2722948c2b5,a74fa4d235ff72bd,d2_beef_uncontrolled,regression,8f5d6031eff3,R6,16,full,1000,n1_pre_l1,dense_random_all_nodes,R6_dense_random,0,True,1,adopted,sole scored evaluation of this evidence unit,aeaa183639c5,aeaa183639c5,ok,2026-09-22T07:08:16.932104+00:00
results/audit/m4_audit/server_evidence/ev/e9_size_d2_n2000/d2_beef_uncontrolled/R6/regression_seed00_fold02.json,090fa037baa3c2f887acb0ac4b7ba7c2bee50e2e17e0f3e0064f6e85ef343a00,e9_size_d2_n2000,e9_size_d2_n2000,a74fa4d235ff72bd,705a731a73b0401c,a74fa4d235ff72bd,d2_beef_uncontrolled,regression,8f5d6031eff3,R6,16,full,2000,n1_pre_l1,dense_random_all_nodes,R6_dense_random,0,True,1,adopted,sole scored evaluation of this evidence unit,45dea923f5eb,45dea923f5eb,ok,2026-09-22T07:49:35.405551+00:00
results/audit/m4_audit/server_evidence/ev/e9_size_d2_n4000/d2_beef_uncontrolled/R6/regression_seed00_fold02.json,f3d6371ea344db9b14cd417fbbf60520288aa56c6918a408e2d07c4f957366e6,e9_size_d2_n4000,e9_size_d2_n4000,a74fa4d235ff72bd,8e4db2ed2eba95a2,a74fa4d235ff72bd,d2_beef_uncontrolled,regression,8f5d6031eff3,R6,16,full,4000,n1_pre_l1,dense_random_all_nodes,R6_dense_random,0,True,1,adopted,sole scored evaluation of this evidence unit,e2526bc8a3c8,e2526bc8a3c8,ok,2026-09-22T10:18:47.567766+00:00
results/audit/m4_audit/server_evidence/ev/e9_size_d2/d2_beef_uncontrolled/R6/classification_seed00_fold04.json,19d6cc47693d21f404044f783e40133bd34edec7d63d11960d7e418f140bf368,e9_size_d2,e9_size_d2,ab401501e5a8470a,ad0354647350602d,ab401501e5a8470a,d2_beef_uncontrolled,classification,b01bbf6f9575,R6,16,full,250,n1_pre_l1,dense_random_all_nodes,R6_dense_random,0,True,2,adopted,kept touch of a duplicated unit (2 records); kept = the record with the earliest timestamp_utc; ties broken by the lexicographically smaller config_hash. Chosen without reference to any metric: selecting the better-scoring touch would be choosing the design after knowing which way the result leans.,2b681f4040fc,2b681f4040fc,ok,2026-09-22T06:09:24.087200+00:00
results/audit/m4_audit/server_evidence/ev/e9_size_d2_n250/d2_beef_uncontrolled/R6/classification_seed00_fold04.json,5fb04053b74b2435e9560ef0920a27409764604f0496dc0822d98387800e1b27,e9_size_d2_n250,e9_size_d2_n250,ab401501e5a8470a,ad0354647350602d,ab401501e5a8470a,d2_beef_uncontrolled,classification,b01bbf6f9575,R6,16,full,250,n1_pre_l1,dense_random_all_nodes,R6_dense_random,0,True,2,duplicate_test_touch,"second scored evaluation of the same evidence unit (N=250, same split, same model, same condition) under config e2dbcef1dad6; the kept touch is 2b681f4040fc at 2026-09-22T06:09:24.087200+00:00. kept = the record with the earliest timestamp_utc; ties broken by the lexicographically smaller config_hash. Chosen without reference to any metric: selecting the better-scoring touch would be choosing the design after knowing which way the result leans.",2b681f4040fc,e2dbcef1dad6,ok,2026-09-22T06:54:40.776962+00:00
results/audit/m4_audit/server_evidence/ev/e9_size_d2_n500/d2_beef_uncontrolled/R6/classification_seed00_fold04.json,aea673fe08dc1767f5fc95d4a77ce7d2135805b562d577ef29471bba54e0f307,e9_size_d2_n500,e9_size_d2_n500,ab401501e5a8470a,f6cfba1a28121e8e,ab401501e5a8470a,d2_beef_uncontrolled,classification,b01bbf6f9575,R6,16,full,500,n1_pre_l1,dense_random_all_nodes,R6_dense_random,0,True,1,adopted,sole scored evaluation of this evidence unit,5ef9f26a4c53,5ef9f26a4c53,ok,2026-09-22T06:58:57.978639+00:00
results/audit/m4_audit/server_evidence/ev/e9_size_d2_n1000/d2_beef_uncontrolled/R6/classification_seed00_fold04.json,877b65022e6a6c76ab1b63c78f2a2b2b43d422e800512fcb2729a5e340b7933a,e9_size_d2_n1000,e9_size_d2_n1000,ab401501e5a8470a,5e9460c533de12eb,ab401501e5a8470a,d2_beef_uncontrolled,classification,b01bbf6f9575,R6,16,full,1000,n1_pre_l1,dense_random_all_nodes,R6_dense_random,0,True,1,adopted,sole scored evaluation of this evidence unit,aeaa183639c5,aeaa183639c5,ok,2026-09-22T07:16:25.819932+00:00
results/audit/m4_audit/server_evidence/ev/e9_size_d2_n2000/d2_beef_uncontrolled/R6/classification_seed00_fold04.json,74e48805d6a44caf84f20a52d3fc3e30ebec1ebac649f08a02ce2a15ec4737f6,e9_size_d2_n2000,e9_size_d2_n2000,ab401501e5a8470a,8e0e0a8edab92286,ab401501e5a8470a,d2_beef_uncontrolled,classification,b01bbf6f9575,R6,16,full,2000,n1_pre_l1,dense_random_all_nodes,R6_dense_random,0,True,1,adopted,sole scored evaluation of this evidence unit,45dea923f5eb,45dea923f5eb,ok,2026-09-22T08:18:09.271845+00:00
results/audit/m4_audit/server_evidence/ev/e9_size_d2_n4000/d2_beef_uncontrolled/R6/classification_seed00_fold04.json,b180d067a64f9b18a629a043cb32e59f869eb18e5f9b3a96ac221b91f0af77c2,e9_size_d2_n4000,e9_size_d2_n4000,ab401501e5a8470a,975cf0f7aa570b86,ab401501e5a8470a,d2_beef_uncontrolled,classification,b01bbf6f9575,R6,16,full,4000,n1_pre_l1,dense_random_all_nodes,R6_dense_random,0,True,1,adopted,sole scored evaluation of this evidence unit,e2526bc8a3c8,e2526bc8a3c8,ok,2026-09-22T12:06:02.048210+00:00
results/audit/m4_audit/server_evidence/ev/e9_size_d2/d2_beef_uncontrolled/R2/classification_seed00_fold02.json,a6ee0b3fb46cb14dc480611754230563e5e3f0604905cf76118c7df12c9c430e,e9_size_d2,e9_size_d2,af7dd817f59b478c,cf0850d63c35e9ef,af7dd817f59b478c,d2_beef_uncontrolled,classification,8f5d6031eff3,R2,16,full,250,n1_pre_l1,dense_random_all_nodes,R2_degree_rewired,0,True,2,adopted,kept touch of a duplicated unit (2 records); kept = the record with the earliest timestamp_utc; ties broken by the lexicographically smaller config_hash. Chosen without reference to any metric: selecting the better-scoring touch would be choosing the design after knowing which way the result leans.,2b681f4040fc,2b681f4040fc,ok,2026-09-22T06:07:34.357864+00:00
results/audit/m4_audit/server_evidence/ev/e9_size_d2_n250/d2_beef_uncontrolled/R2/classification_seed00_fold02.json,8a005ec50ece1f7922dc5e9940ac20a1ac4027287dafa05b34239a67da7f78cc,e9_size_d2_n250,e9_size_d2_n250,af7dd817f59b478c,cf0850d63c35e9ef,af7dd817f59b478c,d2_beef_uncontrolled,classification,8f5d6031eff3,R2,16,full,250,n1_pre_l1,dense_random_all_nodes,R2_degree_rewired,0,True,2,duplicate_test_touch,"second scored evaluation of the same evidence unit (N=250, same split, same model, same condition) under config e2dbcef1dad6; the kept touch is 2b681f4040fc at 2026-09-22T06:07:34.357864+00:00. kept = the record with the earliest timestamp_utc; ties broken by the lexicographically smaller config_hash. Chosen without reference to any metric: selecting the better-scoring touch would be choosing the design after knowing which way the result leans.",2b681f4040fc,e2dbcef1dad6,ok,2026-09-22T06:52:38.188621+00:00
results/audit/m4_audit/server_evidence/ev/e9_size_d2_n500/d2_beef_uncontrolled/R2/classification_seed00_fold02.json,23b1afe2a96bc7b00f0585b0d1c207974efd22494ffd2cafb7c77d9242656725,e9_size_d2_n500,e9_size_d2_n500,af7dd817f59b478c,ff8c0127bd4de64e,af7dd817f59b478c,d2_beef_uncontrolled,classification,8f5d6031eff3,R2,16,full,500,n1_pre_l1,dense_random_all_nodes,R2_degree_rewired,0,True,1,adopted,sole scored evaluation of this evidence unit,5ef9f26a4c53,5ef9f26a4c53,ok,2026-09-22T06:54:39.951559+00:00
results/audit/m4_audit/server_evidence/ev/e9_size_d2_n1000/d2_beef_uncontrolled/R2/classification_seed00_fold02.json,936f20d1183a06ab713c90ba63efc68ed8fd1c10c3fb224f0e1fa6ac9585888d,e9_size_d2_n1000,e9_size_d2_n1000,af7dd817f59b478c,7e8db4ce5e1ad3ae,af7dd817f59b478c,d2_beef_uncontrolled,classification,8f5d6031eff3,R2,16,full,1000,n1_pre_l1,dense_random_all_nodes,R2_degree_rewired,0,True,1,adopted,sole scored evaluation of this evidence unit,aeaa183639c5,aeaa183639c5,ok,2026-09-22T07:03:25.304008+00:00
results/audit/m4_audit/server_evidence/ev/e9_size_d2_n2000/d2_beef_uncontrolled/R2/classification_seed00_fold02.json,e4e0febe9f097fb30dc99b337c4d859d1a4bbc4842f4924a3c6768628809204a,e9_size_d2_n2000,e9_size_d2_n2000,af7dd817f59b478c,d0a320167c64b686,af7dd817f59b478c,d2_beef_uncontrolled,classification,8f5d6031eff3,R2,16,full,2000,n1_pre_l1,dense_random_all_nodes,R2_degree_rewired,0,True,1,adopted,sole scored evaluation of this evidence unit,45dea923f5eb,45dea923f5eb,ok,2026-09-22T07:30:22.787220+00:00
results/audit/m4_audit/server_evidence/ev/e9_size_d2_n4000/d2_beef_uncontrolled/R2/classification_seed00_fold02.json,a0fa1d77ea0cc3fc8b3a0abd1045dc029ec02303ec20a983e841dc503e133a75,e9_size_d2_n4000,e9_size_d2_n4000,af7dd817f59b478c,5592da0b1b488d5a,af7dd817f59b478c,d2_beef_uncontrolled,classification,8f5d6031eff3,R2,16,full,4000,n1_pre_l1,dense_random_all_nodes,R2_degree_rewired,0,True,1,adopted,sole scored evaluation of this evidence unit,e2526bc8a3c8,e2526bc8a3c8,ok,2026-09-22T09:12:22.041549+00:00
results/audit/m4_audit/server_evidence/ev/e9_size_d2/d2_beef_uncontrolled/R3/classification_seed00_fold01.json,6ee1555b69aae0f79132b230245c8004fc6e5269bfdba180813a771ca8473f31,e9_size_d2,e9_size_d2,bb273375e97e9f32,9b3cd35620395d48,bb273375e97e9f32,d2_beef_uncontrolled,classification,6c9ef01abdf9,R3,16,full,250,n1_pre_l1,dense_random_all_nodes,R3_random_sparse,0,True,2,adopted,kept touch of a duplicated unit (2 records); kept = the record with the earliest timestamp_utc; ties broken by the lexicographically smaller config_hash. Chosen without reference to any metric: selecting the better-scoring touch would be choosing the design after knowing which way the result leans.,2b681f4040fc,2b681f4040fc,ok,2026-09-22T06:06:50.601729+00:00
results/audit/m4_audit/server_evidence/ev/e9_size_d2_n250/d2_beef_uncontrolled/R3/classification_seed00_fold01.json,dbf010332d2872494848da3928b077849c5ef6c86d2d1f4905ed3936a5c0f51e,e9_size_d2_n250,e9_size_d2_n250,bb273375e97e9f32,9b3cd35620395d48,bb273375e97e9f32,d2_beef_uncontrolled,classification,6c9ef01abdf9,R3,16,full,250,n1_pre_l1,dense_random_all_nodes,R3_random_sparse,0,True,2,duplicate_test_touch,"second scored evaluation of the same evidence unit (N=250, same split, same model, same condition) under config e2dbcef1dad6; the kept touch is 2b681f4040fc at 2026-09-22T06:06:50.601729+00:00. kept = the record with the earliest timestamp_utc; ties broken by the lexicographically smaller config_hash. Chosen without reference to any metric: selecting the better-scoring touch would be choosing the design after knowing which way the result leans.",2b681f4040fc,e2dbcef1dad6,ok,2026-09-22T06:51:46.295930+00:00
results/audit/m4_audit/server_evidence/ev/e9_size_d2_n500/d2_beef_uncontrolled/R3/classification_seed00_fold01.json,c653b6dae5897437123a4db10665357f8c9786afc2ccbf5dc6bc1e53a4fac017,e9_size_d2_n500,e9_size_d2_n500,bb273375e97e9f32,7506037e29140148,bb273375e97e9f32,d2_beef_uncontrolled,classification,6c9ef01abdf9,R3,16,full,500,n1_pre_l1,dense_random_all_nodes,R3_random_sparse,0,True,1,adopted,sole scored evaluation of this evidence unit,5ef9f26a4c53,5ef9f26a4c53,ok,2026-09-22T06:52:56.129203+00:00
results/audit/m4_audit/server_evidence/ev/e9_size_d2_n1000/d2_beef_uncontrolled/R3/classification_seed00_fold01.json,f2a26d012307da756c70f93c09a3d903342e296d3c153228904cdd1ee7305dac,e9_size_d2_n1000,e9_size_d2_n1000,bb273375e97e9f32,b6193378be2ee106,bb273375e97e9f32,d2_beef_uncontrolled,classification,6c9ef01abdf9,R3,16,full,1000,n1_pre_l1,dense_random_all_nodes,R3_random_sparse,0,True,1,adopted,sole scored evaluation of this evidence unit,aeaa183639c5,aeaa183639c5,ok,2026-09-22T06:56:42.063789+00:00
results/audit/m4_audit/server_evidence/ev/e9_size_d2_n2000/d2_beef_uncontrolled/R3/classification_seed00_fold01.json,40c30ab336a04061ffe8e670ca43ff552230de00040e7ea6f5a2547f7750fbce,e9_size_d2_n2000,e9_size_d2_n2000,bb273375e97e9f32,a6d79c2a603400e1,bb273375e97e9f32,d2_beef_uncontrolled,classification,6c9ef01abdf9,R3,16,full,2000,n1_pre_l1,dense_random_all_nodes,R3_random_sparse,0,True,1,adopted,sole scored evaluation of this evidence unit,45dea923f5eb,45dea923f5eb,ok,2026-09-22T07:11:40.328163+00:00
results/audit/m4_audit/server_evidence/ev/e9_size_d2_n4000/d2_beef_uncontrolled/R3/classification_seed00_fold01.json,a564b2eda133d8174e615e5ea49d46191ad18461dcd34a9b70937c4cb1affd1e,e9_size_d2_n4000,e9_size_d2_n4000,bb273375e97e9f32,4a8f0a33b12f53b5,bb273375e97e9f32,d2_beef_uncontrolled,classification,6c9ef01abdf9,R3,16,full,4000,n1_pre_l1,dense_random_all_nodes,R3_random_sparse,0,True,1,adopted,sole scored evaluation of this evidence unit,e2526bc8a3c8,e2526bc8a3c8,ok,2026-09-22T08:04:11.044525+00:00
results/audit/m4_audit/server_evidence/ev/e9_size_d2/d2_beef_uncontrolled/R0/regression_seed00_fold01.json,b2d9271e22bb0db0ac4b7955396a0b3cdd2864121532477430c6593c0d690206,e9_size_d2,e9_size_d2,be35057fa7331feb,14624a74a3764657,be35057fa7331feb,d2_beef_uncontrolled,regression,6c9ef01abdf9,R0,16,full,250,n1_pre_l1,dense_random_all_nodes,R0_real_fly,0,True,2,adopted,kept touch of a duplicated unit (2 records); kept = the record with the earliest timestamp_utc; ties broken by the lexicographically smaller config_hash. Chosen without reference to any metric: selecting the better-scoring touch would be choosing the design after knowing which way the result leans.,2b681f4040fc,2b681f4040fc,ok,2026-09-22T06:07:07.577423+00:00
results/audit/m4_audit/server_evidence/ev/e9_size_d2_n250/d2_beef_uncontrolled/R0/regression_seed00_fold01.json,c3610c9145963e346e9ace006e941dc7eb817b0fcc9d037a68ddb0235569c746,e9_size_d2_n250,e9_size_d2_n250,be35057fa7331feb,14624a74a3764657,be35057fa7331feb,d2_beef_uncontrolled,regression,6c9ef01abdf9,R0,16,full,250,n1_pre_l1,dense_random_all_nodes,R0_real_fly,0,True,2,duplicate_test_touch,"second scored evaluation of the same evidence unit (N=250, same split, same model, same condition) under config e2dbcef1dad6; the kept touch is 2b681f4040fc at 2026-09-22T06:07:07.577423+00:00. kept = the record with the earliest timestamp_utc; ties broken by the lexicographically smaller config_hash. Chosen without reference to any metric: selecting the better-scoring touch would be choosing the design after knowing which way the result leans.",2b681f4040fc,e2dbcef1dad6,ok,2026-09-22T06:52:07.947498+00:00
results/audit/m4_audit/server_evidence/ev/e9_size_d2_n500/d2_beef_uncontrolled/R0/regression_seed00_fold01.json,0bd62461ea1fa1ada0561fb6225030ce6ca750808d0613a83f4b640b6c9b74b6,e9_size_d2_n500,e9_size_d2_n500,be35057fa7331feb,5f677e79a523fa5b,be35057fa7331feb,d2_beef_uncontrolled,regression,6c9ef01abdf9,R0,16,full,500,n1_pre_l1,dense_random_all_nodes,R0_real_fly,0,True,1,adopted,sole scored evaluation of this evidence unit,5ef9f26a4c53,5ef9f26a4c53,ok,2026-09-22T06:53:43.475566+00:00
results/audit/m4_audit/server_evidence/ev/e9_size_d2_n1000/d2_beef_uncontrolled/R0/regression_seed00_fold01.json,a3c6bf0ab729075a9cde9954c847f66a3bff8cda1b3f4de763434c290c4ccbb1,e9_size_d2_n1000,e9_size_d2_n1000,be35057fa7331feb,402cc35bc6d2f2f8,be35057fa7331feb,d2_beef_uncontrolled,regression,6c9ef01abdf9,R0,16,full,1000,n1_pre_l1,dense_random_all_nodes,R0_real_fly,0,True,1,adopted,sole scored evaluation of this evidence unit,aeaa183639c5,aeaa183639c5,ok,2026-09-22T06:59:55.363459+00:00
results/audit/m4_audit/server_evidence/ev/e9_size_d2_n2000/d2_beef_uncontrolled/R0/regression_seed00_fold01.json,a631a3077c3216a3ff3de0b452ba3c6e45162207a034f9d5be6141f962d33ab8,e9_size_d2_n2000,e9_size_d2_n2000,be35057fa7331feb,c3995aa09d239cd4,be35057fa7331feb,d2_beef_uncontrolled,regression,6c9ef01abdf9,R0,16,full,2000,n1_pre_l1,dense_random_all_nodes,R0_real_fly,0,True,1,adopted,sole scored evaluation of this evidence unit,45dea923f5eb,45dea923f5eb,ok,2026-09-22T07:22:17.874581+00:00
results/audit/m4_audit/server_evidence/ev/e9_size_d2_n4000/d2_beef_uncontrolled/R0/regression_seed00_fold01.json,96056f5b79ce3ea1d7d4767775f8c83cbe6754232fd18309e5ed85074ca0d52c,e9_size_d2_n4000,e9_size_d2_n4000,be35057fa7331feb,1e6dfdc56e675b0b,be35057fa7331feb,d2_beef_uncontrolled,regression,6c9ef01abdf9,R0,16,full,4000,n1_pre_l1,dense_random_all_nodes,R0_real_fly,0,True,1,adopted,sole scored evaluation of this evidence unit,e2526bc8a3c8,e2526bc8a3c8,ok,2026-09-22T08:41:37.245409+00:00
results/audit/m4_audit/server_evidence/ev/e9_size_d2/d2_beef_uncontrolled/R4/classification_seed00_fold00.json,487394c568ba3eb0a01679c7cc59358ea00c1f5555d93120d9ac5f78edb5b1e6,e9_size_d2,e9_size_d2,bf2f611cc30469be,74fd2cb0f0c27367,bf2f611cc30469be,d2_beef_uncontrolled,classification,20a70c561f8e,R4,16,full,250,n1_pre_l1,dense_random_all_nodes,R4_er_esn,0,True,2,adopted,kept touch of a duplicated unit (2 records); kept = the record with the earliest timestamp_utc; ties broken by the lexicographically smaller config_hash. Chosen without reference to any metric: selecting the better-scoring touch would be choosing the design after knowing which way the result leans.,2b681f4040fc,2b681f4040fc,ok,2026-09-22T06:06:06.389574+00:00
results/audit/m4_audit/server_evidence/ev/e9_size_d2_n250/d2_beef_uncontrolled/R4/classification_seed00_fold00.json,4c62aafbb9c5aa30fc2e354dbda106c9c4b80d550ced12130a39de5507dbb983,e9_size_d2_n250,e9_size_d2_n250,bf2f611cc30469be,74fd2cb0f0c27367,bf2f611cc30469be,d2_beef_uncontrolled,classification,20a70c561f8e,R4,16,full,250,n1_pre_l1,dense_random_all_nodes,R4_er_esn,0,True,2,duplicate_test_touch,"second scored evaluation of the same evidence unit (N=250, same split, same model, same condition) under config e2dbcef1dad6; the kept touch is 2b681f4040fc at 2026-09-22T06:06:06.389574+00:00. kept = the record with the earliest timestamp_utc; ties broken by the lexicographically smaller config_hash. Chosen without reference to any metric: selecting the better-scoring touch would be choosing the design after knowing which way the result leans.",2b681f4040fc,e2dbcef1dad6,ok,2026-09-22T06:50:56.346191+00:00
results/audit/m4_audit/server_evidence/ev/e9_size_d2_n500/d2_beef_uncontrolled/R4/classification_seed00_fold00.json,21974bce62637ef1503331f3fa19aec455ff71da7862143c845a1ebe6cf4dcfc,e9_size_d2_n500,e9_size_d2_n500,bf2f611cc30469be,07bcc013b2cd475a,bf2f611cc30469be,d2_beef_uncontrolled,classification,20a70c561f8e,R4,16,full,500,n1_pre_l1,dense_random_all_nodes,R4_er_esn,0,True,1,adopted,sole scored evaluation of this evidence unit,5ef9f26a4c53,5ef9f26a4c53,ok,2026-09-22T06:51:02.842769+00:00
results/audit/m4_audit/server_evidence/ev/e9_size_d2_n1000/d2_beef_uncontrolled/R4/classification_seed00_fold00.json,686eadf7e4ea70b89a808f14ef061de246c32531d55141a73d2c24969c973146,e9_size_d2_n1000,e9_size_d2_n1000,bf2f611cc30469be,ed1bedc7a580f53a,bf2f611cc30469be,d2_beef_uncontrolled,classification,20a70c561f8e,R4,16,full,1000,n1_pre_l1,dense_random_all_nodes,R4_er_esn,0,True,1,adopted,sole scored evaluation of this evidence unit,aeaa183639c5,aeaa183639c5,ok,2026-09-22T06:51:22.398070+00:00
results/audit/m4_audit/server_evidence/ev/e9_size_d2_n2000/d2_beef_uncontrolled/R4/classification_seed00_fold00.json,50fb9ebee4f230e783b71fdc6d78871d43b479432ce01fb6e7885f4765c52e10,e9_size_d2_n2000,e9_size_d2_n2000,bf2f611cc30469be,6c6ab8fa587f69a1,bf2f611cc30469be,d2_beef_uncontrolled,classification,20a70c561f8e,R4,16,full,2000,n1_pre_l1,dense_random_all_nodes,R4_er_esn,0,True,1,adopted,sole scored evaluation of this evidence unit,45dea923f5eb,45dea923f5eb,ok,2026-09-22T06:52:34.646545+00:00
results/audit/m4_audit/server_evidence/ev/e9_size_d2_n4000/d2_beef_uncontrolled/R4/classification_seed00_fold00.json,fbfcafa25cf37bd40f53ebdc9d020570587457d6d147b418938eaf68f7df1e23,e9_size_d2_n4000,e9_size_d2_n4000,bf2f611cc30469be,c9e6e89799fc2a35,bf2f611cc30469be,d2_beef_uncontrolled,classification,20a70c561f8e,R4,16,full,4000,n1_pre_l1,dense_random_all_nodes,R4_er_esn,0,True,1,adopted,sole scored evaluation of this evidence unit,e2526bc8a3c8,e2526bc8a3c8,ok,2026-09-22T06:56:22.358270+00:00
results/audit/m4_audit/server_evidence/ev/e9_size_d2/d2_beef_uncontrolled/R6/regression_seed00_fold03.json,66c3f74602c861aec92db2b4f1f36c441cfa6d0b5e4cf85bdce1d39de92d0e83,e9_size_d2,e9_size_d2,c2661301901658f9,061e97c7dcdcc4f3,c2661301901658f9,d2_beef_uncontrolled,regression,940f76d29b89,R6,16,full,250,n1_pre_l1,dense_random_all_nodes,R6_dense_random,0,True,2,adopted,kept touch of a duplicated unit (2 records); kept = the record with the earliest timestamp_utc; ties broken by the lexicographically smaller config_hash. Chosen without reference to any metric: selecting the better-scoring touch would be choosing the design after knowing which way the result leans.,2b681f4040fc,2b681f4040fc,ok,2026-09-22T06:08:58.850219+00:00
results/audit/m4_audit/server_evidence/ev/e9_size_d2_n250/d2_beef_uncontrolled/R6/regression_seed00_fold03.json,f8487eb18572d33abfe44c4eb2c055706e94ee8f1aaf70e1f3d0d809e01b2538,e9_size_d2_n250,e9_size_d2_n250,c2661301901658f9,061e97c7dcdcc4f3,c2661301901658f9,d2_beef_uncontrolled,regression,940f76d29b89,R6,16,full,250,n1_pre_l1,dense_random_all_nodes,R6_dense_random,0,True,2,duplicate_test_touch,"second scored evaluation of the same evidence unit (N=250, same split, same model, same condition) under config e2dbcef1dad6; the kept touch is 2b681f4040fc at 2026-09-22T06:08:58.850219+00:00. kept = the record with the earliest timestamp_utc; ties broken by the lexicographically smaller config_hash. Chosen without reference to any metric: selecting the better-scoring touch would be choosing the design after knowing which way the result leans.",2b681f4040fc,e2dbcef1dad6,ok,2026-09-22T06:54:13.729714+00:00
results/audit/m4_audit/server_evidence/ev/e9_size_d2_n500/d2_beef_uncontrolled/R6/regression_seed00_fold03.json,ba828950049fbd6c0aaeb6697dbc92b7c76d8235260f0f49856de16693f9b912,e9_size_d2_n500,e9_size_d2_n500,c2661301901658f9,07a5e403ecbb4fa1,c2661301901658f9,d2_beef_uncontrolled,regression,940f76d29b89,R6,16,full,500,n1_pre_l1,dense_random_all_nodes,R6_dense_random,0,True,1,adopted,sole scored evaluation of this evidence unit,5ef9f26a4c53,5ef9f26a4c53,ok,2026-09-22T06:58:01.351410+00:00
results/audit/m4_audit/server_evidence/ev/e9_size_d2_n1000/d2_beef_uncontrolled/R6/regression_seed00_fold03.json,58448bfdc08ff0284c8971ed9a57097d7359c3e4f604d5b9a5fc1ed56a9a0253,e9_size_d2_n1000,e9_size_d2_n1000,c2661301901658f9,c3a8189eaec313b1,c2661301901658f9,d2_beef_uncontrolled,regression,940f76d29b89,R6,16,full,1000,n1_pre_l1,dense_random_all_nodes,R6_dense_random,0,True,1,adopted,sole scored evaluation of this evidence unit,aeaa183639c5,aeaa183639c5,ok,2026-09-22T07:13:27.501575+00:00
results/audit/m4_audit/server_evidence/ev/e9_size_d2_n2000/d2_beef_uncontrolled/R6/regression_seed00_fold03.json,9eb6dbb6f46f103e1700a71072c2b2c0a13e9be4291fa23c85d4447a55f68b0f,e9_size_d2_n2000,e9_size_d2_n2000,c2661301901658f9,8e381df8621c56e1,c2661301901658f9,d2_beef_uncontrolled,regression,940f76d29b89,R6,16,full,2000,n1_pre_l1,dense_random_all_nodes,R6_dense_random,0,True,1,adopted,sole scored evaluation of this evidence unit,45dea923f5eb,45dea923f5eb,ok,2026-09-22T08:07:13.125498+00:00
results/audit/m4_audit/server_evidence/ev/e9_size_d2_n4000/d2_beef_uncontrolled/R6/regression_seed00_fold03.json,f41b109b674032104dd88c09333bc658faecf9801d0f05e7623a25d7962bb4a4,e9_size_d2_n4000,e9_size_d2_n4000,c2661301901658f9,bb66e3b9e1afdfaf,c2661301901658f9,d2_beef_uncontrolled,regression,940f76d29b89,R6,16,full,4000,n1_pre_l1,dense_random_all_nodes,R6_dense_random,0,True,1,adopted,sole scored evaluation of this evidence unit,e2526bc8a3c8,e2526bc8a3c8,ok,2026-09-22T11:27:06.817052+00:00
results/audit/m4_audit/server_evidence/ev/e9_size_d2/d2_beef_uncontrolled/R0/regression_seed00_fold02.json,ed87905b3c2f0b3a80718245c0a3c51e104700a384b9f662414c833c43b309a8,e9_size_d2,e9_size_d2,c543ed0b359319b2,2a4304340b6cb0be,c543ed0b359319b2,d2_beef_uncontrolled,regression,8f5d6031eff3,R0,16,full,250,n1_pre_l1,dense_random_all_nodes,R0_real_fly,0,True,2,adopted,kept touch of a duplicated unit (2 records); kept = the record with the earliest timestamp_utc; ties broken by the lexicographically smaller config_hash. Chosen without reference to any metric: selecting the better-scoring touch would be choosing the design after knowing which way the result leans.,2b681f4040fc,2b681f4040fc,ok,2026-09-22T06:07:53.756533+00:00
results/audit/m4_audit/server_evidence/ev/e9_size_d2_n250/d2_beef_uncontrolled/R0/regression_seed00_fold02.json,7b5d2fcce583064026bb96dea9ea3b4ef490bef71c5881672a3b9e459ddcba78,e9_size_d2_n250,e9_size_d2_n250,c543ed0b359319b2,2a4304340b6cb0be,c543ed0b359319b2,d2_beef_uncontrolled,regression,8f5d6031eff3,R0,16,full,250,n1_pre_l1,dense_random_all_nodes,R0_real_fly,0,True,2,duplicate_test_touch,"second scored evaluation of the same evidence unit (N=250, same split, same model, same condition) under config e2dbcef1dad6; the kept touch is 2b681f4040fc at 2026-09-22T06:07:53.756533+00:00. kept = the record with the earliest timestamp_utc; ties broken by the lexicographically smaller config_hash. Chosen without reference to any metric: selecting the better-scoring touch would be choosing the design after knowing which way the result leans.",2b681f4040fc,e2dbcef1dad6,ok,2026-09-22T06:53:03.032007+00:00
results/audit/m4_audit/server_evidence/ev/e9_size_d2_n500/d2_beef_uncontrolled/R0/regression_seed00_fold02.json,5ced8df4de74d9e27053261f7a1c644fff46ed690b8f735c71ab4b51b06f9cce,e9_size_d2_n500,e9_size_d2_n500,c543ed0b359319b2,0751cc764c32d8ef,c543ed0b359319b2,d2_beef_uncontrolled,regression,8f5d6031eff3,R0,16,full,500,n1_pre_l1,dense_random_all_nodes,R0_real_fly,0,True,1,adopted,sole scored evaluation of this evidence unit,5ef9f26a4c53,5ef9f26a4c53,ok,2026-09-22T06:55:33.075569+00:00
results/audit/m4_audit/server_evidence/ev/e9_size_d2_n1000/d2_beef_uncontrolled/R0/regression_seed00_fold02.json,db038c7a0da6f850abcc00d37c49f67b80f7e8708c0dafd785ba95941caf0d1a,e9_size_d2_n1000,e9_size_d2_n1000,c543ed0b359319b2,2c289cb84075713a,c543ed0b359319b2,d2_beef_uncontrolled,regression,8f5d6031eff3,R0,16,full,1000,n1_pre_l1,dense_random_all_nodes,R0_real_fly,0,True,1,adopted,sole scored evaluation of this evidence unit,aeaa183639c5,aeaa183639c5,ok,2026-09-22T07:06:04.436227+00:00
results/audit/m4_audit/server_evidence/ev/e9_size_d2_n2000/d2_beef_uncontrolled/R0/regression_seed00_fold02.json,de7a98f9fa70fe345ccc48a8c3bd0d5be84c7805305f2e67dc42e0ac7e4ef962,e9_size_d2_n2000,e9_size_d2_n2000,c543ed0b359319b2,1073df28e889507c,c543ed0b359319b2,d2_beef_uncontrolled,regression,8f5d6031eff3,R0,16,full,2000,n1_pre_l1,dense_random_all_nodes,R0_real_fly,0,True,1,adopted,sole scored evaluation of this evidence unit,45dea923f5eb,45dea923f5eb,ok,2026-09-22T07:39:45.259765+00:00
results/audit/m4_audit/server_evidence/ev/e9_size_d2_n4000/d2_beef_uncontrolled/R0/regression_seed00_fold02.json,9cdab2ce23a986984df6cc901d1ddbcd998c943c1a0d6ae9c92a240f47e0cbb6,e9_size_d2_n4000,e9_size_d2_n4000,c543ed0b359319b2,08f564ad1b6c1b44,c543ed0b359319b2,d2_beef_uncontrolled,regression,8f5d6031eff3,R0,16,full,4000,n1_pre_l1,dense_random_all_nodes,R0_real_fly,0,True,1,adopted,sole scored evaluation of this evidence unit,e2526bc8a3c8,e2526bc8a3c8,ok,2026-09-22T09:49:10.383533+00:00
results/audit/m4_audit/server_evidence/ev/e9_size_d2/d2_beef_uncontrolled/R5/regression_seed00_fold01.json,b14660527ebaef6a8e07ae32c14ce18743229f6ff1cd16186ebb82386a3f11d7,e9_size_d2,e9_size_d2,c984e5f5de319a4b,25378886b8c8bbc4,c984e5f5de319a4b,d2_beef_uncontrolled,regression,6c9ef01abdf9,R5,16,full,250,n1_pre_l1,dense_random_all_nodes,R5_small_world,0,True,2,adopted,kept touch of a duplicated unit (2 records); kept = the record with the earliest timestamp_utc; ties broken by the lexicographically smaller config_hash. Chosen without reference to any metric: selecting the better-scoring touch would be choosing the design after knowing which way the result leans.,2b681f4040fc,2b681f4040fc,ok,2026-09-22T06:07:18.772602+00:00
results/audit/m4_audit/server_evidence/ev/e9_size_d2_n250/d2_beef_uncontrolled/R5/regression_seed00_fold01.json,b9eecc980992471c85587d608c3a0e86325aead47326e7ce5befd11bc8ead8a9,e9_size_d2_n250,e9_size_d2_n250,c984e5f5de319a4b,25378886b8c8bbc4,c984e5f5de319a4b,d2_beef_uncontrolled,regression,6c9ef01abdf9,R5,16,full,250,n1_pre_l1,dense_random_all_nodes,R5_small_world,0,True,2,duplicate_test_touch,"second scored evaluation of the same evidence unit (N=250, same split, same model, same condition) under config e2dbcef1dad6; the kept touch is 2b681f4040fc at 2026-09-22T06:07:18.772602+00:00. kept = the record with the earliest timestamp_utc; ties broken by the lexicographically smaller config_hash. Chosen without reference to any metric: selecting the better-scoring touch would be choosing the design after knowing which way the result leans.",2b681f4040fc,e2dbcef1dad6,ok,2026-09-22T06:52:21.399319+00:00
results/audit/m4_audit/server_evidence/ev/e9_size_d2_n500/d2_beef_uncontrolled/R5/regression_seed00_fold01.json,4c4373afda1af32210292e71e76c44b84578056f3599d5d1ba7a9f90a72bb542,e9_size_d2_n500,e9_size_d2_n500,c984e5f5de319a4b,c65d7ea2f6970899,c984e5f5de319a4b,d2_beef_uncontrolled,regression,6c9ef01abdf9,R5,16,full,500,n1_pre_l1,dense_random_all_nodes,R5_small_world,0,True,1,adopted,sole scored evaluation of this evidence unit,5ef9f26a4c53,5ef9f26a4c53,ok,2026-09-22T06:54:00.210162+00:00
results/audit/m4_audit/server_evidence/ev/e9_size_d2_n1000/d2_beef_uncontrolled/R5/regression_seed00_fold01.json,39911565af5638d95877d502715d02d67d258fa1bc33ce920aa50ad951987894,e9_size_d2_n1000,e9_size_d2_n1000,c984e5f5de319a4b,3733d75eecba4008,c984e5f5de319a4b,d2_beef_uncontrolled,regression,6c9ef01abdf9,R5,16,full,1000,n1_pre_l1,dense_random_all_nodes,R5_small_world,0,True,1,adopted,sole scored evaluation of this evidence unit,aeaa183639c5,aeaa183639c5,ok,2026-09-22T07:01:00.345782+00:00
results/audit/m4_audit/server_evidence/ev/e9_size_d2_n2000/d2_beef_uncontrolled/R5/regression_seed00_fold01.json,64e486eed2cd32bc6f168fce6d8d1772d6303aadb8a5804501ba6edab2de6dcb,e9_size_d2_n2000,e9_size_d2_n2000,c984e5f5de319a4b,86ecfdfa2f415ccf,c984e5f5de319a4b,d2_beef_uncontrolled,regression,6c9ef01abdf9,R5,16,full,2000,n1_pre_l1,dense_random_all_nodes,R5_small_world,0,True,1,adopted,sole scored evaluation of this evidence unit,45dea923f5eb,45dea923f5eb,ok,2026-09-22T07:23:30.164345+00:00
results/audit/m4_audit/server_evidence/ev/e9_size_d2_n4000/d2_beef_uncontrolled/R5/regression_seed00_fold01.json,46a6ca8a4d5306b84a9beedd04896c441c9215ba2bea57b64bee9e426d29990d,e9_size_d2_n4000,e9_size_d2_n4000,c984e5f5de319a4b,23b0b4f2d8118525,c984e5f5de319a4b,d2_beef_uncontrolled,regression,6c9ef01abdf9,R5,16,full,4000,n1_pre_l1,dense_random_all_nodes,R5_small_world,0,True,1,adopted,sole scored evaluation of this evidence unit,e2526bc8a3c8,e2526bc8a3c8,ok,2026-09-22T08:45:17.346279+00:00
results/audit/m4_audit/server_evidence/ev/e9_size_d2/d2_beef_uncontrolled/R6/regression_seed00_fold01.json,5919fb4ff8be1dec2355ccfb67bd60a2351f1bc5e10529ef6f946fdf783bd4c8,e9_size_d2,e9_size_d2,ca4f1d01d5b6481d,60d7d3df59f1b1f8,ca4f1d01d5b6481d,d2_beef_uncontrolled,regression,6c9ef01abdf9,R6,16,full,250,n1_pre_l1,dense_random_all_nodes,R6_dense_random,0,True,2,adopted,kept touch of a duplicated unit (2 records); kept = the record with the earliest timestamp_utc; ties broken by the lexicographically smaller config_hash. Chosen without reference to any metric: selecting the better-scoring touch would be choosing the design after knowing which way the result leans.,2b681f4040fc,2b681f4040fc,ok,2026-09-22T06:07:26.579484+00:00
results/audit/m4_audit/server_evidence/ev/e9_size_d2_n250/d2_beef_uncontrolled/R6/regression_seed00_fold01.json,ad011044ec181990e605b0bf4f04f69b8592e7ad18c49ae08e9d0bf2b129a755,e9_size_d2_n250,e9_size_d2_n250,ca4f1d01d5b6481d,60d7d3df59f1b1f8,ca4f1d01d5b6481d,d2_beef_uncontrolled,regression,6c9ef01abdf9,R6,16,full,250,n1_pre_l1,dense_random_all_nodes,R6_dense_random,0,True,2,duplicate_test_touch,"second scored evaluation of the same evidence unit (N=250, same split, same model, same condition) under config e2dbcef1dad6; the kept touch is 2b681f4040fc at 2026-09-22T06:07:26.579484+00:00. kept = the record with the earliest timestamp_utc; ties broken by the lexicographically smaller config_hash. Chosen without reference to any metric: selecting the better-scoring touch would be choosing the design after knowing which way the result leans.",2b681f4040fc,e2dbcef1dad6,ok,2026-09-22T06:52:29.706809+00:00
results/audit/m4_audit/server_evidence/ev/e9_size_d2_n500/d2_beef_uncontrolled/R6/regression_seed00_fold01.json,54311cde1650288a72e5431887bfd0ec0e500ce086f9798f98c17768ad97b497,e9_size_d2_n500,e9_size_d2_n500,ca4f1d01d5b6481d,7debdfd233a760a4,ca4f1d01d5b6481d,d2_beef_uncontrolled,regression,6c9ef01abdf9,R6,16,full,500,n1_pre_l1,dense_random_all_nodes,R6_dense_random,0,True,1,adopted,sole scored evaluation of this evidence unit,5ef9f26a4c53,5ef9f26a4c53,ok,2026-09-22T06:54:29.102656+00:00
results/audit/m4_audit/server_evidence/ev/e9_size_d2_n1000/d2_beef_uncontrolled/R6/regression_seed00_fold01.json,f9b43c102edae61a143f27310d780a0f14cae58b79366fe79334eeaa34967be2,e9_size_d2_n1000,e9_size_d2_n1000,ca4f1d01d5b6481d,3a50a7c50e91b40b,ca4f1d01d5b6481d,d2_beef_uncontrolled,regression,6c9ef01abdf9,R6,16,full,1000,n1_pre_l1,dense_random_all_nodes,R6_dense_random,0,True,1,adopted,sole scored evaluation of this evidence unit,aeaa183639c5,aeaa183639c5,ok,2026-09-22T07:03:09.260423+00:00
results/audit/m4_audit/server_evidence/ev/e9_size_d2_n2000/d2_beef_uncontrolled/R6/regression_seed00_fold01.json,e48a54eca5714c7a48e43fce38c10ccc93a98fd51b2cbdd34aa0535ee1a82b9b,e9_size_d2_n2000,e9_size_d2_n2000,ca4f1d01d5b6481d,9287621b39996a61,ca4f1d01d5b6481d,d2_beef_uncontrolled,regression,6c9ef01abdf9,R6,16,full,2000,n1_pre_l1,dense_random_all_nodes,R6_dense_random,0,True,1,adopted,sole scored evaluation of this evidence unit,45dea923f5eb,45dea923f5eb,ok,2026-09-22T07:29:54.581479+00:00
results/audit/m4_audit/server_evidence/ev/e9_size_d2_n4000/d2_beef_uncontrolled/R6/regression_seed00_fold01.json,9b9fc49362d8afa3e15b90b09aa4bbb9a0ae62efcb2ae24269d197d51aa01ad7,e9_size_d2_n4000,e9_size_d2_n4000,ca4f1d01d5b6481d,ce2ad9d9e1f9a297,ca4f1d01d5b6481d,d2_beef_uncontrolled,regression,6c9ef01abdf9,R6,16,full,4000,n1_pre_l1,dense_random_all_nodes,R6_dense_random,0,True,1,adopted,sole scored evaluation of this evidence unit,e2526bc8a3c8,e2526bc8a3c8,ok,2026-09-22T09:11:19.940560+00:00
results/audit/m4_audit/server_evidence/ev/e9_size_d2/d2_beef_uncontrolled/R2/regression_seed00_fold02.json,38bbe53499fe7c63f6cbf13428ea489ca95081db45e73c78f28711e4cf5f4f1e,e9_size_d2,e9_size_d2,caf54b92b3c16c65,ab4b056229c9e99a,caf54b92b3c16c65,d2_beef_uncontrolled,regression,8f5d6031eff3,R2,16,full,250,n1_pre_l1,dense_random_all_nodes,R2_degree_rewired,0,True,2,adopted,kept touch of a duplicated unit (2 records); kept = the record with the earliest timestamp_utc; ties broken by the lexicographically smaller config_hash. Chosen without reference to any metric: selecting the better-scoring touch would be choosing the design after knowing which way the result leans.,2b681f4040fc,2b681f4040fc,ok,2026-09-22T06:07:58.063982+00:00
results/audit/m4_audit/server_evidence/ev/e9_size_d2_n250/d2_beef_uncontrolled/R2/regression_seed00_fold02.json,98995957d85b8bcc9b07abdbb22ac4c796fb5f25e7381680c87e632577662ae4,e9_size_d2_n250,e9_size_d2_n250,caf54b92b3c16c65,ab4b056229c9e99a,caf54b92b3c16c65,d2_beef_uncontrolled,regression,8f5d6031eff3,R2,16,full,250,n1_pre_l1,dense_random_all_nodes,R2_degree_rewired,0,True,2,duplicate_test_touch,"second scored evaluation of the same evidence unit (N=250, same split, same model, same condition) under config e2dbcef1dad6; the kept touch is 2b681f4040fc at 2026-09-22T06:07:58.063982+00:00. kept = the record with the earliest timestamp_utc; ties broken by the lexicographically smaller config_hash. Chosen without reference to any metric: selecting the better-scoring touch would be choosing the design after knowing which way the result leans.",2b681f4040fc,e2dbcef1dad6,ok,2026-09-22T06:53:07.635307+00:00
results/audit/m4_audit/server_evidence/ev/e9_size_d2_n500/d2_beef_uncontrolled/R2/regression_seed00_fold02.json,4ceceba87dc480224180cf2a0eebe3288a5f0e4891ffcad3c50c12d071b7184f,e9_size_d2_n500,e9_size_d2_n500,caf54b92b3c16c65,fc770368407b0e8b,caf54b92b3c16c65,d2_beef_uncontrolled,regression,8f5d6031eff3,R2,16,full,500,n1_pre_l1,dense_random_all_nodes,R2_degree_rewired,0,True,1,adopted,sole scored evaluation of this evidence unit,5ef9f26a4c53,5ef9f26a4c53,ok,2026-09-22T06:55:38.704745+00:00
results/audit/m4_audit/server_evidence/ev/e9_size_d2_n1000/d2_beef_uncontrolled/R2/regression_seed00_fold02.json,ff9c78e2d2bdb45fba79f384d4bcec59a7df2c30fae06c40a916a70d92f85899,e9_size_d2_n1000,e9_size_d2_n1000,caf54b92b3c16c65,9fb1532e28a9f308,caf54b92b3c16c65,d2_beef_uncontrolled,regression,8f5d6031eff3,R2,16,full,1000,n1_pre_l1,dense_random_all_nodes,R2_degree_rewired,0,True,1,adopted,sole scored evaluation of this evidence unit,aeaa183639c5,aeaa183639c5,ok,2026-09-22T07:06:12.769020+00:00
results/audit/m4_audit/server_evidence/ev/e9_size_d2_n2000/d2_beef_uncontrolled/R2/regression_seed00_fold02.json,44d282b506779ea9fae2fc1038e75ccc4534d79da9bc535fb1495f540b3fa20a,e9_size_d2_n2000,e9_size_d2_n2000,caf54b92b3c16c65,14e05918d5f971da,caf54b92b3c16c65,d2_beef_uncontrolled,regression,8f5d6031eff3,R2,16,full,2000,n1_pre_l1,dense_random_all_nodes,R2_degree_rewired,0,True,1,adopted,sole scored evaluation of this evidence unit,45dea923f5eb,45dea923f5eb,ok,2026-09-22T07:40:00.239893+00:00
results/audit/m4_audit/server_evidence/ev/e9_size_d2_n4000/d2_beef_uncontrolled/R2/regression_seed00_fold02.json,ef36450a285e625453b87e56750f07b8ba20627df3d2911791640c9eebb91d5c,e9_size_d2_n4000,e9_size_d2_n4000,caf54b92b3c16c65,6af82e7d91adf2fd,caf54b92b3c16c65,d2_beef_uncontrolled,regression,8f5d6031eff3,R2,16,full,4000,n1_pre_l1,dense_random_all_nodes,R2_degree_rewired,0,True,1,adopted,sole scored evaluation of this evidence unit,e2526bc8a3c8,e2526bc8a3c8,ok,2026-09-22T09:49:41.504611+00:00
results/audit/m4_audit/server_evidence/ev/e9_size_d2/d2_beef_uncontrolled/R1/classification_seed00_fold03.json,87ae1a075e1d4cd4dc06323de54108f5ff33735aa822102556cb34ee6966a81d,e9_size_d2,e9_size_d2,cb4c3c6f1d1f8ae6,df6fb940a0b3691c,cb4c3c6f1d1f8ae6,d2_beef_uncontrolled,classification,940f76d29b89,R1,16,full,250,n1_pre_l1,dense_random_all_nodes,R1_weight_shuffled,0,True,2,adopted,kept touch of a duplicated unit (2 records); kept = the record with the earliest timestamp_utc; ties broken by the lexicographically smaller config_hash. Chosen without reference to any metric: selecting the better-scoring touch would be choosing the design after knowing which way the result leans.,2b681f4040fc,2b681f4040fc,ok,2026-09-22T06:08:18.004194+00:00
results/audit/m4_audit/server_evidence/ev/e9_size_d2_n250/d2_beef_uncontrolled/R1/classification_seed00_fold03.json,3be6b88518029a58c966d9542aeb6e326a427ebe69bcb1e41aef3624361d779a,e9_size_d2_n250,e9_size_d2_n250,cb4c3c6f1d1f8ae6,df6fb940a0b3691c,cb4c3c6f1d1f8ae6,d2_beef_uncontrolled,classification,940f76d29b89,R1,16,full,250,n1_pre_l1,dense_random_all_nodes,R1_weight_shuffled,0,True,2,duplicate_test_touch,"second scored evaluation of the same evidence unit (N=250, same split, same model, same condition) under config e2dbcef1dad6; the kept touch is 2b681f4040fc at 2026-09-22T06:08:18.004194+00:00. kept = the record with the earliest timestamp_utc; ties broken by the lexicographically smaller config_hash. Chosen without reference to any metric: selecting the better-scoring touch would be choosing the design after knowing which way the result leans.",2b681f4040fc,e2dbcef1dad6,ok,2026-09-22T06:53:28.259642+00:00
results/audit/m4_audit/server_evidence/ev/e9_size_d2_n500/d2_beef_uncontrolled/R1/classification_seed00_fold03.json,220742809173cb1b4044e3a5f66c3996091679aea9bc91e11ba056bd54018c37,e9_size_d2_n500,e9_size_d2_n500,cb4c3c6f1d1f8ae6,7cbf905d7028c080,cb4c3c6f1d1f8ae6,d2_beef_uncontrolled,classification,940f76d29b89,R1,16,full,500,n1_pre_l1,dense_random_all_nodes,R1_weight_shuffled,0,True,1,adopted,sole scored evaluation of this evidence unit,5ef9f26a4c53,5ef9f26a4c53,ok,2026-09-22T06:56:23.686326+00:00
results/audit/m4_audit/server_evidence/ev/e9_size_d2_n1000/d2_beef_uncontrolled/R1/classification_seed00_fold03.json,8dcac063b30a48abdfb90e769fd6f4e1f7735385f7dfa764951cd1041b79423b,e9_size_d2_n1000,e9_size_d2_n1000,cb4c3c6f1d1f8ae6,0c5bdd3a250cd5a1,cb4c3c6f1d1f8ae6,d2_beef_uncontrolled,classification,940f76d29b89,R1,16,full,1000,n1_pre_l1,dense_random_all_nodes,R1_weight_shuffled,0,True,1,adopted,sole scored evaluation of this evidence unit,aeaa183639c5,aeaa183639c5,ok,2026-09-22T07:08:27.551699+00:00
results/audit/m4_audit/server_evidence/ev/e9_size_d2_n2000/d2_beef_uncontrolled/R1/classification_seed00_fold03.json,b0b87ce86df449dea04aab362c2e4da6486cb4dfb335d31822d2833bba71136b,e9_size_d2_n2000,e9_size_d2_n2000,cb4c3c6f1d1f8ae6,6a3424c866b50feb,cb4c3c6f1d1f8ae6,d2_beef_uncontrolled,classification,940f76d29b89,R1,16,full,2000,n1_pre_l1,dense_random_all_nodes,R1_weight_shuffled,0,True,1,adopted,sole scored evaluation of this evidence unit,45dea923f5eb,45dea923f5eb,ok,2026-09-22T07:49:54.773636+00:00
results/audit/m4_audit/server_evidence/ev/e9_size_d2_n4000/d2_beef_uncontrolled/R1/classification_seed00_fold03.json,8a8cac282e604583ffa79235e6fbc4a092989772caacb64f9320dc55ef2923cc,e9_size_d2_n4000,e9_size_d2_n4000,cb4c3c6f1d1f8ae6,f4b040935daab1a0,cb4c3c6f1d1f8ae6,d2_beef_uncontrolled,classification,940f76d29b89,R1,16,full,4000,n1_pre_l1,dense_random_all_nodes,R1_weight_shuffled,0,True,1,adopted,sole scored evaluation of this evidence unit,e2526bc8a3c8,e2526bc8a3c8,ok,2026-09-22T10:19:29.448934+00:00
results/audit/m4_audit/server_evidence/ev/e9_size_d2/d2_beef_uncontrolled/R3/regression_seed00_fold02.json,1cfa68965cec5e9b8f6576fa29c14cf1e91d05cd1685eb84427cc947b96bd4be,e9_size_d2,e9_size_d2,d2c488b897bbd298,9640251450f7e03f,d2c488b897bbd298,d2_beef_uncontrolled,regression,8f5d6031eff3,R3,16,full,250,n1_pre_l1,dense_random_all_nodes,R3_random_sparse,0,True,2,adopted,kept touch of a duplicated unit (2 records); kept = the record with the earliest timestamp_utc; ties broken by the lexicographically smaller config_hash. Chosen without reference to any metric: selecting the better-scoring touch would be choosing the design after knowing which way the result leans.,2b681f4040fc,2b681f4040fc,ok,2026-09-22T06:08:00.156903+00:00
results/audit/m4_audit/server_evidence/ev/e9_size_d2_n250/d2_beef_uncontrolled/R3/regression_seed00_fold02.json,3180264be0fb0f4c393529b260cabb33cd161d5fc1f8fec2cf5f7182e950ec75,e9_size_d2_n250,e9_size_d2_n250,d2c488b897bbd298,9640251450f7e03f,d2c488b897bbd298,d2_beef_uncontrolled,regression,8f5d6031eff3,R3,16,full,250,n1_pre_l1,dense_random_all_nodes,R3_random_sparse,0,True,2,duplicate_test_touch,"second scored evaluation of the same evidence unit (N=250, same split, same model, same condition) under config e2dbcef1dad6; the kept touch is 2b681f4040fc at 2026-09-22T06:08:00.156903+00:00. kept = the record with the earliest timestamp_utc; ties broken by the lexicographically smaller config_hash. Chosen without reference to any metric: selecting the better-scoring touch would be choosing the design after knowing which way the result leans.",2b681f4040fc,e2dbcef1dad6,ok,2026-09-22T06:53:09.763427+00:00
results/audit/m4_audit/server_evidence/ev/e9_size_d2_n500/d2_beef_uncontrolled/R3/regression_seed00_fold02.json,8301e212e3887f37576baea5a2e3d6a760011d1961841048695edfea20682d2d,e9_size_d2_n500,e9_size_d2_n500,d2c488b897bbd298,91c024805845dc68,d2c488b897bbd298,d2_beef_uncontrolled,regression,8f5d6031eff3,R3,16,full,500,n1_pre_l1,dense_random_all_nodes,R3_random_sparse,0,True,1,adopted,sole scored evaluation of this evidence unit,5ef9f26a4c53,5ef9f26a4c53,ok,2026-09-22T06:55:41.302359+00:00
results/audit/m4_audit/server_evidence/ev/e9_size_d2_n1000/d2_beef_uncontrolled/R3/regression_seed00_fold02.json,624a34be2ff91107c5e5a1f7cd43d9758755b00019c97f5c70bc068426eea56e,e9_size_d2_n1000,e9_size_d2_n1000,d2c488b897bbd298,2e2474d05983cf1f,d2c488b897bbd298,d2_beef_uncontrolled,regression,8f5d6031eff3,R3,16,full,1000,n1_pre_l1,dense_random_all_nodes,R3_random_sparse,0,True,1,adopted,sole scored evaluation of this evidence unit,aeaa183639c5,aeaa183639c5,ok,2026-09-22T07:06:16.778136+00:00
results/audit/m4_audit/server_evidence/ev/e9_size_d2_n2000/d2_beef_uncontrolled/R3/regression_seed00_fold02.json,9518cfd34fc714848ae7f7828ef7cfc0de15693b51c2bebd29e822531d083a2b,e9_size_d2_n2000,e9_size_d2_n2000,d2c488b897bbd298,59c2533122761fe0,d2c488b897bbd298,d2_beef_uncontrolled,regression,8f5d6031eff3,R3,16,full,2000,n1_pre_l1,dense_random_all_nodes,R3_random_sparse,0,True,1,adopted,sole scored evaluation of this evidence unit,45dea923f5eb,45dea923f5eb,ok,2026-09-22T07:40:08.098611+00:00
results/audit/m4_audit/server_evidence/ev/e9_size_d2_n4000/d2_beef_uncontrolled/R3/regression_seed00_fold02.json,eff90f6a47a75bca2695add237dbb05378f38bb7c2751fb69a1aea45b29a520f,e9_size_d2_n4000,e9_size_d2_n4000,d2c488b897bbd298,caf0046b39301993,d2c488b897bbd298,d2_beef_uncontrolled,regression,8f5d6031eff3,R3,16,full,4000,n1_pre_l1,dense_random_all_nodes,R3_random_sparse,0,True,1,adopted,sole scored evaluation of this evidence unit,e2526bc8a3c8,e2526bc8a3c8,ok,2026-09-22T09:49:56.778005+00:00
results/audit/m4_audit/server_evidence/ev/e9_size_d2/d2_beef_uncontrolled/R4/regression_seed00_fold02.json,1e672d4eb0a6ceb77e55e7c6f4114fe85c56d744d99889711d81a1984a7edcbc,e9_size_d2,e9_size_d2,d3671598e3ccc986,218792e280c88d46,d3671598e3ccc986,d2_beef_uncontrolled,regression,8f5d6031eff3,R4,16,full,250,n1_pre_l1,dense_random_all_nodes,R4_er_esn,0,True,2,adopted,kept touch of a duplicated unit (2 records); kept = the record with the earliest timestamp_utc; ties broken by the lexicographically smaller config_hash. Chosen without reference to any metric: selecting the better-scoring touch would be choosing the design after knowing which way the result leans.,2b681f4040fc,2b681f4040fc,ok,2026-09-22T06:08:02.742971+00:00
results/audit/m4_audit/server_evidence/ev/e9_size_d2_n250/d2_beef_uncontrolled/R4/regression_seed00_fold02.json,bdf840f8f9fca17ed271d963089d0b31238b2423732a88cd7f910eecfd62cb41,e9_size_d2_n250,e9_size_d2_n250,d3671598e3ccc986,218792e280c88d46,d3671598e3ccc986,d2_beef_uncontrolled,regression,8f5d6031eff3,R4,16,full,250,n1_pre_l1,dense_random_all_nodes,R4_er_esn,0,True,2,duplicate_test_touch,"second scored evaluation of the same evidence unit (N=250, same split, same model, same condition) under config e2dbcef1dad6; the kept touch is 2b681f4040fc at 2026-09-22T06:08:02.742971+00:00. kept = the record with the earliest timestamp_utc; ties broken by the lexicographically smaller config_hash. Chosen without reference to any metric: selecting the better-scoring touch would be choosing the design after knowing which way the result leans.",2b681f4040fc,e2dbcef1dad6,ok,2026-09-22T06:53:12.455053+00:00
results/audit/m4_audit/server_evidence/ev/e9_size_d2_n500/d2_beef_uncontrolled/R4/regression_seed00_fold02.json,c9891707d056cf02246b7d10747f6be5327209bc99a38494912791149e11e34e,e9_size_d2_n500,e9_size_d2_n500,d3671598e3ccc986,71673bf3eecb5d4f,d3671598e3ccc986,d2_beef_uncontrolled,regression,8f5d6031eff3,R4,16,full,500,n1_pre_l1,dense_random_all_nodes,R4_er_esn,0,True,1,adopted,sole scored evaluation of this evidence unit,5ef9f26a4c53,5ef9f26a4c53,ok,2026-09-22T06:55:46.273836+00:00
results/audit/m4_audit/server_evidence/ev/e9_size_d2_n1000/d2_beef_uncontrolled/R4/regression_seed00_fold02.json,5acd63c283a6d047c08d9c92b2a24ef4c87d063196fe34a17cdefd3075113cf2,e9_size_d2_n1000,e9_size_d2_n1000,d3671598e3ccc986,158e13c0e46cac21,d3671598e3ccc986,d2_beef_uncontrolled,regression,8f5d6031eff3,R4,16,full,1000,n1_pre_l1,dense_random_all_nodes,R4_er_esn,0,True,1,adopted,sole scored evaluation of this evidence unit,aeaa183639c5,aeaa183639c5,ok,2026-09-22T07:06:28.568891+00:00
results/audit/m4_audit/server_evidence/ev/e9_size_d2_n2000/d2_beef_uncontrolled/R4/regression_seed00_fold02.json,a58bff20a406f0ea9b0c71db3aa94226847ff14d59638b31097cf18666165fec,e9_size_d2_n2000,e9_size_d2_n2000,d3671598e3ccc986,d1d1195e70e16e90,d3671598e3ccc986,d2_beef_uncontrolled,regression,8f5d6031eff3,R4,16,full,2000,n1_pre_l1,dense_random_all_nodes,R4_er_esn,0,True,1,adopted,sole scored evaluation of this evidence unit,45dea923f5eb,45dea923f5eb,ok,2026-09-22T07:40:50.147192+00:00
results/audit/m4_audit/server_evidence/ev/e9_size_d2_n4000/d2_beef_uncontrolled/R4/regression_seed00_fold02.json,28f39e818d4120310aac1f756150bed2a1a82650d0fe1fd73751734db3098029,e9_size_d2_n4000,e9_size_d2_n4000,d3671598e3ccc986,b00ca8b41a5e5cfe,d3671598e3ccc986,d2_beef_uncontrolled,regression,8f5d6031eff3,R4,16,full,4000,n1_pre_l1,dense_random_all_nodes,R4_er_esn,0,True,1,adopted,sole scored evaluation of this evidence unit,e2526bc8a3c8,e2526bc8a3c8,ok,2026-09-22T09:52:36.142402+00:00
results/audit/m4_audit/server_evidence/ev/e9_size_d2/d2_beef_uncontrolled/R4/regression_seed00_fold04.json,ff73275096bf7654b5ab67086782f796caefb0a5e4380a94d17d572aca742852,e9_size_d2,e9_size_d2,d5d87dd5ba906cc1,225dbb0ba835f241,d5d87dd5ba906cc1,d2_beef_uncontrolled,regression,b01bbf6f9575,R4,16,full,250,n1_pre_l1,dense_random_all_nodes,R4_er_esn,0,True,2,adopted,kept touch of a duplicated unit (2 records); kept = the record with the earliest timestamp_utc; ties broken by the lexicographically smaller config_hash. Chosen without reference to any metric: selecting the better-scoring touch would be choosing the design after knowing which way the result leans.,2b681f4040fc,2b681f4040fc,ok,2026-09-22T06:09:35.176952+00:00
results/audit/m4_audit/server_evidence/ev/e9_size_d2_n250/d2_beef_uncontrolled/R4/regression_seed00_fold04.json,998870f9f22d0963a7f35b3b7a187ccc174073104c47f36ad4573e12a2e2c5c7,e9_size_d2_n250,e9_size_d2_n250,d5d87dd5ba906cc1,225dbb0ba835f241,d5d87dd5ba906cc1,d2_beef_uncontrolled,regression,b01bbf6f9575,R4,16,full,250,n1_pre_l1,dense_random_all_nodes,R4_er_esn,0,True,2,duplicate_test_touch,"second scored evaluation of the same evidence unit (N=250, same split, same model, same condition) under config e2dbcef1dad6; the kept touch is 2b681f4040fc at 2026-09-22T06:09:35.176952+00:00. kept = the record with the earliest timestamp_utc; ties broken by the lexicographically smaller config_hash. Chosen without reference to any metric: selecting the better-scoring touch would be choosing the design after knowing which way the result leans.",2b681f4040fc,e2dbcef1dad6,ok,2026-09-22T06:54:52.738131+00:00
results/audit/m4_audit/server_evidence/ev/e9_size_d2_n500/d2_beef_uncontrolled/R4/regression_seed00_fold04.json,5fd85c538c304092b9f861b1715ab8ddc21c2290838851fe1386e63c2829b917,e9_size_d2_n500,e9_size_d2_n500,d5d87dd5ba906cc1,7d401b15596b6501,d5d87dd5ba906cc1,d2_beef_uncontrolled,regression,b01bbf6f9575,R4,16,full,500,n1_pre_l1,dense_random_all_nodes,R4_er_esn,0,True,1,adopted,sole scored evaluation of this evidence unit,5ef9f26a4c53,5ef9f26a4c53,ok,2026-09-22T06:59:31.441397+00:00
results/audit/m4_audit/server_evidence/ev/e9_size_d2_n1000/d2_beef_uncontrolled/R4/regression_seed00_fold04.json,8583afcbb50c84931edcf2098529ddf7493959afbd7ce0990424a28f7802d946,e9_size_d2_n1000,e9_size_d2_n1000,d5d87dd5ba906cc1,ac7c41f13807616b,d5d87dd5ba906cc1,d2_beef_uncontrolled,regression,b01bbf6f9575,R4,16,full,1000,n1_pre_l1,dense_random_all_nodes,R4_er_esn,0,True,1,adopted,sole scored evaluation of this evidence unit,aeaa183639c5,aeaa183639c5,ok,2026-09-22T07:17:55.195475+00:00
results/audit/m4_audit/server_evidence/ev/e9_size_d2_n2000/d2_beef_uncontrolled/R4/regression_seed00_fold04.json,2a429459d4262aec49af371644e63cb07005f4f8de57ce4c6f64a7d644b92d92,e9_size_d2_n2000,e9_size_d2_n2000,d5d87dd5ba906cc1,47ecd2791a7fcf3f,d5d87dd5ba906cc1,d2_beef_uncontrolled,regression,b01bbf6f9575,R4,16,full,2000,n1_pre_l1,dense_random_all_nodes,R4_er_esn,0,True,1,adopted,sole scored evaluation of this evidence unit,45dea923f5eb,45dea923f5eb,ok,2026-09-22T08:19:24.442877+00:00
results/audit/m4_audit/server_evidence/ev/e9_size_d2_n4000/d2_beef_uncontrolled/R4/regression_seed00_fold04.json,b41659d369cc9e16e68ba231ebec4d5c93ea55f43f62fd84be636ace3c0d04b9,e9_size_d2_n4000,e9_size_d2_n4000,d5d87dd5ba906cc1,d7de22ef140c774e,d5d87dd5ba906cc1,d2_beef_uncontrolled,regression,b01bbf6f9575,R4,16,full,4000,n1_pre_l1,dense_random_all_nodes,R4_er_esn,0,True,1,adopted,sole scored evaluation of this evidence unit,e2526bc8a3c8,e2526bc8a3c8,ok,2026-09-22T12:09:49.338377+00:00
results/audit/m4_audit/server_evidence/ev/e9_size_d2/d2_beef_uncontrolled/R3/classification_seed00_fold04.json,5b5e4d40efbaedc450cf2678e283e2905176da2d7cfe2aa9ab080f0be1cb2486,e9_size_d2,e9_size_d2,d7298b9f86e00911,ddf41b74232d2dc2,d7298b9f86e00911,d2_beef_uncontrolled,classification,b01bbf6f9575,R3,16,full,250,n1_pre_l1,dense_random_all_nodes,R3_random_sparse,0,True,2,adopted,kept touch of a duplicated unit (2 records); kept = the record with the earliest timestamp_utc; ties broken by the lexicographically smaller config_hash. Chosen without reference to any metric: selecting the better-scoring touch would be choosing the design after knowing which way the result leans.,2b681f4040fc,2b681f4040fc,ok,2026-09-22T06:09:09.096355+00:00
results/audit/m4_audit/server_evidence/ev/e9_size_d2_n250/d2_beef_uncontrolled/R3/classification_seed00_fold04.json,1743b5f32df7786dbe4a6ff61a4d26d01894a1f55617c43df43b2acaf9189135,e9_size_d2_n250,e9_size_d2_n250,d7298b9f86e00911,ddf41b74232d2dc2,d7298b9f86e00911,d2_beef_uncontrolled,classification,b01bbf6f9575,R3,16,full,250,n1_pre_l1,dense_random_all_nodes,R3_random_sparse,0,True,2,duplicate_test_touch,"second scored evaluation of the same evidence unit (N=250, same split, same model, same condition) under config e2dbcef1dad6; the kept touch is 2b681f4040fc at 2026-09-22T06:09:09.096355+00:00. kept = the record with the earliest timestamp_utc; ties broken by the lexicographically smaller config_hash. Chosen without reference to any metric: selecting the better-scoring touch would be choosing the design after knowing which way the result leans.",2b681f4040fc,e2dbcef1dad6,ok,2026-09-22T06:54:24.479037+00:00
results/audit/m4_audit/server_evidence/ev/e9_size_d2_n500/d2_beef_uncontrolled/R3/classification_seed00_fold04.json,fd93e28344a2850cea2a9966d9de0911213d62ace4c70ebf7791c24e4c3386a7,e9_size_d2_n500,e9_size_d2_n500,d7298b9f86e00911,afc89abda7f7449d,d7298b9f86e00911,d2_beef_uncontrolled,classification,b01bbf6f9575,R3,16,full,500,n1_pre_l1,dense_random_all_nodes,R3_random_sparse,0,True,1,adopted,sole scored evaluation of this evidence unit,5ef9f26a4c53,5ef9f26a4c53,ok,2026-09-22T06:58:14.523897+00:00
results/audit/m4_audit/server_evidence/ev/e9_size_d2_n1000/d2_beef_uncontrolled/R3/classification_seed00_fold04.json,c34369e27bc04644fd074171ec2a0472ca527e819ff0e437cf515b10f7c5e07c,e9_size_d2_n1000,e9_size_d2_n1000,d7298b9f86e00911,e1e23ddd92cfbdd4,d7298b9f86e00911,d2_beef_uncontrolled,classification,b01bbf6f9575,R3,16,full,1000,n1_pre_l1,dense_random_all_nodes,R3_random_sparse,0,True,1,adopted,sole scored evaluation of this evidence unit,aeaa183639c5,aeaa183639c5,ok,2026-09-22T07:13:47.904467+00:00
results/audit/m4_audit/server_evidence/ev/e9_size_d2_n2000/d2_beef_uncontrolled/R3/classification_seed00_fold04.json,4657c74e08d7cc39a6ae29a238d2bfbc708fed345c41471e71bbbb6068b176a2,e9_size_d2_n2000,e9_size_d2_n2000,d7298b9f86e00911,effbb499a846cf32,d7298b9f86e00911,d2_beef_uncontrolled,classification,b01bbf6f9575,R3,16,full,2000,n1_pre_l1,dense_random_all_nodes,R3_random_sparse,0,True,1,adopted,sole scored evaluation of this evidence unit,45dea923f5eb,45dea923f5eb,ok,2026-09-22T08:07:53.949315+00:00
results/audit/m4_audit/server_evidence/ev/e9_size_d2_n4000/d2_beef_uncontrolled/R3/classification_seed00_fold04.json,0b481a3129f5188aa261aeff122719bca56710a4163a0775868f00c7c75490c2,e9_size_d2_n4000,e9_size_d2_n4000,d7298b9f86e00911,f2b260437615894c,d7298b9f86e00911,d2_beef_uncontrolled,classification,b01bbf6f9575,R3,16,full,4000,n1_pre_l1,dense_random_all_nodes,R3_random_sparse,0,True,1,adopted,sole scored evaluation of this evidence unit,e2526bc8a3c8,e2526bc8a3c8,ok,2026-09-22T11:28:29.242134+00:00
results/audit/m4_audit/server_evidence/ev/e9_size_d2/d2_beef_uncontrolled/R3/regression_seed00_fold04.json,81fd586e083952df92179051c9b272c2a7e5c70b0fcd5c8bd5b8a3b9e98969bb,e9_size_d2,e9_size_d2,d8d96b8ad1e1f458,1e5d67c495d4382d,d8d96b8ad1e1f458,d2_beef_uncontrolled,regression,b01bbf6f9575,R3,16,full,250,n1_pre_l1,dense_random_all_nodes,R3_random_sparse,0,True,2,adopted,kept touch of a duplicated unit (2 records); kept = the record with the earliest timestamp_utc; ties broken by the lexicographically smaller config_hash. Chosen without reference to any metric: selecting the better-scoring touch would be choosing the design after knowing which way the result leans.,2b681f4040fc,2b681f4040fc,ok,2026-09-22T06:09:32.655264+00:00
results/audit/m4_audit/server_evidence/ev/e9_size_d2_n250/d2_beef_uncontrolled/R3/regression_seed00_fold04.json,b222ab86d8e9f532b266c179d80e685e4942105c7454783ce27c75fe993c4735,e9_size_d2_n250,e9_size_d2_n250,d8d96b8ad1e1f458,1e5d67c495d4382d,d8d96b8ad1e1f458,d2_beef_uncontrolled,regression,b01bbf6f9575,R3,16,full,250,n1_pre_l1,dense_random_all_nodes,R3_random_sparse,0,True,2,duplicate_test_touch,"second scored evaluation of the same evidence unit (N=250, same split, same model, same condition) under config e2dbcef1dad6; the kept touch is 2b681f4040fc at 2026-09-22T06:09:32.655264+00:00. kept = the record with the earliest timestamp_utc; ties broken by the lexicographically smaller config_hash. Chosen without reference to any metric: selecting the better-scoring touch would be choosing the design after knowing which way the result leans.",2b681f4040fc,e2dbcef1dad6,ok,2026-09-22T06:54:50.083496+00:00
results/audit/m4_audit/server_evidence/ev/e9_size_d2_n500/d2_beef_uncontrolled/R3/regression_seed00_fold04.json,19909016f004d438bdd91ef4c683b8682d681bcba09bfff52c107e8acf8b5ac5,e9_size_d2_n500,e9_size_d2_n500,d8d96b8ad1e1f458,634c89f5fa2b9456,d8d96b8ad1e1f458,d2_beef_uncontrolled,regression,b01bbf6f9575,R3,16,full,500,n1_pre_l1,dense_random_all_nodes,R3_random_sparse,0,True,1,adopted,sole scored evaluation of this evidence unit,5ef9f26a4c53,5ef9f26a4c53,ok,2026-09-22T06:59:17.712749+00:00
results/audit/m4_audit/server_evidence/ev/e9_size_d2_n1000/d2_beef_uncontrolled/R3/regression_seed00_fold04.json,f75ced94dde5539ea9e776098c56bcaa43511008f55ebb32b739d8c27f0fa5b3,e9_size_d2_n1000,e9_size_d2_n1000,d8d96b8ad1e1f458,99274050c73d6326,d8d96b8ad1e1f458,d2_beef_uncontrolled,regression,b01bbf6f9575,R3,16,full,1000,n1_pre_l1,dense_random_all_nodes,R3_random_sparse,0,True,1,adopted,sole scored evaluation of this evidence unit,aeaa183639c5,aeaa183639c5,ok,2026-09-22T07:16:44.018736+00:00
results/audit/m4_audit/server_evidence/ev/e9_size_d2_n2000/d2_beef_uncontrolled/R3/regression_seed00_fold04.json,53da1e4eb0363c0c4a4abf9f2fd590e50eff3f49d93a9561a823f1279fd9be61,e9_size_d2_n2000,e9_size_d2_n2000,d8d96b8ad1e1f458,7097e2b0c8244815,d8d96b8ad1e1f458,d2_beef_uncontrolled,regression,b01bbf6f9575,R3,16,full,2000,n1_pre_l1,dense_random_all_nodes,R3_random_sparse,0,True,1,adopted,sole scored evaluation of this evidence unit,45dea923f5eb,45dea923f5eb,ok,2026-09-22T08:18:41.249510+00:00
results/audit/m4_audit/server_evidence/ev/e9_size_d2_n4000/d2_beef_uncontrolled/R3/regression_seed00_fold04.json,d626e53f4cd67b8a7b2177cff23de410d24373e5231090946e265d092f5d0b15,e9_size_d2_n4000,e9_size_d2_n4000,d8d96b8ad1e1f458,0203f4c320c5b4e0,d8d96b8ad1e1f458,d2_beef_uncontrolled,regression,b01bbf6f9575,R3,16,full,4000,n1_pre_l1,dense_random_all_nodes,R3_random_sparse,0,True,1,adopted,sole scored evaluation of this evidence unit,e2526bc8a3c8,e2526bc8a3c8,ok,2026-09-22T12:07:06.452735+00:00
results/audit/m4_audit/server_evidence/ev/e9_size_d2/d2_beef_uncontrolled/R3/classification_seed00_fold00.json,6b17552481fe891e1cdea80eeb881c59a0f4a57f01787cff8f8cde7056571416,e9_size_d2,e9_size_d2,dc8c3b9dbc9310a5,4b78dd68c912f865,dc8c3b9dbc9310a5,d2_beef_uncontrolled,classification,20a70c561f8e,R3,16,full,250,n1_pre_l1,dense_random_all_nodes,R3_random_sparse,0,True,2,adopted,kept touch of a duplicated unit (2 records); kept = the record with the earliest timestamp_utc; ties broken by the lexicographically smaller config_hash. Chosen without reference to any metric: selecting the better-scoring touch would be choosing the design after knowing which way the result leans.,2b681f4040fc,2b681f4040fc,ok,2026-09-22T06:06:02.990478+00:00
results/audit/m4_audit/server_evidence/ev/e9_size_d2_n250/d2_beef_uncontrolled/R3/classification_seed00_fold00.json,f95e3ca06a8a9b47ea9d0fa206ea631e4c87c0d0ade33f3c1cfcfc1f15917358,e9_size_d2_n250,e9_size_d2_n250,dc8c3b9dbc9310a5,4b78dd68c912f865,dc8c3b9dbc9310a5,d2_beef_uncontrolled,classification,20a70c561f8e,R3,16,full,250,n1_pre_l1,dense_random_all_nodes,R3_random_sparse,0,True,2,duplicate_test_touch,"second scored evaluation of the same evidence unit (N=250, same split, same model, same condition) under config e2dbcef1dad6; the kept touch is 2b681f4040fc at 2026-09-22T06:06:02.990478+00:00. kept = the record with the earliest timestamp_utc; ties broken by the lexicographically smaller config_hash. Chosen without reference to any metric: selecting the better-scoring touch would be choosing the design after knowing which way the result leans.",2b681f4040fc,e2dbcef1dad6,ok,2026-09-22T06:50:52.850168+00:00
results/audit/m4_audit/server_evidence/ev/e9_size_d2_n500/d2_beef_uncontrolled/R3/classification_seed00_fold00.json,d8d4530310a1fa407632e8c1a26dfd89c2d8ed659a9c2ad4d39c9e8690f5ab31,e9_size_d2_n500,e9_size_d2_n500,dc8c3b9dbc9310a5,26d46e3fc0d5b110,dc8c3b9dbc9310a5,d2_beef_uncontrolled,classification,20a70c561f8e,R3,16,full,500,n1_pre_l1,dense_random_all_nodes,R3_random_sparse,0,True,1,adopted,sole scored evaluation of this evidence unit,5ef9f26a4c53,5ef9f26a4c53,ok,2026-09-22T06:50:56.718739+00:00
results/audit/m4_audit/server_evidence/ev/e9_size_d2_n1000/d2_beef_uncontrolled/R3/classification_seed00_fold00.json,7d7a68957d14bd1845fdf69d3ce6e52747a30b56c301aedf6cad8e7736f7d88a,e9_size_d2_n1000,e9_size_d2_n1000,dc8c3b9dbc9310a5,a5ad2dd6ccdaa2b4,dc8c3b9dbc9310a5,d2_beef_uncontrolled,classification,20a70c561f8e,R3,16,full,1000,n1_pre_l1,dense_random_all_nodes,R3_random_sparse,0,True,1,adopted,sole scored evaluation of this evidence unit,aeaa183639c5,aeaa183639c5,ok,2026-09-22T06:51:05.343189+00:00
results/audit/m4_audit/server_evidence/ev/e9_size_d2_n2000/d2_beef_uncontrolled/R3/classification_seed00_fold00.json,94e5cbbb761fcb8751ce954159a629cdf957853ff56ebb31a406a4d227708a3b,e9_size_d2_n2000,e9_size_d2_n2000,dc8c3b9dbc9310a5,39e27d0e362c870a,dc8c3b9dbc9310a5,d2_beef_uncontrolled,classification,20a70c561f8e,R3,16,full,2000,n1_pre_l1,dense_random_all_nodes,R3_random_sparse,0,True,1,adopted,sole scored evaluation of this evidence unit,45dea923f5eb,45dea923f5eb,ok,2026-09-22T06:51:30.852689+00:00
results/audit/m4_audit/server_evidence/ev/e9_size_d2_n4000/d2_beef_uncontrolled/R3/classification_seed00_fold00.json,298a2369baae54f8e9b265b673c053ac1a9cd913b992bdcceb538f9256e12768,e9_size_d2_n4000,e9_size_d2_n4000,dc8c3b9dbc9310a5,24914d1d601be5ab,dc8c3b9dbc9310a5,d2_beef_uncontrolled,classification,20a70c561f8e,R3,16,full,4000,n1_pre_l1,dense_random_all_nodes,R3_random_sparse,0,True,1,adopted,sole scored evaluation of this evidence unit,e2526bc8a3c8,e2526bc8a3c8,ok,2026-09-22T06:52:50.965047+00:00
results/audit/m4_audit/server_evidence/ev/e9_size_d2/d2_beef_uncontrolled/R5/classification_seed00_fold02.json,b301727bc489543373e12d8c139bd379c1c7657697d9fd74e7f3ba1f38395a3d,e9_size_d2,e9_size_d2,e44c7170e52c790e,3dd9fe3d61f0eeb3,e44c7170e52c790e,d2_beef_uncontrolled,classification,8f5d6031eff3,R5,16,full,250,n1_pre_l1,dense_random_all_nodes,R5_small_world,0,True,2,adopted,kept touch of a duplicated unit (2 records); kept = the record with the earliest timestamp_utc; ties broken by the lexicographically smaller config_hash. Chosen without reference to any metric: selecting the better-scoring touch would be choosing the design after knowing which way the result leans.,2b681f4040fc,2b681f4040fc,ok,2026-09-22T06:07:42.134182+00:00
results/audit/m4_audit/server_evidence/ev/e9_size_d2_n250/d2_beef_uncontrolled/R5/classification_seed00_fold02.json,c4455d93f201b697314cc01a3985eec58e344e5af698bfc60252d979c457340e,e9_size_d2_n250,e9_size_d2_n250,e44c7170e52c790e,3dd9fe3d61f0eeb3,e44c7170e52c790e,d2_beef_uncontrolled,classification,8f5d6031eff3,R5,16,full,250,n1_pre_l1,dense_random_all_nodes,R5_small_world,0,True,2,duplicate_test_touch,"second scored evaluation of the same evidence unit (N=250, same split, same model, same condition) under config e2dbcef1dad6; the kept touch is 2b681f4040fc at 2026-09-22T06:07:42.134182+00:00. kept = the record with the earliest timestamp_utc; ties broken by the lexicographically smaller config_hash. Chosen without reference to any metric: selecting the better-scoring touch would be choosing the design after knowing which way the result leans.",2b681f4040fc,e2dbcef1dad6,ok,2026-09-22T06:52:50.289505+00:00
results/audit/m4_audit/server_evidence/ev/e9_size_d2_n500/d2_beef_uncontrolled/R5/classification_seed00_fold02.json,672a9d24ea9b593c6db93db98a22708a743153b2f773b2851f407ef9e5a328fc,e9_size_d2_n500,e9_size_d2_n500,e44c7170e52c790e,27e39e7a219826ae,e44c7170e52c790e,d2_beef_uncontrolled,classification,8f5d6031eff3,R5,16,full,500,n1_pre_l1,dense_random_all_nodes,R5_small_world,0,True,1,adopted,sole scored evaluation of this evidence unit,5ef9f26a4c53,5ef9f26a4c53,ok,2026-09-22T06:54:53.296113+00:00
results/audit/m4_audit/server_evidence/ev/e9_size_d2_n1000/d2_beef_uncontrolled/R5/classification_seed00_fold02.json,9148443d274d87f889d266d9ce2f19e8a7e8e7abb88838e0ec425f7a82cac780,e9_size_d2_n1000,e9_size_d2_n1000,e44c7170e52c790e,701ba453945a244c,e44c7170e52c790e,d2_beef_uncontrolled,classification,8f5d6031eff3,R5,16,full,1000,n1_pre_l1,dense_random_all_nodes,R5_small_world,0,True,1,adopted,sole scored evaluation of this evidence unit,aeaa183639c5,aeaa183639c5,ok,2026-09-22T07:03:49.069606+00:00
results/audit/m4_audit/server_evidence/ev/e9_size_d2_n2000/d2_beef_uncontrolled/R5/classification_seed00_fold02.json,3e4d075e7201b1bd29ba1d048bbee61266fa101bda3d6baeca32b01f3a391f4e,e9_size_d2_n2000,e9_size_d2_n2000,e44c7170e52c790e,6d9b87981fc5a6b6,e44c7170e52c790e,d2_beef_uncontrolled,classification,8f5d6031eff3,R5,16,full,2000,n1_pre_l1,dense_random_all_nodes,R5_small_world,0,True,1,adopted,sole scored evaluation of this evidence unit,45dea923f5eb,45dea923f5eb,ok,2026-09-22T07:31:34.543664+00:00
results/audit/m4_audit/server_evidence/ev/e9_size_d2_n4000/d2_beef_uncontrolled/R5/classification_seed00_fold02.json,bed08ff93b4a643c5a70e1980f6eaba29cd89bb012fc1ebb2c84ed3382d06cc3,e9_size_d2_n4000,e9_size_d2_n4000,e44c7170e52c790e,e0e2efec0797de5c,e44c7170e52c790e,d2_beef_uncontrolled,classification,8f5d6031eff3,R5,16,full,4000,n1_pre_l1,dense_random_all_nodes,R5_small_world,0,True,1,adopted,sole scored evaluation of this evidence unit,e2526bc8a3c8,e2526bc8a3c8,ok,2026-09-22T09:16:20.848404+00:00
results/audit/m4_audit/server_evidence/ev/e9_size_d2/d2_beef_uncontrolled/R3/regression_seed00_fold00.json,b42475953af542cae52144db62d5951342ca6d2a403a14ec475442ecbf1d1826,e9_size_d2,e9_size_d2,eaabcaaf95153ee4,8a1339d97a1c34e2,eaabcaaf95153ee4,d2_beef_uncontrolled,regression,20a70c561f8e,R3,16,full,250,n1_pre_l1,dense_random_all_nodes,R3_random_sparse,0,True,2,adopted,kept touch of a duplicated unit (2 records); kept = the record with the earliest timestamp_utc; ties broken by the lexicographically smaller config_hash. Chosen without reference to any metric: selecting the better-scoring touch would be choosing the design after knowing which way the result leans.,2b681f4040fc,2b681f4040fc,ok,2026-09-22T06:06:27.967406+00:00
results/audit/m4_audit/server_evidence/ev/e9_size_d2_n250/d2_beef_uncontrolled/R3/regression_seed00_fold00.json,f75e8ea67d2b8fd2cb9a48006eebcea7dda8f9672d74745c2daf82c6748bb68f,e9_size_d2_n250,e9_size_d2_n250,eaabcaaf95153ee4,8a1339d97a1c34e2,eaabcaaf95153ee4,d2_beef_uncontrolled,regression,20a70c561f8e,R3,16,full,250,n1_pre_l1,dense_random_all_nodes,R3_random_sparse,0,True,2,duplicate_test_touch,"second scored evaluation of the same evidence unit (N=250, same split, same model, same condition) under config e2dbcef1dad6; the kept touch is 2b681f4040fc at 2026-09-22T06:06:27.967406+00:00. kept = the record with the earliest timestamp_utc; ties broken by the lexicographically smaller config_hash. Chosen without reference to any metric: selecting the better-scoring touch would be choosing the design after knowing which way the result leans.",2b681f4040fc,e2dbcef1dad6,ok,2026-09-22T06:51:19.357630+00:00
results/audit/m4_audit/server_evidence/ev/e9_size_d2_n500/d2_beef_uncontrolled/R3/regression_seed00_fold00.json,339975a2300780468623f83232dbfdb9ebbe0fc6e8284c3acb37e4ce77f87a05,e9_size_d2_n500,e9_size_d2_n500,eaabcaaf95153ee4,afb2ef569c407dac,eaabcaaf95153ee4,d2_beef_uncontrolled,regression,20a70c561f8e,R3,16,full,500,n1_pre_l1,dense_random_all_nodes,R3_random_sparse,0,True,1,adopted,sole scored evaluation of this evidence unit,5ef9f26a4c53,5ef9f26a4c53,ok,2026-09-22T06:52:00.251444+00:00
results/audit/m4_audit/server_evidence/ev/e9_size_d2_n1000/d2_beef_uncontrolled/R3/regression_seed00_fold00.json,88d797691d9c2f1cc5b62ac91a2283c46bc36b7dc5a4f5dae3e532dc0c95ac92,e9_size_d2_n1000,e9_size_d2_n1000,eaabcaaf95153ee4,c262d5d6059797ba,eaabcaaf95153ee4,d2_beef_uncontrolled,regression,20a70c561f8e,R3,16,full,1000,n1_pre_l1,dense_random_all_nodes,R3_random_sparse,0,True,1,adopted,sole scored evaluation of this evidence unit,aeaa183639c5,aeaa183639c5,ok,2026-09-22T06:54:13.170097+00:00
results/audit/m4_audit/server_evidence/ev/e9_size_d2_n2000/d2_beef_uncontrolled/R3/regression_seed00_fold00.json,fadca8da2455bd2327ae1a52e48249627a95f6f7601b0d3d5b747a298df90e82,e9_size_d2_n2000,e9_size_d2_n2000,eaabcaaf95153ee4,c7eca6c89510758c,eaabcaaf95153ee4,d2_beef_uncontrolled,regression,20a70c561f8e,R3,16,full,2000,n1_pre_l1,dense_random_all_nodes,R3_random_sparse,0,True,1,adopted,sole scored evaluation of this evidence unit,45dea923f5eb,45dea923f5eb,ok,2026-09-22T07:03:18.956356+00:00
results/audit/m4_audit/server_evidence/ev/e9_size_d2_n4000/d2_beef_uncontrolled/R3/regression_seed00_fold00.json,b186d9f788ce11398b39c9197fd8a288c0cc740106bdc48e08f1ceb02fe2b45f,e9_size_d2_n4000,e9_size_d2_n4000,eaabcaaf95153ee4,4fa5b7a08fb09af7,eaabcaaf95153ee4,d2_beef_uncontrolled,regression,20a70c561f8e,R3,16,full,4000,n1_pre_l1,dense_random_all_nodes,R3_random_sparse,0,True,1,adopted,sole scored evaluation of this evidence unit,e2526bc8a3c8,e2526bc8a3c8,ok,2026-09-22T07:32:20.092932+00:00
results/audit/m4_audit/server_evidence/ev/e9_size_d2/d2_beef_uncontrolled/R0/regression_seed00_fold03.json,0236416e9b8e041f4b44f0f1ee507dc43db569b2f23277553672ec430f98bc60,e9_size_d2,e9_size_d2,ee7dad8eb3379e84,26c76f6073edd804,ee7dad8eb3379e84,d2_beef_uncontrolled,regression,940f76d29b89,R0,16,full,250,n1_pre_l1,dense_random_all_nodes,R0_real_fly,0,True,2,adopted,kept touch of a duplicated unit (2 records); kept = the record with the earliest timestamp_utc; ties broken by the lexicographically smaller config_hash. Chosen without reference to any metric: selecting the better-scoring touch would be choosing the design after knowing which way the result leans.,2b681f4040fc,2b681f4040fc,ok,2026-09-22T06:08:39.844722+00:00
results/audit/m4_audit/server_evidence/ev/e9_size_d2_n250/d2_beef_uncontrolled/R0/regression_seed00_fold03.json,3db6d889d4375f14e0e87572202386f8d5f5ce01696ce8f5584eb60504588cf4,e9_size_d2_n250,e9_size_d2_n250,ee7dad8eb3379e84,26c76f6073edd804,ee7dad8eb3379e84,d2_beef_uncontrolled,regression,940f76d29b89,R0,16,full,250,n1_pre_l1,dense_random_all_nodes,R0_real_fly,0,True,2,duplicate_test_touch,"second scored evaluation of the same evidence unit (N=250, same split, same model, same condition) under config e2dbcef1dad6; the kept touch is 2b681f4040fc at 2026-09-22T06:08:39.844722+00:00. kept = the record with the earliest timestamp_utc; ties broken by the lexicographically smaller config_hash. Chosen without reference to any metric: selecting the better-scoring touch would be choosing the design after knowing which way the result leans.",2b681f4040fc,e2dbcef1dad6,ok,2026-09-22T06:53:52.410894+00:00
results/audit/m4_audit/server_evidence/ev/e9_size_d2_n500/d2_beef_uncontrolled/R0/regression_seed00_fold03.json,ebfa826f2a0ab622f78154c24077f48e7bc365f84cabad0e5914d5744d637381,e9_size_d2_n500,e9_size_d2_n500,ee7dad8eb3379e84,1a94d3d64ff691a7,ee7dad8eb3379e84,d2_beef_uncontrolled,regression,940f76d29b89,R0,16,full,500,n1_pre_l1,dense_random_all_nodes,R0_real_fly,0,True,1,adopted,sole scored evaluation of this evidence unit,5ef9f26a4c53,5ef9f26a4c53,ok,2026-09-22T06:57:18.059375+00:00
results/audit/m4_audit/server_evidence/ev/e9_size_d2_n1000/d2_beef_uncontrolled/R0/regression_seed00_fold03.json,40173e7e220b171dc1a252c86f60bdf7e2562185769539f065398cb329055d7d,e9_size_d2_n1000,e9_size_d2_n1000,ee7dad8eb3379e84,19fe1639169e323d,ee7dad8eb3379e84,d2_beef_uncontrolled,regression,940f76d29b89,R0,16,full,1000,n1_pre_l1,dense_random_all_nodes,R0_real_fly,0,True,1,adopted,sole scored evaluation of this evidence unit,aeaa183639c5,aeaa183639c5,ok,2026-09-22T07:11:12.724251+00:00
results/audit/m4_audit/server_evidence/ev/e9_size_d2_n2000/d2_beef_uncontrolled/R0/regression_seed00_fold03.json,d1c7767edf8a6f2542735d63f5f37badf57a5031ddfc9e0548ca6b293577a7c9,e9_size_d2_n2000,e9_size_d2_n2000,ee7dad8eb3379e84,2031b9d079fe6d60,ee7dad8eb3379e84,d2_beef_uncontrolled,regression,940f76d29b89,R0,16,full,2000,n1_pre_l1,dense_random_all_nodes,R0_real_fly,0,True,1,adopted,sole scored evaluation of this evidence unit,45dea923f5eb,45dea923f5eb,ok,2026-09-22T07:59:24.187684+00:00
results/audit/m4_audit/server_evidence/ev/e9_size_d2_n4000/d2_beef_uncontrolled/R0/regression_seed00_fold03.json,83472c4f0e4cfd996ee3e20b4cb46402322933d2feb31806cfc1f76b6dcd6c66,e9_size_d2_n4000,e9_size_d2_n4000,ee7dad8eb3379e84,34ad57cd77a838f6,ee7dad8eb3379e84,d2_beef_uncontrolled,regression,940f76d29b89,R0,16,full,4000,n1_pre_l1,dense_random_all_nodes,R0_real_fly,0,True,1,adopted,sole scored evaluation of this evidence unit,e2526bc8a3c8,e2526bc8a3c8,ok,2026-09-22T10:57:27.852951+00:00
results/audit/m4_audit/server_evidence/ev/e9_size_d2/d2_beef_uncontrolled/R5/classification_seed00_fold00.json,29c5b3048548d51f2fc1f9eeaf0eae99850e694a0d1d5d2a794ba571bb472b8f,e9_size_d2,e9_size_d2,f4390733d22604d4,a695fe0c28a2e677,f4390733d22604d4,d2_beef_uncontrolled,classification,20a70c561f8e,R5,16,full,250,n1_pre_l1,dense_random_all_nodes,R5_small_world,0,True,2,adopted,kept touch of a duplicated unit (2 records); kept = the record with the earliest timestamp_utc; ties broken by the lexicographically smaller config_hash. Chosen without reference to any metric: selecting the better-scoring touch would be choosing the design after knowing which way the result leans.,2b681f4040fc,2b681f4040fc,ok,2026-09-22T06:06:09.223205+00:00
results/audit/m4_audit/server_evidence/ev/e9_size_d2_n250/d2_beef_uncontrolled/R5/classification_seed00_fold00.json,4760e8d8886451d02db652674e21b9f0584854307afc010050234c0b41d5f756,e9_size_d2_n250,e9_size_d2_n250,f4390733d22604d4,a695fe0c28a2e677,f4390733d22604d4,d2_beef_uncontrolled,classification,20a70c561f8e,R5,16,full,250,n1_pre_l1,dense_random_all_nodes,R5_small_world,0,True,2,duplicate_test_touch,"second scored evaluation of the same evidence unit (N=250, same split, same model, same condition) under config e2dbcef1dad6; the kept touch is 2b681f4040fc at 2026-09-22T06:06:09.223205+00:00. kept = the record with the earliest timestamp_utc; ties broken by the lexicographically smaller config_hash. Chosen without reference to any metric: selecting the better-scoring touch would be choosing the design after knowing which way the result leans.",2b681f4040fc,e2dbcef1dad6,ok,2026-09-22T06:50:59.154965+00:00
results/audit/m4_audit/server_evidence/ev/e9_size_d2_n500/d2_beef_uncontrolled/R5/classification_seed00_fold00.json,ca43737f76d366f23dbcaf4e065bce6f2b138fe66fdcc9e777ff2b3dad2fb5ab,e9_size_d2_n500,e9_size_d2_n500,f4390733d22604d4,2a36f330f9b4a36c,f4390733d22604d4,d2_beef_uncontrolled,classification,20a70c561f8e,R5,16,full,500,n1_pre_l1,dense_random_all_nodes,R5_small_world,0,True,1,adopted,sole scored evaluation of this evidence unit,5ef9f26a4c53,5ef9f26a4c53,ok,2026-09-22T06:51:06.631119+00:00
results/audit/m4_audit/server_evidence/ev/e9_size_d2_n1000/d2_beef_uncontrolled/R5/classification_seed00_fold00.json,dcf338dfe78402868600a053c324af6fda4fae6aed36e327c02ace2fd9adea76,e9_size_d2_n1000,e9_size_d2_n1000,f4390733d22604d4,a1f8cc226fcf0ad4,f4390733d22604d4,d2_beef_uncontrolled,classification,20a70c561f8e,R5,16,full,1000,n1_pre_l1,dense_random_all_nodes,R5_small_world,0,True,1,adopted,sole scored evaluation of this evidence unit,aeaa183639c5,aeaa183639c5,ok,2026-09-22T06:51:27.915629+00:00
results/audit/m4_audit/server_evidence/ev/e9_size_d2_n2000/d2_beef_uncontrolled/R5/classification_seed00_fold00.json,a4b442c8c7d8d7d5366dc60d99945a39f3355f75e84e46e71fc1c75f61543365,e9_size_d2_n2000,e9_size_d2_n2000,f4390733d22604d4,669e898a17725dd5,f4390733d22604d4,d2_beef_uncontrolled,classification,20a70c561f8e,R5,16,full,2000,n1_pre_l1,dense_random_all_nodes,R5_small_world,0,True,1,adopted,sole scored evaluation of this evidence unit,45dea923f5eb,45dea923f5eb,ok,2026-09-22T06:52:46.144685+00:00
results/audit/m4_audit/server_evidence/ev/e9_size_d2_n4000/d2_beef_uncontrolled/R5/classification_seed00_fold00.json,b6c9599df9ba3ec2fb492dff35383b40bfed534c20896ee86c42d07d22d8cc72,e9_size_d2_n4000,e9_size_d2_n4000,f4390733d22604d4,20391c368ef024cb,f4390733d22604d4,d2_beef_uncontrolled,classification,20a70c561f8e,R5,16,full,4000,n1_pre_l1,dense_random_all_nodes,R5_small_world,0,True,1,adopted,sole scored evaluation of this evidence unit,e2526bc8a3c8,e2526bc8a3c8,ok,2026-09-22T06:56:40.045399+00:00
results/audit/m4_audit/server_evidence/ev/e9_size_d2/d2_beef_uncontrolled/R4/classification_seed00_fold03.json,19fe34c903945359886b2f4604012aa960e6cc9cdc7161e050040ffcd783af1e,e9_size_d2,e9_size_d2,f508742cfdf18a55,6dab452f13da67e8,f508742cfdf18a55,d2_beef_uncontrolled,classification,940f76d29b89,R4,16,full,250,n1_pre_l1,dense_random_all_nodes,R4_er_esn,0,True,2,adopted,kept touch of a duplicated unit (2 records); kept = the record with the earliest timestamp_utc; ties broken by the lexicographically smaller config_hash. Chosen without reference to any metric: selecting the better-scoring touch would be choosing the design after knowing which way the result leans.,2b681f4040fc,2b681f4040fc,ok,2026-09-22T06:08:25.793383+00:00
results/audit/m4_audit/server_evidence/ev/e9_size_d2_n250/d2_beef_uncontrolled/R4/classification_seed00_fold03.json,7c5ac27ae5dcbada2e78b11fbf4709706f31e23ba2cbebbd81d68c94e4f3a490,e9_size_d2_n250,e9_size_d2_n250,f508742cfdf18a55,6dab452f13da67e8,f508742cfdf18a55,d2_beef_uncontrolled,classification,940f76d29b89,R4,16,full,250,n1_pre_l1,dense_random_all_nodes,R4_er_esn,0,True,2,duplicate_test_touch,"second scored evaluation of the same evidence unit (N=250, same split, same model, same condition) under config e2dbcef1dad6; the kept touch is 2b681f4040fc at 2026-09-22T06:08:25.793383+00:00. kept = the record with the earliest timestamp_utc; ties broken by the lexicographically smaller config_hash. Chosen without reference to any metric: selecting the better-scoring touch would be choosing the design after knowing which way the result leans.",2b681f4040fc,e2dbcef1dad6,ok,2026-09-22T06:53:36.964664+00:00
results/audit/m4_audit/server_evidence/ev/e9_size_d2_n500/d2_beef_uncontrolled/R4/classification_seed00_fold03.json,977f27b1aefa76c562a1a442197e616a698a623ab9071806d874b71714ea4192,e9_size_d2_n500,e9_size_d2_n500,f508742cfdf18a55,67db9b4782219016,f508742cfdf18a55,d2_beef_uncontrolled,classification,940f76d29b89,R4,16,full,500,n1_pre_l1,dense_random_all_nodes,R4_er_esn,0,True,1,adopted,sole scored evaluation of this evidence unit,5ef9f26a4c53,5ef9f26a4c53,ok,2026-09-22T06:56:37.939856+00:00
results/audit/m4_audit/server_evidence/ev/e9_size_d2_n1000/d2_beef_uncontrolled/R4/classification_seed00_fold03.json,7b5973e1bc07ce82dd6e45ba924ec887199f77649e61588b8d89aaa0af3a4344,e9_size_d2_n1000,e9_size_d2_n1000,f508742cfdf18a55,8bac333eed1d9384,f508742cfdf18a55,d2_beef_uncontrolled,classification,940f76d29b89,R4,16,full,1000,n1_pre_l1,dense_random_all_nodes,R4_er_esn,0,True,1,adopted,sole scored evaluation of this evidence unit,aeaa183639c5,aeaa183639c5,ok,2026-09-22T07:08:52.012690+00:00
results/audit/m4_audit/server_evidence/ev/e9_size_d2_n2000/d2_beef_uncontrolled/R4/classification_seed00_fold03.json,b4ea73a90a6c869886c6ab1ca39ef7c7c767b3e739aaabab118957cbea7530bf,e9_size_d2_n2000,e9_size_d2_n2000,f508742cfdf18a55,4b6fc9f8fd2b4b77,f508742cfdf18a55,d2_beef_uncontrolled,classification,940f76d29b89,R4,16,full,2000,n1_pre_l1,dense_random_all_nodes,R4_er_esn,0,True,1,adopted,sole scored evaluation of this evidence unit,45dea923f5eb,45dea923f5eb,ok,2026-09-22T07:51:06.541488+00:00
results/audit/m4_audit/server_evidence/ev/e9_size_d2_n4000/d2_beef_uncontrolled/R4/classification_seed00_fold03.json,d082d9b30ec4c1db296a0e29f66ccda2f51ac2ba1dd7c013eb7be1504c41b24d,e9_size_d2_n4000,e9_size_d2_n4000,f508742cfdf18a55,e4d71ae1f4dad16b,f508742cfdf18a55,d2_beef_uncontrolled,classification,940f76d29b89,R4,16,full,4000,n1_pre_l1,dense_random_all_nodes,R4_er_esn,0,True,1,adopted,sole scored evaluation of this evidence unit,e2526bc8a3c8,e2526bc8a3c8,ok,2026-09-22T10:23:28.347957+00:00
results/audit/m4_audit/server_evidence/ev/e9_size_d2/d2_beef_uncontrolled/R3/regression_seed00_fold01.json,3739938b5690f4a608f0f30e42c0469fff2eef27b8170c9044a46f59e23311cd,e9_size_d2,e9_size_d2,f651b28faeba8e54,2fffd4a7f7a1fe71,f651b28faeba8e54,d2_beef_uncontrolled,regression,6c9ef01abdf9,R3,16,full,250,n1_pre_l1,dense_random_all_nodes,R3_random_sparse,0,True,2,adopted,kept touch of a duplicated unit (2 records); kept = the record with the earliest timestamp_utc; ties broken by the lexicographically smaller config_hash. Chosen without reference to any metric: selecting the better-scoring touch would be choosing the design after knowing which way the result leans.,2b681f4040fc,2b681f4040fc,ok,2026-09-22T06:07:14.090248+00:00
results/audit/m4_audit/server_evidence/ev/e9_size_d2_n250/d2_beef_uncontrolled/R3/regression_seed00_fold01.json,be3e58649977b04bee8b563f0240fedcd2a6ed4463547e9649af23db181f0e75,e9_size_d2_n250,e9_size_d2_n250,f651b28faeba8e54,2fffd4a7f7a1fe71,f651b28faeba8e54,d2_beef_uncontrolled,regression,6c9ef01abdf9,R3,16,full,250,n1_pre_l1,dense_random_all_nodes,R3_random_sparse,0,True,2,duplicate_test_touch,"second scored evaluation of the same evidence unit (N=250, same split, same model, same condition) under config e2dbcef1dad6; the kept touch is 2b681f4040fc at 2026-09-22T06:07:14.090248+00:00. kept = the record with the earliest timestamp_utc; ties broken by the lexicographically smaller config_hash. Chosen without reference to any metric: selecting the better-scoring touch would be choosing the design after knowing which way the result leans.",2b681f4040fc,e2dbcef1dad6,ok,2026-09-22T06:52:14.783975+00:00
results/audit/m4_audit/server_evidence/ev/e9_size_d2_n500/d2_beef_uncontrolled/R3/regression_seed00_fold01.json,35a2426c45f920c0b15d4eaf95f07725153cd8507afd4a07fad6fac2511315a2,e9_size_d2_n500,e9_size_d2_n500,f651b28faeba8e54,ec9f6be132074696,f651b28faeba8e54,d2_beef_uncontrolled,regression,6c9ef01abdf9,R3,16,full,500,n1_pre_l1,dense_random_all_nodes,R3_random_sparse,0,True,1,adopted,sole scored evaluation of this evidence unit,5ef9f26a4c53,5ef9f26a4c53,ok,2026-09-22T06:53:52.043382+00:00
results/audit/m4_audit/server_evidence/ev/e9_size_d2_n1000/d2_beef_uncontrolled/R3/regression_seed00_fold01.json,7b2e2177d378b320527414f2520b60ce3cf09f956977d38e5df4fa9320676c62,e9_size_d2_n1000,e9_size_d2_n1000,f651b28faeba8e54,546bd80d926ca8b6,f651b28faeba8e54,d2_beef_uncontrolled,regression,6c9ef01abdf9,R3,16,full,1000,n1_pre_l1,dense_random_all_nodes,R3_random_sparse,0,True,1,adopted,sole scored evaluation of this evidence unit,aeaa183639c5,aeaa183639c5,ok,2026-09-22T07:00:26.370829+00:00
results/audit/m4_audit/server_evidence/ev/e9_size_d2_n2000/d2_beef_uncontrolled/R3/regression_seed00_fold01.json,54816a2863d1ca610cce87939178ac44251b6cde0ff0dd5f0639e4a47e214307,e9_size_d2_n2000,e9_size_d2_n2000,f651b28faeba8e54,b8be64879210ef12,f651b28faeba8e54,d2_beef_uncontrolled,regression,6c9ef01abdf9,R3,16,full,2000,n1_pre_l1,dense_random_all_nodes,R3_random_sparse,0,True,1,adopted,sole scored evaluation of this evidence unit,45dea923f5eb,45dea923f5eb,ok,2026-09-22T07:22:41.021033+00:00
results/audit/m4_audit/server_evidence/ev/e9_size_d2_n4000/d2_beef_uncontrolled/R3/regression_seed00_fold01.json,5ce40ab17790e49d486abd341255cca7cc0df0d0fd0477ff31088e6c09b691f5,e9_size_d2_n4000,e9_size_d2_n4000,f651b28faeba8e54,bb60952378ee16b6,f651b28faeba8e54,d2_beef_uncontrolled,regression,6c9ef01abdf9,R3,16,full,4000,n1_pre_l1,dense_random_all_nodes,R3_random_sparse,0,True,1,adopted,sole scored evaluation of this evidence unit,e2526bc8a3c8,e2526bc8a3c8,ok,2026-09-22T08:42:23.684429+00:00
results/audit/m4_audit/server_evidence/ev/e9_size_d2/d2_beef_uncontrolled/R0/classification_seed00_fold00.json,4f7df28ff42d99d23a99433cf8a68ef2303950e95f67f5602ba9c213e5861ccb,e9_size_d2,e9_size_d2,fbe44838fb1ba484,693acdc3b50e279b,fbe44838fb1ba484,d2_beef_uncontrolled,classification,20a70c561f8e,R0,16,full,250,n1_pre_l1,dense_random_all_nodes,R0_real_fly,0,True,2,adopted,kept touch of a duplicated unit (2 records); kept = the record with the earliest timestamp_utc; ties broken by the lexicographically smaller config_hash. Chosen without reference to any metric: selecting the better-scoring touch would be choosing the design after knowing which way the result leans.,2b681f4040fc,2b681f4040fc,ok,2026-09-22T06:05:54.405143+00:00
results/audit/m4_audit/server_evidence/ev/e9_size_d2_n250/d2_beef_uncontrolled/R0/classification_seed00_fold00.json,9e2ae8d24dcc8bbdc4c3ad317bbebac211afbca7b60e686ea99aefd75b4baee4,e9_size_d2_n250,e9_size_d2_n250,fbe44838fb1ba484,693acdc3b50e279b,fbe44838fb1ba484,d2_beef_uncontrolled,classification,20a70c561f8e,R0,16,full,250,n1_pre_l1,dense_random_all_nodes,R0_real_fly,0,True,2,duplicate_test_touch,"second scored evaluation of the same evidence unit (N=250, same split, same model, same condition) under config e2dbcef1dad6; the kept touch is 2b681f4040fc at 2026-09-22T06:05:54.405143+00:00. kept = the record with the earliest timestamp_utc; ties broken by the lexicographically smaller config_hash. Chosen without reference to any metric: selecting the better-scoring touch would be choosing the design after knowing which way the result leans.",2b681f4040fc,e2dbcef1dad6,ok,2026-09-22T06:50:44.721577+00:00
results/audit/m4_audit/server_evidence/ev/e9_size_d2_n500/d2_beef_uncontrolled/R0/classification_seed00_fold00.json,3359b330bd841ef7b7b3e158bd1437b04c0b93745e53ef73e95fce0c282993ba,e9_size_d2_n500,e9_size_d2_n500,fbe44838fb1ba484,836f263e74a054a7,fbe44838fb1ba484,d2_beef_uncontrolled,classification,20a70c561f8e,R0,16,full,500,n1_pre_l1,dense_random_all_nodes,R0_real_fly,0,True,1,adopted,sole scored evaluation of this evidence unit,5ef9f26a4c53,5ef9f26a4c53,ok,2026-09-22T06:50:46.372424+00:00
results/audit/m4_audit/server_evidence/ev/e9_size_d2_n1000/d2_beef_uncontrolled/R0/classification_seed00_fold00.json,2d84199d43395d0043c393323235bf0affccb082115f05322d7918abe0ad6a34,e9_size_d2_n1000,e9_size_d2_n1000,fbe44838fb1ba484,fa6a25f971b7c9bb,fbe44838fb1ba484,d2_beef_uncontrolled,classification,20a70c561f8e,R0,16,full,1000,n1_pre_l1,dense_random_all_nodes,R0_real_fly,0,True,1,adopted,sole scored evaluation of this evidence unit,aeaa183639c5,aeaa183639c5,ok,2026-09-22T06:50:48.963820+00:00
results/audit/m4_audit/server_evidence/ev/e9_size_d2_n2000/d2_beef_uncontrolled/R0/classification_seed00_fold00.json,5c692a3c85a8910fdcfcb348360a5caae946acb3022b4ce2623493095d7edf29,e9_size_d2_n2000,e9_size_d2_n2000,fbe44838fb1ba484,8bcdb04698e7dbcb,fbe44838fb1ba484,d2_beef_uncontrolled,classification,20a70c561f8e,R0,16,full,2000,n1_pre_l1,dense_random_all_nodes,R0_real_fly,0,True,1,adopted,sole scored evaluation of this evidence unit,45dea923f5eb,45dea923f5eb,ok,2026-09-22T06:50:59.456142+00:00
results/audit/m4_audit/server_evidence/ev/e9_size_d2_n4000/d2_beef_uncontrolled/R0/classification_seed00_fold00.json,5b27a436572920bbdb2b9dea12d6c8cc077c05df158dc764c50762e742c299f0,e9_size_d2_n4000,e9_size_d2_n4000,fbe44838fb1ba484,fa40baf1ae15027f,fbe44838fb1ba484,d2_beef_uncontrolled,classification,20a70c561f8e,R0,16,full,4000,n1_pre_l1,dense_random_all_nodes,R0_real_fly,0,True,1,adopted,sole scored evaluation of this evidence unit,e2526bc8a3c8,e2526bc8a3c8,ok,2026-09-22T06:51:41.061948+00:00
results/audit/m4_audit/server_evidence/ev/e9_size_d2/d2_beef_uncontrolled/R1/classification_seed00_fold04.json,2e668151f749fc0cd878ce232314f1d09d89419d4c341e5fb4c21d1ce7a67f61,e9_size_d2,e9_size_d2,fcad8c796a9ac221,c01bab111fcfdd9f,fcad8c796a9ac221,d2_beef_uncontrolled,classification,b01bbf6f9575,R1,16,full,250,n1_pre_l1,dense_random_all_nodes,R1_weight_shuffled,0,True,2,adopted,kept touch of a duplicated unit (2 records); kept = the record with the earliest timestamp_utc; ties broken by the lexicographically smaller config_hash. Chosen without reference to any metric: selecting the better-scoring touch would be choosing the design after knowing which way the result leans.,2b681f4040fc,2b681f4040fc,ok,2026-09-22T06:09:04.242828+00:00
results/audit/m4_audit/server_evidence/ev/e9_size_d2_n250/d2_beef_uncontrolled/R1/classification_seed00_fold04.json,3ff5141a5f233d880d0f6e6ab73e149d0881c21a84ecc80f52ef4f6c392b4207,e9_size_d2_n250,e9_size_d2_n250,fcad8c796a9ac221,c01bab111fcfdd9f,fcad8c796a9ac221,d2_beef_uncontrolled,classification,b01bbf6f9575,R1,16,full,250,n1_pre_l1,dense_random_all_nodes,R1_weight_shuffled,0,True,2,duplicate_test_touch,"second scored evaluation of the same evidence unit (N=250, same split, same model, same condition) under config e2dbcef1dad6; the kept touch is 2b681f4040fc at 2026-09-22T06:09:04.242828+00:00. kept = the record with the earliest timestamp_utc; ties broken by the lexicographically smaller config_hash. Chosen without reference to any metric: selecting the better-scoring touch would be choosing the design after knowing which way the result leans.",2b681f4040fc,e2dbcef1dad6,ok,2026-09-22T06:54:19.182823+00:00
results/audit/m4_audit/server_evidence/ev/e9_size_d2_n500/d2_beef_uncontrolled/R1/classification_seed00_fold04.json,5a7d39d5e9fac3c5bf494ebc25b9472427a9270b4d5d74146056d944fc6a10ba,e9_size_d2_n500,e9_size_d2_n500,fcad8c796a9ac221,56db21acc32ab8bc,fcad8c796a9ac221,d2_beef_uncontrolled,classification,b01bbf6f9575,R1,16,full,500,n1_pre_l1,dense_random_all_nodes,R1_weight_shuffled,0,True,1,adopted,sole scored evaluation of this evidence unit,5ef9f26a4c53,5ef9f26a4c53,ok,2026-09-22T06:58:08.250217+00:00
results/audit/m4_audit/server_evidence/ev/e9_size_d2_n1000/d2_beef_uncontrolled/R1/classification_seed00_fold04.json,96e3211622027f07b3bd539e8062a1a788577e8e19ad36ced2a26e53668ec40c,e9_size_d2_n1000,e9_size_d2_n1000,fcad8c796a9ac221,5b44d2d5814c8efd,fcad8c796a9ac221,d2_beef_uncontrolled,classification,b01bbf6f9575,R1,16,full,1000,n1_pre_l1,dense_random_all_nodes,R1_weight_shuffled,0,True,1,adopted,sole scored evaluation of this evidence unit,aeaa183639c5,aeaa183639c5,ok,2026-09-22T07:13:38.135847+00:00
results/audit/m4_audit/server_evidence/ev/e9_size_d2_n2000/d2_beef_uncontrolled/R1/classification_seed00_fold04.json,7c9cabdf0dfdf6860b68d2235d3cefa0be9f3b60b963e20e2aaebbdaf9de03d6,e9_size_d2_n2000,e9_size_d2_n2000,fcad8c796a9ac221,5167a67ce66f1141,fcad8c796a9ac221,d2_beef_uncontrolled,classification,b01bbf6f9575,R1,16,full,2000,n1_pre_l1,dense_random_all_nodes,R1_weight_shuffled,0,True,1,adopted,sole scored evaluation of this evidence unit,45dea923f5eb,45dea923f5eb,ok,2026-09-22T08:07:32.569222+00:00
results/audit/m4_audit/server_evidence/ev/e9_size_d2_n4000/d2_beef_uncontrolled/R1/classification_seed00_fold04.json,1378a1e3dd81928410718ec2e116824733ec23faef0f659a9f46df25be590fd8,e9_size_d2_n4000,e9_size_d2_n4000,fcad8c796a9ac221,5e36c5b4170d6e15,fcad8c796a9ac221,d2_beef_uncontrolled,classification,b01bbf6f9575,R1,16,full,4000,n1_pre_l1,dense_random_all_nodes,R1_weight_shuffled,0,True,1,adopted,sole scored evaluation of this evidence unit,e2526bc8a3c8,e2526bc8a3c8,ok,2026-09-22T11:27:48.751179+00:00
results/audit/m4_audit/server_evidence/ev/e9_size_d2/d2_beef_uncontrolled/R4/classification_seed00_fold04.json,6b8621efc7ac3e16dc369e0ef490637d36a143a612757986eed1ea5f602e56a3,e9_size_d2,e9_size_d2,ff26c3b24c121196,f228db88ef8aba2f,ff26c3b24c121196,d2_beef_uncontrolled,classification,b01bbf6f9575,R4,16,full,250,n1_pre_l1,dense_random_all_nodes,R4_er_esn,0,True,2,adopted,kept touch of a duplicated unit (2 records); kept = the record with the earliest timestamp_utc; ties broken by the lexicographically smaller config_hash. Chosen without reference to any metric: selecting the better-scoring touch would be choosing the design after knowing which way the result leans.,2b681f4040fc,2b681f4040fc,ok,2026-09-22T06:09:12.054315+00:00
results/audit/m4_audit/server_evidence/ev/e9_size_d2_n250/d2_beef_uncontrolled/R4/classification_seed00_fold04.json,6d2a08df773c28f44557e1e78fc63acfa45ab558ff7577a237dd196607a2d3ba,e9_size_d2_n250,e9_size_d2_n250,ff26c3b24c121196,f228db88ef8aba2f,ff26c3b24c121196,d2_beef_uncontrolled,classification,b01bbf6f9575,R4,16,full,250,n1_pre_l1,dense_random_all_nodes,R4_er_esn,0,True,2,duplicate_test_touch,"second scored evaluation of the same evidence unit (N=250, same split, same model, same condition) under config e2dbcef1dad6; the kept touch is 2b681f4040fc at 2026-09-22T06:09:12.054315+00:00. kept = the record with the earliest timestamp_utc; ties broken by the lexicographically smaller config_hash. Chosen without reference to any metric: selecting the better-scoring touch would be choosing the design after knowing which way the result leans.",2b681f4040fc,e2dbcef1dad6,ok,2026-09-22T06:54:27.860861+00:00
results/audit/m4_audit/server_evidence/ev/e9_size_d2_n500/d2_beef_uncontrolled/R4/classification_seed00_fold04.json,1ace5c37374751af8d6f95558d31d2679f8ce6c250d15d02bfa9a67776351591,e9_size_d2_n500,e9_size_d2_n500,ff26c3b24c121196,e7feb4ad8490a2e3,ff26c3b24c121196,d2_beef_uncontrolled,classification,b01bbf6f9575,R4,16,full,500,n1_pre_l1,dense_random_all_nodes,R4_er_esn,0,True,1,adopted,sole scored evaluation of this evidence unit,5ef9f26a4c53,5ef9f26a4c53,ok,2026-09-22T06:58:20.165247+00:00
results/audit/m4_audit/server_evidence/ev/e9_size_d2_n1000/d2_beef_uncontrolled/R4/classification_seed00_fold04.json,cc7b8f401f2ecfa87aaef7a867b316f382112dedc45e870e22c5809ff2e99380,e9_size_d2_n1000,e9_size_d2_n1000,ff26c3b24c121196,9b9987086be0afa9,ff26c3b24c121196,d2_beef_uncontrolled,classification,b01bbf6f9575,R4,16,full,1000,n1_pre_l1,dense_random_all_nodes,R4_er_esn,0,True,1,adopted,sole scored evaluation of this evidence unit,aeaa183639c5,aeaa183639c5,ok,2026-09-22T07:14:02.452008+00:00
results/audit/m4_audit/server_evidence/ev/e9_size_d2_n2000/d2_beef_uncontrolled/R4/classification_seed00_fold04.json,15a133c9d00ba7b275d6aac5d1389d5069f588b6b0156d3a314ef5a2289949de,e9_size_d2_n2000,e9_size_d2_n2000,ff26c3b24c121196,d5ec983fa4d638f2,ff26c3b24c121196,d2_beef_uncontrolled,classification,b01bbf6f9575,R4,16,full,2000,n1_pre_l1,dense_random_all_nodes,R4_er_esn,0,True,1,adopted,sole scored evaluation of this evidence unit,45dea923f5eb,45dea923f5eb,ok,2026-09-22T08:08:46.725651+00:00
results/audit/m4_audit/server_evidence/ev/e9_size_d2_n4000/d2_beef_uncontrolled/R4/classification_seed00_fold04.json,f6ee492be3a1b1a098902ff25c8e609106c27b395b184315198e463ee096f747,e9_size_d2_n4000,e9_size_d2_n4000,ff26c3b24c121196,c991ab93dece7038,ff26c3b24c121196,d2_beef_uncontrolled,classification,b01bbf6f9575,R4,16,full,4000,n1_pre_l1,dense_random_all_nodes,R4_er_esn,0,True,1,adopted,sole scored evaluation of this evidence unit,e2526bc8a3c8,e2526bc8a3c8,ok,2026-09-22T11:31:49.948751+00:00
